image,source_mode,source_quality,destination,sampling,reference,metric,baseline,candidate,base_points,candidate_points,bd_rate_percent,overlap_low,overlap_high,baseline_coverage,candidate_coverage,sparse
000_1025469,classic,80,classic,420,generation,ssim2,generic,exact,5,5,0.0,4.532398973240319,44.45032235223088,1.0,1.0,False
000_1025469,classic,80,classic,420,generation,ssim2,generic,hint_s1,5,5,-0.1407555746008303,4.532398973240319,43.618923459128695,0.9791722909729377,1.0,False
000_1025469,classic,80,classic,420,generation,ssim2,generic,hint_s4,5,5,-0.3424168589040046,4.532398973240319,44.345087526242956,0.9973637199262898,1.0,False
000_1025469,classic,80,classic,420,generation,ssim2,generic,hist_s1,5,5,-0.5220246255008307,4.532398973240319,44.231726210093775,0.9945238598696206,1.0,False
000_1025469,classic,80,classic,420,generation,ssim2,generic,hist_s4,5,5,0.0,4.532398973240319,44.45032235223088,1.0,1.0,False
000_1025469,classic,80,classic,420,generation,ssim2,exact,hint_s1,5,5,-0.1407555746008303,4.532398973240319,43.618923459128695,0.9791722909729377,1.0,False
000_1025469,classic,80,classic,420,generation,ssim2,exact,hint_s4,5,5,-0.3424168589040046,4.532398973240319,44.345087526242956,0.9973637199262898,1.0,False
000_1025469,classic,80,classic,420,generation,ssim2,exact,hist_s1,5,5,-0.5220246255008307,4.532398973240319,44.231726210093775,0.9945238598696206,1.0,False
000_1025469,classic,80,classic,420,generation,ssim2,exact,hist_s4,5,5,0.0,4.532398973240319,44.45032235223088,1.0,1.0,False
000_1025469,classic,80,classic,420,generation,butteraugli,generic,exact,5,5,0.0,0.765382707118988,4.272675037384033,1.0,1.0,False
000_1025469,classic,80,classic,420,generation,butteraugli,generic,hint_s1,5,6,0.243443251956256,0.8339115977287292,4.198584079742432,0.959336195896575,1.0,False
000_1025469,classic,80,classic,420,generation,butteraugli,generic,hint_s4,5,6,1.3384216424086195,0.765382707118988,4.272675037384033,1.0,0.9859387621362163,False
000_1025469,classic,80,classic,420,generation,butteraugli,generic,hist_s1,5,5,1.7302226975024846,0.765382707118988,4.272675037384033,1.0,0.9791773918932521,False
000_1025469,classic,80,classic,420,generation,butteraugli,generic,hist_s4,5,5,0.0,0.765382707118988,4.272675037384033,1.0,1.0,False
000_1025469,classic,80,classic,420,generation,butteraugli,exact,hint_s1,5,6,0.243443251956256,0.8339115977287292,4.198584079742432,0.959336195896575,1.0,False
000_1025469,classic,80,classic,420,generation,butteraugli,exact,hint_s4,5,6,1.3384216424086195,0.765382707118988,4.272675037384033,1.0,0.9859387621362163,False
000_1025469,classic,80,classic,420,generation,butteraugli,exact,hist_s1,5,5,1.7302226975024846,0.765382707118988,4.272675037384033,1.0,0.9791773918932521,False
000_1025469,classic,80,classic,420,generation,butteraugli,exact,hist_s4,5,5,0.0,0.765382707118988,4.272675037384033,1.0,1.0,False
000_1025469,classic,80,classic,420,cumulative,ssim2,generic,exact,5,5,0.0,24.27914128852666,46.3535990826978,1.0,1.0,False
000_1025469,classic,80,classic,420,cumulative,ssim2,generic,hint_s1,5,5,-1.8265175944662064,24.27914128852666,45.730276138995464,0.9717627064947921,1.0,False
000_1025469,classic,80,classic,420,cumulative,ssim2,generic,hint_s4,5,5,-0.6314328642793491,24.27914128852666,46.25672842020302,0.9956116402315277,1.0,False
000_1025469,classic,80,classic,420,cumulative,ssim2,generic,hist_s1,5,5,-1.1954640345997538,24.27914128852666,46.12764094291565,0.9897638192571228,1.0,False
000_1025469,classic,80,classic,420,cumulative,ssim2,generic,hist_s4,5,5,0.0,24.27914128852666,46.3535990826978,1.0,1.0,False
000_1025469,classic,80,classic,420,cumulative,ssim2,exact,hint_s1,5,5,-1.8265175944662064,24.27914128852666,45.730276138995464,0.9717627064947921,1.0,False
000_1025469,classic,80,classic,420,cumulative,ssim2,exact,hint_s4,5,5,-0.6314328642793491,24.27914128852666,46.25672842020302,0.9956116402315277,1.0,False
000_1025469,classic,80,classic,420,cumulative,ssim2,exact,hist_s1,5,5,-1.1954640345997538,24.27914128852666,46.12764094291565,0.9897638192571228,1.0,False
000_1025469,classic,80,classic,420,cumulative,ssim2,exact,hist_s4,5,5,0.0,24.27914128852666,46.3535990826978,1.0,1.0,False
000_1025469,classic,80,classic,420,cumulative,butteraugli,generic,exact,5,5,0.0,2.7117063999176025,4.701360702514648,1.0,1.0,False
000_1025469,classic,80,classic,420,cumulative,butteraugli,generic,hint_s1,5,5,-10.989618663638804,2.7936007976531982,4.602790355682373,0.9092984422809958,1.0,False
000_1025469,classic,80,classic,420,cumulative,butteraugli,generic,hint_s4,5,4,-13.746635601570276,2.7117063999176025,4.701360702514648,1.0,0.9993696170004139,False
000_1025469,classic,80,classic,420,cumulative,butteraugli,generic,hist_s1,5,5,-0.2451148898316989,2.7117063999176025,4.701360702514648,1.0,0.9641540346871618,False
000_1025469,classic,80,classic,420,cumulative,butteraugli,generic,hist_s4,5,5,0.0,2.7117063999176025,4.701360702514648,1.0,1.0,False
000_1025469,classic,80,classic,420,cumulative,butteraugli,exact,hint_s1,5,5,-10.989618663638804,2.7936007976531982,4.602790355682373,0.9092984422809958,1.0,False
000_1025469,classic,80,classic,420,cumulative,butteraugli,exact,hint_s4,5,4,-13.746635601570276,2.7117063999176025,4.701360702514648,1.0,0.9993696170004139,False
000_1025469,classic,80,classic,420,cumulative,butteraugli,exact,hist_s1,5,5,-0.2451148898316989,2.7117063999176025,4.701360702514648,1.0,0.9641540346871618,False
000_1025469,classic,80,classic,420,cumulative,butteraugli,exact,hist_s4,5,5,0.0,2.7117063999176025,4.701360702514648,1.0,1.0,False
000_1025469,classic,80,jpegli,420,generation,ssim2,generic,exact,7,7,0.0,6.330613741986795,41.95841230510222,1.0,1.0,False
000_1025469,classic,80,jpegli,420,generation,ssim2,generic,hint_s1,7,7,-0.10016255637581165,6.330613741986795,40.78892339101294,0.9671748196280636,0.999528234552387,False
000_1025469,classic,80,jpegli,420,generation,ssim2,generic,hint_s4,7,7,-0.03171849080714778,6.348560858842802,41.348993045290754,0.9823910990302676,1.0,False
000_1025469,classic,80,jpegli,420,generation,ssim2,generic,hist_s1,7,7,-0.23689142349331496,6.330613741986795,41.375959972152884,0.9836517450855823,1.0,False
000_1025469,classic,80,jpegli,420,generation,ssim2,generic,hist_s4,7,7,-0.010735727731604623,6.330613741986795,41.436287044719805,0.9853450035803515,1.0,False
000_1025469,classic,80,jpegli,420,generation,ssim2,exact,hint_s1,7,7,-0.10016255637581165,6.330613741986795,40.78892339101294,0.9671748196280636,0.999528234552387,False
000_1025469,classic,80,jpegli,420,generation,ssim2,exact,hint_s4,7,7,-0.03171849080714778,6.348560858842802,41.348993045290754,0.9823910990302676,1.0,False
000_1025469,classic,80,jpegli,420,generation,ssim2,exact,hist_s1,7,7,-0.23689142349331496,6.330613741986795,41.375959972152884,0.9836517450855823,1.0,False
000_1025469,classic,80,jpegli,420,generation,ssim2,exact,hist_s4,7,7,-0.010735727731604623,6.330613741986795,41.436287044719805,0.9853450035803515,1.0,False
000_1025469,classic,80,jpegli,420,generation,butteraugli,generic,exact,7,7,0.0,0.7917504906654358,4.881252288818359,1.0,1.0,False
000_1025469,classic,80,jpegli,420,generation,butteraugli,generic,hint_s1,7,7,3.3490067909666403,0.7930811047554016,4.459341526031494,0.8965053941123113,1.0,False
000_1025469,classic,80,jpegli,420,generation,butteraugli,generic,hint_s4,7,7,0.8086521861114462,0.7917504906654358,4.706846714019775,0.9573528553337826,0.9999892669755341,False
000_1025469,classic,80,jpegli,420,generation,butteraugli,generic,hist_s1,7,7,3.7907450021951847,0.7917504906654358,4.667276859283447,0.9476768955984916,1.0,False
000_1025469,classic,80,jpegli,420,generation,butteraugli,generic,hist_s4,7,7,0.19219779774624204,0.7917504906654358,4.881252288818359,1.0,0.9893764658042916,False
000_1025469,classic,80,jpegli,420,generation,butteraugli,exact,hint_s1,7,7,3.3490067909666403,0.7930811047554016,4.459341526031494,0.8965053941123113,1.0,False
000_1025469,classic,80,jpegli,420,generation,butteraugli,exact,hint_s4,7,7,0.8086521861114462,0.7917504906654358,4.706846714019775,0.9573528553337826,0.9999892669755341,False
000_1025469,classic,80,jpegli,420,generation,butteraugli,exact,hist_s1,7,7,3.7907450021951847,0.7917504906654358,4.667276859283447,0.9476768955984916,1.0,False
000_1025469,classic,80,jpegli,420,generation,butteraugli,exact,hist_s4,7,7,0.19219779774624204,0.7917504906654358,4.881252288818359,1.0,0.9893764658042916,False
000_1025469,classic,80,jpegli,420,cumulative,ssim2,generic,exact,7,7,0.0,24.594461729412146,45.48061484169931,1.0,1.0,False
000_1025469,classic,80,jpegli,420,cumulative,ssim2,generic,hint_s1,7,7,0.056058152975536325,24.594461729412146,44.62236403255173,0.9589081433745368,0.999069267273866,False
000_1025469,classic,80,jpegli,420,cumulative,ssim2,generic,hint_s4,7,7,0.08495104281716108,24.60625642578802,45.05086224789332,0.9788593290584421,1.0,False
000_1025469,classic,80,jpegli,420,cumulative,ssim2,generic,hist_s1,7,7,-0.44909371333510173,24.594461729412146,45.06230155891285,0.9799717410603311,1.0,False
000_1025469,classic,80,jpegli,420,cumulative,ssim2,generic,hist_s4,7,7,-0.016723806634666535,24.594461729412146,45.073924031402186,0.980528208899423,1.0,False
000_1025469,classic,80,jpegli,420,cumulative,ssim2,exact,hint_s1,7,7,0.056058152975536325,24.594461729412146,44.62236403255173,0.9589081433745368,0.999069267273866,False
000_1025469,classic,80,jpegli,420,cumulative,ssim2,exact,hint_s4,7,7,0.08495104281716108,24.60625642578802,45.05086224789332,0.9788593290584421,1.0,False
000_1025469,classic,80,jpegli,420,cumulative,ssim2,exact,hist_s1,7,7,-0.44909371333510173,24.594461729412146,45.06230155891285,0.9799717410603311,1.0,False
000_1025469,classic,80,jpegli,420,cumulative,ssim2,exact,hist_s4,7,7,-0.016723806634666535,24.594461729412146,45.073924031402186,0.980528208899423,1.0,False
000_1025469,classic,80,jpegli,420,cumulative,butteraugli,generic,exact,7,7,0.0,3.1885123252868652,5.020361423492432,1.0,1.0,False
000_1025469,classic,80,jpegli,420,cumulative,butteraugli,generic,hint_s1,7,6,-0.9120384243559302,3.1885123252868652,4.683746814727783,0.8162432652916729,0.9998793091765681,False
000_1025469,classic,80,jpegli,420,cumulative,butteraugli,generic,hint_s4,7,7,-0.3458476961890586,3.1885123252868652,4.856070041656494,0.910313910683542,0.9999967115925086,False
000_1025469,classic,80,jpegli,420,cumulative,butteraugli,generic,hist_s1,7,7,5.103741064913783,3.1885123252868652,4.803946018218994,0.8818595890428788,1.0,False
000_1025469,classic,80,jpegli,420,cumulative,butteraugli,generic,hist_s4,7,7,0.358201747076768,3.1885123252868652,5.020361423492432,1.0,0.970542902003782,False
000_1025469,classic,80,jpegli,420,cumulative,butteraugli,exact,hint_s1,7,6,-0.9120384243559302,3.1885123252868652,4.683746814727783,0.8162432652916729,0.9998793091765681,False
000_1025469,classic,80,jpegli,420,cumulative,butteraugli,exact,hint_s4,7,7,-0.3458476961890586,3.1885123252868652,4.856070041656494,0.910313910683542,0.9999967115925086,False
000_1025469,classic,80,jpegli,420,cumulative,butteraugli,exact,hist_s1,7,7,5.103741064913783,3.1885123252868652,4.803946018218994,0.8818595890428788,1.0,False
000_1025469,classic,80,jpegli,420,cumulative,butteraugli,exact,hist_s4,7,7,0.358201747076768,3.1885123252868652,5.020361423492432,1.0,0.970542902003782,False
000_1025469,classic,80,moz,420,generation,ssim2,generic,exact,7,7,0.374706349745688,6.7325226500835385,50.05586915566796,1.0,1.0,False
000_1025469,classic,80,moz,420,generation,ssim2,generic,hint_s1,7,7,1.6247937953585176,6.7325226500835385,48.821330238372965,0.971504073049023,0.9937838531181269,False
000_1025469,classic,80,moz,420,generation,ssim2,generic,hint_s4,7,7,0.5299960843481529,6.7325226500835385,49.89345061061428,0.9962510157189093,0.9983423590163297,False
000_1025469,classic,80,moz,420,generation,ssim2,generic,hist_s1,7,7,1.2586311343419094,6.7325226500835385,49.65461358461078,0.990738121511332,1.0,False
000_1025469,classic,80,moz,420,generation,ssim2,generic,hist_s4,7,7,0.41398354028964424,6.7325226500835385,50.05586915566796,1.0,1.0,False
000_1025469,classic,80,moz,420,generation,ssim2,exact,hint_s1,7,7,1.2529206265752124,6.7325226500835385,48.821330238372965,0.971504073049023,0.9937838531181269,False
000_1025469,classic,80,moz,420,generation,ssim2,exact,hint_s4,7,7,0.1556920938955077,6.7325226500835385,49.89345061061428,0.9962510157189093,0.9983423590163297,False
000_1025469,classic,80,moz,420,generation,ssim2,exact,hist_s1,7,7,0.8830655515108976,6.7325226500835385,49.65461358461078,0.990738121511332,1.0,False
000_1025469,classic,80,moz,420,generation,ssim2,exact,hist_s4,7,7,0.03913056582910314,6.7325226500835385,50.05586915566796,1.0,1.0,False
000_1025469,classic,80,moz,420,generation,butteraugli,generic,exact,5,5,0.30358145093786104,0.7989670038223267,4.869632244110107,1.0,1.0,False
000_1025469,classic,80,moz,420,generation,butteraugli,generic,hint_s1,5,6,-0.7980765597925759,0.8631141781806946,4.666679382324219,0.9343841803789855,1.0,False
000_1025469,classic,80,moz,420,generation,butteraugli,generic,hint_s4,5,6,3.26038950507412,0.8750959038734436,4.869632244110107,0.9812981673615256,0.9994296063673992,False
000_1025469,classic,80,moz,420,generation,butteraugli,generic,hist_s1,5,5,2.0629059291017695,0.7989670038223267,4.855739593505859,0.9965871301656665,1.0,False
000_1025469,classic,80,moz,420,generation,butteraugli,generic,hist_s4,5,5,0.30358145093786104,0.7989670038223267,4.869632244110107,1.0,1.0,False
000_1025469,classic,80,moz,420,generation,butteraugli,exact,hint_s1,5,6,-1.0844152184711406,0.8631141781806946,4.666679382324219,0.9343841803789855,1.0,False
000_1025469,classic,80,moz,420,generation,butteraugli,exact,hint_s4,5,6,2.9455505528343378,0.8750959038734436,4.869632244110107,0.9812981673615256,0.9994296063673992,False
000_1025469,classic,80,moz,420,generation,butteraugli,exact,hist_s1,5,5,1.75515129012739,0.7989670038223267,4.855739593505859,0.9965871301656665,1.0,False
000_1025469,classic,80,moz,420,generation,butteraugli,exact,hist_s4,5,5,0.0,0.7989670038223267,4.869632244110107,1.0,1.0,False
000_1025469,classic,80,moz,420,cumulative,ssim2,generic,exact,7,7,0.4133846866125492,24.458039860795566,52.34668002121882,1.0,1.0,False
000_1025469,classic,80,moz,420,cumulative,ssim2,generic,hint_s1,7,7,1.2583058780531038,24.458039860795566,51.158212374668715,0.9573852421733827,0.9984421811319798,False
000_1025469,classic,80,moz,420,cumulative,ssim2,generic,hint_s4,7,7,0.4155585965746071,24.458039860795566,52.23605986746412,0.9960335049282294,0.998792252961087,False
000_1025469,classic,80,moz,420,cumulative,ssim2,generic,hist_s1,7,7,1.182844111534791,24.458039860795566,51.89647677669153,0.9838571102091174,1.0,False
000_1025469,classic,80,moz,420,cumulative,ssim2,generic,hist_s4,7,7,0.47626343046362607,24.458039860795566,52.34668002121882,1.0,1.0,False
000_1025469,classic,80,moz,420,cumulative,ssim2,exact,hint_s1,7,7,0.8509984969066807,24.458039860795566,51.158212374668715,0.9573852421733827,0.9984421811319798,False
000_1025469,classic,80,moz,420,cumulative,ssim2,exact,hint_s4,7,7,0.0030502199164049227,24.458039860795566,52.23605986746412,0.9960335049282294,0.998792252961087,False
000_1025469,classic,80,moz,420,cumulative,ssim2,exact,hist_s1,7,7,0.7699179943210324,24.458039860795566,51.89647677669153,0.9838571102091174,1.0,False
000_1025469,classic,80,moz,420,cumulative,ssim2,exact,hist_s4,7,7,0.06261988284462243,24.458039860795566,52.34668002121882,1.0,1.0,False
000_1025469,classic,80,moz,420,cumulative,butteraugli,generic,exact,5,5,0.34088822953711173,2.9843573570251465,4.910966873168945,1.0,1.0,False
000_1025469,classic,80,moz,420,cumulative,butteraugli,generic,hint_s1,5,6,-18.686288494631338,3.0615549087524414,4.685735702514648,0.8430254185669562,1.0,False
000_1025469,classic,80,moz,420,cumulative,butteraugli,generic,hint_s4,5,7,3.7906666681888526,2.9843573570251465,4.910966873168945,1.0,0.9992089952706648,False
000_1025469,classic,80,moz,420,cumulative,butteraugli,generic,hist_s1,5,5,-1.704849059063953,2.9843573570251465,4.807260513305664,0.946171572913823,1.0,False
000_1025469,classic,80,moz,420,cumulative,butteraugli,generic,hist_s4,5,5,0.34088822953711173,2.9843573570251465,4.910966873168945,1.0,1.0,False
000_1025469,classic,80,moz,420,cumulative,butteraugli,exact,hint_s1,5,6,-18.940394468983694,3.0615549087524414,4.685735702514648,0.8430254185669562,1.0,False
000_1025469,classic,80,moz,420,cumulative,butteraugli,exact,hint_s4,5,7,3.4380585018941834,2.9843573570251465,4.910966873168945,1.0,0.9992089952706648,False
000_1025469,classic,80,moz,420,cumulative,butteraugli,exact,hist_s1,5,5,-2.023506385536394,2.9843573570251465,4.807260513305664,0.946171572913823,1.0,False
000_1025469,classic,80,moz,420,cumulative,butteraugli,exact,hist_s4,5,5,0.0,2.9843573570251465,4.910966873168945,1.0,1.0,False
000_1025469,jpegli,80,classic,420,generation,ssim2,generic,exact,7,7,0.0,6.207824371087597,42.29030450921526,1.0,1.0,False
000_1025469,jpegli,80,classic,420,generation,ssim2,generic,hint_s1,7,7,-0.13646206793622337,6.207824371087597,41.03034245318365,0.9650810573106854,0.9987354537754594,False
000_1025469,jpegli,80,classic,420,generation,ssim2,generic,hint_s4,7,7,-0.20416880108636193,6.207824371087597,41.662204980051946,0.982592673043569,0.9978775361471932,False
000_1025469,jpegli,80,classic,420,generation,ssim2,generic,hist_s1,7,7,-0.22604159893558065,6.207824371087597,41.71591002887019,0.9840810698669763,1.0,False
000_1025469,jpegli,80,classic,420,generation,ssim2,generic,hist_s4,7,7,0.0,6.207824371087597,42.29030450921526,1.0,1.0,False
000_1025469,jpegli,80,classic,420,generation,ssim2,exact,hint_s1,7,7,-0.13646206793622337,6.207824371087597,41.03034245318365,0.9650810573106854,0.9987354537754594,False
000_1025469,jpegli,80,classic,420,generation,ssim2,exact,hint_s4,7,7,-0.20416880108636193,6.207824371087597,41.662204980051946,0.982592673043569,0.9978775361471932,False
000_1025469,jpegli,80,classic,420,generation,ssim2,exact,hist_s1,7,7,-0.22604159893558065,6.207824371087597,41.71591002887019,0.9840810698669763,1.0,False
000_1025469,jpegli,80,classic,420,generation,ssim2,exact,hist_s4,7,7,0.0,6.207824371087597,42.29030450921526,1.0,1.0,False
000_1025469,jpegli,80,classic,420,generation,butteraugli,generic,exact,6,6,0.0,0.7937376499176025,4.849759578704834,1.0,1.0,False
000_1025469,jpegli,80,classic,420,generation,butteraugli,generic,hint_s1,6,6,0.8736129158275051,0.845328688621521,4.4957685470581055,0.9000049611487387,1.0,False
000_1025469,jpegli,80,classic,420,generation,butteraugli,generic,hint_s4,6,7,0.8819356164223375,0.7937376499176025,4.849759578704834,1.0,0.9777087103226016,False
000_1025469,jpegli,80,classic,420,generation,butteraugli,generic,hist_s1,6,6,-0.3552778924646124,0.7937376499176025,4.849759578704834,1.0,0.9586704472830938,False
000_1025469,jpegli,80,classic,420,generation,butteraugli,generic,hist_s4,6,6,0.0,0.7937376499176025,4.849759578704834,1.0,1.0,False
000_1025469,jpegli,80,classic,420,generation,butteraugli,exact,hint_s1,6,6,0.8736129158275051,0.845328688621521,4.4957685470581055,0.9000049611487387,1.0,False
000_1025469,jpegli,80,classic,420,generation,butteraugli,exact,hint_s4,6,7,0.8819356164223375,0.7937376499176025,4.849759578704834,1.0,0.9777087103226016,False
000_1025469,jpegli,80,classic,420,generation,butteraugli,exact,hist_s1,6,6,-0.3552778924646124,0.7937376499176025,4.849759578704834,1.0,0.9586704472830938,False
000_1025469,jpegli,80,classic,420,generation,butteraugli,exact,hist_s4,6,6,0.0,0.7937376499176025,4.849759578704834,1.0,1.0,False
000_1025469,jpegli,80,classic,420,cumulative,ssim2,generic,exact,7,7,0.0,26.234253232725862,48.02105668188628,1.0,1.0,False
000_1025469,jpegli,80,classic,420,cumulative,ssim2,generic,hint_s1,7,7,-0.08531128391773504,26.234253232725862,46.79572065596598,0.943757879453054,0.9999365364430137,False
000_1025469,jpegli,80,classic,420,cumulative,ssim2,generic,hint_s4,7,7,-0.14105990656895154,26.243432385407814,47.48289680623172,0.974877497306398,1.0,False
000_1025469,jpegli,80,classic,420,cumulative,ssim2,generic,hist_s1,7,7,-0.4764748793744148,26.234253232725862,47.441867635593184,0.9734156023555894,1.0,False
000_1025469,jpegli,80,classic,420,cumulative,ssim2,generic,hist_s4,7,7,0.0,26.234253232725862,48.02105668188628,1.0,1.0,False
000_1025469,jpegli,80,classic,420,cumulative,ssim2,exact,hint_s1,7,7,-0.08531128391773504,26.234253232725862,46.79572065596598,0.943757879453054,0.9999365364430137,False
000_1025469,jpegli,80,classic,420,cumulative,ssim2,exact,hint_s4,7,7,-0.14105990656895154,26.243432385407814,47.48289680623172,0.974877497306398,1.0,False
000_1025469,jpegli,80,classic,420,cumulative,ssim2,exact,hist_s1,7,7,-0.4764748793744148,26.234253232725862,47.441867635593184,0.9734156023555894,1.0,False
000_1025469,jpegli,80,classic,420,cumulative,ssim2,exact,hist_s4,7,7,0.0,26.234253232725862,48.02105668188628,1.0,1.0,False
000_1025469,jpegli,80,classic,420,cumulative,butteraugli,generic,exact,7,7,0.0,2.5656166076660156,5.218560695648193,1.0,1.0,False
000_1025469,jpegli,80,classic,420,cumulative,butteraugli,generic,hint_s1,7,5,-1.7740002043498662,2.72687029838562,4.781794548034668,0.7745825699673972,1.0,False
000_1025469,jpegli,80,classic,420,cumulative,butteraugli,generic,hint_s4,7,7,-0.5964153337790425,2.5656166076660156,5.218560695648193,1.0,0.9631498635460642,False
000_1025469,jpegli,80,classic,420,cumulative,butteraugli,generic,hist_s1,7,7,2.2292179698368284,2.5656166076660156,5.218560695648193,1.0,0.9363374096922468,False
000_1025469,jpegli,80,classic,420,cumulative,butteraugli,generic,hist_s4,7,7,0.0,2.5656166076660156,5.218560695648193,1.0,1.0,False
000_1025469,jpegli,80,classic,420,cumulative,butteraugli,exact,hint_s1,7,5,-1.7740002043498662,2.72687029838562,4.781794548034668,0.7745825699673972,1.0,False
000_1025469,jpegli,80,classic,420,cumulative,butteraugli,exact,hint_s4,7,7,-0.5964153337790425,2.5656166076660156,5.218560695648193,1.0,0.9631498635460642,False
000_1025469,jpegli,80,classic,420,cumulative,butteraugli,exact,hist_s1,7,7,2.2292179698368284,2.5656166076660156,5.218560695648193,1.0,0.9363374096922468,False
000_1025469,jpegli,80,classic,420,cumulative,butteraugli,exact,hist_s4,7,7,0.0,2.5656166076660156,5.218560695648193,1.0,1.0,False
000_1025469,jpegli,80,jpegli,420,generation,ssim2,generic,exact,6,6,0.0,6.059162425523127,37.95495676180325,1.0,1.0,False
000_1025469,jpegli,80,jpegli,420,generation,ssim2,generic,hint_s1,6,6,-0.14157223148648898,6.059162425523127,35.95001069544439,0.9371407388315669,0.9959061837093537,False
000_1025469,jpegli,80,jpegli,420,generation,ssim2,generic,hint_s4,6,6,-0.06665506559330091,6.081701196440505,37.65929768912634,0.9900238307207683,1.0,False
000_1025469,jpegli,80,jpegli,420,generation,ssim2,generic,hist_s1,6,6,-0.07903322703095608,6.059162425523127,36.65785245779372,0.9593330615837923,1.0,False
000_1025469,jpegli,80,jpegli,420,generation,ssim2,generic,hist_s4,6,6,0.0,6.059162425523127,37.95495676180325,1.0,1.0,False
000_1025469,jpegli,80,jpegli,420,generation,ssim2,exact,hint_s1,6,6,-0.14157223148648898,6.059162425523127,35.95001069544439,0.9371407388315669,0.9959061837093537,False
000_1025469,jpegli,80,jpegli,420,generation,ssim2,exact,hint_s4,6,6,-0.06665506559330091,6.081701196440505,37.65929768912634,0.9900238307207683,1.0,False
000_1025469,jpegli,80,jpegli,420,generation,ssim2,exact,hist_s1,6,6,-0.07903322703095608,6.059162425523127,36.65785245779372,0.9593330615837923,1.0,False
000_1025469,jpegli,80,jpegli,420,generation,ssim2,exact,hist_s4,6,6,0.0,6.059162425523127,37.95495676180325,1.0,1.0,False
000_1025469,jpegli,80,jpegli,420,generation,butteraugli,generic,exact,5,5,0.0,0.8196014165878296,4.278101444244385,1.0,1.0,False
000_1025469,jpegli,80,jpegli,420,generation,butteraugli,generic,hint_s1,5,6,-0.18388465024549433,0.8196014165878296,4.278101444244385,1.0,0.9251933731257038,False
000_1025469,jpegli,80,jpegli,420,generation,butteraugli,generic,hint_s4,5,6,2.3640395336078304,0.8196014165878296,4.278101444244385,1.0,0.9621061767632265,False
000_1025469,jpegli,80,jpegli,420,generation,butteraugli,generic,hist_s1,5,6,2.952890245012458,0.8196014165878296,4.278101444244385,1.0,0.9552061912846755,False
000_1025469,jpegli,80,jpegli,420,generation,butteraugli,generic,hist_s4,5,5,0.0,0.8196014165878296,4.278101444244385,1.0,1.0,False
000_1025469,jpegli,80,jpegli,420,generation,butteraugli,exact,hint_s1,5,6,-0.18388465024549433,0.8196014165878296,4.278101444244385,1.0,0.9251933731257038,False
000_1025469,jpegli,80,jpegli,420,generation,butteraugli,exact,hint_s4,5,6,2.3640395336078304,0.8196014165878296,4.278101444244385,1.0,0.9621061767632265,False
000_1025469,jpegli,80,jpegli,420,generation,butteraugli,exact,hist_s1,5,6,2.952890245012458,0.8196014165878296,4.278101444244385,1.0,0.9552061912846755,False
000_1025469,jpegli,80,jpegli,420,generation,butteraugli,exact,hist_s4,5,5,0.0,0.8196014165878296,4.278101444244385,1.0,1.0,False
000_1025469,jpegli,80,jpegli,420,cumulative,ssim2,generic,exact,6,6,0.0,26.108748492010733,45.955744916445994,1.0,1.0,False
000_1025469,jpegli,80,jpegli,420,cumulative,ssim2,generic,hint_s1,6,6,0.325933917458157,26.108748492010733,44.17385841239005,0.9102188328173365,0.9993803532515873,False
000_1025469,jpegli,80,jpegli,420,cumulative,ssim2,generic,hint_s4,6,6,0.13205600946816393,26.108748492010733,45.66695804659652,0.9854493413676477,0.999953381712839,False
000_1025469,jpegli,80,jpegli,420,cumulative,ssim2,generic,hist_s1,6,6,-0.3333248707586947,26.108748492010733,44.62785015944591,0.9330934148118654,1.0,False
000_1025469,jpegli,80,jpegli,420,cumulative,ssim2,generic,hist_s4,6,6,0.0,26.108748492010733,45.955744916445994,1.0,1.0,False
000_1025469,jpegli,80,jpegli,420,cumulative,ssim2,exact,hint_s1,6,6,0.325933917458157,26.108748492010733,44.17385841239005,0.9102188328173365,0.9993803532515873,False
000_1025469,jpegli,80,jpegli,420,cumulative,ssim2,exact,hint_s4,6,6,0.13205600946816393,26.108748492010733,45.66695804659652,0.9854493413676477,0.999953381712839,False
000_1025469,jpegli,80,jpegli,420,cumulative,ssim2,exact,hist_s1,6,6,-0.3333248707586947,26.108748492010733,44.62785015944591,0.9330934148118654,1.0,False
000_1025469,jpegli,80,jpegli,420,cumulative,ssim2,exact,hist_s4,6,6,0.0,26.108748492010733,45.955744916445994,1.0,1.0,False
000_1025469,jpegli,80,jpegli,420,cumulative,butteraugli,generic,exact,6,6,0.0,2.728461742401123,5.339892864227295,1.0,1.0,False
000_1025469,jpegli,80,jpegli,420,cumulative,butteraugli,generic,hint_s1,6,4,-8.87474939211234,2.728461742401123,4.594819068908691,0.7146875561483031,0.9786518778371337,False
000_1025469,jpegli,80,jpegli,420,cumulative,butteraugli,generic,hint_s4,6,6,-0.020765405107409412,2.728461742401123,4.907408714294434,0.834388069316404,1.0,False
000_1025469,jpegli,80,jpegli,420,cumulative,butteraugli,generic,hist_s1,6,6,1.7884981963348239,2.728461742401123,5.22646951675415,0.9565665942612235,1.0,False
000_1025469,jpegli,80,jpegli,420,cumulative,butteraugli,generic,hist_s4,6,6,0.0,2.728461742401123,5.339892864227295,1.0,1.0,False
000_1025469,jpegli,80,jpegli,420,cumulative,butteraugli,exact,hint_s1,6,4,-8.87474939211234,2.728461742401123,4.594819068908691,0.7146875561483031,0.9786518778371337,False
000_1025469,jpegli,80,jpegli,420,cumulative,butteraugli,exact,hint_s4,6,6,-0.020765405107409412,2.728461742401123,4.907408714294434,0.834388069316404,1.0,False
000_1025469,jpegli,80,jpegli,420,cumulative,butteraugli,exact,hist_s1,6,6,1.7884981963348239,2.728461742401123,5.22646951675415,0.9565665942612235,1.0,False
000_1025469,jpegli,80,jpegli,420,cumulative,butteraugli,exact,hist_s4,6,6,0.0,2.728461742401123,5.339892864227295,1.0,1.0,False
000_1025469,jpegli,80,moz,420,generation,ssim2,generic,exact,7,7,0.4084301987175466,6.8798898351614355,46.45508063562379,1.0,1.0,False
000_1025469,jpegli,80,moz,420,generation,ssim2,generic,hint_s1,7,7,0.6253304409162187,6.8798898351614355,45.38961174879084,0.9730773531274928,0.9973560480229164,False
000_1025469,jpegli,80,moz,420,generation,ssim2,generic,hint_s4,7,7,0.2229392180734196,6.8798898351614355,46.11216918508963,0.9913351914773294,0.9985256745825212,False
000_1025469,jpegli,80,moz,420,generation,ssim2,generic,hist_s1,7,7,-0.031929176679475556,6.8798898351614355,45.911310460820296,0.9862598217771034,1.0,False
000_1025469,jpegli,80,moz,420,generation,ssim2,generic,hist_s4,7,7,0.4084301987175466,6.8798898351614355,46.45508063562379,1.0,1.0,False
000_1025469,jpegli,80,moz,420,generation,ssim2,exact,hint_s1,7,7,0.2219759273949596,6.8798898351614355,45.38961174879084,0.9730773531274928,0.9973560480229164,False
000_1025469,jpegli,80,moz,420,generation,ssim2,exact,hint_s4,7,7,-0.18282304143763473,6.8798898351614355,46.11216918508963,0.9913351914773294,0.9985256745825212,False
000_1025469,jpegli,80,moz,420,generation,ssim2,exact,hist_s1,7,7,-0.4355431991195097,6.8798898351614355,45.911310460820296,0.9862598217771034,1.0,False
000_1025469,jpegli,80,moz,420,generation,ssim2,exact,hist_s4,7,7,0.0,6.8798898351614355,46.45508063562379,1.0,1.0,False
000_1025469,jpegli,80,moz,420,generation,butteraugli,generic,exact,5,5,0.3913416629900357,1.1029568910598755,5.244009494781494,1.0,1.0,False
000_1025469,jpegli,80,moz,420,generation,butteraugli,generic,hint_s1,5,4,-0.4063997532274281,1.1029568910598755,5.066710472106934,0.9571850349074968,0.967132158849651,False
000_1025469,jpegli,80,moz,420,generation,butteraugli,generic,hint_s4,5,6,6.531074196057479,1.1029568910598755,5.083072185516357,0.9611361350202361,0.9999984724903601,False
000_1025469,jpegli,80,moz,420,generation,butteraugli,generic,hist_s1,5,6,7.370667098836357,1.1029568910598755,5.1639251708984375,0.9806608774273758,1.0,False
000_1025469,jpegli,80,moz,420,generation,butteraugli,generic,hist_s4,5,5,0.3913416629900357,1.1029568910598755,5.244009494781494,1.0,1.0,False
000_1025469,jpegli,80,moz,420,generation,butteraugli,exact,hint_s1,5,4,-0.7849820952299305,1.1029568910598755,5.066710472106934,0.9571850349074968,0.967132158849651,False
000_1025469,jpegli,80,moz,420,generation,butteraugli,exact,hint_s4,5,6,6.125212704673849,1.1029568910598755,5.083072185516357,0.9611361350202361,0.9999984724903601,False
000_1025469,jpegli,80,moz,420,generation,butteraugli,exact,hist_s1,5,6,6.956948137063801,1.1029568910598755,5.1639251708984375,0.9806608774273758,1.0,False
000_1025469,jpegli,80,moz,420,generation,butteraugli,exact,hist_s4,5,5,0.0,1.1029568910598755,5.244009494781494,1.0,1.0,False
000_1025469,jpegli,80,moz,420,cumulative,ssim2,generic,exact,7,7,0.44243202960001504,26.332004254486648,52.82537221911872,1.0,1.0,False
000_1025469,jpegli,80,moz,420,cumulative,ssim2,generic,hint_s1,7,7,0.8448042042371506,26.332004254486648,51.85787894071805,0.9634816804080084,0.9972338363773368,False
000_1025469,jpegli,80,moz,420,cumulative,ssim2,generic,hint_s4,7,7,0.29117485514386715,26.332004254486648,52.464345206996924,0.9863729287796192,0.9990858395083329,False
000_1025469,jpegli,80,moz,420,cumulative,ssim2,generic,hist_s1,7,7,-0.10521348120390364,26.332004254486648,52.24988970777897,0.9782782426112073,1.0,False
000_1025469,jpegli,80,moz,420,cumulative,ssim2,generic,hist_s4,7,7,0.44243202960001504,26.332004254486648,52.82537221911872,1.0,1.0,False
000_1025469,jpegli,80,moz,420,cumulative,ssim2,exact,hint_s1,7,7,0.4074700031387239,26.332004254486648,51.85787894071805,0.9634816804080084,0.9972338363773368,False
000_1025469,jpegli,80,moz,420,cumulative,ssim2,exact,hint_s4,7,7,-0.14803969078255325,26.332004254486648,52.464345206996924,0.9863729287796192,0.9990858395083329,False
000_1025469,jpegli,80,moz,420,cumulative,ssim2,exact,hist_s1,7,7,-0.5411835117449171,26.332004254486648,52.24988970777897,0.9782782426112073,1.0,False
000_1025469,jpegli,80,moz,420,cumulative,ssim2,exact,hist_s4,7,7,0.0,26.332004254486648,52.82537221911872,1.0,1.0,False
000_1025469,jpegli,80,moz,420,cumulative,butteraugli,generic,exact,6,6,0.379681644001961,2.7637577056884766,5.2063679695129395,1.0,1.0,False
000_1025469,jpegli,80,moz,420,cumulative,butteraugli,generic,hint_s1,6,3,-17.109767800203983,2.7637577056884766,5.084758281707764,0.9502132249232557,0.9291756836326093,True
000_1025469,jpegli,80,moz,420,cumulative,butteraugli,generic,hint_s4,6,6,-1.5249080986927572,2.7637577056884766,5.103268623352051,0.9577913236148189,0.9920642904393064,False
000_1025469,jpegli,80,moz,420,cumulative,butteraugli,generic,hist_s1,6,6,0.4113322856710212,2.7637577056884766,5.143089294433594,0.9740938306792061,1.0,False
000_1025469,jpegli,80,moz,420,cumulative,butteraugli,generic,hist_s4,6,6,0.379681644001961,2.7637577056884766,5.2063679695129395,1.0,1.0,False
000_1025469,jpegli,80,moz,420,cumulative,butteraugli,exact,hint_s1,6,3,-17.413567179457242,2.7637577056884766,5.084758281707764,0.9502132249232557,0.9291756836326093,True
000_1025469,jpegli,80,moz,420,cumulative,butteraugli,exact,hint_s4,6,6,-1.8874983028351393,2.7637577056884766,5.103268623352051,0.9577913236148189,0.9920642904393064,False
000_1025469,jpegli,80,moz,420,cumulative,butteraugli,exact,hist_s1,6,6,0.03783470216670102,2.7637577056884766,5.143089294433594,0.9740938306792061,1.0,False
000_1025469,jpegli,80,moz,420,cumulative,butteraugli,exact,hist_s4,6,6,0.0,2.7637577056884766,5.2063679695129395,1.0,1.0,False
000_1025469,moz,80,classic,420,generation,ssim2,generic,exact,7,7,0.0,5.856977537194297,41.71991947213327,1.0,1.0,False
000_1025469,moz,80,classic,420,generation,ssim2,generic,hint_s1,7,7,-0.8452013350094862,5.858054215102285,40.11560399941598,0.955235347018164,1.0,False
000_1025469,moz,80,classic,420,generation,ssim2,generic,hint_s4,7,7,-0.06925854080350044,5.895012663015663,40.98439538369406,0.9784301238960279,1.0,False
000_1025469,moz,80,classic,420,generation,ssim2,generic,hist_s1,7,6,-0.8403652143204331,5.856977537194297,40.6850184907473,0.9711428866247658,1.0,False
000_1025469,moz,80,classic,420,generation,ssim2,generic,hist_s4,7,7,0.0,5.856977537194297,41.71991947213327,1.0,1.0,False
000_1025469,moz,80,classic,420,generation,ssim2,exact,hint_s1,7,7,-0.8452013350094862,5.858054215102285,40.11560399941598,0.955235347018164,1.0,False
000_1025469,moz,80,classic,420,generation,ssim2,exact,hint_s4,7,7,-0.06925854080350044,5.895012663015663,40.98439538369406,0.9784301238960279,1.0,False
000_1025469,moz,80,classic,420,generation,ssim2,exact,hist_s1,7,6,-0.8403652143204331,5.856977537194297,40.6850184907473,0.9711428866247658,1.0,False
000_1025469,moz,80,classic,420,generation,ssim2,exact,hist_s4,7,7,0.0,5.856977537194297,41.71991947213327,1.0,1.0,False
000_1025469,moz,80,classic,420,generation,butteraugli,generic,exact,7,7,0.0,0.7109720706939697,5.366987705230713,1.0,1.0,False
000_1025469,moz,80,classic,420,generation,butteraugli,generic,hint_s1,7,7,-1.7037278993414204,0.7109720706939697,4.777198791503906,0.8733275486980858,0.9972496098525624,False
000_1025469,moz,80,classic,420,generation,butteraugli,generic,hint_s4,7,7,-2.529965400669026,0.7109720706939697,5.006720542907715,0.9226232919729352,0.9972837393158005,False
000_1025469,moz,80,classic,420,generation,butteraugli,generic,hist_s1,7,7,-0.13184095827397563,0.7109720706939697,5.111512660980225,0.9451301146079791,1.0,False
000_1025469,moz,80,classic,420,generation,butteraugli,generic,hist_s4,7,7,0.0,0.7109720706939697,5.366987705230713,1.0,1.0,False
000_1025469,moz,80,classic,420,generation,butteraugli,exact,hint_s1,7,7,-1.7037278993414204,0.7109720706939697,4.777198791503906,0.8733275486980858,0.9972496098525624,False
000_1025469,moz,80,classic,420,generation,butteraugli,exact,hint_s4,7,7,-2.529965400669026,0.7109720706939697,5.006720542907715,0.9226232919729352,0.9972837393158005,False
000_1025469,moz,80,classic,420,generation,butteraugli,exact,hist_s1,7,7,-0.13184095827397563,0.7109720706939697,5.111512660980225,0.9451301146079791,1.0,False
000_1025469,moz,80,classic,420,generation,butteraugli,exact,hist_s4,7,7,0.0,0.7109720706939697,5.366987705230713,1.0,1.0,False
000_1025469,moz,80,classic,420,cumulative,ssim2,generic,exact,7,7,0.0,26.602398234643957,47.539790394360004,1.0,1.0,False
000_1025469,moz,80,classic,420,cumulative,ssim2,generic,hint_s1,7,6,-0.967326869752126,26.606548081134605,46.46175639626155,0.9483133412063014,1.0,False
000_1025469,moz,80,classic,420,cumulative,ssim2,generic,hint_s4,7,7,0.15639165964222085,26.602398234643957,46.82536630056823,0.9658780764890891,0.9994023788496903,False
000_1025469,moz,80,classic,420,cumulative,ssim2,generic,hist_s1,7,6,-1.0930244903232795,26.602398234643957,46.542734844563256,0.9523791911527978,1.0,False
000_1025469,moz,80,classic,420,cumulative,ssim2,generic,hist_s4,7,7,0.0,26.602398234643957,47.539790394360004,1.0,1.0,False
000_1025469,moz,80,classic,420,cumulative,ssim2,exact,hint_s1,7,6,-0.967326869752126,26.606548081134605,46.46175639626155,0.9483133412063014,1.0,False
000_1025469,moz,80,classic,420,cumulative,ssim2,exact,hint_s4,7,7,0.15639165964222085,26.602398234643957,46.82536630056823,0.9658780764890891,0.9994023788496903,False
000_1025469,moz,80,classic,420,cumulative,ssim2,exact,hist_s1,7,6,-1.0930244903232795,26.602398234643957,46.542734844563256,0.9523791911527978,1.0,False
000_1025469,moz,80,classic,420,cumulative,ssim2,exact,hist_s4,7,7,0.0,26.602398234643957,47.539790394360004,1.0,1.0,False
000_1025469,moz,80,classic,420,cumulative,butteraugli,generic,exact,5,5,0.0,3.9522359371185303,4.919002056121826,1.0,1.0,False
000_1025469,moz,80,classic,420,cumulative,butteraugli,generic,hint_s1,5,5,2.366072742188954,4.040520668029785,4.919002056121826,0.9086803631448385,0.7489998747810701,False
000_1025469,moz,80,classic,420,cumulative,butteraugli,generic,hint_s4,5,3,-2.1526638908327804,3.996384382247925,4.650027275085449,0.6761127432883237,1.0,True
000_1025469,moz,80,classic,420,cumulative,butteraugli,generic,hist_s1,5,6,-1.1561964712024575,3.9522359371185303,4.729672431945801,0.8041619162541422,1.0,False
000_1025469,moz,80,classic,420,cumulative,butteraugli,generic,hist_s4,5,5,0.0,3.9522359371185303,4.919002056121826,1.0,1.0,False
000_1025469,moz,80,classic,420,cumulative,butteraugli,exact,hint_s1,5,5,2.366072742188954,4.040520668029785,4.919002056121826,0.9086803631448385,0.7489998747810701,False
000_1025469,moz,80,classic,420,cumulative,butteraugli,exact,hint_s4,5,3,-2.1526638908327804,3.996384382247925,4.650027275085449,0.6761127432883237,1.0,True
000_1025469,moz,80,classic,420,cumulative,butteraugli,exact,hist_s1,5,6,-1.1561964712024575,3.9522359371185303,4.729672431945801,0.8041619162541422,1.0,False
000_1025469,moz,80,classic,420,cumulative,butteraugli,exact,hist_s4,5,5,0.0,3.9522359371185303,4.919002056121826,1.0,1.0,False
000_1025469,moz,80,jpegli,420,generation,ssim2,generic,exact,7,7,0.0,6.085621040138761,38.49867660832126,1.0,1.0,False
000_1025469,moz,80,jpegli,420,generation,ssim2,generic,hint_s1,7,7,-0.7650646682763956,6.116915083913128,36.41426425612761,0.9347267217212051,1.0,False
000_1025469,moz,80,jpegli,420,generation,ssim2,generic,hint_s4,7,7,-0.09369901894211505,6.085621040138761,38.09797717123101,0.9876377148014521,0.9996840164466109,False
000_1025469,moz,80,jpegli,420,generation,ssim2,generic,hist_s1,7,7,-1.094127911129099,6.085621040138761,37.18995586783306,0.9596236541866521,1.0,False
000_1025469,moz,80,jpegli,420,generation,ssim2,generic,hist_s4,7,7,0.006964775924054932,6.085621040138761,38.48945274940099,0.9997154276646066,1.0,False
000_1025469,moz,80,jpegli,420,generation,ssim2,exact,hint_s1,7,7,-0.7650646682763956,6.116915083913128,36.41426425612761,0.9347267217212051,1.0,False
000_1025469,moz,80,jpegli,420,generation,ssim2,exact,hint_s4,7,7,-0.09369901894211505,6.085621040138761,38.09797717123101,0.9876377148014521,0.9996840164466109,False
000_1025469,moz,80,jpegli,420,generation,ssim2,exact,hist_s1,7,7,-1.094127911129099,6.085621040138761,37.18995586783306,0.9596236541866521,1.0,False
000_1025469,moz,80,jpegli,420,generation,ssim2,exact,hist_s4,7,7,0.006964775924054932,6.085621040138761,38.48945274940099,0.9997154276646066,1.0,False
000_1025469,moz,80,jpegli,420,generation,butteraugli,generic,exact,7,7,0.0,0.6979967355728149,3.929201126098633,1.0,1.0,False
000_1025469,moz,80,jpegli,420,generation,butteraugli,generic,hint_s1,7,7,2.660770252494729,0.7001218795776367,3.8879940509796143,0.9865894527591959,1.0,False
000_1025469,moz,80,jpegli,420,generation,butteraugli,generic,hint_s4,7,7,2.1879810188901656,0.6979967355728149,3.820869207382202,0.9664732076268312,1.0,False
000_1025469,moz,80,jpegli,420,generation,butteraugli,generic,hist_s1,7,7,0.9731153171629959,0.6979967355728149,3.929201126098633,1.0,0.9462318771418486,False
000_1025469,moz,80,jpegli,420,generation,butteraugli,generic,hist_s4,7,7,0.0038049842576282984,0.6979967355728149,3.929201126098633,1.0,0.999995499056665,False
000_1025469,moz,80,jpegli,420,generation,butteraugli,exact,hint_s1,7,7,2.660770252494729,0.7001218795776367,3.8879940509796143,0.9865894527591959,1.0,False
000_1025469,moz,80,jpegli,420,generation,butteraugli,exact,hint_s4,7,7,2.1879810188901656,0.6979967355728149,3.820869207382202,0.9664732076268312,1.0,False
000_1025469,moz,80,jpegli,420,generation,butteraugli,exact,hist_s1,7,7,0.9731153171629959,0.6979967355728149,3.929201126098633,1.0,0.9462318771418486,False
000_1025469,moz,80,jpegli,420,generation,butteraugli,exact,hist_s4,7,7,0.0038049842576282984,0.6979967355728149,3.929201126098633,1.0,0.999995499056665,False
000_1025469,moz,80,jpegli,420,cumulative,ssim2,generic,exact,7,7,0.0,26.824419950479978,45.95005248642292,1.0,1.0,False
000_1025469,moz,80,jpegli,420,cumulative,ssim2,generic,hint_s1,7,7,-0.9012662753879831,26.824419950479978,43.99331433134524,0.8976902776208647,0.9981407222135645,False
000_1025469,moz,80,jpegli,420,cumulative,ssim2,generic,hint_s4,7,7,-0.057930261975201625,26.824419950479978,45.68738039287432,0.9862659656847971,0.9997841528081451,False
000_1025469,moz,80,jpegli,420,cumulative,ssim2,generic,hist_s1,7,7,-1.367574551245563,26.824419950479978,44.54165356603359,0.9263606619157554,1.0,False
000_1025469,moz,80,jpegli,420,cumulative,ssim2,generic,hist_s4,7,7,0.004025759410946465,26.824419950479978,45.92647583848831,0.9987672748657958,1.0,False
000_1025469,moz,80,jpegli,420,cumulative,ssim2,exact,hint_s1,7,7,-0.9012662753879831,26.824419950479978,43.99331433134524,0.8976902776208647,0.9981407222135645,False
000_1025469,moz,80,jpegli,420,cumulative,ssim2,exact,hint_s4,7,7,-0.057930261975201625,26.824419950479978,45.68738039287432,0.9862659656847971,0.9997841528081451,False
000_1025469,moz,80,jpegli,420,cumulative,ssim2,exact,hist_s1,7,7,-1.367574551245563,26.824419950479978,44.54165356603359,0.9263606619157554,1.0,False
000_1025469,moz,80,jpegli,420,cumulative,ssim2,exact,hist_s4,7,7,0.004025759410946465,26.824419950479978,45.92647583848831,0.9987672748657958,1.0,False
000_1025469,moz,80,jpegli,420,cumulative,butteraugli,generic,exact,6,6,0.0,4.007493019104004,5.4945068359375,1.0,1.0,False
000_1025469,moz,80,jpegli,420,cumulative,butteraugli,generic,hint_s1,6,4,-13.962049471513108,4.007493019104004,4.829171657562256,0.5525696057135271,0.9721354841002676,False
000_1025469,moz,80,jpegli,420,cumulative,butteraugli,generic,hint_s4,6,5,-6.498458824609023,4.007493019104004,5.1736626625061035,0.784235916439153,1.0,False
000_1025469,moz,80,jpegli,420,cumulative,butteraugli,generic,hist_s1,6,5,-1.8309854461784725,4.007493019104004,5.480180263519287,0.9903655418288443,1.0,False
000_1025469,moz,80,jpegli,420,cumulative,butteraugli,generic,hist_s4,6,6,0.021560361147726834,4.007493019104004,5.4945068359375,1.0,1.0,False
000_1025469,moz,80,jpegli,420,cumulative,butteraugli,exact,hint_s1,6,4,-13.962049471513108,4.007493019104004,4.829171657562256,0.5525696057135271,0.9721354841002676,False
000_1025469,moz,80,jpegli,420,cumulative,butteraugli,exact,hint_s4,6,5,-6.498458824609023,4.007493019104004,5.1736626625061035,0.784235916439153,1.0,False
000_1025469,moz,80,jpegli,420,cumulative,butteraugli,exact,hist_s1,6,5,-1.8309854461784725,4.007493019104004,5.480180263519287,0.9903655418288443,1.0,False
000_1025469,moz,80,jpegli,420,cumulative,butteraugli,exact,hist_s4,6,6,0.021560361147726834,4.007493019104004,5.4945068359375,1.0,1.0,False
000_1025469,moz,80,moz,420,generation,ssim2,generic,exact,6,6,0.40108718472110316,5.886919141290434,45.122388659379915,1.0,1.0,False
000_1025469,moz,80,moz,420,generation,ssim2,generic,hint_s1,6,6,1.6864678928150265,5.886919141290434,44.38178643081264,0.9811241655149349,0.9984102936497278,False
000_1025469,moz,80,moz,420,generation,ssim2,generic,hint_s4,6,6,0.49115382352372394,5.886919141290434,44.86398041534062,0.9934139122785276,1.0,False
000_1025469,moz,80,moz,420,generation,ssim2,generic,hist_s1,6,6,1.3559668887030514,5.886919141290434,44.8633086585718,0.993396791118081,1.0,False
000_1025469,moz,80,moz,420,generation,ssim2,generic,hist_s4,6,6,0.40108718472110316,5.886919141290434,45.122388659379915,1.0,1.0,False
000_1025469,moz,80,moz,420,generation,ssim2,exact,hint_s1,6,6,1.284354064039093,5.886919141290434,44.38178643081264,0.9811241655149349,0.9984102936497278,False
000_1025469,moz,80,moz,420,generation,ssim2,exact,hint_s4,6,6,0.09112557550720168,5.886919141290434,44.86398041534062,0.9934139122785276,1.0,False
000_1025469,moz,80,moz,420,generation,ssim2,exact,hist_s1,6,6,0.9524997694317232,5.886919141290434,44.8633086585718,0.993396791118081,1.0,False
000_1025469,moz,80,moz,420,generation,ssim2,exact,hist_s4,6,6,0.0,5.886919141290434,45.122388659379915,1.0,1.0,False
000_1025469,moz,80,moz,420,generation,butteraugli,generic,exact,7,7,0.3429640286263448,0.6937451958656311,4.552793979644775,1.0,1.0,False
000_1025469,moz,80,moz,420,generation,butteraugli,generic,hint_s1,7,7,-2.5236065725101122,0.6953175663948059,4.284463405609131,0.930059722048783,1.0,False
000_1025469,moz,80,moz,420,generation,butteraugli,generic,hint_s4,7,7,-4.260732515594045,0.6937451958656311,4.445394992828369,0.9721695700588602,1.0,False
000_1025469,moz,80,moz,420,generation,butteraugli,generic,hist_s1,7,7,2.2888906589525164,0.6937451958656311,4.552212238311768,0.9998492526615748,1.0,False
000_1025469,moz,80,moz,420,generation,butteraugli,generic,hist_s4,7,7,0.3429640286263448,0.6937451958656311,4.552793979644775,1.0,1.0,False
000_1025469,moz,80,moz,420,generation,butteraugli,exact,hint_s1,7,7,-2.8395860213960002,0.6953175663948059,4.284463405609131,0.930059722048783,1.0,False
000_1025469,moz,80,moz,420,generation,butteraugli,exact,hint_s4,7,7,-4.580888884703628,0.6937451958656311,4.445394992828369,0.9721695700588602,1.0,False
000_1025469,moz,80,moz,420,generation,butteraugli,exact,hist_s1,7,7,1.9393176052668029,0.6937451958656311,4.552212238311768,0.9998492526615748,1.0,False
000_1025469,moz,80,moz,420,generation,butteraugli,exact,hist_s4,7,7,0.0,0.6937451958656311,4.552793979644775,1.0,1.0,False
000_1025469,moz,80,moz,420,cumulative,ssim2,generic,exact,6,6,0.42825997876976996,26.592900458292448,51.05948805585753,1.0,1.0,False
000_1025469,moz,80,moz,420,cumulative,ssim2,generic,hint_s1,6,6,1.6584808232415378,26.592900458292448,50.391932104116805,0.9727156086201756,0.9993294853859268,False
000_1025469,moz,80,moz,420,cumulative,ssim2,generic,hint_s4,6,6,0.5480493075844182,26.592900458292448,50.79356427477204,0.98913114548463,1.0,False
000_1025469,moz,80,moz,420,cumulative,ssim2,generic,hist_s1,6,6,0.9819661488561088,26.592900458292448,50.75978626573881,0.9877505684467194,1.0,False
000_1025469,moz,80,moz,420,cumulative,ssim2,generic,hist_s4,6,6,0.42825997876976996,26.592900458292448,51.05948805585753,1.0,1.0,False
000_1025469,moz,80,moz,420,cumulative,ssim2,exact,hint_s1,6,6,1.2301746824617337,26.592900458292448,50.391932104116805,0.9727156086201756,0.9993294853859268,False
000_1025469,moz,80,moz,420,cumulative,ssim2,exact,hint_s4,6,6,0.12132766471510435,26.592900458292448,50.79356427477204,0.98913114548463,1.0,False
000_1025469,moz,80,moz,420,cumulative,ssim2,exact,hist_s1,6,6,0.5536643563535566,26.592900458292448,50.75978626573881,0.9877505684467194,1.0,False
000_1025469,moz,80,moz,420,cumulative,ssim2,exact,hist_s4,6,6,0.0,26.592900458292448,51.05948805585753,1.0,1.0,False
000_1025469,moz,80,moz,420,cumulative,butteraugli,generic,exact,6,6,0.42912303893088855,4.026352405548096,4.940474033355713,1.0,1.0,False
000_1025469,moz,80,moz,420,cumulative,butteraugli,generic,hint_s1,6,6,20.222281738111338,4.026352405548096,4.940474033355713,1.0,0.95485482192341,False
000_1025469,moz,80,moz,420,cumulative,butteraugli,generic,hint_s4,6,5,8.421028083269013,4.026352405548096,4.912662982940674,0.9695762034623996,1.0,False
000_1025469,moz,80,moz,420,cumulative,butteraugli,generic,hist_s1,6,4,1.5760258748091838,4.026352405548096,4.940474033355713,1.0,0.9503444843343655,False
000_1025469,moz,80,moz,420,cumulative,butteraugli,generic,hist_s4,6,6,0.42912303893088855,4.026352405548096,4.940474033355713,1.0,1.0,False
000_1025469,moz,80,moz,420,cumulative,butteraugli,exact,hint_s1,6,6,19.7085846219206,4.026352405548096,4.940474033355713,1.0,0.95485482192341,False
000_1025469,moz,80,moz,420,cumulative,butteraugli,exact,hint_s4,6,5,7.963898786503994,4.026352405548096,4.912662982940674,0.9695762034623996,1.0,False
000_1025469,moz,80,moz,420,cumulative,butteraugli,exact,hist_s1,6,4,1.1420022411563862,4.026352405548096,4.940474033355713,1.0,0.9503444843343655,False
000_1025469,moz,80,moz,420,cumulative,butteraugli,exact,hist_s4,6,6,0.0,4.026352405548096,4.940474033355713,1.0,1.0,False
001_1044329,classic,80,classic,420,generation,ssim2,generic,exact,6,6,0.0,9.09057298871663,40.25242116803273,1.0,1.0,False
001_1044329,classic,80,classic,420,generation,ssim2,generic,hint_s1,6,6,-0.25135126577435835,9.178200067628993,39.404616403331055,0.9699815030793026,1.0,False
001_1044329,classic,80,classic,420,generation,ssim2,generic,hint_s4,6,6,-0.3376583072757179,9.09057298871663,40.01586045513217,0.9924086430451972,1.0,False
001_1044329,classic,80,classic,420,generation,ssim2,generic,hist_s1,6,6,0.05223761976714232,9.09057298871663,39.77841344641437,0.9847888443942491,1.0,False
001_1044329,classic,80,classic,420,generation,ssim2,generic,hist_s4,6,6,-0.28094641399478903,9.09057298871663,40.25242116803273,1.0,1.0,False
001_1044329,classic,80,classic,420,generation,ssim2,exact,hint_s1,6,6,-0.25135126577435835,9.178200067628993,39.404616403331055,0.9699815030793026,1.0,False
001_1044329,classic,80,classic,420,generation,ssim2,exact,hint_s4,6,6,-0.3376583072757179,9.09057298871663,40.01586045513217,0.9924086430451972,1.0,False
001_1044329,classic,80,classic,420,generation,ssim2,exact,hist_s1,6,6,0.05223761976714232,9.09057298871663,39.77841344641437,0.9847888443942491,1.0,False
001_1044329,classic,80,classic,420,generation,ssim2,exact,hist_s4,6,6,-0.28094641399478903,9.09057298871663,40.25242116803273,1.0,1.0,False
001_1044329,classic,80,classic,420,generation,butteraugli,generic,exact,6,6,0.0,1.3017698526382446,5.5116987228393555,1.0,1.0,False
001_1044329,classic,80,classic,420,generation,butteraugli,generic,hint_s1,6,6,0.3580176763520367,1.3187150955200195,5.354320526123047,0.9585923076202102,1.0,False
001_1044329,classic,80,classic,420,generation,butteraugli,generic,hint_s4,6,6,-0.35673300467846364,1.3017698526382446,5.494266033172607,0.9958591486449709,1.0,False
001_1044329,classic,80,classic,420,generation,butteraugli,generic,hist_s1,6,6,1.1429909463140453,1.3017698526382446,5.480531692504883,0.9925967798280203,1.0,False
001_1044329,classic,80,classic,420,generation,butteraugli,generic,hist_s4,6,6,0.09062470390920586,1.3017698526382446,5.5116987228393555,1.0,1.0,False
001_1044329,classic,80,classic,420,generation,butteraugli,exact,hint_s1,6,6,0.3580176763520367,1.3187150955200195,5.354320526123047,0.9585923076202102,1.0,False
001_1044329,classic,80,classic,420,generation,butteraugli,exact,hint_s4,6,6,-0.35673300467846364,1.3017698526382446,5.494266033172607,0.9958591486449709,1.0,False
001_1044329,classic,80,classic,420,generation,butteraugli,exact,hist_s1,6,6,1.1429909463140453,1.3017698526382446,5.480531692504883,0.9925967798280203,1.0,False
001_1044329,classic,80,classic,420,generation,butteraugli,exact,hist_s4,6,6,0.09062470390920586,1.3017698526382446,5.5116987228393555,1.0,1.0,False
001_1044329,classic,80,classic,420,cumulative,ssim2,generic,exact,5,5,0.0,31.305410055184893,45.4007783681955,1.0,1.0,False
001_1044329,classic,80,classic,420,cumulative,ssim2,generic,hint_s1,5,6,8.772989033153216,31.305410055184893,44.705941793666085,0.950704617353769,0.9956755720079389,False
001_1044329,classic,80,classic,420,cumulative,ssim2,generic,hint_s4,5,6,10.135910500803867,31.305410055184893,45.21033919213352,0.9864892373272571,0.9993742443045945,False
001_1044329,classic,80,classic,420,cumulative,ssim2,generic,hist_s1,5,5,10.012830814247122,31.322903842978747,45.01660363024101,0.9715035097467023,1.0,False
001_1044329,classic,80,classic,420,cumulative,ssim2,generic,hist_s4,5,6,10.155217745116383,31.305410055184893,45.4007783681955,1.0,1.0,False
001_1044329,classic,80,classic,420,cumulative,ssim2,exact,hint_s1,5,6,8.772989033153216,31.305410055184893,44.705941793666085,0.950704617353769,0.9956755720079389,False
001_1044329,classic,80,classic,420,cumulative,ssim2,exact,hint_s4,5,6,10.135910500803867,31.305410055184893,45.21033919213352,0.9864892373272571,0.9993742443045945,False
001_1044329,classic,80,classic,420,cumulative,ssim2,exact,hist_s1,5,5,10.012830814247122,31.322903842978747,45.01660363024101,0.9715035097467023,1.0,False
001_1044329,classic,80,classic,420,cumulative,ssim2,exact,hist_s4,5,6,10.155217745116383,31.305410055184893,45.4007783681955,1.0,1.0,False
001_1044329,classic,80,classic,420,cumulative,butteraugli,generic,exact,5,5,0.0,5.286475658416748,5.734698295593262,1.0,1.0,False
001_1044329,classic,80,classic,420,cumulative,butteraugli,generic,hint_s1,5,4,-5.477423777108639,5.295928001403809,5.734698295593262,0.9789115002164914,0.9821159453701688,False
001_1044329,classic,80,classic,420,cumulative,butteraugli,generic,hint_s4,5,5,1.145849781844383,5.286475658416748,5.734698295593262,1.0,0.9772079653607647,False
001_1044329,classic,80,classic,420,cumulative,butteraugli,generic,hist_s1,5,5,2.8968565689257852,5.286475658416748,5.728531360626221,0.9862413576300199,0.9708155701954181,False
001_1044329,classic,80,classic,420,cumulative,butteraugli,generic,hist_s4,5,5,-0.23916302850225743,5.286475658416748,5.734698295593262,1.0,1.0,False
001_1044329,classic,80,classic,420,cumulative,butteraugli,exact,hint_s1,5,4,-5.477423777108639,5.295928001403809,5.734698295593262,0.9789115002164914,0.9821159453701688,False
001_1044329,classic,80,classic,420,cumulative,butteraugli,exact,hint_s4,5,5,1.145849781844383,5.286475658416748,5.734698295593262,1.0,0.9772079653607647,False
001_1044329,classic,80,classic,420,cumulative,butteraugli,exact,hist_s1,5,5,2.8968565689257852,5.286475658416748,5.728531360626221,0.9862413576300199,0.9708155701954181,False
001_1044329,classic,80,classic,420,cumulative,butteraugli,exact,hist_s4,5,5,-0.23916302850225743,5.286475658416748,5.734698295593262,1.0,1.0,False
001_1044329,classic,80,jpegli,420,generation,ssim2,generic,exact,7,7,0.0,9.132780309116797,40.7136091807395,1.0,1.0,False
001_1044329,classic,80,jpegli,420,generation,ssim2,generic,hint_s1,7,7,-0.3399491056684032,9.132780309116797,39.01905002326587,0.946342156997776,0.9981353717472452,False
001_1044329,classic,80,jpegli,420,generation,ssim2,generic,hint_s4,7,7,0.0867731932872868,9.132780309116797,40.53606870811428,0.9943782199844426,0.9997409755698655,False
001_1044329,classic,80,jpegli,420,generation,ssim2,generic,hist_s1,7,7,-0.5685703201756646,9.136818702549007,39.761156295945156,0.9697129140557161,1.0,False
001_1044329,classic,80,jpegli,420,generation,ssim2,generic,hist_s4,7,7,-0.10273398730670386,9.132780309116797,40.5052890596966,0.9934035891872968,1.0,False
001_1044329,classic,80,jpegli,420,generation,ssim2,exact,hint_s1,7,7,-0.3399491056684032,9.132780309116797,39.01905002326587,0.946342156997776,0.9981353717472452,False
001_1044329,classic,80,jpegli,420,generation,ssim2,exact,hint_s4,7,7,0.0867731932872868,9.132780309116797,40.53606870811428,0.9943782199844426,0.9997409755698655,False
001_1044329,classic,80,jpegli,420,generation,ssim2,exact,hist_s1,7,7,-0.5685703201756646,9.136818702549007,39.761156295945156,0.9697129140557161,1.0,False
001_1044329,classic,80,jpegli,420,generation,ssim2,exact,hist_s4,7,7,-0.10273398730670386,9.132780309116797,40.5052890596966,0.9934035891872968,1.0,False
001_1044329,classic,80,jpegli,420,generation,butteraugli,generic,exact,7,7,0.0,1.3046399354934692,4.573359489440918,1.0,1.0,False
001_1044329,classic,80,jpegli,420,generation,butteraugli,generic,hint_s1,7,7,-1.1440192181998705,1.3046399354934692,4.212155342102051,0.8894967459344558,0.9982306887949395,False
001_1044329,classic,80,jpegli,420,generation,butteraugli,generic,hint_s4,7,7,-1.210057786541297,1.3053557872772217,4.485564231872559,0.9729217793416318,1.0,False
001_1044329,classic,80,jpegli,420,generation,butteraugli,generic,hist_s1,7,7,0.020481780404010046,1.3046653270721436,4.514608383178711,0.9820184947436373,1.0,False
001_1044329,classic,80,jpegli,420,generation,butteraugli,generic,hist_s4,7,7,-0.26646789970391244,1.3046399354934692,4.573359489440918,1.0,0.996146780265153,False
001_1044329,classic,80,jpegli,420,generation,butteraugli,exact,hint_s1,7,7,-1.1440192181998705,1.3046399354934692,4.212155342102051,0.8894967459344558,0.9982306887949395,False
001_1044329,classic,80,jpegli,420,generation,butteraugli,exact,hint_s4,7,7,-1.210057786541297,1.3053557872772217,4.485564231872559,0.9729217793416318,1.0,False
001_1044329,classic,80,jpegli,420,generation,butteraugli,exact,hist_s1,7,7,0.020481780404010046,1.3046653270721436,4.514608383178711,0.9820184947436373,1.0,False
001_1044329,classic,80,jpegli,420,generation,butteraugli,exact,hist_s4,7,7,-0.26646789970391244,1.3046399354934692,4.573359489440918,1.0,0.996146780265153,False
001_1044329,classic,80,jpegli,420,cumulative,ssim2,generic,exact,7,7,0.0,31.54393675185038,47.00292005468117,1.0,1.0,False
001_1044329,classic,80,jpegli,420,cumulative,ssim2,generic,hint_s1,7,7,-0.47463264544104317,31.54393675185038,45.80520433071777,0.9225229951736815,0.9976536464830246,False
001_1044329,classic,80,jpegli,420,cumulative,ssim2,generic,hint_s4,7,7,-0.2549133452785793,31.54393675185038,46.823869607047385,0.9884177087117367,0.9995740928283998,False
001_1044329,classic,80,jpegli,420,cumulative,ssim2,generic,hist_s1,7,7,-1.1031567035197363,31.545070535308128,46.31022458431622,0.9551180539993437,1.0,False
001_1044329,classic,80,jpegli,420,cumulative,ssim2,generic,hist_s4,7,7,-0.1624543006634484,31.54393675185038,46.836703150545425,0.9892478760808735,1.0,False
001_1044329,classic,80,jpegli,420,cumulative,ssim2,exact,hint_s1,7,7,-0.47463264544104317,31.54393675185038,45.80520433071777,0.9225229951736815,0.9976536464830246,False
001_1044329,classic,80,jpegli,420,cumulative,ssim2,exact,hint_s4,7,7,-0.2549133452785793,31.54393675185038,46.823869607047385,0.9884177087117367,0.9995740928283998,False
001_1044329,classic,80,jpegli,420,cumulative,ssim2,exact,hist_s1,7,7,-1.1031567035197363,31.545070535308128,46.31022458431622,0.9551180539993437,1.0,False
001_1044329,classic,80,jpegli,420,cumulative,ssim2,exact,hist_s4,7,7,-0.1624543006634484,31.54393675185038,46.836703150545425,0.9892478760808735,1.0,False
001_1044329,classic,80,jpegli,420,cumulative,butteraugli,generic,exact,4,4,0.0,5.320281982421875,5.842981815338135,1.0,1.0,False
001_1044329,classic,80,jpegli,420,cumulative,butteraugli,generic,hint_s1,4,4,-1.843052687682023,5.320281982421875,5.767712116241455,0.8559982338683119,0.8954059261196046,False
001_1044329,classic,80,jpegli,420,cumulative,butteraugli,generic,hint_s4,4,6,-1.041988654115294,5.320281982421875,5.799530506134033,0.9168713925893626,0.8877293612420794,False
001_1044329,classic,80,jpegli,420,cumulative,butteraugli,generic,hist_s1,4,4,7.428698899026305,5.320281982421875,5.736801624298096,0.79686201457606,0.9173892312668825,False
001_1044329,classic,80,jpegli,420,cumulative,butteraugli,generic,hist_s4,4,5,1.875969294217732,5.321357727050781,5.738320827484131,0.7977104146121854,1.0,False
001_1044329,classic,80,jpegli,420,cumulative,butteraugli,exact,hint_s1,4,4,-1.843052687682023,5.320281982421875,5.767712116241455,0.8559982338683119,0.8954059261196046,False
001_1044329,classic,80,jpegli,420,cumulative,butteraugli,exact,hint_s4,4,6,-1.041988654115294,5.320281982421875,5.799530506134033,0.9168713925893626,0.8877293612420794,False
001_1044329,classic,80,jpegli,420,cumulative,butteraugli,exact,hist_s1,4,4,7.428698899026305,5.320281982421875,5.736801624298096,0.79686201457606,0.9173892312668825,False
001_1044329,classic,80,jpegli,420,cumulative,butteraugli,exact,hist_s4,4,5,1.875969294217732,5.321357727050781,5.738320827484131,0.7977104146121854,1.0,False
001_1044329,classic,80,moz,420,generation,ssim2,generic,exact,7,7,0.11146175391113268,11.409939418172002,42.983136446705366,1.0,1.0,False
001_1044329,classic,80,moz,420,generation,ssim2,generic,hint_s1,7,7,0.6718987956908461,11.409939418172002,42.30237339432144,0.9784385771333608,0.9888828683606619,False
001_1044329,classic,80,moz,420,generation,ssim2,generic,hint_s4,7,7,0.05959945872003265,11.409939418172002,42.9182130379142,0.997943717618064,0.9911836486089597,False
001_1044329,classic,80,moz,420,generation,ssim2,generic,hist_s1,7,7,0.8240943306703292,11.409939418172002,42.47945083041435,0.9840470505462015,0.9986332534304126,False
001_1044329,classic,80,moz,420,generation,ssim2,generic,hist_s4,7,7,0.2662573751185486,11.409939418172002,42.958788946446845,0.9992288554042684,1.0,False
001_1044329,classic,80,moz,420,generation,ssim2,exact,hint_s1,7,7,0.5612976168270108,11.409939418172002,42.30237339432144,0.9784385771333608,0.9888828683606619,False
001_1044329,classic,80,moz,420,generation,ssim2,exact,hint_s4,7,7,-0.05166289521274915,11.409939418172002,42.9182130379142,0.997943717618064,0.9911836486089597,False
001_1044329,classic,80,moz,420,generation,ssim2,exact,hist_s1,7,7,0.7129413462887018,11.409939418172002,42.47945083041435,0.9840470505462015,0.9986332534304126,False
001_1044329,classic,80,moz,420,generation,ssim2,exact,hist_s4,7,7,0.15467653219092442,11.409939418172002,42.958788946446845,0.9992288554042684,1.0,False
001_1044329,classic,80,moz,420,generation,butteraugli,generic,exact,6,6,0.11748625018584351,1.428613305091858,5.989402770996094,1.0,1.0,False
001_1044329,classic,80,moz,420,generation,butteraugli,generic,hint_s1,6,6,5.084424280558773,1.4534562826156616,5.325576305389404,0.8490021413444141,1.0,False
001_1044329,classic,80,moz,420,generation,butteraugli,generic,hint_s4,6,6,1.4102718775286567,1.428613305091858,5.555531024932861,0.9048691571258022,0.9979968911958922,False
001_1044329,classic,80,moz,420,generation,butteraugli,generic,hist_s1,6,6,5.058916388023579,1.428613305091858,5.408387184143066,0.872606356597556,0.9999767863558167,False
001_1044329,classic,80,moz,420,generation,butteraugli,generic,hist_s4,6,6,0.4835807983596387,1.428613305091858,5.498241901397705,0.892307927548458,1.0,False
001_1044329,classic,80,moz,420,generation,butteraugli,exact,hint_s1,6,6,4.970579985674979,1.4534562826156616,5.325576305389404,0.8490021413444141,1.0,False
001_1044329,classic,80,moz,420,generation,butteraugli,exact,hint_s4,6,6,1.2974001079600805,1.428613305091858,5.555531024932861,0.9048691571258022,0.9979968911958922,False
001_1044329,classic,80,moz,420,generation,butteraugli,exact,hist_s1,6,6,4.944173025245354,1.428613305091858,5.408387184143066,0.872606356597556,0.9999767863558167,False
001_1044329,classic,80,moz,420,generation,butteraugli,exact,hist_s4,6,6,0.37255349670512194,1.428613305091858,5.498241901397705,0.892307927548458,1.0,False
001_1044329,classic,80,moz,420,cumulative,ssim2,generic,exact,7,7,0.12525084737028158,31.600241274555657,48.616430170332016,1.0,1.0,False
001_1044329,classic,80,moz,420,cumulative,ssim2,generic,hint_s1,7,7,0.35202567559379006,31.600241274555657,47.953842002284134,0.9610613062592208,0.9965708746094447,False
001_1044329,classic,80,moz,420,cumulative,ssim2,generic,hint_s4,7,7,0.13094185469345115,31.600241274555657,48.492006108558144,0.9926879007669716,0.9996950707958902,False
001_1044329,classic,80,moz,420,cumulative,ssim2,generic,hist_s1,7,7,0.33760340162573305,31.659573428336103,48.21618275699745,0.9729916275653776,1.0,False
001_1044329,classic,80,moz,420,cumulative,ssim2,generic,hist_s4,7,7,0.07114753820143971,31.600241274555657,48.540556442445684,0.995541085706614,1.0,False
001_1044329,classic,80,moz,420,cumulative,ssim2,exact,hint_s1,7,7,0.2286485978316664,31.600241274555657,47.953842002284134,0.9610613062592208,0.9965708746094447,False
001_1044329,classic,80,moz,420,cumulative,ssim2,exact,hint_s4,7,7,0.006087648461498042,31.600241274555657,48.492006108558144,0.9926879007669716,0.9996950707958902,False
001_1044329,classic,80,moz,420,cumulative,ssim2,exact,hist_s1,7,7,0.21316547165650315,31.659573428336103,48.21618275699745,0.9729916275653776,1.0,False
001_1044329,classic,80,moz,420,cumulative,ssim2,exact,hist_s4,7,7,-0.0537895890195089,31.600241274555657,48.540556442445684,0.995541085706614,1.0,False
001_1044329,classic,80,moz,420,cumulative,butteraugli,generic,exact,7,7,0.1284804066428238,5.353193283081055,6.293762683868408,1.0,1.0,False
001_1044329,classic,80,moz,420,cumulative,butteraugli,generic,hint_s1,7,6,3.148255210619804,5.384667873382568,6.289759159088135,0.9622801729972416,1.0,False
001_1044329,classic,80,moz,420,cumulative,butteraugli,generic,hint_s4,7,6,-4.591128672519152,5.3545122146606445,6.169667720794678,0.8666617321929292,1.0,False
001_1044329,classic,80,moz,420,cumulative,butteraugli,generic,hist_s1,7,6,1.5864255615637541,5.370970249176025,6.22831916809082,0.9115211681318843,1.0,False
001_1044329,classic,80,moz,420,cumulative,butteraugli,generic,hist_s4,7,7,0.11168635633320473,5.353193283081055,6.21760892868042,0.9190344113637551,1.0,False
001_1044329,classic,80,moz,420,cumulative,butteraugli,exact,hint_s1,7,6,3.0138793684832503,5.384667873382568,6.289759159088135,0.9622801729972416,1.0,False
001_1044329,classic,80,moz,420,cumulative,butteraugli,exact,hint_s4,7,6,-4.706893376003954,5.3545122146606445,6.169667720794678,0.8666617321929292,1.0,False
001_1044329,classic,80,moz,420,cumulative,butteraugli,exact,hist_s1,7,6,1.4585164618793491,5.370970249176025,6.22831916809082,0.9115211681318843,1.0,False
001_1044329,classic,80,moz,420,cumulative,butteraugli,exact,hist_s4,7,7,-0.012483619254417903,5.353193283081055,6.21760892868042,0.9190344113637551,1.0,False
001_1044329,jpegli,80,classic,420,generation,ssim2,generic,exact,7,7,0.0,9.300689673077343,37.730902232673145,1.0,1.0,False
001_1044329,jpegli,80,classic,420,generation,ssim2,generic,hint_s1,7,7,-0.7281114112169484,9.300689673077343,36.680386328216315,0.9630493123378967,0.9933586283788194,False
001_1044329,jpegli,80,classic,420,generation,ssim2,generic,hint_s4,7,7,-0.41743920975735405,9.300689673077343,37.36557239626248,0.987149943545274,0.9949333438135698,False
001_1044329,jpegli,80,classic,420,generation,ssim2,generic,hist_s1,7,7,-0.42407879825467404,9.300689673077343,37.178427624739186,0.9805673416343317,0.9933134519146741,False
001_1044329,jpegli,80,classic,420,generation,ssim2,generic,hist_s4,7,7,-0.07449885463174102,9.300689673077343,37.56904647622393,0.9943069100834216,1.0,False
001_1044329,jpegli,80,classic,420,generation,ssim2,exact,hint_s1,7,7,-0.7281114112169484,9.300689673077343,36.680386328216315,0.9630493123378967,0.9933586283788194,False
001_1044329,jpegli,80,classic,420,generation,ssim2,exact,hint_s4,7,7,-0.41743920975735405,9.300689673077343,37.36557239626248,0.987149943545274,0.9949333438135698,False
001_1044329,jpegli,80,classic,420,generation,ssim2,exact,hist_s1,7,7,-0.42407879825467404,9.300689673077343,37.178427624739186,0.9805673416343317,0.9933134519146741,False
001_1044329,jpegli,80,classic,420,generation,ssim2,exact,hist_s4,7,7,-0.07449885463174102,9.300689673077343,37.56904647622393,0.9943069100834216,1.0,False
001_1044329,jpegli,80,classic,420,generation,butteraugli,generic,exact,7,7,0.0,1.258768916130066,4.729644775390625,1.0,1.0,False
001_1044329,jpegli,80,classic,420,generation,butteraugli,generic,hint_s1,7,7,-3.098936914558048,1.258768916130066,4.508081912994385,0.9361651435025848,0.9934839595892796,False
001_1044329,jpegli,80,classic,420,generation,butteraugli,generic,hint_s4,7,6,-1.3138520037638353,1.258768916130066,4.546220779418945,0.9471533977562779,0.9991109238439609,False
001_1044329,jpegli,80,classic,420,generation,butteraugli,generic,hist_s1,7,7,-2.807575055552185,1.258768916130066,4.615536689758301,0.9671241236335563,0.9902536085291211,False
001_1044329,jpegli,80,classic,420,generation,butteraugli,generic,hist_s4,7,7,0.24721152951533887,1.258768916130066,4.6696391105651855,0.9827116649345612,1.0,False
001_1044329,jpegli,80,classic,420,generation,butteraugli,exact,hint_s1,7,7,-3.098936914558048,1.258768916130066,4.508081912994385,0.9361651435025848,0.9934839595892796,False
001_1044329,jpegli,80,classic,420,generation,butteraugli,exact,hint_s4,7,6,-1.3138520037638353,1.258768916130066,4.546220779418945,0.9471533977562779,0.9991109238439609,False
001_1044329,jpegli,80,classic,420,generation,butteraugli,exact,hist_s1,7,7,-2.807575055552185,1.258768916130066,4.615536689758301,0.9671241236335563,0.9902536085291211,False
001_1044329,jpegli,80,classic,420,generation,butteraugli,exact,hist_s4,7,7,0.24721152951533887,1.258768916130066,4.6696391105651855,0.9827116649345612,1.0,False
001_1044329,jpegli,80,classic,420,cumulative,ssim2,generic,exact,7,7,0.0,31.43899721958195,46.79767533000163,1.0,1.0,False
001_1044329,jpegli,80,classic,420,cumulative,ssim2,generic,hint_s1,7,7,-0.4574406381579617,31.43899721958195,45.87480931302747,0.9399124058503402,0.9983930840113794,False
001_1044329,jpegli,80,classic,420,cumulative,ssim2,generic,hint_s4,7,7,-0.5804215998209463,31.43899721958195,46.493085867385425,0.9801682501302267,0.9984986817753616,False
001_1044329,jpegli,80,classic,420,cumulative,ssim2,generic,hist_s1,7,7,-0.1394813091398008,31.43899721958195,46.221837263293395,0.9625073158921421,0.9991197452204853,False
001_1044329,jpegli,80,classic,420,cumulative,ssim2,generic,hist_s4,7,7,-0.1335918349691685,31.43899721958195,46.626535412284184,0.9888571193115023,1.0,False
001_1044329,jpegli,80,classic,420,cumulative,ssim2,exact,hint_s1,7,7,-0.4574406381579617,31.43899721958195,45.87480931302747,0.9399124058503402,0.9983930840113794,False
001_1044329,jpegli,80,classic,420,cumulative,ssim2,exact,hint_s4,7,7,-0.5804215998209463,31.43899721958195,46.493085867385425,0.9801682501302267,0.9984986817753616,False
001_1044329,jpegli,80,classic,420,cumulative,ssim2,exact,hist_s1,7,7,-0.1394813091398008,31.43899721958195,46.221837263293395,0.9625073158921421,0.9991197452204853,False
001_1044329,jpegli,80,classic,420,cumulative,ssim2,exact,hist_s4,7,7,-0.1335918349691685,31.43899721958195,46.626535412284184,0.9888571193115023,1.0,False
001_1044329,jpegli,80,classic,420,cumulative,butteraugli,generic,exact,2,2,0.0,5.444203853607178,5.8770432472229,1.0,1.0,True
001_1044329,jpegli,80,classic,420,cumulative,butteraugli,generic,hint_s1,2,2,-6.509582537092758,5.559849739074707,5.685113430023193,0.2893999316977515,1.0,True
001_1044329,jpegli,80,classic,420,cumulative,butteraugli,generic,hint_s4,2,4,12.066381565803544,5.444203853607178,5.8770432472229,1.0,0.6966103815076278,True
001_1044329,jpegli,80,classic,420,cumulative,butteraugli,generic,hist_s1,2,3,4.24584570967583,5.444203853607178,5.8770432472229,1.0,0.8889535236729793,True
001_1044329,jpegli,80,classic,420,cumulative,butteraugli,generic,hist_s4,2,2,2.222754672611379,5.4460625648498535,5.8770432472229,0.9957057715399954,0.8974448847551972,True
001_1044329,jpegli,80,classic,420,cumulative,butteraugli,exact,hint_s1,2,2,-6.509582537092758,5.559849739074707,5.685113430023193,0.2893999316977515,1.0,True
001_1044329,jpegli,80,classic,420,cumulative,butteraugli,exact,hint_s4,2,4,12.066381565803544,5.444203853607178,5.8770432472229,1.0,0.6966103815076278,True
001_1044329,jpegli,80,classic,420,cumulative,butteraugli,exact,hist_s1,2,3,4.24584570967583,5.444203853607178,5.8770432472229,1.0,0.8889535236729793,True
001_1044329,jpegli,80,classic,420,cumulative,butteraugli,exact,hist_s4,2,2,2.222754672611379,5.4460625648498535,5.8770432472229,0.9957057715399954,0.8974448847551972,True
001_1044329,jpegli,80,jpegli,420,generation,ssim2,generic,exact,7,7,0.0,8.975140940070375,36.12863437959166,1.0,1.0,False
001_1044329,jpegli,80,jpegli,420,generation,ssim2,generic,hint_s1,7,7,-0.20018314075888385,8.975140940070375,34.57368402281277,0.9427347954235717,0.9984665533089723,False
001_1044329,jpegli,80,jpegli,420,generation,ssim2,generic,hint_s4,7,7,0.13619361766986277,8.994896334994237,35.66337739125693,0.9821381221411214,1.0,False
001_1044329,jpegli,80,jpegli,420,generation,ssim2,generic,hist_s1,7,7,0.08593135556013844,8.975140940070375,35.29082158128645,0.9691453035252624,1.0,False
001_1044329,jpegli,80,jpegli,420,generation,ssim2,generic,hist_s4,7,7,0.027979894690424258,8.975140940070375,36.084994281432465,0.9983928366986593,1.0,False
001_1044329,jpegli,80,jpegli,420,generation,ssim2,exact,hint_s1,7,7,-0.20018314075888385,8.975140940070375,34.57368402281277,0.9427347954235717,0.9984665533089723,False
001_1044329,jpegli,80,jpegli,420,generation,ssim2,exact,hint_s4,7,7,0.13619361766986277,8.994896334994237,35.66337739125693,0.9821381221411214,1.0,False
001_1044329,jpegli,80,jpegli,420,generation,ssim2,exact,hist_s1,7,7,0.08593135556013844,8.975140940070375,35.29082158128645,0.9691453035252624,1.0,False
001_1044329,jpegli,80,jpegli,420,generation,ssim2,exact,hist_s4,7,7,0.027979894690424258,8.975140940070375,36.084994281432465,0.9983928366986593,1.0,False
001_1044329,jpegli,80,jpegli,420,generation,butteraugli,generic,exact,6,6,0.0,1.2379833459854126,4.159480571746826,1.0,1.0,False
001_1044329,jpegli,80,jpegli,420,generation,butteraugli,generic,hint_s1,6,6,-0.7438666605733119,1.2379833459854126,3.754760265350342,0.8614681873295278,0.9890117586137775,False
001_1044329,jpegli,80,jpegli,420,generation,butteraugli,generic,hint_s4,6,6,-0.04618824333875981,1.2383975982666016,4.041914939880371,0.9596166365973886,1.0,False
001_1044329,jpegli,80,jpegli,420,generation,butteraugli,generic,hist_s1,6,7,6.033882923952911,1.2379833459854126,3.827515125274658,0.8863714661287588,1.0,False
001_1044329,jpegli,80,jpegli,420,generation,butteraugli,generic,hist_s4,6,6,-0.4921805797988135,1.2379833459854126,4.100122928619385,0.9796824578151118,1.0,False
001_1044329,jpegli,80,jpegli,420,generation,butteraugli,exact,hint_s1,6,6,-0.7438666605733119,1.2379833459854126,3.754760265350342,0.8614681873295278,0.9890117586137775,False
001_1044329,jpegli,80,jpegli,420,generation,butteraugli,exact,hint_s4,6,6,-0.04618824333875981,1.2383975982666016,4.041914939880371,0.9596166365973886,1.0,False
001_1044329,jpegli,80,jpegli,420,generation,butteraugli,exact,hist_s1,6,7,6.033882923952911,1.2379833459854126,3.827515125274658,0.8863714661287588,1.0,False
001_1044329,jpegli,80,jpegli,420,generation,butteraugli,exact,hist_s4,6,6,-0.4921805797988135,1.2379833459854126,4.100122928619385,0.9796824578151118,1.0,False
001_1044329,jpegli,80,jpegli,420,cumulative,ssim2,generic,exact,6,6,0.0,31.464252352481893,45.91727038010443,1.0,1.0,False
001_1044329,jpegli,80,jpegli,420,cumulative,ssim2,generic,hint_s1,6,7,0.2458338277313325,31.464252352481893,44.848040775180145,0.9260203230300563,0.9979985323355546,False
001_1044329,jpegli,80,jpegli,420,cumulative,ssim2,generic,hint_s4,6,6,0.07770602179022144,31.464252352481893,45.493721590656236,0.970694785778395,0.9983057833120426,False
001_1044329,jpegli,80,jpegli,420,cumulative,ssim2,generic,hist_s1,6,6,-0.04068435169686343,31.464252352481893,45.27935273510097,0.9558626686976881,1.0,False
001_1044329,jpegli,80,jpegli,420,cumulative,ssim2,generic,hist_s4,6,6,0.03935336250985297,31.464252352481893,45.87517047151741,0.9970871199007318,1.0,False
001_1044329,jpegli,80,jpegli,420,cumulative,ssim2,exact,hint_s1,6,7,0.2458338277313325,31.464252352481893,44.848040775180145,0.9260203230300563,0.9979985323355546,False
001_1044329,jpegli,80,jpegli,420,cumulative,ssim2,exact,hint_s4,6,6,0.07770602179022144,31.464252352481893,45.493721590656236,0.970694785778395,0.9983057833120426,False
001_1044329,jpegli,80,jpegli,420,cumulative,ssim2,exact,hist_s1,6,6,-0.04068435169686343,31.464252352481893,45.27935273510097,0.9558626686976881,1.0,False
001_1044329,jpegli,80,jpegli,420,cumulative,ssim2,exact,hist_s4,6,6,0.03935336250985297,31.464252352481893,45.87517047151741,0.9970871199007318,1.0,False
001_1044329,jpegli,80,jpegli,420,cumulative,butteraugli,generic,exact,6,6,0.0,5.59604549407959,6.049954414367676,1.0,1.0,False
001_1044329,jpegli,80,jpegli,420,cumulative,butteraugli,generic,hint_s1,6,5,-3.750273306232116,5.59604549407959,6.049954414367676,1.0,0.8603381644258543,False
001_1044329,jpegli,80,jpegli,420,cumulative,butteraugli,generic,hint_s4,6,5,-2.5345258601323484,5.59604549407959,5.872396469116211,0.608824728232323,0.9751776033060633,False
001_1044329,jpegli,80,jpegli,420,cumulative,butteraugli,generic,hist_s1,6,5,-3.069899601366955,5.59604549407959,5.985429286956787,0.8578456502464503,0.9881974950081684,False
001_1044329,jpegli,80,jpegli,420,cumulative,butteraugli,generic,hist_s4,6,6,0.06861616416376923,5.59604549407959,6.031494617462158,0.9593314956361696,1.0,False
001_1044329,jpegli,80,jpegli,420,cumulative,butteraugli,exact,hint_s1,6,5,-3.750273306232116,5.59604549407959,6.049954414367676,1.0,0.8603381644258543,False
001_1044329,jpegli,80,jpegli,420,cumulative,butteraugli,exact,hint_s4,6,5,-2.5345258601323484,5.59604549407959,5.872396469116211,0.608824728232323,0.9751776033060633,False
001_1044329,jpegli,80,jpegli,420,cumulative,butteraugli,exact,hist_s1,6,5,-3.069899601366955,5.59604549407959,5.985429286956787,0.8578456502464503,0.9881974950081684,False
001_1044329,jpegli,80,jpegli,420,cumulative,butteraugli,exact,hist_s4,6,6,0.06861616416376923,5.59604549407959,6.031494617462158,0.9593314956361696,1.0,False
001_1044329,jpegli,80,moz,420,generation,ssim2,generic,exact,7,7,0.12044083074259614,11.175399724586697,40.249900675536026,1.0,1.0,False
001_1044329,jpegli,80,moz,420,generation,ssim2,generic,hint_s1,7,7,-0.21907096593883718,11.175399724586697,38.88443091586774,0.9530354876263594,0.997147757188444,False
001_1044329,jpegli,80,moz,420,generation,ssim2,generic,hint_s4,7,7,-0.3014955457275226,11.175399724586697,39.87449742214778,0.9870882305418905,0.9964317132790342,False
001_1044329,jpegli,80,moz,420,generation,ssim2,generic,hist_s1,7,7,-0.07591688669384623,11.175399724586697,39.451850035173955,0.9725515274807833,0.9990298681981553,False
001_1044329,jpegli,80,moz,420,generation,ssim2,generic,hist_s4,7,7,0.00015162576330020084,11.175399724586697,40.013588732708605,0.9918721926396572,1.0,False
001_1044329,jpegli,80,moz,420,generation,ssim2,exact,hint_s1,7,7,-0.33618222540553455,11.175399724586697,38.88443091586774,0.9530354876263594,0.997147757188444,False
001_1044329,jpegli,80,moz,420,generation,ssim2,exact,hint_s4,7,7,-0.4206203478477677,11.175399724586697,39.87449742214778,0.9870882305418905,0.9964317132790342,False
001_1044329,jpegli,80,moz,420,generation,ssim2,exact,hist_s1,7,7,-0.19440432669365704,11.175399724586697,39.451850035173955,0.9725515274807833,0.9990298681981553,False
001_1044329,jpegli,80,moz,420,generation,ssim2,exact,hist_s4,7,7,-0.11963353551521934,11.175399724586697,40.013588732708605,0.9918721926396572,1.0,False
001_1044329,jpegli,80,moz,420,generation,butteraugli,generic,exact,7,7,0.12526586390617908,1.3257192373275757,5.908776760101318,1.0,1.0,False
001_1044329,jpegli,80,moz,420,generation,butteraugli,generic,hint_s1,7,7,1.9452132795638912,1.3257192373275757,5.908776760101318,1.0,0.8817019185616048,False
001_1044329,jpegli,80,moz,420,generation,butteraugli,generic,hint_s4,7,6,0.5081668149612539,1.3257192373275757,5.908776760101318,1.0,0.973662826876775,False
001_1044329,jpegli,80,moz,420,generation,butteraugli,generic,hist_s1,7,7,1.5739873855749562,1.3257192373275757,5.908776760101318,1.0,0.9491003345571463,False
001_1044329,jpegli,80,moz,420,generation,butteraugli,generic,hist_s4,7,6,-1.5586042535372888,1.3257192373275757,5.908776760101318,1.0,0.9987425532637307,False
001_1044329,jpegli,80,moz,420,generation,butteraugli,exact,hint_s1,7,7,1.817670495009171,1.3257192373275757,5.908776760101318,1.0,0.8817019185616048,False
001_1044329,jpegli,80,moz,420,generation,butteraugli,exact,hint_s4,7,6,0.38242190694956796,1.3257192373275757,5.908776760101318,1.0,0.973662826876775,False
001_1044329,jpegli,80,moz,420,generation,butteraugli,exact,hist_s1,7,7,1.4469090385616865,1.3257192373275757,5.908776760101318,1.0,0.9491003345571463,False
001_1044329,jpegli,80,moz,420,generation,butteraugli,exact,hist_s4,7,6,-1.6817634419390648,1.3257192373275757,5.908776760101318,1.0,0.9987425532637307,False
001_1044329,jpegli,80,moz,420,cumulative,ssim2,generic,exact,7,7,0.1299774461302855,31.67467339628844,49.28941124428156,1.0,1.0,False
001_1044329,jpegli,80,moz,420,cumulative,ssim2,generic,hint_s1,7,7,-0.0627569370990614,31.67467339628844,48.2062483708144,0.9385081468248722,0.9983580342234295,False
001_1044329,jpegli,80,moz,420,cumulative,ssim2,generic,hint_s4,7,7,-0.31756090545920157,31.67749985316543,48.95249882739448,0.9807128055668012,1.0,False
001_1044329,jpegli,80,moz,420,cumulative,ssim2,generic,hist_s1,7,7,-0.15564173264835787,31.67467339628844,48.66785461348016,0.9647138301934924,0.9980812539214149,False
001_1044329,jpegli,80,moz,420,cumulative,ssim2,generic,hist_s4,7,7,-0.02094750653335312,31.67467339628844,49.0695819427536,0.9875201491259772,1.0,False
001_1044329,jpegli,80,moz,420,cumulative,ssim2,exact,hint_s1,7,7,-0.18920277174479805,31.67467339628844,48.2062483708144,0.9385081468248722,0.9983580342234295,False
001_1044329,jpegli,80,moz,420,cumulative,ssim2,exact,hint_s4,7,7,-0.4459487488939674,31.67749985316543,48.95249882739448,0.9807128055668012,1.0,False
001_1044329,jpegli,80,moz,420,cumulative,ssim2,exact,hist_s1,7,7,-0.28336628980805,31.67467339628844,48.66785461348016,0.9647138301934924,0.9980812539214149,False
001_1044329,jpegli,80,moz,420,cumulative,ssim2,exact,hist_s4,7,7,-0.15006221889434818,31.67467339628844,49.0695819427536,0.9875201491259772,1.0,False
001_1044329,jpegli,80,moz,420,cumulative,butteraugli,generic,exact,5,5,0.15230767463642653,5.6362624168396,6.341969966888428,1.0,1.0,False
001_1044329,jpegli,80,moz,420,cumulative,butteraugli,generic,hint_s1,5,7,5.6123803638906455,5.6362624168396,6.260915279388428,0.8851440834175689,0.9422647147042386,False
001_1044329,jpegli,80,moz,420,cumulative,butteraugli,generic,hint_s4,5,5,3.659834580805057,5.6362624168396,6.341969966888428,1.0,0.8827298266123501,False
001_1044329,jpegli,80,moz,420,cumulative,butteraugli,generic,hist_s1,5,6,10.333833832785464,5.6362624168396,6.233462810516357,0.8462434525965286,0.9793406524662975,False
001_1044329,jpegli,80,moz,420,cumulative,butteraugli,generic,hist_s4,5,5,1.4440444096611864,5.6362624168396,6.341969966888428,1.0,0.8998690912451655,False
001_1044329,jpegli,80,moz,420,cumulative,butteraugli,exact,hint_s1,5,7,5.455703863946264,5.6362624168396,6.260915279388428,0.8851440834175689,0.9422647147042386,False
001_1044329,jpegli,80,moz,420,cumulative,butteraugli,exact,hint_s4,5,5,3.5021927977570826,5.6362624168396,6.341969966888428,1.0,0.8827298266123501,False
001_1044329,jpegli,80,moz,420,cumulative,butteraugli,exact,hist_s1,5,6,10.1716307537317,5.6362624168396,6.233462810516357,0.8462434525965286,0.9793406524662975,False
001_1044329,jpegli,80,moz,420,cumulative,butteraugli,exact,hist_s4,5,5,1.2897723128070189,5.6362624168396,6.341969966888428,1.0,0.8998690912451655,False
001_1044329,moz,80,classic,420,generation,ssim2,generic,exact,7,7,0.0,8.75315039187781,36.963445012606854,1.0,1.0,False
001_1044329,moz,80,classic,420,generation,ssim2,generic,hint_s1,7,7,-1.5089224700497,8.75315039187781,35.99840189265831,0.965791100982,0.9961157717498351,False
001_1044329,moz,80,classic,420,generation,ssim2,generic,hint_s4,7,7,-0.6578889613700669,8.75315039187781,36.65311241541258,0.988999313854516,0.9944893702789414,False
001_1044329,moz,80,classic,420,generation,ssim2,generic,hist_s1,7,7,-0.9252991758900476,8.75315039187781,36.272713097440175,0.9755148989241988,0.9957850802225529,False
001_1044329,moz,80,classic,420,generation,ssim2,generic,hist_s4,7,7,-0.10215329024174234,8.75315039187781,36.60248858641999,0.9872047977151704,1.0,False
001_1044329,moz,80,classic,420,generation,ssim2,exact,hint_s1,7,7,-1.5089224700497,8.75315039187781,35.99840189265831,0.965791100982,0.9961157717498351,False
001_1044329,moz,80,classic,420,generation,ssim2,exact,hint_s4,7,7,-0.6578889613700669,8.75315039187781,36.65311241541258,0.988999313854516,0.9944893702789414,False
001_1044329,moz,80,classic,420,generation,ssim2,exact,hist_s1,7,7,-0.9252991758900476,8.75315039187781,36.272713097440175,0.9755148989241988,0.9957850802225529,False
001_1044329,moz,80,classic,420,generation,ssim2,exact,hist_s4,7,7,-0.10215329024174234,8.75315039187781,36.60248858641999,0.9872047977151704,1.0,False
001_1044329,moz,80,classic,420,generation,butteraugli,generic,exact,7,7,0.0,1.2391194105148315,4.581172466278076,1.0,1.0,False
001_1044329,moz,80,classic,420,generation,butteraugli,generic,hint_s1,7,7,-2.8535677778739785,1.2391194105148315,4.477442741394043,0.9689622746397891,0.9939439542724,False
001_1044329,moz,80,classic,420,generation,butteraugli,generic,hint_s4,7,7,-2.917755326642737,1.2391194105148315,4.3757643699646,0.938538349665258,0.997320449070206,False
001_1044329,moz,80,classic,420,generation,butteraugli,generic,hist_s1,7,7,-3.003017991784249,1.2391194105148315,4.375855445861816,0.9385656011468165,0.9895610916170423,False
001_1044329,moz,80,classic,420,generation,butteraugli,generic,hist_s4,7,7,-0.8694536385824283,1.2391194105148315,4.474665641784668,0.9681313184691245,1.0,False
001_1044329,moz,80,classic,420,generation,butteraugli,exact,hint_s1,7,7,-2.8535677778739785,1.2391194105148315,4.477442741394043,0.9689622746397891,0.9939439542724,False
001_1044329,moz,80,classic,420,generation,butteraugli,exact,hint_s4,7,7,-2.917755326642737,1.2391194105148315,4.3757643699646,0.938538349665258,0.997320449070206,False
001_1044329,moz,80,classic,420,generation,butteraugli,exact,hist_s1,7,7,-3.003017991784249,1.2391194105148315,4.375855445861816,0.9385656011468165,0.9895610916170423,False
001_1044329,moz,80,classic,420,generation,butteraugli,exact,hist_s4,7,7,-0.8694536385824283,1.2391194105148315,4.474665641784668,0.9681313184691245,1.0,False
001_1044329,moz,80,classic,420,cumulative,ssim2,generic,exact,7,7,0.0,33.099701792201756,46.8251966391865,1.0,1.0,False
001_1044329,moz,80,classic,420,cumulative,ssim2,generic,hint_s1,7,7,-0.5701674333235294,33.11327452968999,46.106818799257745,0.9466721902869837,1.0,False
001_1044329,moz,80,classic,420,cumulative,ssim2,generic,hint_s4,7,7,-0.35605065430175914,33.099701792201756,46.275936965649,0.9599825230594027,0.9987949696678003,False
001_1044329,moz,80,classic,420,cumulative,ssim2,generic,hist_s1,7,7,-0.3227918213230532,33.099701792201756,45.968683715846275,0.9375969367305991,0.9975191163781006,False
001_1044329,moz,80,classic,420,cumulative,ssim2,generic,hist_s4,7,7,-0.16075926439594077,33.099701792201756,46.34437401070409,0.9649686489381443,1.0,False
001_1044329,moz,80,classic,420,cumulative,ssim2,exact,hint_s1,7,7,-0.5701674333235294,33.11327452968999,46.106818799257745,0.9466721902869837,1.0,False
001_1044329,moz,80,classic,420,cumulative,ssim2,exact,hint_s4,7,7,-0.35605065430175914,33.099701792201756,46.275936965649,0.9599825230594027,0.9987949696678003,False
001_1044329,moz,80,classic,420,cumulative,ssim2,exact,hist_s1,7,7,-0.3227918213230532,33.099701792201756,45.968683715846275,0.9375969367305991,0.9975191163781006,False
001_1044329,moz,80,classic,420,cumulative,ssim2,exact,hist_s4,7,7,-0.16075926439594077,33.099701792201756,46.34437401070409,0.9649686489381443,1.0,False
001_1044329,moz,80,classic,420,cumulative,butteraugli,generic,exact,3,3,0.0,5.478425025939941,5.83912992477417,1.0,1.0,True
001_1044329,moz,80,classic,420,cumulative,butteraugli,generic,hint_s1,3,6,5.341560821941973,5.478425025939941,5.83912992477417,1.0,0.21226493319763248,True
001_1044329,moz,80,classic,420,cumulative,butteraugli,generic,hint_s4,3,4,2.263628717843678,5.478425025939941,5.80989933013916,0.9189625793010273,0.8278417941303965,True
001_1044329,moz,80,classic,420,cumulative,butteraugli,generic,hist_s1,3,5,7.70739732805838,5.478425025939941,5.83912992477417,1.0,0.5204329941307472,True
001_1044329,moz,80,classic,420,cumulative,butteraugli,generic,hist_s4,3,3,-1.3273719452249062,5.478425025939941,5.7982707023620605,0.886723960378239,0.936873656525984,True
001_1044329,moz,80,classic,420,cumulative,butteraugli,exact,hint_s1,3,6,5.341560821941973,5.478425025939941,5.83912992477417,1.0,0.21226493319763248,True
001_1044329,moz,80,classic,420,cumulative,butteraugli,exact,hint_s4,3,4,2.263628717843678,5.478425025939941,5.80989933013916,0.9189625793010273,0.8278417941303965,True
001_1044329,moz,80,classic,420,cumulative,butteraugli,exact,hist_s1,3,5,7.70739732805838,5.478425025939941,5.83912992477417,1.0,0.5204329941307472,True
001_1044329,moz,80,classic,420,cumulative,butteraugli,exact,hist_s4,3,3,-1.3273719452249062,5.478425025939941,5.7982707023620605,0.886723960378239,0.936873656525984,True
001_1044329,moz,80,jpegli,420,generation,ssim2,generic,exact,7,7,0.0,8.945458614921009,36.46500934664899,1.0,1.0,False
001_1044329,moz,80,jpegli,420,generation,ssim2,generic,hint_s1,7,7,-0.4218974905092862,8.997571834300999,34.67115445331683,0.9329215752572629,1.0,False
001_1044329,moz,80,jpegli,420,generation,ssim2,generic,hint_s4,7,7,-0.22110572094414552,8.946520148866568,35.990644567733256,0.9827240525292019,1.0,False
001_1044329,moz,80,jpegli,420,generation,ssim2,generic,hist_s1,7,7,-0.6003567259079985,8.998504367055943,35.78414041896487,0.9733311532963033,1.0,False
001_1044329,moz,80,jpegli,420,generation,ssim2,generic,hist_s4,7,7,-0.2056861230678225,8.945458614921009,36.31304247300531,0.9944778577555602,1.0,False
001_1044329,moz,80,jpegli,420,generation,ssim2,exact,hint_s1,7,7,-0.4218974905092862,8.997571834300999,34.67115445331683,0.9329215752572629,1.0,False
001_1044329,moz,80,jpegli,420,generation,ssim2,exact,hint_s4,7,7,-0.22110572094414552,8.946520148866568,35.990644567733256,0.9827240525292019,1.0,False
001_1044329,moz,80,jpegli,420,generation,ssim2,exact,hist_s1,7,7,-0.6003567259079985,8.998504367055943,35.78414041896487,0.9733311532963033,1.0,False
001_1044329,moz,80,jpegli,420,generation,ssim2,exact,hist_s4,7,7,-0.2056861230678225,8.945458614921009,36.31304247300531,0.9944778577555602,1.0,False
001_1044329,moz,80,jpegli,420,generation,butteraugli,generic,exact,7,7,0.0,1.2411749362945557,3.9232399463653564,1.0,1.0,False
001_1044329,moz,80,jpegli,420,generation,butteraugli,generic,hint_s1,7,7,-0.15293339108548082,1.2411749362945557,3.9232399463653564,1.0,0.9639726098826037,False
001_1044329,moz,80,jpegli,420,generation,butteraugli,generic,hint_s4,7,7,0.2150254733015371,1.2411749362945557,3.824178457260132,0.96306521701254,0.9998312988603444,False
001_1044329,moz,80,jpegli,420,generation,butteraugli,generic,hist_s1,7,7,0.764738202860334,1.2411749362945557,3.8366951942443848,0.9677320453471457,0.9987711695495191,False
001_1044329,moz,80,jpegli,420,generation,butteraugli,generic,hist_s4,7,6,-0.8982655420529349,1.2411749362945557,3.9232399463653564,1.0,0.9945748114693276,False
001_1044329,moz,80,jpegli,420,generation,butteraugli,exact,hint_s1,7,7,-0.15293339108548082,1.2411749362945557,3.9232399463653564,1.0,0.9639726098826037,False
001_1044329,moz,80,jpegli,420,generation,butteraugli,exact,hint_s4,7,7,0.2150254733015371,1.2411749362945557,3.824178457260132,0.96306521701254,0.9998312988603444,False
001_1044329,moz,80,jpegli,420,generation,butteraugli,exact,hist_s1,7,7,0.764738202860334,1.2411749362945557,3.8366951942443848,0.9677320453471457,0.9987711695495191,False
001_1044329,moz,80,jpegli,420,generation,butteraugli,exact,hist_s4,7,6,-0.8982655420529349,1.2411749362945557,3.9232399463653564,1.0,0.9945748114693276,False
001_1044329,moz,80,jpegli,420,cumulative,ssim2,generic,exact,7,7,0.0,33.24518846365048,46.98247986925725,1.0,1.0,False
001_1044329,moz,80,jpegli,420,cumulative,ssim2,generic,hint_s1,7,7,-0.8265855120863412,33.261574947308546,45.63736783740275,0.9008903228945934,1.0,False
001_1044329,moz,80,jpegli,420,cumulative,ssim2,generic,hint_s4,7,7,-0.3389655355324571,33.24518846365048,46.68188657621098,0.9781184453200443,0.9994215074788175,False
001_1044329,moz,80,jpegli,420,cumulative,ssim2,generic,hist_s1,7,7,-0.5608813956650947,33.25790276506304,46.32649652104266,0.9513224528851281,1.0,False
001_1044329,moz,80,jpegli,420,cumulative,ssim2,generic,hist_s4,7,7,-0.07340863850833769,33.24518846365048,46.86512791366567,0.9914574167405603,1.0,False
001_1044329,moz,80,jpegli,420,cumulative,ssim2,exact,hint_s1,7,7,-0.8265855120863412,33.261574947308546,45.63736783740275,0.9008903228945934,1.0,False
001_1044329,moz,80,jpegli,420,cumulative,ssim2,exact,hint_s4,7,7,-0.3389655355324571,33.24518846365048,46.68188657621098,0.9781184453200443,0.9994215074788175,False
001_1044329,moz,80,jpegli,420,cumulative,ssim2,exact,hist_s1,7,7,-0.5608813956650947,33.25790276506304,46.32649652104266,0.9513224528851281,1.0,False
001_1044329,moz,80,jpegli,420,cumulative,ssim2,exact,hist_s4,7,7,-0.07340863850833769,33.24518846365048,46.86512791366567,0.9914574167405603,1.0,False
001_1044329,moz,80,jpegli,420,cumulative,butteraugli,generic,exact,6,6,0.0,5.503842353820801,6.060190200805664,1.0,1.0,False
001_1044329,moz,80,jpegli,420,cumulative,butteraugli,generic,hint_s1,6,4,-16.19143970107638,5.503842353820801,5.942267417907715,0.7880412703364743,0.9807402666666667,False
001_1044329,moz,80,jpegli,420,cumulative,butteraugli,generic,hint_s4,6,7,-0.6461923247626347,5.503842353820801,6.00700044631958,0.9043947868687786,0.9897544558690281,False
001_1044329,moz,80,jpegli,420,cumulative,butteraugli,generic,hist_s1,6,5,-14.291294936026,5.503842353820801,6.013752460479736,0.9165311044563256,0.9909592582810914,False
001_1044329,moz,80,jpegli,420,cumulative,butteraugli,generic,hist_s4,6,6,-0.7073348641167608,5.503842353820801,6.057028770446777,0.9943175292651528,1.0,False
001_1044329,moz,80,jpegli,420,cumulative,butteraugli,exact,hint_s1,6,4,-16.19143970107638,5.503842353820801,5.942267417907715,0.7880412703364743,0.9807402666666667,False
001_1044329,moz,80,jpegli,420,cumulative,butteraugli,exact,hint_s4,6,7,-0.6461923247626347,5.503842353820801,6.00700044631958,0.9043947868687786,0.9897544558690281,False
001_1044329,moz,80,jpegli,420,cumulative,butteraugli,exact,hist_s1,6,5,-14.291294936026,5.503842353820801,6.013752460479736,0.9165311044563256,0.9909592582810914,False
001_1044329,moz,80,jpegli,420,cumulative,butteraugli,exact,hist_s4,6,6,-0.7073348641167608,5.503842353820801,6.057028770446777,0.9943175292651528,1.0,False
001_1044329,moz,80,moz,420,generation,ssim2,generic,exact,7,7,0.12096248674387765,8.665312076341863,39.513248156033654,1.0,1.0,False
001_1044329,moz,80,moz,420,generation,ssim2,generic,hint_s1,7,7,0.03174758162333753,8.665312076341863,38.44587697298383,0.9653989433752584,0.9968537920872995,False
001_1044329,moz,80,moz,420,generation,ssim2,generic,hint_s4,7,7,0.06726853252845862,8.665312076341863,39.308385485091875,0.9933589504849679,1.0,False
001_1044329,moz,80,moz,420,generation,ssim2,generic,hist_s1,7,7,0.783972895730133,8.665312076341863,39.12671518057993,0.9874697297590618,1.0,False
001_1044329,moz,80,moz,420,generation,ssim2,generic,hist_s4,7,7,0.22643462273671627,8.665312076341863,39.513248156033654,1.0,1.0,False
001_1044329,moz,80,moz,420,generation,ssim2,exact,hint_s1,7,7,-0.08700158158162344,8.665312076341863,38.44587697298383,0.9653989433752584,0.9968537920872995,False
001_1044329,moz,80,moz,420,generation,ssim2,exact,hint_s4,7,7,-0.053223142830506304,8.665312076341863,39.308385485091875,0.9933589504849679,1.0,False
001_1044329,moz,80,moz,420,generation,ssim2,exact,hist_s1,7,7,0.6629801380285967,8.665312076341863,39.12671518057993,0.9874697297590618,1.0,False
001_1044329,moz,80,moz,420,generation,ssim2,exact,hist_s4,7,7,0.10534470841388809,8.665312076341863,39.513248156033654,1.0,1.0,False
001_1044329,moz,80,moz,420,generation,butteraugli,generic,exact,7,7,0.12788549577743613,1.2401334047317505,5.851777076721191,1.0,1.0,False
001_1044329,moz,80,moz,420,generation,butteraugli,generic,hint_s1,7,7,-2.698382779219071,1.2401334047317505,5.5845746994018555,0.9420591883665491,0.9993445709804099,False
001_1044329,moz,80,moz,420,generation,butteraugli,generic,hint_s4,7,7,-3.2976348887915243,1.2401334047317505,5.401962757110596,0.9024611718501339,1.0,False
001_1044329,moz,80,moz,420,generation,butteraugli,generic,hist_s1,7,7,1.0029628182880315,1.2401334047317505,5.427093029022217,0.9079104809683252,1.0,False
001_1044329,moz,80,moz,420,generation,butteraugli,generic,hist_s4,7,7,0.12809563393508777,1.2401334047317505,5.851777076721191,1.0,1.0,False
001_1044329,moz,80,moz,420,generation,butteraugli,exact,hint_s1,7,7,-2.819651044222234,1.2401334047317505,5.5845746994018555,0.9420591883665491,0.9993445709804099,False
001_1044329,moz,80,moz,420,generation,butteraugli,exact,hint_s4,7,7,-3.4161770095681074,1.2401334047317505,5.401962757110596,0.9024611718501339,1.0,False
001_1044329,moz,80,moz,420,generation,butteraugli,exact,hist_s1,7,7,0.8788678516033762,1.2401334047317505,5.427093029022217,0.9079104809683252,1.0,False
001_1044329,moz,80,moz,420,generation,butteraugli,exact,hist_s4,7,7,0.00020986976466258952,1.2401334047317505,5.851777076721191,1.0,1.0,False
001_1044329,moz,80,moz,420,cumulative,ssim2,generic,exact,7,7,0.13157644404896557,33.08671880255399,48.966267225620975,1.0,1.0,False
001_1044329,moz,80,moz,420,cumulative,ssim2,generic,hint_s1,7,7,-0.6299161228203872,33.08671880255399,47.994466629685476,0.9388017486363882,0.9974544159351754,False
001_1044329,moz,80,moz,420,cumulative,ssim2,generic,hint_s4,7,7,0.13831134028466355,33.08671880255399,48.7116186898847,0.9839637419810777,1.0,False
001_1044329,moz,80,moz,420,cumulative,ssim2,generic,hist_s1,7,7,0.13818959745876744,33.08671880255399,48.49173671547866,0.9701168762801213,1.0,False
001_1044329,moz,80,moz,420,cumulative,ssim2,generic,hist_s4,7,7,0.09357261622209884,33.08671880255399,48.966267225620975,1.0,1.0,False
001_1044329,moz,80,moz,420,cumulative,ssim2,exact,hint_s1,7,7,-0.7574095269997045,33.08671880255399,47.994466629685476,0.9388017486363882,0.9974544159351754,False
001_1044329,moz,80,moz,420,cumulative,ssim2,exact,hint_s4,7,7,0.007538345034844601,33.08671880255399,48.7116186898847,0.9839637419810777,1.0,False
001_1044329,moz,80,moz,420,cumulative,ssim2,exact,hist_s1,7,7,0.00811907258303979,33.08671880255399,48.49173671547866,0.9701168762801213,1.0,False
001_1044329,moz,80,moz,420,cumulative,ssim2,exact,hist_s4,7,7,-0.0379538894487518,33.08671880255399,48.966267225620975,1.0,1.0,False
001_1044329,moz,80,moz,420,cumulative,butteraugli,generic,exact,5,5,0.1359840729779118,5.478476047515869,6.188797473907471,1.0,1.0,False
001_1044329,moz,80,moz,420,cumulative,butteraugli,generic,hint_s1,5,4,-4.816475949801075,5.478476047515869,6.092203617095947,0.86401387706659,0.9479792798014891,False
001_1044329,moz,80,moz,420,cumulative,butteraugli,generic,hint_s4,5,5,-1.9512177851825054,5.478476047515869,6.188797473907471,1.0,0.9893530045833021,False
001_1044329,moz,80,moz,420,cumulative,butteraugli,generic,hist_s1,5,5,-3.1452696194387113,5.487574577331543,6.105700969696045,0.8702065985881267,1.0,False
001_1044329,moz,80,moz,420,cumulative,butteraugli,generic,hist_s4,5,5,0.42037368129074665,5.478476047515869,6.188797473907471,1.0,1.0,False
001_1044329,moz,80,moz,420,cumulative,butteraugli,exact,hint_s1,5,4,-4.939341279941501,5.478476047515869,6.092203617095947,0.86401387706659,0.9479792798014891,False
001_1044329,moz,80,moz,420,cumulative,butteraugli,exact,hint_s4,5,5,-2.08436745040553,5.478476047515869,6.188797473907471,1.0,0.9893530045833021,False
001_1044329,moz,80,moz,420,cumulative,butteraugli,exact,hist_s1,5,5,-3.271798824980622,5.487574577331543,6.105700969696045,0.8702065985881267,1.0,False
001_1044329,moz,80,moz,420,cumulative,butteraugli,exact,hist_s4,5,5,0.284003408910003,5.478476047515869,6.188797473907471,1.0,1.0,False
002_1189261,classic,80,classic,420,generation,ssim2,generic,exact,6,6,0.0,11.644477929868017,36.56324910544797,1.0,1.0,False
002_1189261,classic,80,classic,420,generation,ssim2,generic,hint_s1,6,5,0.023812223807807016,11.68795571707605,35.860830687917726,0.970066894571862,1.0,False
002_1189261,classic,80,classic,420,generation,ssim2,generic,hint_s4,6,6,-0.1154031739186106,11.644477929868017,36.230527216022644,0.9866477408905543,1.0,False
002_1189261,classic,80,classic,420,generation,ssim2,generic,hist_s1,6,6,0.3595688096517468,11.644477929868017,36.1299100149033,0.9826099333915255,1.0,False
002_1189261,classic,80,classic,420,generation,ssim2,generic,hist_s4,6,6,0.03684843852108439,11.644477929868017,36.56324910544797,1.0,1.0,False
002_1189261,classic,80,classic,420,generation,ssim2,exact,hint_s1,6,5,0.023812223807807016,11.68795571707605,35.860830687917726,0.970066894571862,1.0,False
002_1189261,classic,80,classic,420,generation,ssim2,exact,hint_s4,6,6,-0.1154031739186106,11.644477929868017,36.230527216022644,0.9866477408905543,1.0,False
002_1189261,classic,80,classic,420,generation,ssim2,exact,hist_s1,6,6,0.3595688096517468,11.644477929868017,36.1299100149033,0.9826099333915255,1.0,False
002_1189261,classic,80,classic,420,generation,ssim2,exact,hist_s4,6,6,0.03684843852108439,11.644477929868017,36.56324910544797,1.0,1.0,False
002_1189261,classic,80,classic,420,generation,butteraugli,generic,exact,6,6,0.0,1.9074491262435913,5.768082618713379,1.0,1.0,False
002_1189261,classic,80,classic,420,generation,butteraugli,generic,hint_s1,6,4,-6.212066131356788,2.036036252975464,5.214980602264404,0.8234255739348244,1.0,False
002_1189261,classic,80,classic,420,generation,butteraugli,generic,hint_s4,6,6,-1.225260672445601,1.9311319589614868,5.601736068725586,0.9507776682048832,1.0,False
002_1189261,classic,80,classic,420,generation,butteraugli,generic,hist_s1,6,5,-1.497163063754781,2.036036252975464,5.712457180023193,0.9522843684122394,1.0,False
002_1189261,classic,80,classic,420,generation,butteraugli,generic,hist_s4,6,6,-0.5964316055261576,1.9074491262435913,5.768082618713379,1.0,1.0,False
002_1189261,classic,80,classic,420,generation,butteraugli,exact,hint_s1,6,4,-6.212066131356788,2.036036252975464,5.214980602264404,0.8234255739348244,1.0,False
002_1189261,classic,80,classic,420,generation,butteraugli,exact,hint_s4,6,6,-1.225260672445601,1.9311319589614868,5.601736068725586,0.9507776682048832,1.0,False
002_1189261,classic,80,classic,420,generation,butteraugli,exact,hist_s1,6,5,-1.497163063754781,2.036036252975464,5.712457180023193,0.9522843684122394,1.0,False
002_1189261,classic,80,classic,420,generation,butteraugli,exact,hist_s4,6,6,-0.5964316055261576,1.9074491262435913,5.768082618713379,1.0,1.0,False
002_1189261,classic,80,classic,420,cumulative,ssim2,generic,exact,5,5,0.0,31.381723570952488,44.069450539124055,1.0,1.0,False
002_1189261,classic,80,classic,420,cumulative,ssim2,generic,hint_s1,5,5,-1.4498498777187845,31.381723570952488,43.25250500554337,0.9356113561057804,1.0,False
002_1189261,classic,80,classic,420,cumulative,ssim2,generic,hint_s4,5,5,-0.8818677609355492,31.381723570952488,43.37445943123022,0.945223355638304,1.0,False
002_1189261,classic,80,classic,420,cumulative,ssim2,generic,hist_s1,5,5,-0.5202892751314817,31.381723570952488,43.739223679998354,0.9739727328658546,1.0,False
002_1189261,classic,80,classic,420,cumulative,ssim2,generic,hist_s4,5,5,0.030370339766659434,31.381723570952488,44.069450539124055,1.0,1.0,False
002_1189261,classic,80,classic,420,cumulative,ssim2,exact,hint_s1,5,5,-1.4498498777187845,31.381723570952488,43.25250500554337,0.9356113561057804,1.0,False
002_1189261,classic,80,classic,420,cumulative,ssim2,exact,hint_s4,5,5,-0.8818677609355492,31.381723570952488,43.37445943123022,0.945223355638304,1.0,False
002_1189261,classic,80,classic,420,cumulative,ssim2,exact,hist_s1,5,5,-0.5202892751314817,31.381723570952488,43.739223679998354,0.9739727328658546,1.0,False
002_1189261,classic,80,classic,420,cumulative,ssim2,exact,hist_s4,5,5,0.030370339766659434,31.381723570952488,44.069450539124055,1.0,1.0,False
002_1189261,classic,80,classic,420,cumulative,butteraugli,generic,exact,5,5,0.0,5.587939262390137,7.634613513946533,1.0,1.0,False
002_1189261,classic,80,classic,420,cumulative,butteraugli,generic,hint_s1,5,5,-4.6504234838168585,5.587939262390137,7.556389808654785,0.961780090196443,1.0,False
002_1189261,classic,80,classic,420,cumulative,butteraugli,generic,hint_s4,5,4,-0.2238121627546272,5.587939262390137,7.583850383758545,0.9751972595788581,1.0,False
002_1189261,classic,80,classic,420,cumulative,butteraugli,generic,hist_s1,5,5,-0.65732014435012,5.587939262390137,7.634613513946533,1.0,0.9492664405364227,False
002_1189261,classic,80,classic,420,cumulative,butteraugli,generic,hist_s4,5,5,0.01817367816364494,5.587939262390137,7.634613513946533,1.0,1.0,False
002_1189261,classic,80,classic,420,cumulative,butteraugli,exact,hint_s1,5,5,-4.6504234838168585,5.587939262390137,7.556389808654785,0.961780090196443,1.0,False
002_1189261,classic,80,classic,420,cumulative,butteraugli,exact,hint_s4,5,4,-0.2238121627546272,5.587939262390137,7.583850383758545,0.9751972595788581,1.0,False
002_1189261,classic,80,classic,420,cumulative,butteraugli,exact,hist_s1,5,5,-0.65732014435012,5.587939262390137,7.634613513946533,1.0,0.9492664405364227,False
002_1189261,classic,80,classic,420,cumulative,butteraugli,exact,hist_s4,5,5,0.01817367816364494,5.587939262390137,7.634613513946533,1.0,1.0,False
002_1189261,classic,80,jpegli,420,generation,ssim2,generic,exact,7,7,0.0,11.793332199854461,36.06679759382362,1.0,1.0,False
002_1189261,classic,80,jpegli,420,generation,ssim2,generic,hint_s1,7,7,-0.8980862760951003,11.79564993022052,34.573412900147986,0.9383811746791907,1.0,False
002_1189261,classic,80,jpegli,420,generation,ssim2,generic,hint_s4,7,7,-0.14692336426383804,11.793332199854461,35.77180978250662,0.987847313660031,0.9999761628114846,False
002_1189261,classic,80,jpegli,420,generation,ssim2,generic,hist_s1,7,7,-0.4296144297138934,11.793332199854461,35.36319111307654,0.971013348554595,1.0,False
002_1189261,classic,80,jpegli,420,generation,ssim2,generic,hist_s4,7,7,0.0684148457774063,11.793332199854461,35.9688455907897,0.9959646469326023,1.0,False
002_1189261,classic,80,jpegli,420,generation,ssim2,exact,hint_s1,7,7,-0.8980862760951003,11.79564993022052,34.573412900147986,0.9383811746791907,1.0,False
002_1189261,classic,80,jpegli,420,generation,ssim2,exact,hint_s4,7,7,-0.14692336426383804,11.793332199854461,35.77180978250662,0.987847313660031,0.9999761628114846,False
002_1189261,classic,80,jpegli,420,generation,ssim2,exact,hist_s1,7,7,-0.4296144297138934,11.793332199854461,35.36319111307654,0.971013348554595,1.0,False
002_1189261,classic,80,jpegli,420,generation,ssim2,exact,hist_s4,7,7,0.0684148457774063,11.793332199854461,35.9688455907897,0.9959646469326023,1.0,False
002_1189261,classic,80,jpegli,420,generation,butteraugli,generic,exact,7,7,0.0,2.18713116645813,5.2412872314453125,1.0,1.0,False
002_1189261,classic,80,jpegli,420,generation,butteraugli,generic,hint_s1,7,5,-0.6716001923672794,2.18713116645813,3.8675501346588135,0.550207301933582,0.9810900220739367,False
002_1189261,classic,80,jpegli,420,generation,butteraugli,generic,hint_s4,7,6,0.1522089697810024,2.1874256134033203,4.281571388244629,0.6856708466370062,1.0,False
002_1189261,classic,80,jpegli,420,generation,butteraugli,generic,hist_s1,7,5,4.232933797747814,2.18713116645813,5.2412872314453125,1.0,0.9746327321553443,False
002_1189261,classic,80,jpegli,420,generation,butteraugli,generic,hist_s4,7,7,3.7324009283669635,2.18713116645813,5.1611175537109375,0.9737506283148266,1.0,False
002_1189261,classic,80,jpegli,420,generation,butteraugli,exact,hint_s1,7,5,-0.6716001923672794,2.18713116645813,3.8675501346588135,0.550207301933582,0.9810900220739367,False
002_1189261,classic,80,jpegli,420,generation,butteraugli,exact,hint_s4,7,6,0.1522089697810024,2.1874256134033203,4.281571388244629,0.6856708466370062,1.0,False
002_1189261,classic,80,jpegli,420,generation,butteraugli,exact,hist_s1,7,5,4.232933797747814,2.18713116645813,5.2412872314453125,1.0,0.9746327321553443,False
002_1189261,classic,80,jpegli,420,generation,butteraugli,exact,hist_s4,7,7,3.7324009283669635,2.18713116645813,5.1611175537109375,0.9737506283148266,1.0,False
002_1189261,classic,80,jpegli,420,cumulative,ssim2,generic,exact,7,7,0.0,31.652297704926923,43.991749859267195,1.0,1.0,False
002_1189261,classic,80,jpegli,420,cumulative,ssim2,generic,hint_s1,7,7,-0.40786111839481626,31.652297704926923,43.04591318316213,0.9233485681313348,0.9994928624440567,False
002_1189261,classic,80,jpegli,420,cumulative,ssim2,generic,hint_s4,7,7,0.004798243120568414,31.672941122964787,43.740476025958245,0.9779635880146291,1.0,False
002_1189261,classic,80,jpegli,420,cumulative,ssim2,generic,hist_s1,7,7,-0.16312637029606405,31.652297704926923,43.47589962850482,0.9581950459136932,1.0,False
002_1189261,classic,80,jpegli,420,cumulative,ssim2,generic,hist_s4,7,7,0.014949458663258974,31.652297704926923,43.87822195365949,0.9907995991890312,1.0,False
002_1189261,classic,80,jpegli,420,cumulative,ssim2,exact,hint_s1,7,7,-0.40786111839481626,31.652297704926923,43.04591318316213,0.9233485681313348,0.9994928624440567,False
002_1189261,classic,80,jpegli,420,cumulative,ssim2,exact,hint_s4,7,7,0.004798243120568414,31.672941122964787,43.740476025958245,0.9779635880146291,1.0,False
002_1189261,classic,80,jpegli,420,cumulative,ssim2,exact,hist_s1,7,7,-0.16312637029606405,31.652297704926923,43.47589962850482,0.9581950459136932,1.0,False
002_1189261,classic,80,jpegli,420,cumulative,ssim2,exact,hist_s4,7,7,0.014949458663258974,31.652297704926923,43.87822195365949,0.9907995991890312,1.0,False
002_1189261,classic,80,jpegli,420,cumulative,butteraugli,generic,exact,4,4,0.0,5.787191390991211,6.3718156814575195,1.0,1.0,False
002_1189261,classic,80,jpegli,420,cumulative,butteraugli,generic,hint_s1,4,4,4.091571180539743,5.874395370483398,6.1297502517700195,0.4367845904639793,1.0,False
002_1189261,classic,80,jpegli,420,cumulative,butteraugli,generic,hint_s4,4,4,3.5232413095789146,5.846571445465088,6.3718156814575195,0.8984304014694392,0.9823956348951532,False
002_1189261,classic,80,jpegli,420,cumulative,butteraugli,generic,hist_s1,4,2,0.24228257482891488,5.8382792472839355,6.345069885253906,0.8668655172807546,1.0,True
002_1189261,classic,80,jpegli,420,cumulative,butteraugli,generic,hist_s4,4,4,0.8419721820093689,5.787191390991211,6.3718156814575195,1.0,0.9759142883296652,False
002_1189261,classic,80,jpegli,420,cumulative,butteraugli,exact,hint_s1,4,4,4.091571180539743,5.874395370483398,6.1297502517700195,0.4367845904639793,1.0,False
002_1189261,classic,80,jpegli,420,cumulative,butteraugli,exact,hint_s4,4,4,3.5232413095789146,5.846571445465088,6.3718156814575195,0.8984304014694392,0.9823956348951532,False
002_1189261,classic,80,jpegli,420,cumulative,butteraugli,exact,hist_s1,4,2,0.24228257482891488,5.8382792472839355,6.345069885253906,0.8668655172807546,1.0,True
002_1189261,classic,80,jpegli,420,cumulative,butteraugli,exact,hist_s4,4,4,0.8419721820093689,5.787191390991211,6.3718156814575195,1.0,0.9759142883296652,False
002_1189261,classic,80,moz,420,generation,ssim2,generic,exact,7,7,0.17577982253945001,11.955369800588457,38.999071860464824,1.0,1.0,False
002_1189261,classic,80,moz,420,generation,ssim2,generic,hint_s1,7,7,0.5284647702672672,11.955369800588457,38.07201499902742,0.9657200460430733,0.999524364996766,False
002_1189261,classic,80,moz,420,generation,ssim2,generic,hint_s4,7,7,0.15450354435151895,12.003158557564475,38.69732323987358,0.9870750913912096,1.0,False
002_1189261,classic,80,moz,420,generation,ssim2,generic,hist_s1,7,7,0.6703295662295297,11.955369800588457,38.497615726102445,0.9814575632710298,1.0,False
002_1189261,classic,80,moz,420,generation,ssim2,generic,hist_s4,7,7,0.24629621750710842,11.955369800588457,38.99474544315102,0.9998400212624652,1.0,False
002_1189261,classic,80,moz,420,generation,ssim2,exact,hint_s1,7,7,0.355286324272256,11.955369800588457,38.07201499902742,0.9657200460430733,0.999524364996766,False
002_1189261,classic,80,moz,420,generation,ssim2,exact,hint_s4,7,7,-0.020339213948714404,12.003158557564475,38.69732323987358,0.9870750913912096,1.0,False
002_1189261,classic,80,moz,420,generation,ssim2,exact,hist_s1,7,7,0.4954306526355332,11.955369800588457,38.497615726102445,0.9814575632710298,1.0,False
002_1189261,classic,80,moz,420,generation,ssim2,exact,hist_s4,7,7,0.07040772505997177,11.955369800588457,38.99474544315102,0.9998400212624652,1.0,False
002_1189261,classic,80,moz,420,generation,butteraugli,generic,exact,7,7,0.17260334378901157,2.0675435066223145,4.944624423980713,1.0,1.0,False
002_1189261,classic,80,moz,420,generation,butteraugli,generic,hint_s1,7,6,-3.583161143215447,2.0675435066223145,4.944624423980713,1.0,0.84528292370961,False
002_1189261,classic,80,moz,420,generation,butteraugli,generic,hint_s4,7,7,-1.804343850083487,2.0722343921661377,4.838546276092529,0.9614995070998178,1.0,False
002_1189261,classic,80,moz,420,generation,butteraugli,generic,hist_s1,7,7,3.650349766335287,2.0675435066223145,4.944624423980713,1.0,0.970274930280861,False
002_1189261,classic,80,moz,420,generation,butteraugli,generic,hist_s4,7,7,1.4837044139764106,2.0675435066223145,4.944624423980713,1.0,0.989362389420436,False
002_1189261,classic,80,moz,420,generation,butteraugli,exact,hint_s1,7,6,-3.749293081776862,2.0675435066223145,4.944624423980713,1.0,0.84528292370961,False
002_1189261,classic,80,moz,420,generation,butteraugli,exact,hint_s4,7,7,-1.9701133350706568,2.0722343921661377,4.838546276092529,0.9614995070998178,1.0,False
002_1189261,classic,80,moz,420,generation,butteraugli,exact,hist_s1,7,7,3.4717540589523934,2.0675435066223145,4.944624423980713,1.0,0.970274930280861,False
002_1189261,classic,80,moz,420,generation,butteraugli,exact,hist_s4,7,7,1.3088419651905663,2.0675435066223145,4.944624423980713,1.0,0.989362389420436,False
002_1189261,classic,80,moz,420,cumulative,ssim2,generic,exact,7,7,0.19310997581371217,31.63888362291604,45.84905313883752,1.0,1.0,False
002_1189261,classic,80,moz,420,cumulative,ssim2,generic,hint_s1,7,7,0.5927743416597739,31.63888362291604,45.02487193171043,0.9420006069453531,0.999307727264545,False
002_1189261,classic,80,moz,420,cumulative,ssim2,generic,hint_s4,7,7,0.10673906205847185,31.63888362291604,45.57999707957543,0.9810659500605793,0.9988704820555113,False
002_1189261,classic,80,moz,420,cumulative,ssim2,generic,hist_s1,7,7,0.6163153273092348,31.63888362291604,45.5492809292804,0.9789043889151888,1.0,False
002_1189261,classic,80,moz,420,cumulative,ssim2,generic,hist_s4,7,7,0.30207018086112397,31.63888362291604,45.84905313883752,1.0,0.9996627692657339,False
002_1189261,classic,80,moz,420,cumulative,ssim2,exact,hint_s1,7,7,0.4033846118087954,31.63888362291604,45.02487193171043,0.9420006069453531,0.999307727264545,False
002_1189261,classic,80,moz,420,cumulative,ssim2,exact,hint_s4,7,7,-0.08474950492931235,31.63888362291604,45.57999707957543,0.9810659500605793,0.9988704820555113,False
002_1189261,classic,80,moz,420,cumulative,ssim2,exact,hist_s1,7,7,0.4240192000153081,31.63888362291604,45.5492809292804,0.9789043889151888,1.0,False
002_1189261,classic,80,moz,420,cumulative,ssim2,exact,hist_s4,7,7,0.10875019756719244,31.63888362291604,45.84905313883752,1.0,0.9996627692657339,False
002_1189261,classic,80,moz,420,cumulative,butteraugli,generic,exact,6,6,0.2058602069035841,5.875504493713379,7.081502437591553,1.0,1.0,False
002_1189261,classic,80,moz,420,cumulative,butteraugli,generic,hint_s1,6,6,6.843343530165713,5.901836395263672,6.946247100830078,0.8660136701459495,1.0,False
002_1189261,classic,80,moz,420,cumulative,butteraugli,generic,hint_s4,6,5,-4.240482247606254,5.910172939300537,7.005611419677734,0.9083253300205087,1.0,False
002_1189261,classic,80,moz,420,cumulative,butteraugli,generic,hist_s1,6,6,8.285131171861877,5.875504493713379,7.081502437591553,1.0,0.9772333422073404,False
002_1189261,classic,80,moz,420,cumulative,butteraugli,generic,hist_s4,6,6,0.5571612415816082,5.875504493713379,7.078647136688232,0.9976324164416579,1.0,False
002_1189261,classic,80,moz,420,cumulative,butteraugli,exact,hint_s1,6,6,6.6291678717290266,5.901836395263672,6.946247100830078,0.8660136701459495,1.0,False
002_1189261,classic,80,moz,420,cumulative,butteraugli,exact,hint_s4,6,5,-4.436466072423464,5.910172939300537,7.005611419677734,0.9083253300205087,1.0,False
002_1189261,classic,80,moz,420,cumulative,butteraugli,exact,hist_s1,6,6,8.062673129372207,5.875504493713379,7.081502437591553,1.0,0.9772333422073404,False
002_1189261,classic,80,moz,420,cumulative,butteraugli,exact,hist_s4,6,6,0.3507317706221999,5.875504493713379,7.078647136688232,0.9976324164416579,1.0,False
002_1189261,jpegli,80,classic,420,generation,ssim2,generic,exact,7,7,0.0,11.019183819490777,33.943223770970064,1.0,1.0,False
002_1189261,jpegli,80,classic,420,generation,ssim2,generic,hint_s1,7,7,-0.6689032974577163,11.019183819490777,32.414709516745916,0.9333226491726859,0.999082982036955,False
002_1189261,jpegli,80,classic,420,generation,ssim2,generic,hint_s4,7,7,-0.42132628439014075,11.019183819490777,33.319992263478795,0.9728131904842954,0.9992823953995289,False
002_1189261,jpegli,80,classic,420,generation,ssim2,generic,hist_s1,7,7,-0.23933483199010172,11.019183819490777,33.300578195355655,0.9719663036282163,1.0,False
002_1189261,jpegli,80,classic,420,generation,ssim2,generic,hist_s4,7,7,-0.04484975662920711,11.019183819490777,33.54012304778445,0.9824158078576545,1.0,False
002_1189261,jpegli,80,classic,420,generation,ssim2,exact,hint_s1,7,7,-0.6689032974577163,11.019183819490777,32.414709516745916,0.9333226491726859,0.999082982036955,False
002_1189261,jpegli,80,classic,420,generation,ssim2,exact,hint_s4,7,7,-0.42132628439014075,11.019183819490777,33.319992263478795,0.9728131904842954,0.9992823953995289,False
002_1189261,jpegli,80,classic,420,generation,ssim2,exact,hist_s1,7,7,-0.23933483199010172,11.019183819490777,33.300578195355655,0.9719663036282163,1.0,False
002_1189261,jpegli,80,classic,420,generation,ssim2,exact,hist_s4,7,7,-0.04484975662920711,11.019183819490777,33.54012304778445,0.9824158078576545,1.0,False
002_1189261,jpegli,80,classic,420,generation,butteraugli,generic,exact,7,7,0.0,2.073155403137207,6.027907848358154,1.0,1.0,False
002_1189261,jpegli,80,classic,420,generation,butteraugli,generic,hint_s1,7,6,-3.262265244150793,2.073155403137207,6.027907848358154,1.0,0.9518684067607688,False
002_1189261,jpegli,80,classic,420,generation,butteraugli,generic,hint_s4,7,7,0.06979049520711664,2.073155403137207,6.027907848358154,1.0,0.968928054929137,False
002_1189261,jpegli,80,classic,420,generation,butteraugli,generic,hist_s1,7,6,-2.71146308601295,2.073155403137207,5.986721992492676,0.9895857309816576,1.0,False
002_1189261,jpegli,80,classic,420,generation,butteraugli,generic,hist_s4,7,7,0.09392327160049974,2.073155403137207,6.027907848358154,1.0,0.9849561635610313,False
002_1189261,jpegli,80,classic,420,generation,butteraugli,exact,hint_s1,7,6,-3.262265244150793,2.073155403137207,6.027907848358154,1.0,0.9518684067607688,False
002_1189261,jpegli,80,classic,420,generation,butteraugli,exact,hint_s4,7,7,0.06979049520711664,2.073155403137207,6.027907848358154,1.0,0.968928054929137,False
002_1189261,jpegli,80,classic,420,generation,butteraugli,exact,hist_s1,7,6,-2.71146308601295,2.073155403137207,5.986721992492676,0.9895857309816576,1.0,False
002_1189261,jpegli,80,classic,420,generation,butteraugli,exact,hist_s4,7,7,0.09392327160049974,2.073155403137207,6.027907848358154,1.0,0.9849561635610313,False
002_1189261,jpegli,80,classic,420,cumulative,ssim2,generic,exact,7,7,0.0,31.41296728757814,44.92144448425022,1.0,1.0,False
002_1189261,jpegli,80,classic,420,cumulative,ssim2,generic,hint_s1,7,7,-0.22240514805360567,31.41296728757814,43.97285186608363,0.929777975388648,0.997834631189192,False
002_1189261,jpegli,80,classic,420,cumulative,ssim2,generic,hint_s4,7,7,-0.1392854175152712,31.42239756742903,44.53891451192792,0.9709841274877561,1.0,False
002_1189261,jpegli,80,classic,420,cumulative,ssim2,generic,hist_s1,7,7,-0.10980856924355854,31.41296728757814,44.466234463446014,0.966301899601507,1.0,False
002_1189261,jpegli,80,classic,420,cumulative,ssim2,generic,hist_s4,7,7,-0.07682633320117757,31.41296728757814,44.56039383168096,0.9732722906281244,1.0,False
002_1189261,jpegli,80,classic,420,cumulative,ssim2,exact,hint_s1,7,7,-0.22240514805360567,31.41296728757814,43.97285186608363,0.929777975388648,0.997834631189192,False
002_1189261,jpegli,80,classic,420,cumulative,ssim2,exact,hint_s4,7,7,-0.1392854175152712,31.42239756742903,44.53891451192792,0.9709841274877561,1.0,False
002_1189261,jpegli,80,classic,420,cumulative,ssim2,exact,hist_s1,7,7,-0.10980856924355854,31.41296728757814,44.466234463446014,0.966301899601507,1.0,False
002_1189261,jpegli,80,classic,420,cumulative,ssim2,exact,hist_s4,7,7,-0.07682633320117757,31.41296728757814,44.56039383168096,0.9732722906281244,1.0,False
002_1189261,jpegli,80,classic,420,cumulative,butteraugli,generic,exact,7,7,0.0,5.790917873382568,8.413747787475586,1.0,1.0,False
002_1189261,jpegli,80,classic,420,cumulative,butteraugli,generic,hint_s1,7,5,0.48278180734925924,5.790917873382568,8.413747787475586,1.0,0.9220789583750678,False
002_1189261,jpegli,80,classic,420,cumulative,butteraugli,generic,hint_s4,7,5,-2.022906875730266,5.790917873382568,8.413747787475586,1.0,0.9758556808722477,False
002_1189261,jpegli,80,classic,420,cumulative,butteraugli,generic,hist_s1,7,7,2.8310339362789088,5.790917873382568,8.413747787475586,1.0,0.9863996156600249,False
002_1189261,jpegli,80,classic,420,cumulative,butteraugli,generic,hist_s4,7,7,0.17479037713246728,5.790917873382568,8.413747787475586,1.0,0.9814626568621626,False
002_1189261,jpegli,80,classic,420,cumulative,butteraugli,exact,hint_s1,7,5,0.48278180734925924,5.790917873382568,8.413747787475586,1.0,0.9220789583750678,False
002_1189261,jpegli,80,classic,420,cumulative,butteraugli,exact,hint_s4,7,5,-2.022906875730266,5.790917873382568,8.413747787475586,1.0,0.9758556808722477,False
002_1189261,jpegli,80,classic,420,cumulative,butteraugli,exact,hist_s1,7,7,2.8310339362789088,5.790917873382568,8.413747787475586,1.0,0.9863996156600249,False
002_1189261,jpegli,80,classic,420,cumulative,butteraugli,exact,hist_s4,7,7,0.17479037713246728,5.790917873382568,8.413747787475586,1.0,0.9814626568621626,False
002_1189261,jpegli,80,jpegli,420,generation,ssim2,generic,exact,7,7,0.0,11.067724691250902,32.62367050121101,1.0,1.0,False
002_1189261,jpegli,80,jpegli,420,generation,ssim2,generic,hint_s1,7,7,-0.7379643136082643,11.092333197453186,30.755927255046885,0.9122120750789774,1.0,False
002_1189261,jpegli,80,jpegli,420,generation,ssim2,generic,hint_s4,7,7,-0.24629008505194774,11.12436784561622,32.10979876360885,0.9735332934589275,1.0,False
002_1189261,jpegli,80,jpegli,420,generation,ssim2,generic,hist_s1,7,7,-0.03398360169691584,11.067724691250902,31.67025191378022,0.95577004155437,1.0,False
002_1189261,jpegli,80,jpegli,420,generation,ssim2,generic,hist_s4,7,7,0.02866367727137011,11.067724691250902,32.53237477411169,0.995764707895251,1.0,False
002_1189261,jpegli,80,jpegli,420,generation,ssim2,exact,hint_s1,7,7,-0.7379643136082643,11.092333197453186,30.755927255046885,0.9122120750789774,1.0,False
002_1189261,jpegli,80,jpegli,420,generation,ssim2,exact,hint_s4,7,7,-0.24629008505194774,11.12436784561622,32.10979876360885,0.9735332934589275,1.0,False
002_1189261,jpegli,80,jpegli,420,generation,ssim2,exact,hist_s1,7,7,-0.03398360169691584,11.067724691250902,31.67025191378022,0.95577004155437,1.0,False
002_1189261,jpegli,80,jpegli,420,generation,ssim2,exact,hist_s4,7,7,0.02866367727137011,11.067724691250902,32.53237477411169,0.995764707895251,1.0,False
002_1189261,jpegli,80,jpegli,420,generation,butteraugli,generic,exact,5,5,0.0,2.0311319828033447,4.129714488983154,1.0,1.0,False
002_1189261,jpegli,80,jpegli,420,generation,butteraugli,generic,hint_s1,5,6,8.53017727452353,2.0311319828033447,4.129714488983154,1.0,0.7291913624956539,False
002_1189261,jpegli,80,jpegli,420,generation,butteraugli,generic,hint_s4,5,5,1.775305361320229,2.0468335151672363,4.129714488983154,0.9925180295186611,0.9175203422292033,False
002_1189261,jpegli,80,jpegli,420,generation,butteraugli,generic,hist_s1,5,5,2.2576972557656974,2.0740604400634766,4.016409397125244,0.9255528202212815,1.0,False
002_1189261,jpegli,80,jpegli,420,generation,butteraugli,generic,hist_s4,5,5,-0.11030699627299939,2.0311319828033447,4.095372200012207,0.9836354830606766,1.0,False
002_1189261,jpegli,80,jpegli,420,generation,butteraugli,exact,hint_s1,5,6,8.53017727452353,2.0311319828033447,4.129714488983154,1.0,0.7291913624956539,False
002_1189261,jpegli,80,jpegli,420,generation,butteraugli,exact,hint_s4,5,5,1.775305361320229,2.0468335151672363,4.129714488983154,0.9925180295186611,0.9175203422292033,False
002_1189261,jpegli,80,jpegli,420,generation,butteraugli,exact,hist_s1,5,5,2.2576972557656974,2.0740604400634766,4.016409397125244,0.9255528202212815,1.0,False
002_1189261,jpegli,80,jpegli,420,generation,butteraugli,exact,hist_s4,5,5,-0.11030699627299939,2.0311319828033447,4.095372200012207,0.9836354830606766,1.0,False
002_1189261,jpegli,80,jpegli,420,cumulative,ssim2,generic,exact,6,6,0.0,31.439059464858005,44.59659865429146,1.0,1.0,False
002_1189261,jpegli,80,jpegli,420,cumulative,ssim2,generic,hint_s1,6,7,-0.1905721797284579,31.46065717803502,43.0420495094371,0.8802096018610266,1.0,False
002_1189261,jpegli,80,jpegli,420,cumulative,ssim2,generic,hint_s4,6,6,-0.11319041809604077,31.464264432552667,44.16064290791962,0.9649508386464203,1.0,False
002_1189261,jpegli,80,jpegli,420,cumulative,ssim2,generic,hist_s1,6,6,-0.323407846746398,31.439059464858005,43.819542589984906,0.9409421432747399,1.0,False
002_1189261,jpegli,80,jpegli,420,cumulative,ssim2,generic,hist_s4,6,6,0.035267469145836415,31.439059464858005,44.510568939012025,0.9934615649597665,1.0,False
002_1189261,jpegli,80,jpegli,420,cumulative,ssim2,exact,hint_s1,6,7,-0.1905721797284579,31.46065717803502,43.0420495094371,0.8802096018610266,1.0,False
002_1189261,jpegli,80,jpegli,420,cumulative,ssim2,exact,hint_s4,6,6,-0.11319041809604077,31.464264432552667,44.16064290791962,0.9649508386464203,1.0,False
002_1189261,jpegli,80,jpegli,420,cumulative,ssim2,exact,hist_s1,6,6,-0.323407846746398,31.439059464858005,43.819542589984906,0.9409421432747399,1.0,False
002_1189261,jpegli,80,jpegli,420,cumulative,ssim2,exact,hist_s4,6,6,0.035267469145836415,31.439059464858005,44.510568939012025,0.9934615649597665,1.0,False
002_1189261,jpegli,80,jpegli,420,cumulative,butteraugli,generic,exact,4,4,0.0,5.863804817199707,6.777082920074463,1.0,1.0,False
002_1189261,jpegli,80,jpegli,420,cumulative,butteraugli,generic,hint_s1,4,6,3.9763220743371455,5.863804817199707,6.701064109802246,0.9167626925107151,0.9546385486162347,False
002_1189261,jpegli,80,jpegli,420,cumulative,butteraugli,generic,hint_s4,4,4,0.24079243322098007,5.863804817199707,6.777082920074463,1.0,0.9269133940730833,False
002_1189261,jpegli,80,jpegli,420,cumulative,butteraugli,generic,hist_s1,4,4,-0.8805486465824854,5.863804817199707,6.775025844573975,0.9977475913481193,1.0,False
002_1189261,jpegli,80,jpegli,420,cumulative,butteraugli,generic,hist_s4,4,4,-0.39049833155630703,5.863804817199707,6.7067036628723145,0.922937759067459,1.0,False
002_1189261,jpegli,80,jpegli,420,cumulative,butteraugli,exact,hint_s1,4,6,3.9763220743371455,5.863804817199707,6.701064109802246,0.9167626925107151,0.9546385486162347,False
002_1189261,jpegli,80,jpegli,420,cumulative,butteraugli,exact,hint_s4,4,4,0.24079243322098007,5.863804817199707,6.777082920074463,1.0,0.9269133940730833,False
002_1189261,jpegli,80,jpegli,420,cumulative,butteraugli,exact,hist_s1,4,4,-0.8805486465824854,5.863804817199707,6.775025844573975,0.9977475913481193,1.0,False
002_1189261,jpegli,80,jpegli,420,cumulative,butteraugli,exact,hist_s4,4,4,-0.39049833155630703,5.863804817199707,6.7067036628723145,0.922937759067459,1.0,False
002_1189261,jpegli,80,moz,420,generation,ssim2,generic,exact,7,7,0.1865594247708513,11.261529103473151,35.75882479436268,1.0,1.0,False
002_1189261,jpegli,80,moz,420,generation,ssim2,generic,hint_s1,7,7,-0.31010144570845566,11.261529103473151,34.70175838348696,0.9568496692772158,0.999084690755419,False
002_1189261,jpegli,80,moz,420,generation,ssim2,generic,hint_s4,7,7,0.06407899420280462,11.26694874430747,35.55035843769157,0.9912689955575393,1.0,False
002_1189261,jpegli,80,moz,420,generation,ssim2,generic,hist_s1,7,7,-0.07152952033707898,11.261529103473151,35.2242702401974,0.9781790381717896,1.0,False
002_1189261,jpegli,80,moz,420,generation,ssim2,generic,hist_s4,7,7,0.2545539808168345,11.261529103473151,35.67669081423985,0.9966472225685965,1.0,False
002_1189261,jpegli,80,moz,420,generation,ssim2,exact,hint_s1,7,7,-0.49196607964238576,11.261529103473151,34.70175838348696,0.9568496692772158,0.999084690755419,False
002_1189261,jpegli,80,moz,420,generation,ssim2,exact,hint_s4,7,7,-0.12152160082199351,11.26694874430747,35.55035843769157,0.9912689955575393,1.0,False
002_1189261,jpegli,80,moz,420,generation,ssim2,exact,hist_s1,7,7,-0.25569239438200486,11.261529103473151,35.2242702401974,0.9781790381717896,1.0,False
002_1189261,jpegli,80,moz,420,generation,ssim2,exact,hist_s4,7,7,0.06816392218405735,11.261529103473151,35.67669081423985,0.9966472225685965,1.0,False
002_1189261,jpegli,80,moz,420,generation,butteraugli,generic,exact,5,5,0.18344574671420216,2.1272964477539062,4.8165974617004395,1.0,1.0,False
002_1189261,jpegli,80,moz,420,generation,butteraugli,generic,hint_s1,5,6,-0.7336001663925336,2.1272964477539062,4.780148983001709,0.986446857934567,0.989397134707278,False
002_1189261,jpegli,80,moz,420,generation,butteraugli,generic,hint_s4,5,6,4.453682895690381,2.1272964477539062,4.760183334350586,0.9790227545903959,0.9956256271047934,False
002_1189261,jpegli,80,moz,420,generation,butteraugli,generic,hist_s1,5,6,3.956101682227098,2.1272964477539062,4.558207988739014,0.9039194676901412,1.0,False
002_1189261,jpegli,80,moz,420,generation,butteraugli,generic,hist_s4,5,5,0.35203076463784677,2.1272964477539062,4.8165974617004395,1.0,0.9727659082716286,False
002_1189261,jpegli,80,moz,420,generation,butteraugli,exact,hint_s1,5,6,-0.9141372345028577,2.1272964477539062,4.780148983001709,0.986446857934567,0.989397134707278,False
002_1189261,jpegli,80,moz,420,generation,butteraugli,exact,hint_s4,5,6,4.264422680280739,2.1272964477539062,4.760183334350586,0.9790227545903959,0.9956256271047934,False
002_1189261,jpegli,80,moz,420,generation,butteraugli,exact,hist_s1,5,6,3.775004937547688,2.1272964477539062,4.558207988739014,0.9039194676901412,1.0,False
002_1189261,jpegli,80,moz,420,generation,butteraugli,exact,hist_s4,5,5,0.16827632216790048,2.1272964477539062,4.8165974617004395,1.0,0.9727659082716286,False
002_1189261,jpegli,80,moz,420,cumulative,ssim2,generic,exact,7,7,0.19721757586002808,31.583766681806523,46.48546344690533,1.0,1.0,False
002_1189261,jpegli,80,moz,420,cumulative,ssim2,generic,hint_s1,7,7,-0.2738487353951419,31.596280173419686,45.275187216514595,0.9179429201064012,1.0,False
002_1189261,jpegli,80,moz,420,cumulative,ssim2,generic,hint_s4,7,7,0.10207438924663942,31.60193424039717,46.20515291801907,0.979970194523353,1.0,False
002_1189261,jpegli,80,moz,420,cumulative,ssim2,generic,hist_s1,7,7,-0.3185284755698681,31.583766681806523,45.851700678968314,0.9574704291781492,1.0,False
002_1189261,jpegli,80,moz,420,cumulative,ssim2,generic,hist_s4,7,7,0.3463442753319337,31.583766681806523,46.42061686955156,0.9956483762637255,1.0,False
002_1189261,jpegli,80,moz,420,cumulative,ssim2,exact,hint_s1,7,7,-0.46400892085580336,31.596280173419686,45.275187216514595,0.9179429201064012,1.0,False
002_1189261,jpegli,80,moz,420,cumulative,ssim2,exact,hint_s4,7,7,-0.09361640009610071,31.60193424039717,46.20515291801907,0.979970194523353,1.0,False
002_1189261,jpegli,80,moz,420,cumulative,ssim2,exact,hist_s1,7,7,-0.5114636024071284,31.583766681806523,45.851700678968314,0.9574704291781492,1.0,False
002_1189261,jpegli,80,moz,420,cumulative,ssim2,exact,hist_s4,7,7,0.14917125983750804,31.583766681806523,46.42061686955156,0.9956483762637255,1.0,False
002_1189261,jpegli,80,moz,420,cumulative,butteraugli,generic,exact,6,6,0.19794182524252502,5.883980751037598,7.149588584899902,1.0,1.0,False
002_1189261,jpegli,80,moz,420,cumulative,butteraugli,generic,hint_s1,6,7,0.46652225532632496,5.883980751037598,6.939801216125488,0.8342398307268708,0.9636180458391994,False
002_1189261,jpegli,80,moz,420,cumulative,butteraugli,generic,hint_s4,6,6,-0.715431321142375,5.883980751037598,7.091651439666748,0.9542218816263603,0.9875277620078482,False
002_1189261,jpegli,80,moz,420,cumulative,butteraugli,generic,hist_s1,6,6,1.905638824006391,5.883980751037598,6.88698673248291,0.7925093023360957,1.0,False
002_1189261,jpegli,80,moz,420,cumulative,butteraugli,generic,hist_s4,6,6,0.9305635829382158,5.883980751037598,7.107642650604248,0.9668570838664563,1.0,False
002_1189261,jpegli,80,moz,420,cumulative,butteraugli,exact,hint_s1,6,7,0.28148779608052965,5.883980751037598,6.939801216125488,0.8342398307268708,0.9636180458391994,False
002_1189261,jpegli,80,moz,420,cumulative,butteraugli,exact,hint_s4,6,6,-0.9080375060494232,5.883980751037598,7.091651439666748,0.9542218816263603,0.9875277620078482,False
002_1189261,jpegli,80,moz,420,cumulative,butteraugli,exact,hist_s1,6,6,1.721650775374958,5.883980751037598,6.88698673248291,0.7925093023360957,1.0,False
002_1189261,jpegli,80,moz,420,cumulative,butteraugli,exact,hist_s4,6,6,0.7337643316082788,5.883980751037598,7.107642650604248,0.9668570838664563,1.0,False
002_1189261,moz,80,classic,420,generation,ssim2,generic,exact,7,7,0.0,10.885287920564537,34.09121166375331,1.0,1.0,False
002_1189261,moz,80,classic,420,generation,ssim2,generic,hint_s1,7,7,-0.2480315849212001,10.91013161132517,32.557735206156224,0.9328481742160724,1.0,False
002_1189261,moz,80,classic,420,generation,ssim2,generic,hint_s4,7,7,-0.07624224253537384,10.918028358990838,33.44582946490199,0.9707780373329606,1.0,False
002_1189261,moz,80,classic,420,generation,ssim2,generic,hist_s1,7,7,0.017937953614718137,10.885287920564537,33.0062835037739,0.9532477925901204,0.9993037586604132,False
002_1189261,moz,80,classic,420,generation,ssim2,generic,hist_s4,7,7,0.1472274712914993,10.885287920564537,33.6871466316927,0.982587849700264,1.0,False
002_1189261,moz,80,classic,420,generation,ssim2,exact,hint_s1,7,7,-0.2480315849212001,10.91013161132517,32.557735206156224,0.9328481742160724,1.0,False
002_1189261,moz,80,classic,420,generation,ssim2,exact,hint_s4,7,7,-0.07624224253537384,10.918028358990838,33.44582946490199,0.9707780373329606,1.0,False
002_1189261,moz,80,classic,420,generation,ssim2,exact,hist_s1,7,7,0.017937953614718137,10.885287920564537,33.0062835037739,0.9532477925901204,0.9993037586604132,False
002_1189261,moz,80,classic,420,generation,ssim2,exact,hist_s4,7,7,0.1472274712914993,10.885287920564537,33.6871466316927,0.982587849700264,1.0,False
002_1189261,moz,80,classic,420,generation,butteraugli,generic,exact,6,6,0.0,1.9601490497589111,6.655945301055908,1.0,1.0,False
002_1189261,moz,80,classic,420,generation,butteraugli,generic,hint_s1,6,7,3.0877888243104525,1.9601490497589111,6.416356563568115,0.9489780380863804,0.9956258267111875,False
002_1189261,moz,80,classic,420,generation,butteraugli,generic,hint_s4,6,7,1.9060082036469466,2.040428876876831,6.655945301055908,0.9829038947131179,0.9937684645146877,False
002_1189261,moz,80,classic,420,generation,butteraugli,generic,hist_s1,6,6,2.6409347921609676,1.9601490497589111,6.511050701141357,0.9691437634512932,0.9999884220974277,False
002_1189261,moz,80,classic,420,generation,butteraugli,generic,hist_s4,6,7,2.929250810304221,1.9601490497589111,6.655945301055908,1.0,0.9929176541558129,False
002_1189261,moz,80,classic,420,generation,butteraugli,exact,hint_s1,6,7,3.0877888243104525,1.9601490497589111,6.416356563568115,0.9489780380863804,0.9956258267111875,False
002_1189261,moz,80,classic,420,generation,butteraugli,exact,hint_s4,6,7,1.9060082036469466,2.040428876876831,6.655945301055908,0.9829038947131179,0.9937684645146877,False
002_1189261,moz,80,classic,420,generation,butteraugli,exact,hist_s1,6,6,2.6409347921609676,1.9601490497589111,6.511050701141357,0.9691437634512932,0.9999884220974277,False
002_1189261,moz,80,classic,420,generation,butteraugli,exact,hist_s4,6,7,2.929250810304221,1.9601490497589111,6.655945301055908,1.0,0.9929176541558129,False
002_1189261,moz,80,classic,420,cumulative,ssim2,generic,exact,7,7,0.0,32.41261151983093,44.94167697326273,1.0,1.0,False
002_1189261,moz,80,classic,420,cumulative,ssim2,generic,hint_s1,7,7,0.25536907853543134,32.41261151983093,44.12219996087421,0.9345939235903619,0.9989820906317004,False
002_1189261,moz,80,classic,420,cumulative,ssim2,generic,hint_s4,7,7,-0.054465659419205364,32.458532893409384,44.597654061652456,0.9688768259182557,1.0,False
002_1189261,moz,80,classic,420,cumulative,ssim2,generic,hist_s1,7,6,-0.4090760189421918,32.42740351968574,44.23957998824803,0.9427819267499201,1.0,False
002_1189261,moz,80,classic,420,cumulative,ssim2,generic,hist_s4,7,7,0.07944747067806654,32.41261151983093,44.63056058836625,0.9751684284791359,1.0,False
002_1189261,moz,80,classic,420,cumulative,ssim2,exact,hint_s1,7,7,0.25536907853543134,32.41261151983093,44.12219996087421,0.9345939235903619,0.9989820906317004,False
002_1189261,moz,80,classic,420,cumulative,ssim2,exact,hint_s4,7,7,-0.054465659419205364,32.458532893409384,44.597654061652456,0.9688768259182557,1.0,False
002_1189261,moz,80,classic,420,cumulative,ssim2,exact,hist_s1,7,6,-0.4090760189421918,32.42740351968574,44.23957998824803,0.9427819267499201,1.0,False
002_1189261,moz,80,classic,420,cumulative,ssim2,exact,hist_s4,7,7,0.07944747067806654,32.41261151983093,44.63056058836625,0.9751684284791359,1.0,False
002_1189261,moz,80,classic,420,cumulative,butteraugli,generic,exact,5,5,0.0,6.147827625274658,8.878445625305176,1.0,1.0,False
002_1189261,moz,80,classic,420,cumulative,butteraugli,generic,hint_s1,5,6,0.34341649159397275,6.180398464202881,8.647271156311035,0.9034118621061549,1.0,False
002_1189261,moz,80,classic,420,cumulative,butteraugli,generic,hint_s4,5,5,1.3245615759951777,6.147827625274658,8.878445625305176,1.0,0.9827723293927051,False
002_1189261,moz,80,classic,420,cumulative,butteraugli,generic,hist_s1,5,5,2.1798261590023236,6.204078197479248,8.729605674743652,0.92489226879636,1.0,False
002_1189261,moz,80,classic,420,cumulative,butteraugli,generic,hist_s4,5,6,1.2005037348362355,6.147827625274658,8.878445625305176,1.0,0.991887390319464,False
002_1189261,moz,80,classic,420,cumulative,butteraugli,exact,hint_s1,5,6,0.34341649159397275,6.180398464202881,8.647271156311035,0.9034118621061549,1.0,False
002_1189261,moz,80,classic,420,cumulative,butteraugli,exact,hint_s4,5,5,1.3245615759951777,6.147827625274658,8.878445625305176,1.0,0.9827723293927051,False
002_1189261,moz,80,classic,420,cumulative,butteraugli,exact,hist_s1,5,5,2.1798261590023236,6.204078197479248,8.729605674743652,0.92489226879636,1.0,False
002_1189261,moz,80,classic,420,cumulative,butteraugli,exact,hist_s4,5,6,1.2005037348362355,6.147827625274658,8.878445625305176,1.0,0.991887390319464,False
002_1189261,moz,80,jpegli,420,generation,ssim2,generic,exact,7,7,0.0,10.80790766263452,33.350802724017,1.0,1.0,False
002_1189261,moz,80,jpegli,420,generation,ssim2,generic,hint_s1,7,7,0.026767532237788685,10.83151474769555,31.54671454029969,0.9189236669113849,1.0,False
002_1189261,moz,80,jpegli,420,generation,ssim2,generic,hint_s4,7,7,-0.04015848577992667,10.836518695964571,32.96266236713717,0.9815129605547512,1.0,False
002_1189261,moz,80,jpegli,420,generation,ssim2,generic,hist_s1,7,7,-0.313767086375213,10.80790766263452,32.50233682384909,0.9623621589925515,1.0,False
002_1189261,moz,80,jpegli,420,generation,ssim2,generic,hist_s4,7,7,0.06573832886252728,10.80790766263452,33.350802724017,1.0,0.9984213119496237,False
002_1189261,moz,80,jpegli,420,generation,ssim2,exact,hint_s1,7,7,0.026767532237788685,10.83151474769555,31.54671454029969,0.9189236669113849,1.0,False
002_1189261,moz,80,jpegli,420,generation,ssim2,exact,hint_s4,7,7,-0.04015848577992667,10.836518695964571,32.96266236713717,0.9815129605547512,1.0,False
002_1189261,moz,80,jpegli,420,generation,ssim2,exact,hist_s1,7,7,-0.313767086375213,10.80790766263452,32.50233682384909,0.9623621589925515,1.0,False
002_1189261,moz,80,jpegli,420,generation,ssim2,exact,hist_s4,7,7,0.06573832886252728,10.80790766263452,33.350802724017,1.0,0.9984213119496237,False
002_1189261,moz,80,jpegli,420,generation,butteraugli,generic,exact,7,7,0.0,1.8589894771575928,4.218605041503906,1.0,1.0,False
002_1189261,moz,80,jpegli,420,generation,butteraugli,generic,hint_s1,7,6,-1.7373977752765157,1.8589894771575928,3.7215652465820312,0.7893556041788653,0.9988881082176552,False
002_1189261,moz,80,jpegli,420,generation,butteraugli,generic,hint_s4,7,7,-1.351206195437437,1.8589894771575928,4.084657669067383,0.9432333917183535,0.9996589855330944,False
002_1189261,moz,80,jpegli,420,generation,butteraugli,generic,hist_s1,7,6,-0.9833843828591817,1.8589894771575928,4.075885772705078,0.9395158809107255,1.0,False
002_1189261,moz,80,jpegli,420,generation,butteraugli,generic,hist_s4,7,7,-0.27253494936480266,1.8589894771575928,4.218605041503906,1.0,0.9933076566008857,False
002_1189261,moz,80,jpegli,420,generation,butteraugli,exact,hint_s1,7,6,-1.7373977752765157,1.8589894771575928,3.7215652465820312,0.7893556041788653,0.9988881082176552,False
002_1189261,moz,80,jpegli,420,generation,butteraugli,exact,hint_s4,7,7,-1.351206195437437,1.8589894771575928,4.084657669067383,0.9432333917183535,0.9996589855330944,False
002_1189261,moz,80,jpegli,420,generation,butteraugli,exact,hist_s1,7,6,-0.9833843828591817,1.8589894771575928,4.075885772705078,0.9395158809107255,1.0,False
002_1189261,moz,80,jpegli,420,generation,butteraugli,exact,hist_s4,7,7,-0.27253494936480266,1.8589894771575928,4.218605041503906,1.0,0.9933076566008857,False
002_1189261,moz,80,jpegli,420,cumulative,ssim2,generic,exact,7,7,0.0,32.48792370139016,44.790081847066496,1.0,1.0,False
002_1189261,moz,80,jpegli,420,cumulative,ssim2,generic,hint_s1,7,7,0.46420115031213394,32.48792370139016,43.49557839349026,0.8947742795818965,0.9987437362159289,False
002_1189261,moz,80,jpegli,420,cumulative,ssim2,generic,hint_s4,7,7,0.25765586430328224,32.50951486094229,44.61467981846897,0.983987103253189,1.0,False
002_1189261,moz,80,jpegli,420,cumulative,ssim2,generic,hist_s1,7,7,-0.17521670457871358,32.48792370139016,44.238850296614544,0.9551922887086535,1.0,False
002_1189261,moz,80,jpegli,420,cumulative,ssim2,generic,hist_s4,7,7,0.15055902128940443,32.48792370139016,44.790081847066496,1.0,0.9956043987623866,False
002_1189261,moz,80,jpegli,420,cumulative,ssim2,exact,hint_s1,7,7,0.46420115031213394,32.48792370139016,43.49557839349026,0.8947742795818965,0.9987437362159289,False
002_1189261,moz,80,jpegli,420,cumulative,ssim2,exact,hint_s4,7,7,0.25765586430328224,32.50951486094229,44.61467981846897,0.983987103253189,1.0,False
002_1189261,moz,80,jpegli,420,cumulative,ssim2,exact,hist_s1,7,7,-0.17521670457871358,32.48792370139016,44.238850296614544,0.9551922887086535,1.0,False
002_1189261,moz,80,jpegli,420,cumulative,ssim2,exact,hist_s4,7,7,0.15055902128940443,32.48792370139016,44.790081847066496,1.0,0.9956043987623866,False
002_1189261,moz,80,jpegli,420,cumulative,butteraugli,generic,exact,6,6,0.0,6.057913303375244,6.857234954833984,1.0,1.0,False
002_1189261,moz,80,jpegli,420,cumulative,butteraugli,generic,hint_s1,6,6,-2.375525114669795,6.057913303375244,6.857234954833984,1.0,0.8657066748746085,False
002_1189261,moz,80,jpegli,420,cumulative,butteraugli,generic,hint_s4,6,5,-2.5008255938050645,6.057913303375244,6.857234954833984,1.0,0.8870916785427196,False
002_1189261,moz,80,jpegli,420,cumulative,butteraugli,generic,hist_s1,6,6,-4.410429213051243,6.057913303375244,6.857234954833984,1.0,0.9268392071519762,False
002_1189261,moz,80,jpegli,420,cumulative,butteraugli,generic,hist_s4,6,6,0.1375382114494676,6.057913303375244,6.857234954833984,1.0,0.9825568650069341,False
002_1189261,moz,80,jpegli,420,cumulative,butteraugli,exact,hint_s1,6,6,-2.375525114669795,6.057913303375244,6.857234954833984,1.0,0.8657066748746085,False
002_1189261,moz,80,jpegli,420,cumulative,butteraugli,exact,hint_s4,6,5,-2.5008255938050645,6.057913303375244,6.857234954833984,1.0,0.8870916785427196,False
002_1189261,moz,80,jpegli,420,cumulative,butteraugli,exact,hist_s1,6,6,-4.410429213051243,6.057913303375244,6.857234954833984,1.0,0.9268392071519762,False
002_1189261,moz,80,jpegli,420,cumulative,butteraugli,exact,hist_s4,6,6,0.1375382114494676,6.057913303375244,6.857234954833984,1.0,0.9825568650069341,False
002_1189261,moz,80,moz,420,generation,ssim2,generic,exact,6,6,0.1857545641103198,10.75266382572083,35.4030513682673,1.0,1.0,False
002_1189261,moz,80,moz,420,generation,ssim2,generic,hint_s1,6,6,0.34423226324362627,10.75266382572083,34.69019293452935,0.971081248418202,0.9986082777617586,False
002_1189261,moz,80,moz,420,generation,ssim2,generic,hint_s4,6,6,0.28651388681482964,10.75266382572083,35.28596603516792,0.9952501625827467,1.0,False
002_1189261,moz,80,moz,420,generation,ssim2,generic,hist_s1,6,7,1.1896171595255514,10.75266382572083,35.27982867977843,0.995001186562435,1.0,False
002_1189261,moz,80,moz,420,generation,ssim2,generic,hist_s4,6,6,0.1857545641103198,10.75266382572083,35.4030513682673,1.0,1.0,False
002_1189261,moz,80,moz,420,generation,ssim2,exact,hint_s1,6,6,0.1606231729278121,10.75266382572083,34.69019293452935,0.971081248418202,0.9986082777617586,False
002_1189261,moz,80,moz,420,generation,ssim2,exact,hint_s4,6,6,0.10097469329640162,10.75266382572083,35.28596603516792,0.9952501625827467,1.0,False
002_1189261,moz,80,moz,420,generation,ssim2,exact,hist_s1,6,7,1.0024283954284074,10.75266382572083,35.27982867977843,0.995001186562435,1.0,False
002_1189261,moz,80,moz,420,generation,ssim2,exact,hist_s4,6,6,0.0,10.75266382572083,35.4030513682673,1.0,1.0,False
002_1189261,moz,80,moz,420,generation,butteraugli,generic,exact,7,7,0.17845774120319394,1.9339797496795654,4.970089912414551,1.0,1.0,False
002_1189261,moz,80,moz,420,generation,butteraugli,generic,hint_s1,7,6,-7.9394095313266035,1.9389147758483887,4.970089912414551,0.9983745562893614,0.9038408902999872,False
002_1189261,moz,80,moz,420,generation,butteraugli,generic,hint_s4,7,7,0.7515649158276798,1.9339797496795654,4.970089912414551,1.0,0.8821816591753135,False
002_1189261,moz,80,moz,420,generation,butteraugli,generic,hist_s1,7,7,0.9625802366528504,1.9339797496795654,4.968241214752197,0.999391096645621,1.0,False
002_1189261,moz,80,moz,420,generation,butteraugli,generic,hist_s4,7,7,0.17845774120319394,1.9339797496795654,4.970089912414551,1.0,1.0,False
002_1189261,moz,80,moz,420,generation,butteraugli,exact,hint_s1,7,6,-8.103520784416867,1.9389147758483887,4.970089912414551,0.9983745562893614,0.9038408902999872,False
002_1189261,moz,80,moz,420,generation,butteraugli,exact,hint_s4,7,7,0.5720862424384959,1.9339797496795654,4.970089912414551,1.0,0.8821816591753135,False
002_1189261,moz,80,moz,420,generation,butteraugli,exact,hist_s1,7,7,0.7827820857300971,1.9339797496795654,4.968241214752197,0.999391096645621,1.0,False
002_1189261,moz,80,moz,420,generation,butteraugli,exact,hist_s4,7,7,0.0,1.9339797496795654,4.970089912414551,1.0,1.0,False
002_1189261,moz,80,moz,420,cumulative,ssim2,generic,exact,7,7,0.19310735322484124,32.35841313628302,45.7188233363772,1.0,1.0,False
002_1189261,moz,80,moz,420,cumulative,ssim2,generic,hint_s1,7,7,-0.16303034904993194,32.393554307493744,44.909928512409635,0.9368255927372395,1.0,False
002_1189261,moz,80,moz,420,cumulative,ssim2,generic,hint_s4,7,7,0.3189811587232054,32.35841313628302,45.63984348002535,0.9940885156092517,1.0,False
002_1189261,moz,80,moz,420,cumulative,ssim2,generic,hist_s1,7,7,-0.24305504158996472,32.35841313628302,45.49020779756602,0.9828885838542918,1.0,False
002_1189261,moz,80,moz,420,cumulative,ssim2,generic,hist_s4,7,7,0.19310735322484124,32.35841313628302,45.7188233363772,1.0,1.0,False
002_1189261,moz,80,moz,420,cumulative,ssim2,exact,hint_s1,7,7,-0.35102333843651573,32.393554307493744,44.909928512409635,0.9368255927372395,1.0,False
002_1189261,moz,80,moz,420,cumulative,ssim2,exact,hint_s4,7,7,0.12608890258778666,32.35841313628302,45.63984348002535,0.9940885156092517,1.0,False
002_1189261,moz,80,moz,420,cumulative,ssim2,exact,hist_s1,7,7,-0.4340040797882293,32.35841313628302,45.49020779756602,0.9828885838542918,1.0,False
002_1189261,moz,80,moz,420,cumulative,ssim2,exact,hist_s4,7,7,0.0,32.35841313628302,45.7188233363772,1.0,1.0,False
002_1189261,moz,80,moz,420,cumulative,butteraugli,generic,exact,6,6,0.21841701469736216,6.1320481300354,7.514203071594238,1.0,1.0,False
002_1189261,moz,80,moz,420,cumulative,butteraugli,generic,hint_s1,6,6,2.361959097312339,6.143256187438965,7.454734802246094,0.9488651202360873,1.0,False
002_1189261,moz,80,moz,420,cumulative,butteraugli,generic,hint_s4,6,6,0.18488324027512545,6.1320481300354,7.5065836906433105,0.9944873177949686,1.0,False
002_1189261,moz,80,moz,420,cumulative,butteraugli,generic,hist_s1,6,6,3.9430101528648636,6.1320481300354,7.433899879455566,0.9419000072104048,1.0,False
002_1189261,moz,80,moz,420,cumulative,butteraugli,generic,hist_s4,6,6,0.21841701469736216,6.1320481300354,7.514203071594238,1.0,1.0,False
002_1189261,moz,80,moz,420,cumulative,butteraugli,exact,hint_s1,6,6,2.140424381652531,6.143256187438965,7.454734802246094,0.9488651202360873,1.0,False
002_1189261,moz,80,moz,420,cumulative,butteraugli,exact,hint_s4,6,6,-0.033173166842586435,6.1320481300354,7.5065836906433105,0.9944873177949686,1.0,False
002_1189261,moz,80,moz,420,cumulative,butteraugli,exact,hist_s1,6,6,3.7196872769592506,6.1320481300354,7.433899879455566,0.9419000072104048,1.0,False
002_1189261,moz,80,moz,420,cumulative,butteraugli,exact,hist_s4,6,6,0.0,6.1320481300354,7.514203071594238,1.0,1.0,False
