image,class,config,alpha,threshold,aq_shrink,zb_shrink,retries,quality,q_range,width,height,bytes,bpp,encode_ms,ssim2_distortion,bbs_distortion
08c331e518f10a0ca3d499b8bfd551cd3540fd5ca6d2b43229d42f78ea21b3c2,illustration,C1,2.0000,0.0200,0.5000,1.0000,2,5,low,512,512,12683,0.387054,2.817,75.768262,180.002522
08c331e518f10a0ca3d499b8bfd551cd3540fd5ca6d2b43229d42f78ea21b3c2,illustration,C1,2.0000,0.0200,0.5000,1.0000,2,15,low,512,512,18124,0.553101,3.182,51.267607,127.311062
08c331e518f10a0ca3d499b8bfd551cd3540fd5ca6d2b43229d42f78ea21b3c2,illustration,C1,2.0000,0.0200,0.5000,1.0000,2,30,low,512,512,25359,0.773895,4.293,36.095590,85.496778
08c331e518f10a0ca3d499b8bfd551cd3540fd5ca6d2b43229d42f78ea21b3c2,illustration,C1,2.0000,0.0200,0.5000,1.0000,2,45,mid,512,512,28821,0.879547,3.589,31.791716,73.772172
08c331e518f10a0ca3d499b8bfd551cd3540fd5ca6d2b43229d42f78ea21b3c2,illustration,C1,2.0000,0.0200,0.5000,1.0000,2,60,mid,512,512,33880,1.033936,3.965,27.600312,59.229293
08c331e518f10a0ca3d499b8bfd551cd3540fd5ca6d2b43229d42f78ea21b3c2,illustration,C1,2.0000,0.0200,0.5000,1.0000,2,75,high,512,512,43763,1.335541,3.819,22.153791,42.470437
08c331e518f10a0ca3d499b8bfd551cd3540fd5ca6d2b43229d42f78ea21b3c2,illustration,C1,2.0000,0.0200,0.5000,1.0000,2,85,high,512,512,56723,1.731049,4.404,18.177785,30.253443
08c331e518f10a0ca3d499b8bfd551cd3540fd5ca6d2b43229d42f78ea21b3c2,illustration,C1,2.0000,0.0200,0.5000,1.0000,2,95,high,512,512,97031,2.961151,5.350,13.915675,17.034710
08c331e518f10a0ca3d499b8bfd551cd3540fd5ca6d2b43229d42f78ea21b3c2,illustration,C2,2.0000,0.0200,0.5000,0.7000,2,5,low,512,512,13229,0.403717,2.851,74.459626,173.930390
08c331e518f10a0ca3d499b8bfd551cd3540fd5ca6d2b43229d42f78ea21b3c2,illustration,C2,2.0000,0.0200,0.5000,0.7000,2,15,low,512,512,18807,0.573944,2.974,50.756705,119.307507
08c331e518f10a0ca3d499b8bfd551cd3540fd5ca6d2b43229d42f78ea21b3c2,illustration,C2,2.0000,0.0200,0.5000,0.7000,2,30,low,512,512,26198,0.799500,3.185,35.790043,79.322243
08c331e518f10a0ca3d499b8bfd551cd3540fd5ca6d2b43229d42f78ea21b3c2,illustration,C2,2.0000,0.0200,0.5000,0.7000,2,45,mid,512,512,29769,0.908478,3.318,31.683474,68.921733
08c331e518f10a0ca3d499b8bfd551cd3540fd5ca6d2b43229d42f78ea21b3c2,illustration,C2,2.0000,0.0200,0.5000,0.7000,2,60,mid,512,512,35075,1.070404,3.432,27.368724,54.911451
08c331e518f10a0ca3d499b8bfd551cd3540fd5ca6d2b43229d42f78ea21b3c2,illustration,C2,2.0000,0.0200,0.5000,0.7000,2,75,high,512,512,45085,1.375885,3.605,21.992839,39.912826
08c331e518f10a0ca3d499b8bfd551cd3540fd5ca6d2b43229d42f78ea21b3c2,illustration,C2,2.0000,0.0200,0.5000,0.7000,2,85,high,512,512,57987,1.769623,3.909,18.060717,29.085477
08c331e518f10a0ca3d499b8bfd551cd3540fd5ca6d2b43229d42f78ea21b3c2,illustration,C2,2.0000,0.0200,0.5000,0.7000,2,95,high,512,512,98455,3.004608,4.941,13.909928,16.850517
08c331e518f10a0ca3d499b8bfd551cd3540fd5ca6d2b43229d42f78ea21b3c2,illustration,C3,2.0000,0.0200,0.5000,0.5000,2,5,low,512,512,13224,0.403564,2.889,74.463839,173.884656
08c331e518f10a0ca3d499b8bfd551cd3540fd5ca6d2b43229d42f78ea21b3c2,illustration,C3,2.0000,0.0200,0.5000,0.5000,2,15,low,512,512,18798,0.573669,2.940,50.786449,119.612257
08c331e518f10a0ca3d499b8bfd551cd3540fd5ca6d2b43229d42f78ea21b3c2,illustration,C3,2.0000,0.0200,0.5000,0.5000,2,30,low,512,512,26203,0.799652,3.083,35.799437,79.403808
08c331e518f10a0ca3d499b8bfd551cd3540fd5ca6d2b43229d42f78ea21b3c2,illustration,C3,2.0000,0.0200,0.5000,0.5000,2,45,mid,512,512,29774,0.908630,3.258,31.700889,68.910165
08c331e518f10a0ca3d499b8bfd551cd3540fd5ca6d2b43229d42f78ea21b3c2,illustration,C3,2.0000,0.0200,0.5000,0.5000,2,60,mid,512,512,35074,1.070374,3.369,27.378192,54.996430
08c331e518f10a0ca3d499b8bfd551cd3540fd5ca6d2b43229d42f78ea21b3c2,illustration,C3,2.0000,0.0200,0.5000,0.5000,2,75,high,512,512,45093,1.376129,3.630,22.003884,39.911051
08c331e518f10a0ca3d499b8bfd551cd3540fd5ca6d2b43229d42f78ea21b3c2,illustration,C3,2.0000,0.0200,0.5000,0.5000,2,85,high,512,512,57997,1.769928,3.954,18.085442,29.105895
08c331e518f10a0ca3d499b8bfd551cd3540fd5ca6d2b43229d42f78ea21b3c2,illustration,C3,2.0000,0.0200,0.5000,0.5000,2,95,high,512,512,98465,3.004913,4.998,13.889265,16.849096
08c331e518f10a0ca3d499b8bfd551cd3540fd5ca6d2b43229d42f78ea21b3c2,illustration,C4,2.0000,0.0200,0.5000,0.3000,2,5,low,512,512,13224,0.403564,2.933,74.463839,173.884656
08c331e518f10a0ca3d499b8bfd551cd3540fd5ca6d2b43229d42f78ea21b3c2,illustration,C4,2.0000,0.0200,0.5000,0.3000,2,15,low,512,512,18798,0.573669,2.928,50.786449,119.612257
08c331e518f10a0ca3d499b8bfd551cd3540fd5ca6d2b43229d42f78ea21b3c2,illustration,C4,2.0000,0.0200,0.5000,0.3000,2,30,low,512,512,26203,0.799652,3.186,35.799437,79.403808
08c331e518f10a0ca3d499b8bfd551cd3540fd5ca6d2b43229d42f78ea21b3c2,illustration,C4,2.0000,0.0200,0.5000,0.3000,2,45,mid,512,512,29774,0.908630,3.228,31.700889,68.910165
08c331e518f10a0ca3d499b8bfd551cd3540fd5ca6d2b43229d42f78ea21b3c2,illustration,C4,2.0000,0.0200,0.5000,0.3000,2,60,mid,512,512,35074,1.070374,3.366,27.378192,54.996430
08c331e518f10a0ca3d499b8bfd551cd3540fd5ca6d2b43229d42f78ea21b3c2,illustration,C4,2.0000,0.0200,0.5000,0.3000,2,75,high,512,512,45093,1.376129,3.876,22.003884,39.911051
08c331e518f10a0ca3d499b8bfd551cd3540fd5ca6d2b43229d42f78ea21b3c2,illustration,C4,2.0000,0.0200,0.5000,0.3000,2,85,high,512,512,57997,1.769928,3.852,18.085442,29.105895
08c331e518f10a0ca3d499b8bfd551cd3540fd5ca6d2b43229d42f78ea21b3c2,illustration,C4,2.0000,0.0200,0.5000,0.3000,2,95,high,512,512,98465,3.004913,4.929,13.889265,16.849096
08c331e518f10a0ca3d499b8bfd551cd3540fd5ca6d2b43229d42f78ea21b3c2,illustration,C5,2.0000,0.0200,0.5000,0.1500,2,5,low,512,512,13224,0.403564,2.818,74.463839,173.884656
08c331e518f10a0ca3d499b8bfd551cd3540fd5ca6d2b43229d42f78ea21b3c2,illustration,C5,2.0000,0.0200,0.5000,0.1500,2,15,low,512,512,18798,0.573669,3.045,50.786449,119.612257
08c331e518f10a0ca3d499b8bfd551cd3540fd5ca6d2b43229d42f78ea21b3c2,illustration,C5,2.0000,0.0200,0.5000,0.1500,2,30,low,512,512,26203,0.799652,3.696,35.799437,79.403808
08c331e518f10a0ca3d499b8bfd551cd3540fd5ca6d2b43229d42f78ea21b3c2,illustration,C5,2.0000,0.0200,0.5000,0.1500,2,45,mid,512,512,29774,0.908630,3.490,31.700889,68.910165
08c331e518f10a0ca3d499b8bfd551cd3540fd5ca6d2b43229d42f78ea21b3c2,illustration,C5,2.0000,0.0200,0.5000,0.1500,2,60,mid,512,512,35074,1.070374,3.598,27.378192,54.996430
08c331e518f10a0ca3d499b8bfd551cd3540fd5ca6d2b43229d42f78ea21b3c2,illustration,C5,2.0000,0.0200,0.5000,0.1500,2,75,high,512,512,45093,1.376129,4.141,22.003884,39.911051
08c331e518f10a0ca3d499b8bfd551cd3540fd5ca6d2b43229d42f78ea21b3c2,illustration,C5,2.0000,0.0200,0.5000,0.1500,2,85,high,512,512,57997,1.769928,3.979,18.085442,29.105895
08c331e518f10a0ca3d499b8bfd551cd3540fd5ca6d2b43229d42f78ea21b3c2,illustration,C5,2.0000,0.0200,0.5000,0.1500,2,95,high,512,512,98465,3.004913,4.903,13.889265,16.849096
08c331e518f10a0ca3d499b8bfd551cd3540fd5ca6d2b43229d42f78ea21b3c2,illustration,C6,2.0000,0.0200,1.0000,0.3000,2,5,low,512,512,13224,0.403564,3.026,74.463839,173.884656
08c331e518f10a0ca3d499b8bfd551cd3540fd5ca6d2b43229d42f78ea21b3c2,illustration,C6,2.0000,0.0200,1.0000,0.3000,2,15,low,512,512,18798,0.573669,3.126,50.786449,119.612257
08c331e518f10a0ca3d499b8bfd551cd3540fd5ca6d2b43229d42f78ea21b3c2,illustration,C6,2.0000,0.0200,1.0000,0.3000,2,30,low,512,512,26203,0.799652,3.134,35.799437,79.403808
08c331e518f10a0ca3d499b8bfd551cd3540fd5ca6d2b43229d42f78ea21b3c2,illustration,C6,2.0000,0.0200,1.0000,0.3000,2,45,mid,512,512,29774,0.908630,3.982,31.700889,68.910165
08c331e518f10a0ca3d499b8bfd551cd3540fd5ca6d2b43229d42f78ea21b3c2,illustration,C6,2.0000,0.0200,1.0000,0.3000,2,60,mid,512,512,35074,1.070374,3.319,27.378192,54.996430
08c331e518f10a0ca3d499b8bfd551cd3540fd5ca6d2b43229d42f78ea21b3c2,illustration,C6,2.0000,0.0200,1.0000,0.3000,2,75,high,512,512,45093,1.376129,3.769,22.003884,39.911051
08c331e518f10a0ca3d499b8bfd551cd3540fd5ca6d2b43229d42f78ea21b3c2,illustration,C6,2.0000,0.0200,1.0000,0.3000,2,85,high,512,512,57997,1.769928,4.364,18.085442,29.105895
08c331e518f10a0ca3d499b8bfd551cd3540fd5ca6d2b43229d42f78ea21b3c2,illustration,C6,2.0000,0.0200,1.0000,0.3000,2,95,high,512,512,98465,3.004913,4.958,13.889265,16.849096
08c331e518f10a0ca3d499b8bfd551cd3540fd5ca6d2b43229d42f78ea21b3c2,illustration,OFF,0.0000,0.0000,0.0000,0.0000,0,5,low,512,512,12207,0.372528,1.674,78.134740,198.055073
08c331e518f10a0ca3d499b8bfd551cd3540fd5ca6d2b43229d42f78ea21b3c2,illustration,OFF,0.0000,0.0000,0.0000,0.0000,0,15,low,512,512,17571,0.536224,2.025,52.114302,137.220049
08c331e518f10a0ca3d499b8bfd551cd3540fd5ca6d2b43229d42f78ea21b3c2,illustration,OFF,0.0000,0.0000,0.0000,0.0000,0,30,low,512,512,24846,0.758240,2.041,36.681619,92.395316
08c331e518f10a0ca3d499b8bfd551cd3540fd5ca6d2b43229d42f78ea21b3c2,illustration,OFF,0.0000,0.0000,0.0000,0.0000,0,45,mid,512,512,28216,0.861084,2.139,32.225470,79.835654
08c331e518f10a0ca3d499b8bfd551cd3540fd5ca6d2b43229d42f78ea21b3c2,illustration,OFF,0.0000,0.0000,0.0000,0.0000,0,60,mid,512,512,33216,1.013672,2.254,27.865254,63.505786
08c331e518f10a0ca3d499b8bfd551cd3540fd5ca6d2b43229d42f78ea21b3c2,illustration,OFF,0.0000,0.0000,0.0000,0.0000,0,75,high,512,512,42931,1.310150,2.570,22.524306,45.285199
08c331e518f10a0ca3d499b8bfd551cd3540fd5ca6d2b43229d42f78ea21b3c2,illustration,OFF,0.0000,0.0000,0.0000,0.0000,0,85,high,512,512,55699,1.699799,2.859,18.360449,31.844995
08c331e518f10a0ca3d499b8bfd551cd3540fd5ca6d2b43229d42f78ea21b3c2,illustration,OFF,0.0000,0.0000,0.0000,0.0000,0,95,high,512,512,95862,2.925476,4.075,14.012944,17.351343
11cd1eafdef2e3019d779b5bbe9af8308171c554c5eeb54d48f450ceda564f51,screen_chart,C1,2.0000,0.0200,0.5000,1.0000,2,5,low,512,512,12132,0.370239,2.792,87.890130,604.874820
11cd1eafdef2e3019d779b5bbe9af8308171c554c5eeb54d48f450ceda564f51,screen_chart,C1,2.0000,0.0200,0.5000,1.0000,2,15,low,512,512,16891,0.515472,3.339,73.296409,505.817815
11cd1eafdef2e3019d779b5bbe9af8308171c554c5eeb54d48f450ceda564f51,screen_chart,C1,2.0000,0.0200,0.5000,1.0000,2,30,low,512,512,23092,0.704712,3.512,64.695312,428.360214
11cd1eafdef2e3019d779b5bbe9af8308171c554c5eeb54d48f450ceda564f51,screen_chart,C1,2.0000,0.0200,0.5000,1.0000,2,45,mid,512,512,25868,0.789429,3.394,62.352508,402.784018
11cd1eafdef2e3019d779b5bbe9af8308171c554c5eeb54d48f450ceda564f51,screen_chart,C1,2.0000,0.0200,0.5000,1.0000,2,60,mid,512,512,30239,0.922821,3.879,60.046356,374.105166
11cd1eafdef2e3019d779b5bbe9af8308171c554c5eeb54d48f450ceda564f51,screen_chart,C1,2.0000,0.0200,0.5000,1.0000,2,75,high,512,512,38259,1.167572,3.571,57.344986,345.221881
11cd1eafdef2e3019d779b5bbe9af8308171c554c5eeb54d48f450ceda564f51,screen_chart,C1,2.0000,0.0200,0.5000,1.0000,2,85,high,512,512,49106,1.498596,3.789,56.452971,322.295518
11cd1eafdef2e3019d779b5bbe9af8308171c554c5eeb54d48f450ceda564f51,screen_chart,C1,2.0000,0.0200,0.5000,1.0000,2,95,high,512,512,80543,2.457977,5.563,55.082838,300.218599
11cd1eafdef2e3019d779b5bbe9af8308171c554c5eeb54d48f450ceda564f51,screen_chart,C2,2.0000,0.0200,0.5000,0.7000,2,5,low,512,512,12632,0.385498,2.776,86.710138,597.549842
11cd1eafdef2e3019d779b5bbe9af8308171c554c5eeb54d48f450ceda564f51,screen_chart,C2,2.0000,0.0200,0.5000,0.7000,2,15,low,512,512,17515,0.534515,2.892,72.518719,499.523644
11cd1eafdef2e3019d779b5bbe9af8308171c554c5eeb54d48f450ceda564f51,screen_chart,C2,2.0000,0.0200,0.5000,0.7000,2,30,low,512,512,23965,0.731354,2.985,63.829390,421.142021
11cd1eafdef2e3019d779b5bbe9af8308171c554c5eeb54d48f450ceda564f51,screen_chart,C2,2.0000,0.0200,0.5000,0.7000,2,45,mid,512,512,26999,0.823944,3.072,61.746824,395.018481
11cd1eafdef2e3019d779b5bbe9af8308171c554c5eeb54d48f450ceda564f51,screen_chart,C2,2.0000,0.0200,0.5000,0.7000,2,60,mid,512,512,31599,0.964325,3.205,59.543789,368.257916
11cd1eafdef2e3019d779b5bbe9af8308171c554c5eeb54d48f450ceda564f51,screen_chart,C2,2.0000,0.0200,0.5000,0.7000,2,75,high,512,512,39977,1.220001,3.417,56.912096,340.800817
11cd1eafdef2e3019d779b5bbe9af8308171c554c5eeb54d48f450ceda564f51,screen_chart,C2,2.0000,0.0200,0.5000,0.7000,2,85,high,512,512,51061,1.558258,3.513,56.230034,319.258957
11cd1eafdef2e3019d779b5bbe9af8308171c554c5eeb54d48f450ceda564f51,screen_chart,C2,2.0000,0.0200,0.5000,0.7000,2,95,high,512,512,81469,2.486237,4.681,55.033101,299.764531
11cd1eafdef2e3019d779b5bbe9af8308171c554c5eeb54d48f450ceda564f51,screen_chart,C3,2.0000,0.0200,0.5000,0.5000,2,5,low,512,512,12629,0.385406,2.822,86.798139,598.745448
11cd1eafdef2e3019d779b5bbe9af8308171c554c5eeb54d48f450ceda564f51,screen_chart,C3,2.0000,0.0200,0.5000,0.5000,2,15,low,512,512,17512,0.534424,2.970,72.649556,500.832575
11cd1eafdef2e3019d779b5bbe9af8308171c554c5eeb54d48f450ceda564f51,screen_chart,C3,2.0000,0.0200,0.5000,0.5000,2,30,low,512,512,23914,0.729797,2.972,63.934939,422.247194
11cd1eafdef2e3019d779b5bbe9af8308171c554c5eeb54d48f450ceda564f51,screen_chart,C3,2.0000,0.0200,0.5000,0.5000,2,45,mid,512,512,27012,0.824341,3.111,61.743402,395.719817
11cd1eafdef2e3019d779b5bbe9af8308171c554c5eeb54d48f450ceda564f51,screen_chart,C3,2.0000,0.0200,0.5000,0.5000,2,60,mid,512,512,31567,0.963348,3.283,59.561402,368.991919
11cd1eafdef2e3019d779b5bbe9af8308171c554c5eeb54d48f450ceda564f51,screen_chart,C3,2.0000,0.0200,0.5000,0.5000,2,75,high,512,512,39967,1.219696,3.490,56.926701,341.130743
11cd1eafdef2e3019d779b5bbe9af8308171c554c5eeb54d48f450ceda564f51,screen_chart,C3,2.0000,0.0200,0.5000,0.5000,2,85,high,512,512,51051,1.557953,3.510,56.216668,319.528272
11cd1eafdef2e3019d779b5bbe9af8308171c554c5eeb54d48f450ceda564f51,screen_chart,C3,2.0000,0.0200,0.5000,0.5000,2,95,high,512,512,81442,2.485413,4.612,55.030291,299.804016
11cd1eafdef2e3019d779b5bbe9af8308171c554c5eeb54d48f450ceda564f51,screen_chart,C4,2.0000,0.0200,0.5000,0.3000,2,5,low,512,512,12629,0.385406,2.821,86.798139,598.745448
11cd1eafdef2e3019d779b5bbe9af8308171c554c5eeb54d48f450ceda564f51,screen_chart,C4,2.0000,0.0200,0.5000,0.3000,2,15,low,512,512,17512,0.534424,2.987,72.649556,500.832575
11cd1eafdef2e3019d779b5bbe9af8308171c554c5eeb54d48f450ceda564f51,screen_chart,C4,2.0000,0.0200,0.5000,0.3000,2,30,low,512,512,23914,0.729797,3.130,63.934939,422.247194
11cd1eafdef2e3019d779b5bbe9af8308171c554c5eeb54d48f450ceda564f51,screen_chart,C4,2.0000,0.0200,0.5000,0.3000,2,45,mid,512,512,27012,0.824341,3.130,61.743402,395.719817
11cd1eafdef2e3019d779b5bbe9af8308171c554c5eeb54d48f450ceda564f51,screen_chart,C4,2.0000,0.0200,0.5000,0.3000,2,60,mid,512,512,31567,0.963348,3.323,59.561402,368.991919
11cd1eafdef2e3019d779b5bbe9af8308171c554c5eeb54d48f450ceda564f51,screen_chart,C4,2.0000,0.0200,0.5000,0.3000,2,75,high,512,512,39967,1.219696,3.618,56.926701,341.130743
11cd1eafdef2e3019d779b5bbe9af8308171c554c5eeb54d48f450ceda564f51,screen_chart,C4,2.0000,0.0200,0.5000,0.3000,2,85,high,512,512,51051,1.557953,3.568,56.216668,319.528272
11cd1eafdef2e3019d779b5bbe9af8308171c554c5eeb54d48f450ceda564f51,screen_chart,C4,2.0000,0.0200,0.5000,0.3000,2,95,high,512,512,81442,2.485413,4.692,55.030291,299.804016
11cd1eafdef2e3019d779b5bbe9af8308171c554c5eeb54d48f450ceda564f51,screen_chart,C5,2.0000,0.0200,0.5000,0.1500,2,5,low,512,512,12629,0.385406,2.819,86.798139,598.745448
11cd1eafdef2e3019d779b5bbe9af8308171c554c5eeb54d48f450ceda564f51,screen_chart,C5,2.0000,0.0200,0.5000,0.1500,2,15,low,512,512,17512,0.534424,2.952,72.649556,500.832575
11cd1eafdef2e3019d779b5bbe9af8308171c554c5eeb54d48f450ceda564f51,screen_chart,C5,2.0000,0.0200,0.5000,0.1500,2,30,low,512,512,23914,0.729797,3.019,63.934939,422.247194
11cd1eafdef2e3019d779b5bbe9af8308171c554c5eeb54d48f450ceda564f51,screen_chart,C5,2.0000,0.0200,0.5000,0.1500,2,45,mid,512,512,27012,0.824341,3.015,61.743402,395.719817
11cd1eafdef2e3019d779b5bbe9af8308171c554c5eeb54d48f450ceda564f51,screen_chart,C5,2.0000,0.0200,0.5000,0.1500,2,60,mid,512,512,31567,0.963348,3.204,59.561402,368.991919
11cd1eafdef2e3019d779b5bbe9af8308171c554c5eeb54d48f450ceda564f51,screen_chart,C5,2.0000,0.0200,0.5000,0.1500,2,75,high,512,512,39967,1.219696,3.330,56.926701,341.130743
11cd1eafdef2e3019d779b5bbe9af8308171c554c5eeb54d48f450ceda564f51,screen_chart,C5,2.0000,0.0200,0.5000,0.1500,2,85,high,512,512,51051,1.557953,3.495,56.216668,319.528272
11cd1eafdef2e3019d779b5bbe9af8308171c554c5eeb54d48f450ceda564f51,screen_chart,C5,2.0000,0.0200,0.5000,0.1500,2,95,high,512,512,81442,2.485413,4.634,55.030291,299.804016
11cd1eafdef2e3019d779b5bbe9af8308171c554c5eeb54d48f450ceda564f51,screen_chart,C6,2.0000,0.0200,1.0000,0.3000,2,5,low,512,512,12629,0.385406,2.826,86.798139,598.745448
11cd1eafdef2e3019d779b5bbe9af8308171c554c5eeb54d48f450ceda564f51,screen_chart,C6,2.0000,0.0200,1.0000,0.3000,2,15,low,512,512,17512,0.534424,2.979,72.649556,500.832575
11cd1eafdef2e3019d779b5bbe9af8308171c554c5eeb54d48f450ceda564f51,screen_chart,C6,2.0000,0.0200,1.0000,0.3000,2,30,low,512,512,23914,0.729797,2.933,63.934939,422.247194
11cd1eafdef2e3019d779b5bbe9af8308171c554c5eeb54d48f450ceda564f51,screen_chart,C6,2.0000,0.0200,1.0000,0.3000,2,45,mid,512,512,27012,0.824341,3.681,61.743402,395.719817
11cd1eafdef2e3019d779b5bbe9af8308171c554c5eeb54d48f450ceda564f51,screen_chart,C6,2.0000,0.0200,1.0000,0.3000,2,60,mid,512,512,31567,0.963348,3.308,59.561402,368.991919
11cd1eafdef2e3019d779b5bbe9af8308171c554c5eeb54d48f450ceda564f51,screen_chart,C6,2.0000,0.0200,1.0000,0.3000,2,75,high,512,512,39967,1.219696,3.410,56.926701,341.130743
11cd1eafdef2e3019d779b5bbe9af8308171c554c5eeb54d48f450ceda564f51,screen_chart,C6,2.0000,0.0200,1.0000,0.3000,2,85,high,512,512,51051,1.557953,3.558,56.216668,319.528272
11cd1eafdef2e3019d779b5bbe9af8308171c554c5eeb54d48f450ceda564f51,screen_chart,C6,2.0000,0.0200,1.0000,0.3000,2,95,high,512,512,81442,2.485413,4.575,55.030291,299.804016
11cd1eafdef2e3019d779b5bbe9af8308171c554c5eeb54d48f450ceda564f51,screen_chart,OFF,0.0000,0.0000,0.0000,0.0000,0,5,low,512,512,11697,0.356964,1.799,90.233919,623.882943
11cd1eafdef2e3019d779b5bbe9af8308171c554c5eeb54d48f450ceda564f51,screen_chart,OFF,0.0000,0.0000,0.0000,0.0000,0,15,low,512,512,16183,0.493866,1.867,74.478227,522.743686
11cd1eafdef2e3019d779b5bbe9af8308171c554c5eeb54d48f450ceda564f51,screen_chart,OFF,0.0000,0.0000,0.0000,0.0000,0,30,low,512,512,22165,0.676422,2.077,65.467899,442.721716
11cd1eafdef2e3019d779b5bbe9af8308171c554c5eeb54d48f450ceda564f51,screen_chart,OFF,0.0000,0.0000,0.0000,0.0000,0,45,mid,512,512,24919,0.760468,2.053,62.959970,415.870783
11cd1eafdef2e3019d779b5bbe9af8308171c554c5eeb54d48f450ceda564f51,screen_chart,OFF,0.0000,0.0000,0.0000,0.0000,0,60,mid,512,512,29022,0.885681,2.273,60.585544,384.972817
11cd1eafdef2e3019d779b5bbe9af8308171c554c5eeb54d48f450ceda564f51,screen_chart,OFF,0.0000,0.0000,0.0000,0.0000,0,75,high,512,512,36644,1.118286,2.455,57.727963,353.245683
11cd1eafdef2e3019d779b5bbe9af8308171c554c5eeb54d48f450ceda564f51,screen_chart,OFF,0.0000,0.0000,0.0000,0.0000,0,85,high,512,512,46805,1.428375,2.778,56.728184,327.715610
11cd1eafdef2e3019d779b5bbe9af8308171c554c5eeb54d48f450ceda564f51,screen_chart,OFF,0.0000,0.0000,0.0000,0.0000,0,95,high,512,512,78822,2.405457,3.161,55.120499,301.385269
13f94f75d299c756d6190aa7bd98b41ce912f06f9a5bf55139ebf71fbcd56d0b,screen_chart,C1,2.0000,0.0200,0.5000,1.0000,2,5,low,512,512,10665,0.325470,3.365,51.724848,131.260399
13f94f75d299c756d6190aa7bd98b41ce912f06f9a5bf55139ebf71fbcd56d0b,screen_chart,C1,2.0000,0.0200,0.5000,1.0000,2,15,low,512,512,14716,0.449097,3.319,36.176157,86.606544
13f94f75d299c756d6190aa7bd98b41ce912f06f9a5bf55139ebf71fbcd56d0b,screen_chart,C1,2.0000,0.0200,0.5000,1.0000,2,30,low,512,512,20916,0.638306,3.366,28.527988,49.385157
13f94f75d299c756d6190aa7bd98b41ce912f06f9a5bf55139ebf71fbcd56d0b,screen_chart,C1,2.0000,0.0200,0.5000,1.0000,2,45,mid,512,512,23791,0.726044,3.685,25.337616,38.353562
13f94f75d299c756d6190aa7bd98b41ce912f06f9a5bf55139ebf71fbcd56d0b,screen_chart,C1,2.0000,0.0200,0.5000,1.0000,2,60,mid,512,512,28284,0.863159,3.811,22.044123,26.789709
13f94f75d299c756d6190aa7bd98b41ce912f06f9a5bf55139ebf71fbcd56d0b,screen_chart,C1,2.0000,0.0200,0.5000,1.0000,2,75,high,512,512,34881,1.064484,4.146,17.571186,16.944043
13f94f75d299c756d6190aa7bd98b41ce912f06f9a5bf55139ebf71fbcd56d0b,screen_chart,C1,2.0000,0.0200,0.5000,1.0000,2,85,high,512,512,42750,1.304626,3.946,14.073970,10.933584
13f94f75d299c756d6190aa7bd98b41ce912f06f9a5bf55139ebf71fbcd56d0b,screen_chart,C1,2.0000,0.0200,0.5000,1.0000,2,95,high,512,512,64650,1.972961,4.523,10.227985,6.313114
13f94f75d299c756d6190aa7bd98b41ce912f06f9a5bf55139ebf71fbcd56d0b,screen_chart,C2,2.0000,0.0200,0.5000,0.7000,2,5,low,512,512,11094,0.338562,3.202,51.632235,123.064715
13f94f75d299c756d6190aa7bd98b41ce912f06f9a5bf55139ebf71fbcd56d0b,screen_chart,C2,2.0000,0.0200,0.5000,0.7000,2,15,low,512,512,15368,0.468994,3.276,36.242590,81.889868
13f94f75d299c756d6190aa7bd98b41ce912f06f9a5bf55139ebf71fbcd56d0b,screen_chart,C2,2.0000,0.0200,0.5000,0.7000,2,30,low,512,512,21882,0.667786,3.449,28.343439,45.264724
13f94f75d299c756d6190aa7bd98b41ce912f06f9a5bf55139ebf71fbcd56d0b,screen_chart,C2,2.0000,0.0200,0.5000,0.7000,2,45,mid,512,512,24849,0.758331,3.466,24.950514,34.842723
13f94f75d299c756d6190aa7bd98b41ce912f06f9a5bf55139ebf71fbcd56d0b,screen_chart,C2,2.0000,0.0200,0.5000,0.7000,2,60,mid,512,512,29163,0.889984,3.569,21.847762,23.794758
13f94f75d299c756d6190aa7bd98b41ce912f06f9a5bf55139ebf71fbcd56d0b,screen_chart,C2,2.0000,0.0200,0.5000,0.7000,2,75,high,512,512,35756,1.091187,3.709,17.314661,15.219737
13f94f75d299c756d6190aa7bd98b41ce912f06f9a5bf55139ebf71fbcd56d0b,screen_chart,C2,2.0000,0.0200,0.5000,0.7000,2,85,high,512,512,43493,1.327301,3.759,13.807153,10.073595
13f94f75d299c756d6190aa7bd98b41ce912f06f9a5bf55139ebf71fbcd56d0b,screen_chart,C2,2.0000,0.0200,0.5000,0.7000,2,95,high,512,512,65138,1.987854,4.284,10.293293,6.235023
13f94f75d299c756d6190aa7bd98b41ce912f06f9a5bf55139ebf71fbcd56d0b,screen_chart,C3,2.0000,0.0200,0.5000,0.5000,2,5,low,512,512,11097,0.338654,3.170,51.650602,123.853504
13f94f75d299c756d6190aa7bd98b41ce912f06f9a5bf55139ebf71fbcd56d0b,screen_chart,C3,2.0000,0.0200,0.5000,0.5000,2,15,low,512,512,15367,0.468964,3.224,36.223929,83.043912
13f94f75d299c756d6190aa7bd98b41ce912f06f9a5bf55139ebf71fbcd56d0b,screen_chart,C3,2.0000,0.0200,0.5000,0.5000,2,30,low,512,512,21871,0.667450,3.787,28.372145,46.007149
13f94f75d299c756d6190aa7bd98b41ce912f06f9a5bf55139ebf71fbcd56d0b,screen_chart,C3,2.0000,0.0200,0.5000,0.5000,2,45,mid,512,512,24839,0.758026,3.532,24.996609,35.150295
13f94f75d299c756d6190aa7bd98b41ce912f06f9a5bf55139ebf71fbcd56d0b,screen_chart,C3,2.0000,0.0200,0.5000,0.5000,2,60,mid,512,512,29151,0.889618,3.677,21.884333,24.181669
13f94f75d299c756d6190aa7bd98b41ce912f06f9a5bf55139ebf71fbcd56d0b,screen_chart,C3,2.0000,0.0200,0.5000,0.5000,2,75,high,512,512,35748,1.090942,4.067,17.292960,15.382396
13f94f75d299c756d6190aa7bd98b41ce912f06f9a5bf55139ebf71fbcd56d0b,screen_chart,C3,2.0000,0.0200,0.5000,0.5000,2,85,high,512,512,43486,1.327087,3.781,13.978306,10.133504
13f94f75d299c756d6190aa7bd98b41ce912f06f9a5bf55139ebf71fbcd56d0b,screen_chart,C3,2.0000,0.0200,0.5000,0.5000,2,95,high,512,512,65138,1.987854,4.386,10.135418,6.239090
13f94f75d299c756d6190aa7bd98b41ce912f06f9a5bf55139ebf71fbcd56d0b,screen_chart,C4,2.0000,0.0200,0.5000,0.3000,2,5,low,512,512,11097,0.338654,3.172,51.650602,123.853504
13f94f75d299c756d6190aa7bd98b41ce912f06f9a5bf55139ebf71fbcd56d0b,screen_chart,C4,2.0000,0.0200,0.5000,0.3000,2,15,low,512,512,15367,0.468964,3.232,36.223929,83.043912
13f94f75d299c756d6190aa7bd98b41ce912f06f9a5bf55139ebf71fbcd56d0b,screen_chart,C4,2.0000,0.0200,0.5000,0.3000,2,30,low,512,512,21871,0.667450,3.378,28.372145,46.007149
13f94f75d299c756d6190aa7bd98b41ce912f06f9a5bf55139ebf71fbcd56d0b,screen_chart,C4,2.0000,0.0200,0.5000,0.3000,2,45,mid,512,512,24839,0.758026,3.466,24.996609,35.150295
13f94f75d299c756d6190aa7bd98b41ce912f06f9a5bf55139ebf71fbcd56d0b,screen_chart,C4,2.0000,0.0200,0.5000,0.3000,2,60,mid,512,512,29151,0.889618,3.528,21.884333,24.181669
13f94f75d299c756d6190aa7bd98b41ce912f06f9a5bf55139ebf71fbcd56d0b,screen_chart,C4,2.0000,0.0200,0.5000,0.3000,2,75,high,512,512,35748,1.090942,3.723,17.292960,15.382396
13f94f75d299c756d6190aa7bd98b41ce912f06f9a5bf55139ebf71fbcd56d0b,screen_chart,C4,2.0000,0.0200,0.5000,0.3000,2,85,high,512,512,43486,1.327087,3.823,13.978306,10.133504
13f94f75d299c756d6190aa7bd98b41ce912f06f9a5bf55139ebf71fbcd56d0b,screen_chart,C4,2.0000,0.0200,0.5000,0.3000,2,95,high,512,512,65138,1.987854,4.326,10.135418,6.239090
13f94f75d299c756d6190aa7bd98b41ce912f06f9a5bf55139ebf71fbcd56d0b,screen_chart,C5,2.0000,0.0200,0.5000,0.1500,2,5,low,512,512,11097,0.338654,3.219,51.650602,123.853504
13f94f75d299c756d6190aa7bd98b41ce912f06f9a5bf55139ebf71fbcd56d0b,screen_chart,C5,2.0000,0.0200,0.5000,0.1500,2,15,low,512,512,15367,0.468964,3.263,36.223929,83.043912
13f94f75d299c756d6190aa7bd98b41ce912f06f9a5bf55139ebf71fbcd56d0b,screen_chart,C5,2.0000,0.0200,0.5000,0.1500,2,30,low,512,512,21871,0.667450,3.606,28.372145,46.007149
13f94f75d299c756d6190aa7bd98b41ce912f06f9a5bf55139ebf71fbcd56d0b,screen_chart,C5,2.0000,0.0200,0.5000,0.1500,2,45,mid,512,512,24839,0.758026,3.875,24.996609,35.150295
13f94f75d299c756d6190aa7bd98b41ce912f06f9a5bf55139ebf71fbcd56d0b,screen_chart,C5,2.0000,0.0200,0.5000,0.1500,2,60,mid,512,512,29151,0.889618,4.817,21.884333,24.181669
13f94f75d299c756d6190aa7bd98b41ce912f06f9a5bf55139ebf71fbcd56d0b,screen_chart,C5,2.0000,0.0200,0.5000,0.1500,2,75,high,512,512,35748,1.090942,3.965,17.292960,15.382396
13f94f75d299c756d6190aa7bd98b41ce912f06f9a5bf55139ebf71fbcd56d0b,screen_chart,C5,2.0000,0.0200,0.5000,0.1500,2,85,high,512,512,43486,1.327087,4.306,13.978306,10.133504
13f94f75d299c756d6190aa7bd98b41ce912f06f9a5bf55139ebf71fbcd56d0b,screen_chart,C5,2.0000,0.0200,0.5000,0.1500,2,95,high,512,512,65138,1.987854,4.406,10.135418,6.239090
13f94f75d299c756d6190aa7bd98b41ce912f06f9a5bf55139ebf71fbcd56d0b,screen_chart,C6,2.0000,0.0200,1.0000,0.3000,2,5,low,512,512,11097,0.338654,3.810,51.650602,123.853504
13f94f75d299c756d6190aa7bd98b41ce912f06f9a5bf55139ebf71fbcd56d0b,screen_chart,C6,2.0000,0.0200,1.0000,0.3000,2,15,low,512,512,15367,0.468964,3.269,36.223929,83.043912
13f94f75d299c756d6190aa7bd98b41ce912f06f9a5bf55139ebf71fbcd56d0b,screen_chart,C6,2.0000,0.0200,1.0000,0.3000,2,30,low,512,512,21871,0.667450,3.471,28.372145,46.007149
13f94f75d299c756d6190aa7bd98b41ce912f06f9a5bf55139ebf71fbcd56d0b,screen_chart,C6,2.0000,0.0200,1.0000,0.3000,2,45,mid,512,512,24839,0.758026,3.420,24.996609,35.150295
13f94f75d299c756d6190aa7bd98b41ce912f06f9a5bf55139ebf71fbcd56d0b,screen_chart,C6,2.0000,0.0200,1.0000,0.3000,2,60,mid,512,512,29151,0.889618,3.623,21.884333,24.181669
13f94f75d299c756d6190aa7bd98b41ce912f06f9a5bf55139ebf71fbcd56d0b,screen_chart,C6,2.0000,0.0200,1.0000,0.3000,2,75,high,512,512,35748,1.090942,3.732,17.292960,15.382396
13f94f75d299c756d6190aa7bd98b41ce912f06f9a5bf55139ebf71fbcd56d0b,screen_chart,C6,2.0000,0.0200,1.0000,0.3000,2,85,high,512,512,43486,1.327087,3.908,13.978306,10.133504
13f94f75d299c756d6190aa7bd98b41ce912f06f9a5bf55139ebf71fbcd56d0b,screen_chart,C6,2.0000,0.0200,1.0000,0.3000,2,95,high,512,512,65138,1.987854,4.339,10.135418,6.239090
13f94f75d299c756d6190aa7bd98b41ce912f06f9a5bf55139ebf71fbcd56d0b,screen_chart,OFF,0.0000,0.0000,0.0000,0.0000,0,5,low,512,512,10314,0.314758,2.302,52.128242,153.154200
13f94f75d299c756d6190aa7bd98b41ce912f06f9a5bf55139ebf71fbcd56d0b,screen_chart,OFF,0.0000,0.0000,0.0000,0.0000,0,15,low,512,512,14198,0.433289,2.090,36.660810,98.809045
13f94f75d299c756d6190aa7bd98b41ce912f06f9a5bf55139ebf71fbcd56d0b,screen_chart,OFF,0.0000,0.0000,0.0000,0.0000,0,30,low,512,512,20120,0.614014,2.235,29.089957,58.825216
13f94f75d299c756d6190aa7bd98b41ce912f06f9a5bf55139ebf71fbcd56d0b,screen_chart,OFF,0.0000,0.0000,0.0000,0.0000,0,45,mid,512,512,22965,0.700836,2.498,25.854583,45.076926
13f94f75d299c756d6190aa7bd98b41ce912f06f9a5bf55139ebf71fbcd56d0b,screen_chart,OFF,0.0000,0.0000,0.0000,0.0000,0,60,mid,512,512,27339,0.834320,2.464,22.667280,32.294591
13f94f75d299c756d6190aa7bd98b41ce912f06f9a5bf55139ebf71fbcd56d0b,screen_chart,OFF,0.0000,0.0000,0.0000,0.0000,0,75,high,512,512,33970,1.036682,2.883,18.332330,20.053333
13f94f75d299c756d6190aa7bd98b41ce912f06f9a5bf55139ebf71fbcd56d0b,screen_chart,OFF,0.0000,0.0000,0.0000,0.0000,0,85,high,512,512,41847,1.277069,2.888,14.556866,12.642400
13f94f75d299c756d6190aa7bd98b41ce912f06f9a5bf55139ebf71fbcd56d0b,screen_chart,OFF,0.0000,0.0000,0.0000,0.0000,0,95,high,512,512,64072,1.955322,3.310,10.598852,6.546276
14768480444_bc0a1b4a2e_o,screen_ui,C1,2.0000,0.0200,0.5000,1.0000,2,5,low,512,512,13217,0.403351,2.865,86.054888,278.757018
14768480444_bc0a1b4a2e_o,screen_ui,C1,2.0000,0.0200,0.5000,1.0000,2,15,low,512,512,19256,0.587646,3.096,65.945599,203.824379
14768480444_bc0a1b4a2e_o,screen_ui,C1,2.0000,0.0200,0.5000,1.0000,2,30,low,512,512,28226,0.861389,3.331,50.679344,137.045756
14768480444_bc0a1b4a2e_o,screen_ui,C1,2.0000,0.0200,0.5000,1.0000,2,45,mid,512,512,32636,0.995972,3.416,46.958541,119.540271
14768480444_bc0a1b4a2e_o,screen_ui,C1,2.0000,0.0200,0.5000,1.0000,2,60,mid,512,512,39110,1.193542,3.526,42.943492,95.491027
14768480444_bc0a1b4a2e_o,screen_ui,C1,2.0000,0.0200,0.5000,1.0000,2,75,high,512,512,50827,1.551117,3.770,39.345685,72.231100
14768480444_bc0a1b4a2e_o,screen_ui,C1,2.0000,0.0200,0.5000,1.0000,2,85,high,512,512,66275,2.022552,4.271,37.539007,56.011433
14768480444_bc0a1b4a2e_o,screen_ui,C1,2.0000,0.0200,0.5000,1.0000,2,95,high,512,512,113851,3.474457,5.745,34.997278,40.950777
14768480444_bc0a1b4a2e_o,screen_ui,C2,2.0000,0.0200,0.5000,0.7000,2,5,low,512,512,13993,0.427032,2.821,85.294859,269.856550
14768480444_bc0a1b4a2e_o,screen_ui,C2,2.0000,0.0200,0.5000,0.7000,2,15,low,512,512,20244,0.617798,3.006,65.388586,198.829345
14768480444_bc0a1b4a2e_o,screen_ui,C2,2.0000,0.0200,0.5000,0.7000,2,30,low,512,512,29748,0.907837,3.269,50.409989,133.464412
14768480444_bc0a1b4a2e_o,screen_ui,C2,2.0000,0.0200,0.5000,0.7000,2,45,mid,512,512,34382,1.049255,3.485,46.839296,115.618257
14768480444_bc0a1b4a2e_o,screen_ui,C2,2.0000,0.0200,0.5000,0.7000,2,60,mid,512,512,41291,1.260101,3.559,42.760198,92.477247
14768480444_bc0a1b4a2e_o,screen_ui,C2,2.0000,0.0200,0.5000,0.7000,2,75,high,512,512,53286,1.626160,3.915,39.418738,69.711980
14768480444_bc0a1b4a2e_o,screen_ui,C2,2.0000,0.0200,0.5000,0.7000,2,85,high,512,512,68995,2.105560,4.431,37.559722,54.489220
14768480444_bc0a1b4a2e_o,screen_ui,C2,2.0000,0.0200,0.5000,0.7000,2,95,high,512,512,116271,3.548309,5.448,35.059947,40.671262
14768480444_bc0a1b4a2e_o,screen_ui,C3,2.0000,0.0200,0.5000,0.5000,2,5,low,512,512,13972,0.426392,2.855,85.374767,273.659267
14768480444_bc0a1b4a2e_o,screen_ui,C3,2.0000,0.0200,0.5000,0.5000,2,15,low,512,512,20226,0.617249,2.945,65.519463,202.171980
14768480444_bc0a1b4a2e_o,screen_ui,C3,2.0000,0.0200,0.5000,0.5000,2,30,low,512,512,29755,0.908051,3.264,50.493850,135.795814
14768480444_bc0a1b4a2e_o,screen_ui,C3,2.0000,0.0200,0.5000,0.5000,2,45,mid,512,512,34381,1.049225,3.490,46.918854,116.956555
14768480444_bc0a1b4a2e_o,screen_ui,C3,2.0000,0.0200,0.5000,0.5000,2,60,mid,512,512,41239,1.258514,3.692,42.812535,93.724084
14768480444_bc0a1b4a2e_o,screen_ui,C3,2.0000,0.0200,0.5000,0.5000,2,75,high,512,512,53279,1.625946,4.074,39.441465,70.390351
14768480444_bc0a1b4a2e_o,screen_ui,C3,2.0000,0.0200,0.5000,0.5000,2,85,high,512,512,69029,2.106598,4.250,37.577823,54.872506
14768480444_bc0a1b4a2e_o,screen_ui,C3,2.0000,0.0200,0.5000,0.5000,2,95,high,512,512,116267,3.548187,5.468,35.063200,40.731097
14768480444_bc0a1b4a2e_o,screen_ui,C4,2.0000,0.0200,0.5000,0.3000,2,5,low,512,512,13972,0.426392,2.840,85.374767,273.659267
14768480444_bc0a1b4a2e_o,screen_ui,C4,2.0000,0.0200,0.5000,0.3000,2,15,low,512,512,20226,0.617249,2.935,65.519463,202.171980
14768480444_bc0a1b4a2e_o,screen_ui,C4,2.0000,0.0200,0.5000,0.3000,2,30,low,512,512,29755,0.908051,3.242,50.493850,135.795814
14768480444_bc0a1b4a2e_o,screen_ui,C4,2.0000,0.0200,0.5000,0.3000,2,45,mid,512,512,34381,1.049225,3.369,46.918854,116.956555
14768480444_bc0a1b4a2e_o,screen_ui,C4,2.0000,0.0200,0.5000,0.3000,2,60,mid,512,512,41239,1.258514,3.599,42.812535,93.724084
14768480444_bc0a1b4a2e_o,screen_ui,C4,2.0000,0.0200,0.5000,0.3000,2,75,high,512,512,53279,1.625946,3.814,39.441465,70.390351
14768480444_bc0a1b4a2e_o,screen_ui,C4,2.0000,0.0200,0.5000,0.3000,2,85,high,512,512,69029,2.106598,4.198,37.577823,54.872506
14768480444_bc0a1b4a2e_o,screen_ui,C4,2.0000,0.0200,0.5000,0.3000,2,95,high,512,512,116270,3.548279,5.381,35.061819,40.730800
14768480444_bc0a1b4a2e_o,screen_ui,C5,2.0000,0.0200,0.5000,0.1500,2,5,low,512,512,13972,0.426392,2.900,85.374767,273.659267
14768480444_bc0a1b4a2e_o,screen_ui,C5,2.0000,0.0200,0.5000,0.1500,2,15,low,512,512,20226,0.617249,2.987,65.519463,202.171980
14768480444_bc0a1b4a2e_o,screen_ui,C5,2.0000,0.0200,0.5000,0.1500,2,30,low,512,512,29755,0.908051,3.219,50.493850,135.795814
14768480444_bc0a1b4a2e_o,screen_ui,C5,2.0000,0.0200,0.5000,0.1500,2,45,mid,512,512,34381,1.049225,3.410,46.918854,116.956555
14768480444_bc0a1b4a2e_o,screen_ui,C5,2.0000,0.0200,0.5000,0.1500,2,60,mid,512,512,41239,1.258514,3.492,42.812535,93.724084
14768480444_bc0a1b4a2e_o,screen_ui,C5,2.0000,0.0200,0.5000,0.1500,2,75,high,512,512,53279,1.625946,3.758,39.441465,70.390351
14768480444_bc0a1b4a2e_o,screen_ui,C5,2.0000,0.0200,0.5000,0.1500,2,85,high,512,512,69029,2.106598,4.220,37.577823,54.872506
14768480444_bc0a1b4a2e_o,screen_ui,C5,2.0000,0.0200,0.5000,0.1500,2,95,high,512,512,116270,3.548279,5.413,35.061819,40.730800
14768480444_bc0a1b4a2e_o,screen_ui,C6,2.0000,0.0200,1.0000,0.3000,2,5,low,512,512,13972,0.426392,2.862,85.374767,273.659267
14768480444_bc0a1b4a2e_o,screen_ui,C6,2.0000,0.0200,1.0000,0.3000,2,15,low,512,512,20226,0.617249,2.947,65.519463,202.171980
14768480444_bc0a1b4a2e_o,screen_ui,C6,2.0000,0.0200,1.0000,0.3000,2,30,low,512,512,29755,0.908051,3.332,50.493850,135.795814
14768480444_bc0a1b4a2e_o,screen_ui,C6,2.0000,0.0200,1.0000,0.3000,2,45,mid,512,512,34381,1.049225,3.360,46.918854,116.956555
14768480444_bc0a1b4a2e_o,screen_ui,C6,2.0000,0.0200,1.0000,0.3000,2,60,mid,512,512,41239,1.258514,3.613,42.812535,93.724084
14768480444_bc0a1b4a2e_o,screen_ui,C6,2.0000,0.0200,1.0000,0.3000,2,75,high,512,512,53279,1.625946,4.003,39.441465,70.390351
14768480444_bc0a1b4a2e_o,screen_ui,C6,2.0000,0.0200,1.0000,0.3000,2,85,high,512,512,69029,2.106598,4.255,37.577823,54.872506
14768480444_bc0a1b4a2e_o,screen_ui,C6,2.0000,0.0200,1.0000,0.3000,2,95,high,512,512,116270,3.548279,5.373,35.061819,40.730800
14768480444_bc0a1b4a2e_o,screen_ui,OFF,0.0000,0.0000,0.0000,0.0000,0,5,low,512,512,12553,0.383087,1.707,87.736089,308.885635
14768480444_bc0a1b4a2e_o,screen_ui,OFF,0.0000,0.0000,0.0000,0.0000,0,15,low,512,512,18281,0.557892,1.898,67.710557,228.235887
14768480444_bc0a1b4a2e_o,screen_ui,OFF,0.0000,0.0000,0.0000,0.0000,0,30,low,512,512,26681,0.814240,2.099,52.101384,157.956011
14768480444_bc0a1b4a2e_o,screen_ui,OFF,0.0000,0.0000,0.0000,0.0000,0,45,mid,512,512,30824,0.940674,2.532,47.950787,137.825561
14768480444_bc0a1b4a2e_o,screen_ui,OFF,0.0000,0.0000,0.0000,0.0000,0,60,mid,512,512,36979,1.128510,2.838,43.690697,110.268299
14768480444_bc0a1b4a2e_o,screen_ui,OFF,0.0000,0.0000,0.0000,0.0000,0,75,high,512,512,48360,1.475830,3.315,39.706404,81.027515
14768480444_bc0a1b4a2e_o,screen_ui,OFF,0.0000,0.0000,0.0000,0.0000,0,85,high,512,512,63107,1.925873,3.095,37.672729,61.554085
14768480444_bc0a1b4a2e_o,screen_ui,OFF,0.0000,0.0000,0.0000,0.0000,0,95,high,512,512,110796,3.381226,4.567,34.992441,42.077212
15c01296a9666a79177118b95796acb156ad895ef5ce837a4e103fcf79c1fc90,screen_ui,C1,2.0000,0.0200,0.5000,1.0000,2,5,low,512,512,17866,0.545227,3.153,91.989387,862.762155
15c01296a9666a79177118b95796acb156ad895ef5ce837a4e103fcf79c1fc90,screen_ui,C1,2.0000,0.0200,0.5000,1.0000,2,15,low,512,512,26833,0.818878,3.741,73.367065,716.133493
15c01296a9666a79177118b95796acb156ad895ef5ce837a4e103fcf79c1fc90,screen_ui,C1,2.0000,0.0200,0.5000,1.0000,2,30,low,512,512,42843,1.307465,3.828,55.973218,543.081846
15c01296a9666a79177118b95796acb156ad895ef5ce837a4e103fcf79c1fc90,screen_ui,C1,2.0000,0.0200,0.5000,1.0000,2,45,mid,512,512,51770,1.579895,4.339,49.839716,477.365626
15c01296a9666a79177118b95796acb156ad895ef5ce837a4e103fcf79c1fc90,screen_ui,C1,2.0000,0.0200,0.5000,1.0000,2,60,mid,512,512,65341,1.994049,4.271,43.218419,400.670512
15c01296a9666a79177118b95796acb156ad895ef5ce837a4e103fcf79c1fc90,screen_ui,C1,2.0000,0.0200,0.5000,1.0000,2,75,high,512,512,89297,2.725128,5.445,34.998383,323.017821
15c01296a9666a79177118b95796acb156ad895ef5ce837a4e103fcf79c1fc90,screen_ui,C1,2.0000,0.0200,0.5000,1.0000,2,85,high,512,512,113479,3.463104,6.396,31.477791,286.967819
15c01296a9666a79177118b95796acb156ad895ef5ce837a4e103fcf79c1fc90,screen_ui,C1,2.0000,0.0200,0.5000,1.0000,2,95,high,512,512,178939,5.460785,7.939,27.233811,246.557525
15c01296a9666a79177118b95796acb156ad895ef5ce837a4e103fcf79c1fc90,screen_ui,C2,2.0000,0.0200,0.5000,0.7000,2,5,low,512,512,19238,0.587097,2.967,90.763563,838.381235
15c01296a9666a79177118b95796acb156ad895ef5ce837a4e103fcf79c1fc90,screen_ui,C2,2.0000,0.0200,0.5000,0.7000,2,15,low,512,512,29544,0.901611,3.158,70.854851,687.073110
15c01296a9666a79177118b95796acb156ad895ef5ce837a4e103fcf79c1fc90,screen_ui,C2,2.0000,0.0200,0.5000,0.7000,2,30,low,512,512,47953,1.463409,3.672,53.416123,504.809206
15c01296a9666a79177118b95796acb156ad895ef5ce837a4e103fcf79c1fc90,screen_ui,C2,2.0000,0.0200,0.5000,0.7000,2,45,mid,512,512,57449,1.753204,3.727,47.863994,443.427417
15c01296a9666a79177118b95796acb156ad895ef5ce837a4e103fcf79c1fc90,screen_ui,C2,2.0000,0.0200,0.5000,0.7000,2,60,mid,512,512,71184,2.172363,4.091,41.078664,374.604834
15c01296a9666a79177118b95796acb156ad895ef5ce837a4e103fcf79c1fc90,screen_ui,C2,2.0000,0.0200,0.5000,0.7000,2,75,high,512,512,92020,2.808228,4.716,34.139073,314.199903
15c01296a9666a79177118b95796acb156ad895ef5ce837a4e103fcf79c1fc90,screen_ui,C2,2.0000,0.0200,0.5000,0.7000,2,85,high,512,512,117817,3.595490,5.771,30.653339,280.429833
15c01296a9666a79177118b95796acb156ad895ef5ce837a4e103fcf79c1fc90,screen_ui,C2,2.0000,0.0200,0.5000,0.7000,2,95,high,512,512,179222,5.469421,7.672,27.234083,246.493006
15c01296a9666a79177118b95796acb156ad895ef5ce837a4e103fcf79c1fc90,screen_ui,C3,2.0000,0.0200,0.5000,0.5000,2,5,low,512,512,19135,0.583954,3.054,91.164196,851.599964
15c01296a9666a79177118b95796acb156ad895ef5ce837a4e103fcf79c1fc90,screen_ui,C3,2.0000,0.0200,0.5000,0.5000,2,15,low,512,512,29379,0.896576,3.163,72.143968,703.467217
15c01296a9666a79177118b95796acb156ad895ef5ce837a4e103fcf79c1fc90,screen_ui,C3,2.0000,0.0200,0.5000,0.5000,2,30,low,512,512,47901,1.461823,3.773,54.450280,517.373641
15c01296a9666a79177118b95796acb156ad895ef5ce837a4e103fcf79c1fc90,screen_ui,C3,2.0000,0.0200,0.5000,0.5000,2,45,mid,512,512,57405,1.751862,3.755,48.472183,450.759979
15c01296a9666a79177118b95796acb156ad895ef5ce837a4e103fcf79c1fc90,screen_ui,C3,2.0000,0.0200,0.5000,0.5000,2,60,mid,512,512,71482,2.181458,4.193,41.724602,381.015948
15c01296a9666a79177118b95796acb156ad895ef5ce837a4e103fcf79c1fc90,screen_ui,C3,2.0000,0.0200,0.5000,0.5000,2,75,high,512,512,92201,2.813751,4.820,34.166556,316.256422
15c01296a9666a79177118b95796acb156ad895ef5ce837a4e103fcf79c1fc90,screen_ui,C3,2.0000,0.0200,0.5000,0.5000,2,85,high,512,512,117893,3.597809,5.748,30.684770,281.312695
15c01296a9666a79177118b95796acb156ad895ef5ce837a4e103fcf79c1fc90,screen_ui,C3,2.0000,0.0200,0.5000,0.5000,2,95,high,512,512,179211,5.469086,7.275,27.233910,246.499003
15c01296a9666a79177118b95796acb156ad895ef5ce837a4e103fcf79c1fc90,screen_ui,C4,2.0000,0.0200,0.5000,0.3000,2,5,low,512,512,19135,0.583954,2.954,91.164196,851.599964
15c01296a9666a79177118b95796acb156ad895ef5ce837a4e103fcf79c1fc90,screen_ui,C4,2.0000,0.0200,0.5000,0.3000,2,15,low,512,512,29379,0.896576,3.158,72.143968,703.467217
15c01296a9666a79177118b95796acb156ad895ef5ce837a4e103fcf79c1fc90,screen_ui,C4,2.0000,0.0200,0.5000,0.3000,2,30,low,512,512,47901,1.461823,4.195,54.450280,517.373641
15c01296a9666a79177118b95796acb156ad895ef5ce837a4e103fcf79c1fc90,screen_ui,C4,2.0000,0.0200,0.5000,0.3000,2,45,mid,512,512,57405,1.751862,3.755,48.472183,450.759979
15c01296a9666a79177118b95796acb156ad895ef5ce837a4e103fcf79c1fc90,screen_ui,C4,2.0000,0.0200,0.5000,0.3000,2,60,mid,512,512,71482,2.181458,4.232,41.724602,381.015948
15c01296a9666a79177118b95796acb156ad895ef5ce837a4e103fcf79c1fc90,screen_ui,C4,2.0000,0.0200,0.5000,0.3000,2,75,high,512,512,92201,2.813751,4.788,34.166556,316.256422
15c01296a9666a79177118b95796acb156ad895ef5ce837a4e103fcf79c1fc90,screen_ui,C4,2.0000,0.0200,0.5000,0.3000,2,85,high,512,512,117893,3.597809,5.715,30.684770,281.312695
15c01296a9666a79177118b95796acb156ad895ef5ce837a4e103fcf79c1fc90,screen_ui,C4,2.0000,0.0200,0.5000,0.3000,2,95,high,512,512,179211,5.469086,7.199,27.233910,246.499003
15c01296a9666a79177118b95796acb156ad895ef5ce837a4e103fcf79c1fc90,screen_ui,C5,2.0000,0.0200,0.5000,0.1500,2,5,low,512,512,19135,0.583954,2.952,91.164196,851.599964
15c01296a9666a79177118b95796acb156ad895ef5ce837a4e103fcf79c1fc90,screen_ui,C5,2.0000,0.0200,0.5000,0.1500,2,15,low,512,512,29379,0.896576,3.187,72.143968,703.467217
15c01296a9666a79177118b95796acb156ad895ef5ce837a4e103fcf79c1fc90,screen_ui,C5,2.0000,0.0200,0.5000,0.1500,2,30,low,512,512,47901,1.461823,3.532,54.450280,517.373641
15c01296a9666a79177118b95796acb156ad895ef5ce837a4e103fcf79c1fc90,screen_ui,C5,2.0000,0.0200,0.5000,0.1500,2,45,mid,512,512,57405,1.751862,3.810,48.472183,450.759979
15c01296a9666a79177118b95796acb156ad895ef5ce837a4e103fcf79c1fc90,screen_ui,C5,2.0000,0.0200,0.5000,0.1500,2,60,mid,512,512,71482,2.181458,4.112,41.724602,381.015948
15c01296a9666a79177118b95796acb156ad895ef5ce837a4e103fcf79c1fc90,screen_ui,C5,2.0000,0.0200,0.5000,0.1500,2,75,high,512,512,92201,2.813751,4.667,34.166556,316.256422
15c01296a9666a79177118b95796acb156ad895ef5ce837a4e103fcf79c1fc90,screen_ui,C5,2.0000,0.0200,0.5000,0.1500,2,85,high,512,512,117893,3.597809,5.744,30.684770,281.312695
15c01296a9666a79177118b95796acb156ad895ef5ce837a4e103fcf79c1fc90,screen_ui,C5,2.0000,0.0200,0.5000,0.1500,2,95,high,512,512,179211,5.469086,7.181,27.233910,246.499003
15c01296a9666a79177118b95796acb156ad895ef5ce837a4e103fcf79c1fc90,screen_ui,C6,2.0000,0.0200,1.0000,0.3000,2,5,low,512,512,19135,0.583954,2.969,91.164196,851.599964
15c01296a9666a79177118b95796acb156ad895ef5ce837a4e103fcf79c1fc90,screen_ui,C6,2.0000,0.0200,1.0000,0.3000,2,15,low,512,512,29379,0.896576,3.193,72.143968,703.467217
15c01296a9666a79177118b95796acb156ad895ef5ce837a4e103fcf79c1fc90,screen_ui,C6,2.0000,0.0200,1.0000,0.3000,2,30,low,512,512,47901,1.461823,3.578,54.450280,517.373641
15c01296a9666a79177118b95796acb156ad895ef5ce837a4e103fcf79c1fc90,screen_ui,C6,2.0000,0.0200,1.0000,0.3000,2,45,mid,512,512,57405,1.751862,3.707,48.472183,450.759979
15c01296a9666a79177118b95796acb156ad895ef5ce837a4e103fcf79c1fc90,screen_ui,C6,2.0000,0.0200,1.0000,0.3000,2,60,mid,512,512,71482,2.181458,4.222,41.724602,381.015948
15c01296a9666a79177118b95796acb156ad895ef5ce837a4e103fcf79c1fc90,screen_ui,C6,2.0000,0.0200,1.0000,0.3000,2,75,high,512,512,92201,2.813751,4.758,34.166556,316.256422
15c01296a9666a79177118b95796acb156ad895ef5ce837a4e103fcf79c1fc90,screen_ui,C6,2.0000,0.0200,1.0000,0.3000,2,85,high,512,512,117893,3.597809,5.698,30.684770,281.312695
15c01296a9666a79177118b95796acb156ad895ef5ce837a4e103fcf79c1fc90,screen_ui,C6,2.0000,0.0200,1.0000,0.3000,2,95,high,512,512,179211,5.469086,7.226,27.233910,246.499003
15c01296a9666a79177118b95796acb156ad895ef5ce837a4e103fcf79c1fc90,screen_ui,OFF,0.0000,0.0000,0.0000,0.0000,0,5,low,512,512,16467,0.502533,2.060,95.327374,942.872812
15c01296a9666a79177118b95796acb156ad895ef5ce837a4e103fcf79c1fc90,screen_ui,OFF,0.0000,0.0000,0.0000,0.0000,0,15,low,512,512,24558,0.749451,2.099,77.051093,795.580038
15c01296a9666a79177118b95796acb156ad895ef5ce837a4e103fcf79c1fc90,screen_ui,OFF,0.0000,0.0000,0.0000,0.0000,0,30,low,512,512,37942,1.157898,2.464,60.407036,635.009289
15c01296a9666a79177118b95796acb156ad895ef5ce837a4e103fcf79c1fc90,screen_ui,OFF,0.0000,0.0000,0.0000,0.0000,0,45,mid,512,512,45744,1.395996,2.471,54.205188,563.719762
15c01296a9666a79177118b95796acb156ad895ef5ce837a4e103fcf79c1fc90,screen_ui,OFF,0.0000,0.0000,0.0000,0.0000,0,60,mid,512,512,58144,1.774414,2.972,47.112756,473.613322
15c01296a9666a79177118b95796acb156ad895ef5ce837a4e103fcf79c1fc90,screen_ui,OFF,0.0000,0.0000,0.0000,0.0000,0,75,high,512,512,81150,2.476501,3.463,37.876828,368.674648
15c01296a9666a79177118b95796acb156ad895ef5ce837a4e103fcf79c1fc90,screen_ui,OFF,0.0000,0.0000,0.0000,0.0000,0,85,high,512,512,107721,3.287384,5.061,32.466936,302.474886
15c01296a9666a79177118b95796acb156ad895ef5ce837a4e103fcf79c1fc90,screen_ui,OFF,0.0000,0.0000,0.0000,0.0000,0,95,high,512,512,176300,5.380249,5.942,27.330641,248.054557
2a760bf1ccea6998be3890dcc2371b23f35fe3006562884b45bc534a621d5c12,screen_ui,C1,2.0000,0.0200,0.5000,1.0000,2,5,low,512,512,2351,0.071747,2.360,100.957598,17.026994
2a760bf1ccea6998be3890dcc2371b23f35fe3006562884b45bc534a621d5c12,screen_ui,C1,2.0000,0.0200,0.5000,1.0000,2,15,low,512,512,3011,0.091888,2.408,65.666096,10.539356
2a760bf1ccea6998be3890dcc2371b23f35fe3006562884b45bc534a621d5c12,screen_ui,C1,2.0000,0.0200,0.5000,1.0000,2,30,low,512,512,4243,0.129486,2.507,45.682133,6.929670
2a760bf1ccea6998be3890dcc2371b23f35fe3006562884b45bc534a621d5c12,screen_ui,C1,2.0000,0.0200,0.5000,1.0000,2,45,mid,512,512,4846,0.147888,2.488,39.017418,5.832854
2a760bf1ccea6998be3890dcc2371b23f35fe3006562884b45bc534a621d5c12,screen_ui,C1,2.0000,0.0200,0.5000,1.0000,2,60,mid,512,512,5654,0.172546,2.518,35.020930,4.922209
2a760bf1ccea6998be3890dcc2371b23f35fe3006562884b45bc534a621d5c12,screen_ui,C1,2.0000,0.0200,0.5000,1.0000,2,75,high,512,512,7296,0.222656,2.585,27.710971,3.695682
2a760bf1ccea6998be3890dcc2371b23f35fe3006562884b45bc534a621d5c12,screen_ui,C1,2.0000,0.0200,0.5000,1.0000,2,85,high,512,512,9521,0.290558,2.637,21.989128,2.786137
2a760bf1ccea6998be3890dcc2371b23f35fe3006562884b45bc534a621d5c12,screen_ui,C1,2.0000,0.0200,0.5000,1.0000,2,95,high,512,512,18048,0.550781,2.990,13.073093,1.504318
2a760bf1ccea6998be3890dcc2371b23f35fe3006562884b45bc534a621d5c12,screen_ui,C2,2.0000,0.0200,0.5000,0.7000,2,5,low,512,512,2400,0.073242,2.332,100.710550,17.099025
2a760bf1ccea6998be3890dcc2371b23f35fe3006562884b45bc534a621d5c12,screen_ui,C2,2.0000,0.0200,0.5000,0.7000,2,15,low,512,512,3079,0.093964,2.385,65.443026,10.104525
2a760bf1ccea6998be3890dcc2371b23f35fe3006562884b45bc534a621d5c12,screen_ui,C2,2.0000,0.0200,0.5000,0.7000,2,30,low,512,512,4398,0.134216,2.543,45.697507,6.575515
2a760bf1ccea6998be3890dcc2371b23f35fe3006562884b45bc534a621d5c12,screen_ui,C2,2.0000,0.0200,0.5000,0.7000,2,45,mid,512,512,5050,0.154114,2.452,38.534165,5.568881
2a760bf1ccea6998be3890dcc2371b23f35fe3006562884b45bc534a621d5c12,screen_ui,C2,2.0000,0.0200,0.5000,0.7000,2,60,mid,512,512,5859,0.178802,2.465,34.637237,4.860497
2a760bf1ccea6998be3890dcc2371b23f35fe3006562884b45bc534a621d5c12,screen_ui,C2,2.0000,0.0200,0.5000,0.7000,2,75,high,512,512,7547,0.230316,2.541,27.412390,3.477910
2a760bf1ccea6998be3890dcc2371b23f35fe3006562884b45bc534a621d5c12,screen_ui,C2,2.0000,0.0200,0.5000,0.7000,2,85,high,512,512,9831,0.300018,2.632,21.435259,2.688501
2a760bf1ccea6998be3890dcc2371b23f35fe3006562884b45bc534a621d5c12,screen_ui,C2,2.0000,0.0200,0.5000,0.7000,2,95,high,512,512,18563,0.566498,2.917,12.991159,1.486263
2a760bf1ccea6998be3890dcc2371b23f35fe3006562884b45bc534a621d5c12,screen_ui,C3,2.0000,0.0200,0.5000,0.5000,2,5,low,512,512,2400,0.073242,2.385,100.710550,17.099025
2a760bf1ccea6998be3890dcc2371b23f35fe3006562884b45bc534a621d5c12,screen_ui,C3,2.0000,0.0200,0.5000,0.5000,2,15,low,512,512,3076,0.093872,2.420,65.463640,10.182052
2a760bf1ccea6998be3890dcc2371b23f35fe3006562884b45bc534a621d5c12,screen_ui,C3,2.0000,0.0200,0.5000,0.5000,2,30,low,512,512,4395,0.134125,2.539,45.684334,6.552954
2a760bf1ccea6998be3890dcc2371b23f35fe3006562884b45bc534a621d5c12,screen_ui,C3,2.0000,0.0200,0.5000,0.5000,2,45,mid,512,512,5049,0.154083,2.428,38.530942,5.569617
2a760bf1ccea6998be3890dcc2371b23f35fe3006562884b45bc534a621d5c12,screen_ui,C3,2.0000,0.0200,0.5000,0.5000,2,60,mid,512,512,5857,0.178741,2.754,34.644410,4.864224
2a760bf1ccea6998be3890dcc2371b23f35fe3006562884b45bc534a621d5c12,screen_ui,C3,2.0000,0.0200,0.5000,0.5000,2,75,high,512,512,7548,0.230347,2.575,27.409335,3.485691
2a760bf1ccea6998be3890dcc2371b23f35fe3006562884b45bc534a621d5c12,screen_ui,C3,2.0000,0.0200,0.5000,0.5000,2,85,high,512,512,9832,0.300049,2.726,21.428322,2.682315
2a760bf1ccea6998be3890dcc2371b23f35fe3006562884b45bc534a621d5c12,screen_ui,C3,2.0000,0.0200,0.5000,0.5000,2,95,high,512,512,18557,0.566315,3.237,12.999001,1.487252
2a760bf1ccea6998be3890dcc2371b23f35fe3006562884b45bc534a621d5c12,screen_ui,C4,2.0000,0.0200,0.5000,0.3000,2,5,low,512,512,2400,0.073242,2.716,100.710550,17.099025
2a760bf1ccea6998be3890dcc2371b23f35fe3006562884b45bc534a621d5c12,screen_ui,C4,2.0000,0.0200,0.5000,0.3000,2,15,low,512,512,3076,0.093872,2.789,65.463640,10.182052
2a760bf1ccea6998be3890dcc2371b23f35fe3006562884b45bc534a621d5c12,screen_ui,C4,2.0000,0.0200,0.5000,0.3000,2,30,low,512,512,4395,0.134125,2.618,45.684334,6.552954
2a760bf1ccea6998be3890dcc2371b23f35fe3006562884b45bc534a621d5c12,screen_ui,C4,2.0000,0.0200,0.5000,0.3000,2,45,mid,512,512,5049,0.154083,2.493,38.530942,5.569617
2a760bf1ccea6998be3890dcc2371b23f35fe3006562884b45bc534a621d5c12,screen_ui,C4,2.0000,0.0200,0.5000,0.3000,2,60,mid,512,512,5857,0.178741,2.625,34.644410,4.864224
2a760bf1ccea6998be3890dcc2371b23f35fe3006562884b45bc534a621d5c12,screen_ui,C4,2.0000,0.0200,0.5000,0.3000,2,75,high,512,512,7548,0.230347,2.600,27.409335,3.485691
2a760bf1ccea6998be3890dcc2371b23f35fe3006562884b45bc534a621d5c12,screen_ui,C4,2.0000,0.0200,0.5000,0.3000,2,85,high,512,512,9832,0.300049,2.732,21.428322,2.682315
2a760bf1ccea6998be3890dcc2371b23f35fe3006562884b45bc534a621d5c12,screen_ui,C4,2.0000,0.0200,0.5000,0.3000,2,95,high,512,512,18557,0.566315,3.012,12.999001,1.487252
2a760bf1ccea6998be3890dcc2371b23f35fe3006562884b45bc534a621d5c12,screen_ui,C5,2.0000,0.0200,0.5000,0.1500,2,5,low,512,512,2400,0.073242,2.323,100.710550,17.099025
2a760bf1ccea6998be3890dcc2371b23f35fe3006562884b45bc534a621d5c12,screen_ui,C5,2.0000,0.0200,0.5000,0.1500,2,15,low,512,512,3076,0.093872,2.448,65.463640,10.182052
2a760bf1ccea6998be3890dcc2371b23f35fe3006562884b45bc534a621d5c12,screen_ui,C5,2.0000,0.0200,0.5000,0.1500,2,30,low,512,512,4395,0.134125,2.458,45.684334,6.552954
2a760bf1ccea6998be3890dcc2371b23f35fe3006562884b45bc534a621d5c12,screen_ui,C5,2.0000,0.0200,0.5000,0.1500,2,45,mid,512,512,5049,0.154083,2.690,38.530942,5.569617
2a760bf1ccea6998be3890dcc2371b23f35fe3006562884b45bc534a621d5c12,screen_ui,C5,2.0000,0.0200,0.5000,0.1500,2,60,mid,512,512,5857,0.178741,2.715,34.644410,4.864224
2a760bf1ccea6998be3890dcc2371b23f35fe3006562884b45bc534a621d5c12,screen_ui,C5,2.0000,0.0200,0.5000,0.1500,2,75,high,512,512,7548,0.230347,3.616,27.409335,3.485691
2a760bf1ccea6998be3890dcc2371b23f35fe3006562884b45bc534a621d5c12,screen_ui,C5,2.0000,0.0200,0.5000,0.1500,2,85,high,512,512,9832,0.300049,2.982,21.428322,2.682315
2a760bf1ccea6998be3890dcc2371b23f35fe3006562884b45bc534a621d5c12,screen_ui,C5,2.0000,0.0200,0.5000,0.1500,2,95,high,512,512,18557,0.566315,2.967,12.999001,1.487252
2a760bf1ccea6998be3890dcc2371b23f35fe3006562884b45bc534a621d5c12,screen_ui,C6,2.0000,0.0200,1.0000,0.3000,2,5,low,512,512,2400,0.073242,2.336,100.710550,17.099025
2a760bf1ccea6998be3890dcc2371b23f35fe3006562884b45bc534a621d5c12,screen_ui,C6,2.0000,0.0200,1.0000,0.3000,2,15,low,512,512,3076,0.093872,2.393,65.463640,10.182052
2a760bf1ccea6998be3890dcc2371b23f35fe3006562884b45bc534a621d5c12,screen_ui,C6,2.0000,0.0200,1.0000,0.3000,2,30,low,512,512,4395,0.134125,2.482,45.684334,6.552954
2a760bf1ccea6998be3890dcc2371b23f35fe3006562884b45bc534a621d5c12,screen_ui,C6,2.0000,0.0200,1.0000,0.3000,2,45,mid,512,512,5049,0.154083,2.425,38.530942,5.569617
2a760bf1ccea6998be3890dcc2371b23f35fe3006562884b45bc534a621d5c12,screen_ui,C6,2.0000,0.0200,1.0000,0.3000,2,60,mid,512,512,5857,0.178741,2.532,34.644410,4.864224
2a760bf1ccea6998be3890dcc2371b23f35fe3006562884b45bc534a621d5c12,screen_ui,C6,2.0000,0.0200,1.0000,0.3000,2,75,high,512,512,7548,0.230347,2.532,27.409335,3.485691
2a760bf1ccea6998be3890dcc2371b23f35fe3006562884b45bc534a621d5c12,screen_ui,C6,2.0000,0.0200,1.0000,0.3000,2,85,high,512,512,9832,0.300049,2.727,21.428322,2.682315
2a760bf1ccea6998be3890dcc2371b23f35fe3006562884b45bc534a621d5c12,screen_ui,C6,2.0000,0.0200,1.0000,0.3000,2,95,high,512,512,18557,0.566315,2.988,12.999001,1.487252
2a760bf1ccea6998be3890dcc2371b23f35fe3006562884b45bc534a621d5c12,screen_ui,OFF,0.0000,0.0000,0.0000,0.0000,0,5,low,512,512,2317,0.070709,1.432,101.158420,17.820673
2a760bf1ccea6998be3890dcc2371b23f35fe3006562884b45bc534a621d5c12,screen_ui,OFF,0.0000,0.0000,0.0000,0.0000,0,15,low,512,512,2977,0.090851,1.296,66.190038,11.102228
2a760bf1ccea6998be3890dcc2371b23f35fe3006562884b45bc534a621d5c12,screen_ui,OFF,0.0000,0.0000,0.0000,0.0000,0,30,low,512,512,4206,0.128357,1.489,46.049444,7.284652
2a760bf1ccea6998be3890dcc2371b23f35fe3006562884b45bc534a621d5c12,screen_ui,OFF,0.0000,0.0000,0.0000,0.0000,0,45,mid,512,512,4786,0.146057,1.525,39.341020,6.148495
2a760bf1ccea6998be3890dcc2371b23f35fe3006562884b45bc534a621d5c12,screen_ui,OFF,0.0000,0.0000,0.0000,0.0000,0,60,mid,512,512,5595,0.170746,1.519,35.422182,5.090383
2a760bf1ccea6998be3890dcc2371b23f35fe3006562884b45bc534a621d5c12,screen_ui,OFF,0.0000,0.0000,0.0000,0.0000,0,75,high,512,512,7219,0.220306,1.510,28.063650,3.907884
2a760bf1ccea6998be3890dcc2371b23f35fe3006562884b45bc534a621d5c12,screen_ui,OFF,0.0000,0.0000,0.0000,0.0000,0,85,high,512,512,9432,0.287842,1.703,22.144568,2.883085
2a760bf1ccea6998be3890dcc2371b23f35fe3006562884b45bc534a621d5c12,screen_ui,OFF,0.0000,0.0000,0.0000,0.0000,0,95,high,512,512,17876,0.545532,1.967,13.163594,1.529753
3227d50d587b8c7ea1e11c6f9549a9aa318d50a7d74bd21ab36fc6a6b4b8ac58,illustration,C1,2.0000,0.0200,0.5000,1.0000,2,5,low,512,512,7441,0.227081,2.655,70.959287,74.876855
3227d50d587b8c7ea1e11c6f9549a9aa318d50a7d74bd21ab36fc6a6b4b8ac58,illustration,C1,2.0000,0.0200,0.5000,1.0000,2,15,low,512,512,10851,0.331146,2.897,45.262656,43.393464
3227d50d587b8c7ea1e11c6f9549a9aa318d50a7d74bd21ab36fc6a6b4b8ac58,illustration,C1,2.0000,0.0200,0.5000,1.0000,2,30,low,512,512,15126,0.461609,2.861,28.734960,25.077602
3227d50d587b8c7ea1e11c6f9549a9aa318d50a7d74bd21ab36fc6a6b4b8ac58,illustration,C1,2.0000,0.0200,0.5000,1.0000,2,45,mid,512,512,16887,0.515350,2.807,24.760949,20.898910
3227d50d587b8c7ea1e11c6f9549a9aa318d50a7d74bd21ab36fc6a6b4b8ac58,illustration,C1,2.0000,0.0200,0.5000,1.0000,2,60,mid,512,512,19138,0.584045,2.950,21.289946,16.004465
3227d50d587b8c7ea1e11c6f9549a9aa318d50a7d74bd21ab36fc6a6b4b8ac58,illustration,C1,2.0000,0.0200,0.5000,1.0000,2,75,high,512,512,23134,0.705994,3.127,16.506618,10.794361
3227d50d587b8c7ea1e11c6f9549a9aa318d50a7d74bd21ab36fc6a6b4b8ac58,illustration,C1,2.0000,0.0200,0.5000,1.0000,2,85,high,512,512,28927,0.882782,3.228,13.085702,6.885286
3227d50d587b8c7ea1e11c6f9549a9aa318d50a7d74bd21ab36fc6a6b4b8ac58,illustration,C1,2.0000,0.0200,0.5000,1.0000,2,95,high,512,512,51071,1.558563,3.813,7.945919,2.555070
3227d50d587b8c7ea1e11c6f9549a9aa318d50a7d74bd21ab36fc6a6b4b8ac58,illustration,C2,2.0000,0.0200,0.5000,0.7000,2,5,low,512,512,7757,0.236725,2.776,70.454089,68.714356
3227d50d587b8c7ea1e11c6f9549a9aa318d50a7d74bd21ab36fc6a6b4b8ac58,illustration,C2,2.0000,0.0200,0.5000,0.7000,2,15,low,512,512,11224,0.342529,2.793,45.015621,39.266981
3227d50d587b8c7ea1e11c6f9549a9aa318d50a7d74bd21ab36fc6a6b4b8ac58,illustration,C2,2.0000,0.0200,0.5000,0.7000,2,30,low,512,512,15540,0.474243,3.060,28.665512,23.140852
3227d50d587b8c7ea1e11c6f9549a9aa318d50a7d74bd21ab36fc6a6b4b8ac58,illustration,C2,2.0000,0.0200,0.5000,0.7000,2,45,mid,512,512,17350,0.529480,2.944,24.673762,18.826852
3227d50d587b8c7ea1e11c6f9549a9aa318d50a7d74bd21ab36fc6a6b4b8ac58,illustration,C2,2.0000,0.0200,0.5000,0.7000,2,60,mid,512,512,19619,0.598724,2.930,21.193288,14.491402
3227d50d587b8c7ea1e11c6f9549a9aa318d50a7d74bd21ab36fc6a6b4b8ac58,illustration,C2,2.0000,0.0200,0.5000,0.7000,2,75,high,512,512,23771,0.725433,3.057,16.388758,9.931546
3227d50d587b8c7ea1e11c6f9549a9aa318d50a7d74bd21ab36fc6a6b4b8ac58,illustration,C2,2.0000,0.0200,0.5000,0.7000,2,85,high,512,512,29756,0.908081,3.225,12.953610,6.336133
3227d50d587b8c7ea1e11c6f9549a9aa318d50a7d74bd21ab36fc6a6b4b8ac58,illustration,C2,2.0000,0.0200,0.5000,0.7000,2,95,high,512,512,52204,1.593140,3.794,8.066109,2.436404
3227d50d587b8c7ea1e11c6f9549a9aa318d50a7d74bd21ab36fc6a6b4b8ac58,illustration,C3,2.0000,0.0200,0.5000,0.5000,2,5,low,512,512,7757,0.236725,2.544,70.454089,68.714356
3227d50d587b8c7ea1e11c6f9549a9aa318d50a7d74bd21ab36fc6a6b4b8ac58,illustration,C3,2.0000,0.0200,0.5000,0.5000,2,15,low,512,512,11224,0.342529,2.642,45.015621,39.266981
3227d50d587b8c7ea1e11c6f9549a9aa318d50a7d74bd21ab36fc6a6b4b8ac58,illustration,C3,2.0000,0.0200,0.5000,0.5000,2,30,low,512,512,15540,0.474243,2.745,28.665512,23.140852
3227d50d587b8c7ea1e11c6f9549a9aa318d50a7d74bd21ab36fc6a6b4b8ac58,illustration,C3,2.0000,0.0200,0.5000,0.5000,2,45,mid,512,512,17350,0.529480,2.813,24.673762,18.826852
3227d50d587b8c7ea1e11c6f9549a9aa318d50a7d74bd21ab36fc6a6b4b8ac58,illustration,C3,2.0000,0.0200,0.5000,0.5000,2,60,mid,512,512,19619,0.598724,2.871,21.193288,14.491402
3227d50d587b8c7ea1e11c6f9549a9aa318d50a7d74bd21ab36fc6a6b4b8ac58,illustration,C3,2.0000,0.0200,0.5000,0.5000,2,75,high,512,512,23771,0.725433,3.014,16.388758,9.931546
3227d50d587b8c7ea1e11c6f9549a9aa318d50a7d74bd21ab36fc6a6b4b8ac58,illustration,C3,2.0000,0.0200,0.5000,0.5000,2,85,high,512,512,29756,0.908081,3.133,12.953610,6.336133
3227d50d587b8c7ea1e11c6f9549a9aa318d50a7d74bd21ab36fc6a6b4b8ac58,illustration,C3,2.0000,0.0200,0.5000,0.5000,2,95,high,512,512,52208,1.593262,3.653,8.083477,2.436856
3227d50d587b8c7ea1e11c6f9549a9aa318d50a7d74bd21ab36fc6a6b4b8ac58,illustration,C4,2.0000,0.0200,0.5000,0.3000,2,5,low,512,512,7757,0.236725,2.631,70.454089,68.714356
3227d50d587b8c7ea1e11c6f9549a9aa318d50a7d74bd21ab36fc6a6b4b8ac58,illustration,C4,2.0000,0.0200,0.5000,0.3000,2,15,low,512,512,11224,0.342529,3.020,45.015621,39.266981
3227d50d587b8c7ea1e11c6f9549a9aa318d50a7d74bd21ab36fc6a6b4b8ac58,illustration,C4,2.0000,0.0200,0.5000,0.3000,2,30,low,512,512,15540,0.474243,3.021,28.665512,23.140852
3227d50d587b8c7ea1e11c6f9549a9aa318d50a7d74bd21ab36fc6a6b4b8ac58,illustration,C4,2.0000,0.0200,0.5000,0.3000,2,45,mid,512,512,17350,0.529480,2.957,24.673762,18.826852
3227d50d587b8c7ea1e11c6f9549a9aa318d50a7d74bd21ab36fc6a6b4b8ac58,illustration,C4,2.0000,0.0200,0.5000,0.3000,2,60,mid,512,512,19619,0.598724,3.128,21.193288,14.491402
3227d50d587b8c7ea1e11c6f9549a9aa318d50a7d74bd21ab36fc6a6b4b8ac58,illustration,C4,2.0000,0.0200,0.5000,0.3000,2,75,high,512,512,23771,0.725433,3.126,16.388758,9.931546
3227d50d587b8c7ea1e11c6f9549a9aa318d50a7d74bd21ab36fc6a6b4b8ac58,illustration,C4,2.0000,0.0200,0.5000,0.3000,2,85,high,512,512,29756,0.908081,3.228,12.953610,6.336133
3227d50d587b8c7ea1e11c6f9549a9aa318d50a7d74bd21ab36fc6a6b4b8ac58,illustration,C4,2.0000,0.0200,0.5000,0.3000,2,95,high,512,512,52208,1.593262,3.821,8.083477,2.436856
3227d50d587b8c7ea1e11c6f9549a9aa318d50a7d74bd21ab36fc6a6b4b8ac58,illustration,C5,2.0000,0.0200,0.5000,0.1500,2,5,low,512,512,7757,0.236725,2.630,70.454089,68.714356
3227d50d587b8c7ea1e11c6f9549a9aa318d50a7d74bd21ab36fc6a6b4b8ac58,illustration,C5,2.0000,0.0200,0.5000,0.1500,2,15,low,512,512,11224,0.342529,2.717,45.015621,39.266981
3227d50d587b8c7ea1e11c6f9549a9aa318d50a7d74bd21ab36fc6a6b4b8ac58,illustration,C5,2.0000,0.0200,0.5000,0.1500,2,30,low,512,512,15540,0.474243,2.823,28.665512,23.140852
3227d50d587b8c7ea1e11c6f9549a9aa318d50a7d74bd21ab36fc6a6b4b8ac58,illustration,C5,2.0000,0.0200,0.5000,0.1500,2,45,mid,512,512,17350,0.529480,2.845,24.673762,18.826852
3227d50d587b8c7ea1e11c6f9549a9aa318d50a7d74bd21ab36fc6a6b4b8ac58,illustration,C5,2.0000,0.0200,0.5000,0.1500,2,60,mid,512,512,19619,0.598724,2.913,21.193288,14.491402
3227d50d587b8c7ea1e11c6f9549a9aa318d50a7d74bd21ab36fc6a6b4b8ac58,illustration,C5,2.0000,0.0200,0.5000,0.1500,2,75,high,512,512,23771,0.725433,3.224,16.388758,9.931546
3227d50d587b8c7ea1e11c6f9549a9aa318d50a7d74bd21ab36fc6a6b4b8ac58,illustration,C5,2.0000,0.0200,0.5000,0.1500,2,85,high,512,512,29756,0.908081,3.173,12.953610,6.336133
3227d50d587b8c7ea1e11c6f9549a9aa318d50a7d74bd21ab36fc6a6b4b8ac58,illustration,C5,2.0000,0.0200,0.5000,0.1500,2,95,high,512,512,52208,1.593262,4.169,8.083477,2.436856
3227d50d587b8c7ea1e11c6f9549a9aa318d50a7d74bd21ab36fc6a6b4b8ac58,illustration,C6,2.0000,0.0200,1.0000,0.3000,2,5,low,512,512,7757,0.236725,2.515,70.454089,68.714356
3227d50d587b8c7ea1e11c6f9549a9aa318d50a7d74bd21ab36fc6a6b4b8ac58,illustration,C6,2.0000,0.0200,1.0000,0.3000,2,15,low,512,512,11224,0.342529,2.595,45.015621,39.266981
3227d50d587b8c7ea1e11c6f9549a9aa318d50a7d74bd21ab36fc6a6b4b8ac58,illustration,C6,2.0000,0.0200,1.0000,0.3000,2,30,low,512,512,15540,0.474243,2.769,28.665512,23.140852
3227d50d587b8c7ea1e11c6f9549a9aa318d50a7d74bd21ab36fc6a6b4b8ac58,illustration,C6,2.0000,0.0200,1.0000,0.3000,2,45,mid,512,512,17350,0.529480,2.788,24.673762,18.826852
3227d50d587b8c7ea1e11c6f9549a9aa318d50a7d74bd21ab36fc6a6b4b8ac58,illustration,C6,2.0000,0.0200,1.0000,0.3000,2,60,mid,512,512,19619,0.598724,2.775,21.193288,14.491402
3227d50d587b8c7ea1e11c6f9549a9aa318d50a7d74bd21ab36fc6a6b4b8ac58,illustration,C6,2.0000,0.0200,1.0000,0.3000,2,75,high,512,512,23771,0.725433,2.967,16.388758,9.931546
3227d50d587b8c7ea1e11c6f9549a9aa318d50a7d74bd21ab36fc6a6b4b8ac58,illustration,C6,2.0000,0.0200,1.0000,0.3000,2,85,high,512,512,29756,0.908081,3.087,12.953610,6.336133
3227d50d587b8c7ea1e11c6f9549a9aa318d50a7d74bd21ab36fc6a6b4b8ac58,illustration,C6,2.0000,0.0200,1.0000,0.3000,2,95,high,512,512,52208,1.593262,3.722,8.083477,2.436856
3227d50d587b8c7ea1e11c6f9549a9aa318d50a7d74bd21ab36fc6a6b4b8ac58,illustration,OFF,0.0000,0.0000,0.0000,0.0000,0,5,low,512,512,7240,0.220947,1.657,71.570539,80.432161
3227d50d587b8c7ea1e11c6f9549a9aa318d50a7d74bd21ab36fc6a6b4b8ac58,illustration,OFF,0.0000,0.0000,0.0000,0.0000,0,15,low,512,512,10657,0.325226,1.548,45.551150,46.340266
3227d50d587b8c7ea1e11c6f9549a9aa318d50a7d74bd21ab36fc6a6b4b8ac58,illustration,OFF,0.0000,0.0000,0.0000,0.0000,0,30,low,512,512,14942,0.455994,1.579,28.976826,26.762423
3227d50d587b8c7ea1e11c6f9549a9aa318d50a7d74bd21ab36fc6a6b4b8ac58,illustration,OFF,0.0000,0.0000,0.0000,0.0000,0,45,mid,512,512,16724,0.510376,1.673,24.929616,21.992492
3227d50d587b8c7ea1e11c6f9549a9aa318d50a7d74bd21ab36fc6a6b4b8ac58,illustration,OFF,0.0000,0.0000,0.0000,0.0000,0,60,mid,512,512,18968,0.578857,1.708,21.390643,16.847084
3227d50d587b8c7ea1e11c6f9549a9aa318d50a7d74bd21ab36fc6a6b4b8ac58,illustration,OFF,0.0000,0.0000,0.0000,0.0000,0,75,high,512,512,22917,0.699371,1.927,16.556989,11.378286
3227d50d587b8c7ea1e11c6f9549a9aa318d50a7d74bd21ab36fc6a6b4b8ac58,illustration,OFF,0.0000,0.0000,0.0000,0.0000,0,85,high,512,512,28595,0.872650,2.100,13.142103,7.302559
3227d50d587b8c7ea1e11c6f9549a9aa318d50a7d74bd21ab36fc6a6b4b8ac58,illustration,OFF,0.0000,0.0000,0.0000,0.0000,0,95,high,512,512,50564,1.543091,2.499,8.130104,2.646533
368099ebb80537a3623d07bd5ba02c9b550f4c594841b79cc6a787ee8dd17ccc,screen_chart,C1,2.0000,0.0200,0.5000,1.0000,2,5,low,512,512,11081,0.338165,4.404,56.154270,158.833721
368099ebb80537a3623d07bd5ba02c9b550f4c594841b79cc6a787ee8dd17ccc,screen_chart,C1,2.0000,0.0200,0.5000,1.0000,2,15,low,512,512,15259,0.465668,3.388,41.868336,108.470342
368099ebb80537a3623d07bd5ba02c9b550f4c594841b79cc6a787ee8dd17ccc,screen_chart,C1,2.0000,0.0200,0.5000,1.0000,2,30,low,512,512,21822,0.665955,3.956,30.759696,74.226223
368099ebb80537a3623d07bd5ba02c9b550f4c594841b79cc6a787ee8dd17ccc,screen_chart,C1,2.0000,0.0200,0.5000,1.0000,2,45,mid,512,512,25245,0.770416,3.180,27.498023,62.305235
368099ebb80537a3623d07bd5ba02c9b550f4c594841b79cc6a787ee8dd17ccc,screen_chart,C1,2.0000,0.0200,0.5000,1.0000,2,60,mid,512,512,30733,0.937897,4.205,23.439053,48.521891
368099ebb80537a3623d07bd5ba02c9b550f4c594841b79cc6a787ee8dd17ccc,screen_chart,C1,2.0000,0.0200,0.5000,1.0000,2,75,high,512,512,40873,1.247345,3.901,18.503310,31.199944
368099ebb80537a3623d07bd5ba02c9b550f4c594841b79cc6a787ee8dd17ccc,screen_chart,C1,2.0000,0.0200,0.5000,1.0000,2,85,high,512,512,55462,1.692566,5.895,13.977477,17.565272
368099ebb80537a3623d07bd5ba02c9b550f4c594841b79cc6a787ee8dd17ccc,screen_chart,C1,2.0000,0.0200,0.5000,1.0000,2,95,high,512,512,99566,3.038513,5.371,7.759325,3.803588
368099ebb80537a3623d07bd5ba02c9b550f4c594841b79cc6a787ee8dd17ccc,screen_chart,C2,2.0000,0.0200,0.5000,0.7000,2,5,low,512,512,11654,0.355652,2.923,55.722249,146.628317
368099ebb80537a3623d07bd5ba02c9b550f4c594841b79cc6a787ee8dd17ccc,screen_chart,C2,2.0000,0.0200,0.5000,0.7000,2,15,low,512,512,16077,0.490631,3.242,41.320525,103.913635
368099ebb80537a3623d07bd5ba02c9b550f4c594841b79cc6a787ee8dd17ccc,screen_chart,C2,2.0000,0.0200,0.5000,0.7000,2,30,low,512,512,23236,0.709106,3.156,30.170768,71.821590
368099ebb80537a3623d07bd5ba02c9b550f4c594841b79cc6a787ee8dd17ccc,screen_chart,C2,2.0000,0.0200,0.5000,0.7000,2,45,mid,512,512,26951,0.822479,3.211,26.997942,60.505800
368099ebb80537a3623d07bd5ba02c9b550f4c594841b79cc6a787ee8dd17ccc,screen_chart,C2,2.0000,0.0200,0.5000,0.7000,2,60,mid,512,512,32900,1.004028,3.348,22.893233,46.655073
368099ebb80537a3623d07bd5ba02c9b550f4c594841b79cc6a787ee8dd17ccc,screen_chart,C2,2.0000,0.0200,0.5000,0.7000,2,75,high,512,512,43557,1.329254,3.519,18.039928,29.250779
368099ebb80537a3623d07bd5ba02c9b550f4c594841b79cc6a787ee8dd17ccc,screen_chart,C2,2.0000,0.0200,0.5000,0.7000,2,85,high,512,512,58776,1.793701,3.860,13.553499,16.112310
368099ebb80537a3623d07bd5ba02c9b550f4c594841b79cc6a787ee8dd17ccc,screen_chart,C2,2.0000,0.0200,0.5000,0.7000,2,95,high,512,512,102776,3.136475,5.066,7.588389,3.352394
368099ebb80537a3623d07bd5ba02c9b550f4c594841b79cc6a787ee8dd17ccc,screen_chart,C3,2.0000,0.0200,0.5000,0.5000,2,5,low,512,512,11659,0.355804,2.826,55.711197,146.917204
368099ebb80537a3623d07bd5ba02c9b550f4c594841b79cc6a787ee8dd17ccc,screen_chart,C3,2.0000,0.0200,0.5000,0.5000,2,15,low,512,512,16066,0.490295,2.890,41.340965,104.037867
368099ebb80537a3623d07bd5ba02c9b550f4c594841b79cc6a787ee8dd17ccc,screen_chart,C3,2.0000,0.0200,0.5000,0.5000,2,30,low,512,512,23242,0.709290,3.029,30.179719,71.807190
368099ebb80537a3623d07bd5ba02c9b550f4c594841b79cc6a787ee8dd17ccc,screen_chart,C3,2.0000,0.0200,0.5000,0.5000,2,45,mid,512,512,26943,0.822235,3.077,26.984891,60.594001
368099ebb80537a3623d07bd5ba02c9b550f4c594841b79cc6a787ee8dd17ccc,screen_chart,C3,2.0000,0.0200,0.5000,0.5000,2,60,mid,512,512,32897,1.003937,3.191,22.905723,46.659647
368099ebb80537a3623d07bd5ba02c9b550f4c594841b79cc6a787ee8dd17ccc,screen_chart,C3,2.0000,0.0200,0.5000,0.5000,2,75,high,512,512,43517,1.328033,3.394,18.048570,29.247942
368099ebb80537a3623d07bd5ba02c9b550f4c594841b79cc6a787ee8dd17ccc,screen_chart,C3,2.0000,0.0200,0.5000,0.5000,2,85,high,512,512,58754,1.793030,3.786,13.583326,16.165478
368099ebb80537a3623d07bd5ba02c9b550f4c594841b79cc6a787ee8dd17ccc,screen_chart,C3,2.0000,0.0200,0.5000,0.5000,2,95,high,512,512,102715,3.134613,4.870,7.580240,3.388587
368099ebb80537a3623d07bd5ba02c9b550f4c594841b79cc6a787ee8dd17ccc,screen_chart,C4,2.0000,0.0200,0.5000,0.3000,2,5,low,512,512,11659,0.355804,2.999,55.711197,146.917204
368099ebb80537a3623d07bd5ba02c9b550f4c594841b79cc6a787ee8dd17ccc,screen_chart,C4,2.0000,0.0200,0.5000,0.3000,2,15,low,512,512,16066,0.490295,2.952,41.340965,104.037867
368099ebb80537a3623d07bd5ba02c9b550f4c594841b79cc6a787ee8dd17ccc,screen_chart,C4,2.0000,0.0200,0.5000,0.3000,2,30,low,512,512,23242,0.709290,3.112,30.179719,71.807190
368099ebb80537a3623d07bd5ba02c9b550f4c594841b79cc6a787ee8dd17ccc,screen_chart,C4,2.0000,0.0200,0.5000,0.3000,2,45,mid,512,512,26943,0.822235,3.241,26.984891,60.594001
368099ebb80537a3623d07bd5ba02c9b550f4c594841b79cc6a787ee8dd17ccc,screen_chart,C4,2.0000,0.0200,0.5000,0.3000,2,60,mid,512,512,32897,1.003937,3.340,22.905723,46.659647
368099ebb80537a3623d07bd5ba02c9b550f4c594841b79cc6a787ee8dd17ccc,screen_chart,C4,2.0000,0.0200,0.5000,0.3000,2,75,high,512,512,43517,1.328033,3.460,18.048570,29.247942
368099ebb80537a3623d07bd5ba02c9b550f4c594841b79cc6a787ee8dd17ccc,screen_chart,C4,2.0000,0.0200,0.5000,0.3000,2,85,high,512,512,58754,1.793030,3.853,13.583326,16.165478
368099ebb80537a3623d07bd5ba02c9b550f4c594841b79cc6a787ee8dd17ccc,screen_chart,C4,2.0000,0.0200,0.5000,0.3000,2,95,high,512,512,102715,3.134613,5.208,7.580240,3.388587
368099ebb80537a3623d07bd5ba02c9b550f4c594841b79cc6a787ee8dd17ccc,screen_chart,C5,2.0000,0.0200,0.5000,0.1500,2,5,low,512,512,11659,0.355804,2.845,55.711197,146.917204
368099ebb80537a3623d07bd5ba02c9b550f4c594841b79cc6a787ee8dd17ccc,screen_chart,C5,2.0000,0.0200,0.5000,0.1500,2,15,low,512,512,16066,0.490295,3.005,41.340965,104.037867
368099ebb80537a3623d07bd5ba02c9b550f4c594841b79cc6a787ee8dd17ccc,screen_chart,C5,2.0000,0.0200,0.5000,0.1500,2,30,low,512,512,23242,0.709290,3.112,30.179719,71.807190
368099ebb80537a3623d07bd5ba02c9b550f4c594841b79cc6a787ee8dd17ccc,screen_chart,C5,2.0000,0.0200,0.5000,0.1500,2,45,mid,512,512,26943,0.822235,3.127,26.984891,60.594001
368099ebb80537a3623d07bd5ba02c9b550f4c594841b79cc6a787ee8dd17ccc,screen_chart,C5,2.0000,0.0200,0.5000,0.1500,2,60,mid,512,512,32897,1.003937,3.297,22.905723,46.659647
368099ebb80537a3623d07bd5ba02c9b550f4c594841b79cc6a787ee8dd17ccc,screen_chart,C5,2.0000,0.0200,0.5000,0.1500,2,75,high,512,512,43517,1.328033,3.719,18.048570,29.247942
368099ebb80537a3623d07bd5ba02c9b550f4c594841b79cc6a787ee8dd17ccc,screen_chart,C5,2.0000,0.0200,0.5000,0.1500,2,85,high,512,512,58754,1.793030,3.908,13.583326,16.165478
368099ebb80537a3623d07bd5ba02c9b550f4c594841b79cc6a787ee8dd17ccc,screen_chart,C5,2.0000,0.0200,0.5000,0.1500,2,95,high,512,512,102715,3.134613,5.021,7.580240,3.388587
368099ebb80537a3623d07bd5ba02c9b550f4c594841b79cc6a787ee8dd17ccc,screen_chart,C6,2.0000,0.0200,1.0000,0.3000,2,5,low,512,512,11659,0.355804,2.895,55.711197,146.917204
368099ebb80537a3623d07bd5ba02c9b550f4c594841b79cc6a787ee8dd17ccc,screen_chart,C6,2.0000,0.0200,1.0000,0.3000,2,15,low,512,512,16066,0.490295,2.931,41.340965,104.037867
368099ebb80537a3623d07bd5ba02c9b550f4c594841b79cc6a787ee8dd17ccc,screen_chart,C6,2.0000,0.0200,1.0000,0.3000,2,30,low,512,512,23242,0.709290,3.072,30.179719,71.807190
368099ebb80537a3623d07bd5ba02c9b550f4c594841b79cc6a787ee8dd17ccc,screen_chart,C6,2.0000,0.0200,1.0000,0.3000,2,45,mid,512,512,26943,0.822235,3.475,26.984891,60.594001
368099ebb80537a3623d07bd5ba02c9b550f4c594841b79cc6a787ee8dd17ccc,screen_chart,C6,2.0000,0.0200,1.0000,0.3000,2,60,mid,512,512,32897,1.003937,3.267,22.905723,46.659647
368099ebb80537a3623d07bd5ba02c9b550f4c594841b79cc6a787ee8dd17ccc,screen_chart,C6,2.0000,0.0200,1.0000,0.3000,2,75,high,512,512,43517,1.328033,3.636,18.048570,29.247942
368099ebb80537a3623d07bd5ba02c9b550f4c594841b79cc6a787ee8dd17ccc,screen_chart,C6,2.0000,0.0200,1.0000,0.3000,2,85,high,512,512,58754,1.793030,3.805,13.583326,16.165478
368099ebb80537a3623d07bd5ba02c9b550f4c594841b79cc6a787ee8dd17ccc,screen_chart,C6,2.0000,0.0200,1.0000,0.3000,2,95,high,512,512,102715,3.134613,4.970,7.580240,3.388587
368099ebb80537a3623d07bd5ba02c9b550f4c594841b79cc6a787ee8dd17ccc,screen_chart,OFF,0.0000,0.0000,0.0000,0.0000,0,5,low,512,512,10540,0.321655,1.715,57.801285,175.597548
368099ebb80537a3623d07bd5ba02c9b550f4c594841b79cc6a787ee8dd17ccc,screen_chart,OFF,0.0000,0.0000,0.0000,0.0000,0,15,low,512,512,14578,0.444885,1.762,43.029689,120.142835
368099ebb80537a3623d07bd5ba02c9b550f4c594841b79cc6a787ee8dd17ccc,screen_chart,OFF,0.0000,0.0000,0.0000,0.0000,0,30,low,512,512,20683,0.631195,1.847,31.898458,82.909639
368099ebb80537a3623d07bd5ba02c9b550f4c594841b79cc6a787ee8dd17ccc,screen_chart,OFF,0.0000,0.0000,0.0000,0.0000,0,45,mid,512,512,23833,0.727325,1.974,28.543538,70.115950
368099ebb80537a3623d07bd5ba02c9b550f4c594841b79cc6a787ee8dd17ccc,screen_chart,OFF,0.0000,0.0000,0.0000,0.0000,0,60,mid,512,512,28938,0.883118,2.083,24.483007,55.352735
368099ebb80537a3623d07bd5ba02c9b550f4c594841b79cc6a787ee8dd17ccc,screen_chart,OFF,0.0000,0.0000,0.0000,0.0000,0,75,high,512,512,38640,1.179199,2.270,19.420986,37.065984
368099ebb80537a3623d07bd5ba02c9b550f4c594841b79cc6a787ee8dd17ccc,screen_chart,OFF,0.0000,0.0000,0.0000,0.0000,0,85,high,512,512,52157,1.591705,2.636,14.897081,22.102873
368099ebb80537a3623d07bd5ba02c9b550f4c594841b79cc6a787ee8dd17ccc,screen_chart,OFF,0.0000,0.0000,0.0000,0.0000,0,95,high,512,512,95610,2.917786,3.687,8.250552,5.146921
3fc4fcbad81b934ec614f7e6a19bf3dc840eed1779b860a2312359e0a57d9cf2,screen_document,C1,2.0000,0.0200,0.5000,1.0000,2,5,low,512,512,6407,0.195526,2.603,56.675118,142.410359
3fc4fcbad81b934ec614f7e6a19bf3dc840eed1779b860a2312359e0a57d9cf2,screen_document,C1,2.0000,0.0200,0.5000,1.0000,2,15,low,512,512,8589,0.262115,2.785,49.129588,107.864380
3fc4fcbad81b934ec614f7e6a19bf3dc840eed1779b860a2312359e0a57d9cf2,screen_document,C1,2.0000,0.0200,0.5000,1.0000,2,30,low,512,512,11847,0.361542,3.700,40.670011,80.689032
3fc4fcbad81b934ec614f7e6a19bf3dc840eed1779b860a2312359e0a57d9cf2,screen_document,C1,2.0000,0.0200,0.5000,1.0000,2,45,mid,512,512,13209,0.403107,3.104,37.113491,73.271275
3fc4fcbad81b934ec614f7e6a19bf3dc840eed1779b860a2312359e0a57d9cf2,screen_document,C1,2.0000,0.0200,0.5000,1.0000,2,60,mid,512,512,15337,0.468048,3.009,36.205905,65.887614
3fc4fcbad81b934ec614f7e6a19bf3dc840eed1779b860a2312359e0a57d9cf2,screen_document,C1,2.0000,0.0200,0.5000,1.0000,2,75,high,512,512,18574,0.566833,3.151,32.930270,58.181571
3fc4fcbad81b934ec614f7e6a19bf3dc840eed1779b860a2312359e0a57d9cf2,screen_document,C1,2.0000,0.0200,0.5000,1.0000,2,85,high,512,512,22373,0.682770,3.431,31.620634,54.226513
3fc4fcbad81b934ec614f7e6a19bf3dc840eed1779b860a2312359e0a57d9cf2,screen_document,C1,2.0000,0.0200,0.5000,1.0000,2,95,high,512,512,31885,0.973053,3.485,29.960487,50.916639
3fc4fcbad81b934ec614f7e6a19bf3dc840eed1779b860a2312359e0a57d9cf2,screen_document,C2,2.0000,0.0200,0.5000,0.7000,2,5,low,512,512,6639,0.202606,2.665,55.858202,136.119640
3fc4fcbad81b934ec614f7e6a19bf3dc840eed1779b860a2312359e0a57d9cf2,screen_document,C2,2.0000,0.0200,0.5000,0.7000,2,15,low,512,512,8901,0.271637,2.565,48.129695,101.725304
3fc4fcbad81b934ec614f7e6a19bf3dc840eed1779b860a2312359e0a57d9cf2,screen_document,C2,2.0000,0.0200,0.5000,0.7000,2,30,low,512,512,12195,0.372162,2.821,40.131169,77.138796
3fc4fcbad81b934ec614f7e6a19bf3dc840eed1779b860a2312359e0a57d9cf2,screen_document,C2,2.0000,0.0200,0.5000,0.7000,2,45,mid,512,512,13512,0.412354,2.793,36.835812,70.856165
3fc4fcbad81b934ec614f7e6a19bf3dc840eed1779b860a2312359e0a57d9cf2,screen_document,C2,2.0000,0.0200,0.5000,0.7000,2,60,mid,512,512,15599,0.476044,2.984,35.961789,64.304394
3fc4fcbad81b934ec614f7e6a19bf3dc840eed1779b860a2312359e0a57d9cf2,screen_document,C2,2.0000,0.0200,0.5000,0.7000,2,75,high,512,512,18897,0.576691,3.020,32.650175,57.072718
3fc4fcbad81b934ec614f7e6a19bf3dc840eed1779b860a2312359e0a57d9cf2,screen_document,C2,2.0000,0.0200,0.5000,0.7000,2,85,high,512,512,22613,0.690094,2.796,31.459727,53.655977
3fc4fcbad81b934ec614f7e6a19bf3dc840eed1779b860a2312359e0a57d9cf2,screen_document,C2,2.0000,0.0200,0.5000,0.7000,2,95,high,512,512,31994,0.976379,3.089,29.959989,50.854221
3fc4fcbad81b934ec614f7e6a19bf3dc840eed1779b860a2312359e0a57d9cf2,screen_document,C3,2.0000,0.0200,0.5000,0.5000,2,5,low,512,512,6623,0.202118,2.625,56.115700,137.036852
3fc4fcbad81b934ec614f7e6a19bf3dc840eed1779b860a2312359e0a57d9cf2,screen_document,C3,2.0000,0.0200,0.5000,0.5000,2,15,low,512,512,8876,0.270874,2.607,48.440830,104.475168
3fc4fcbad81b934ec614f7e6a19bf3dc840eed1779b860a2312359e0a57d9cf2,screen_document,C3,2.0000,0.0200,0.5000,0.5000,2,30,low,512,512,12182,0.371765,2.836,40.193924,77.737488
3fc4fcbad81b934ec614f7e6a19bf3dc840eed1779b860a2312359e0a57d9cf2,screen_document,C3,2.0000,0.0200,0.5000,0.5000,2,45,mid,512,512,13515,0.412445,2.830,36.873090,71.174167
3fc4fcbad81b934ec614f7e6a19bf3dc840eed1779b860a2312359e0a57d9cf2,screen_document,C3,2.0000,0.0200,0.5000,0.5000,2,60,mid,512,512,15581,0.475494,2.930,35.968326,64.486069
3fc4fcbad81b934ec614f7e6a19bf3dc840eed1779b860a2312359e0a57d9cf2,screen_document,C3,2.0000,0.0200,0.5000,0.5000,2,75,high,512,512,18896,0.576660,2.965,32.651439,57.150836
3fc4fcbad81b934ec614f7e6a19bf3dc840eed1779b860a2312359e0a57d9cf2,screen_document,C3,2.0000,0.0200,0.5000,0.5000,2,85,high,512,512,22631,0.690643,2.763,31.446659,53.667559
3fc4fcbad81b934ec614f7e6a19bf3dc840eed1779b860a2312359e0a57d9cf2,screen_document,C3,2.0000,0.0200,0.5000,0.5000,2,95,high,512,512,31996,0.976440,3.044,29.960820,50.850998
3fc4fcbad81b934ec614f7e6a19bf3dc840eed1779b860a2312359e0a57d9cf2,screen_document,C4,2.0000,0.0200,0.5000,0.3000,2,5,low,512,512,6623,0.202118,2.623,56.115700,137.036852
3fc4fcbad81b934ec614f7e6a19bf3dc840eed1779b860a2312359e0a57d9cf2,screen_document,C4,2.0000,0.0200,0.5000,0.3000,2,15,low,512,512,8876,0.270874,2.605,48.440830,104.475168
3fc4fcbad81b934ec614f7e6a19bf3dc840eed1779b860a2312359e0a57d9cf2,screen_document,C4,2.0000,0.0200,0.5000,0.3000,2,30,low,512,512,12182,0.371765,2.808,40.193924,77.737488
3fc4fcbad81b934ec614f7e6a19bf3dc840eed1779b860a2312359e0a57d9cf2,screen_document,C4,2.0000,0.0200,0.5000,0.3000,2,45,mid,512,512,13515,0.412445,2.862,36.873090,71.174167
3fc4fcbad81b934ec614f7e6a19bf3dc840eed1779b860a2312359e0a57d9cf2,screen_document,C4,2.0000,0.0200,0.5000,0.3000,2,60,mid,512,512,15581,0.475494,2.973,35.968326,64.486069
3fc4fcbad81b934ec614f7e6a19bf3dc840eed1779b860a2312359e0a57d9cf2,screen_document,C4,2.0000,0.0200,0.5000,0.3000,2,75,high,512,512,18896,0.576660,3.167,32.651439,57.150836
3fc4fcbad81b934ec614f7e6a19bf3dc840eed1779b860a2312359e0a57d9cf2,screen_document,C4,2.0000,0.0200,0.5000,0.3000,2,85,high,512,512,22631,0.690643,2.793,31.446659,53.667559
3fc4fcbad81b934ec614f7e6a19bf3dc840eed1779b860a2312359e0a57d9cf2,screen_document,C4,2.0000,0.0200,0.5000,0.3000,2,95,high,512,512,31996,0.976440,3.149,29.957995,50.850811
3fc4fcbad81b934ec614f7e6a19bf3dc840eed1779b860a2312359e0a57d9cf2,screen_document,C5,2.0000,0.0200,0.5000,0.1500,2,5,low,512,512,6623,0.202118,2.616,56.115700,137.036852
3fc4fcbad81b934ec614f7e6a19bf3dc840eed1779b860a2312359e0a57d9cf2,screen_document,C5,2.0000,0.0200,0.5000,0.1500,2,15,low,512,512,8876,0.270874,2.582,48.440830,104.475168
3fc4fcbad81b934ec614f7e6a19bf3dc840eed1779b860a2312359e0a57d9cf2,screen_document,C5,2.0000,0.0200,0.5000,0.1500,2,30,low,512,512,12182,0.371765,2.812,40.193924,77.737488
3fc4fcbad81b934ec614f7e6a19bf3dc840eed1779b860a2312359e0a57d9cf2,screen_document,C5,2.0000,0.0200,0.5000,0.1500,2,45,mid,512,512,13515,0.412445,3.021,36.873090,71.174167
3fc4fcbad81b934ec614f7e6a19bf3dc840eed1779b860a2312359e0a57d9cf2,screen_document,C5,2.0000,0.0200,0.5000,0.1500,2,60,mid,512,512,15581,0.475494,2.897,35.968326,64.486069
3fc4fcbad81b934ec614f7e6a19bf3dc840eed1779b860a2312359e0a57d9cf2,screen_document,C5,2.0000,0.0200,0.5000,0.1500,2,75,high,512,512,18896,0.576660,3.363,32.651439,57.150836
3fc4fcbad81b934ec614f7e6a19bf3dc840eed1779b860a2312359e0a57d9cf2,screen_document,C5,2.0000,0.0200,0.5000,0.1500,2,85,high,512,512,22631,0.690643,2.850,31.446659,53.667559
3fc4fcbad81b934ec614f7e6a19bf3dc840eed1779b860a2312359e0a57d9cf2,screen_document,C5,2.0000,0.0200,0.5000,0.1500,2,95,high,512,512,31996,0.976440,3.195,29.957995,50.850811
3fc4fcbad81b934ec614f7e6a19bf3dc840eed1779b860a2312359e0a57d9cf2,screen_document,C6,2.0000,0.0200,1.0000,0.3000,2,5,low,512,512,6623,0.202118,2.555,56.115700,137.036852
3fc4fcbad81b934ec614f7e6a19bf3dc840eed1779b860a2312359e0a57d9cf2,screen_document,C6,2.0000,0.0200,1.0000,0.3000,2,15,low,512,512,8876,0.270874,2.620,48.440830,104.475168
3fc4fcbad81b934ec614f7e6a19bf3dc840eed1779b860a2312359e0a57d9cf2,screen_document,C6,2.0000,0.0200,1.0000,0.3000,2,30,low,512,512,12182,0.371765,2.823,40.193924,77.737488
3fc4fcbad81b934ec614f7e6a19bf3dc840eed1779b860a2312359e0a57d9cf2,screen_document,C6,2.0000,0.0200,1.0000,0.3000,2,45,mid,512,512,13515,0.412445,2.861,36.873090,71.174167
3fc4fcbad81b934ec614f7e6a19bf3dc840eed1779b860a2312359e0a57d9cf2,screen_document,C6,2.0000,0.0200,1.0000,0.3000,2,60,mid,512,512,15581,0.475494,2.934,35.968326,64.486069
3fc4fcbad81b934ec614f7e6a19bf3dc840eed1779b860a2312359e0a57d9cf2,screen_document,C6,2.0000,0.0200,1.0000,0.3000,2,75,high,512,512,18896,0.576660,3.003,32.651439,57.150836
3fc4fcbad81b934ec614f7e6a19bf3dc840eed1779b860a2312359e0a57d9cf2,screen_document,C6,2.0000,0.0200,1.0000,0.3000,2,85,high,512,512,22631,0.690643,2.907,31.446659,53.667559
3fc4fcbad81b934ec614f7e6a19bf3dc840eed1779b860a2312359e0a57d9cf2,screen_document,C6,2.0000,0.0200,1.0000,0.3000,2,95,high,512,512,31996,0.976440,3.013,29.957995,50.850811
3fc4fcbad81b934ec614f7e6a19bf3dc840eed1779b860a2312359e0a57d9cf2,screen_document,OFF,0.0000,0.0000,0.0000,0.0000,0,5,low,512,512,6195,0.189056,1.567,58.527777,158.620307
3fc4fcbad81b934ec614f7e6a19bf3dc840eed1779b860a2312359e0a57d9cf2,screen_document,OFF,0.0000,0.0000,0.0000,0.0000,0,15,low,512,512,8294,0.253113,1.643,50.645861,123.700881
3fc4fcbad81b934ec614f7e6a19bf3dc840eed1779b860a2312359e0a57d9cf2,screen_document,OFF,0.0000,0.0000,0.0000,0.0000,0,30,low,512,512,11443,0.349213,1.734,41.473588,89.916490
3fc4fcbad81b934ec614f7e6a19bf3dc840eed1779b860a2312359e0a57d9cf2,screen_document,OFF,0.0000,0.0000,0.0000,0.0000,0,45,mid,512,512,12790,0.390320,1.838,37.702248,80.273186
3fc4fcbad81b934ec614f7e6a19bf3dc840eed1779b860a2312359e0a57d9cf2,screen_document,OFF,0.0000,0.0000,0.0000,0.0000,0,60,mid,512,512,14906,0.454895,1.964,36.605299,70.167635
3fc4fcbad81b934ec614f7e6a19bf3dc840eed1779b860a2312359e0a57d9cf2,screen_document,OFF,0.0000,0.0000,0.0000,0.0000,0,75,high,512,512,18269,0.557526,2.133,33.085150,60.465940
3fc4fcbad81b934ec614f7e6a19bf3dc840eed1779b860a2312359e0a57d9cf2,screen_document,OFF,0.0000,0.0000,0.0000,0.0000,0,85,high,512,512,22048,0.672852,2.085,31.721069,55.156908
3fc4fcbad81b934ec614f7e6a19bf3dc840eed1779b860a2312359e0a57d9cf2,screen_document,OFF,0.0000,0.0000,0.0000,0.0000,0,95,high,512,512,31747,0.968842,2.444,29.983122,51.025574
4fcdb30eeacd7963d0631ec52fec5cfec5b250fb,screen_document,C1,2.0000,0.0200,0.5000,1.0000,2,5,low,512,500,8013,0.250406,3.037,33.738246,157.346960
4fcdb30eeacd7963d0631ec52fec5cfec5b250fb,screen_document,C1,2.0000,0.0200,0.5000,1.0000,2,15,low,512,500,10443,0.326344,2.699,28.588087,88.809391
4fcdb30eeacd7963d0631ec52fec5cfec5b250fb,screen_document,C1,2.0000,0.0200,0.5000,1.0000,2,30,low,512,500,14311,0.447219,2.882,21.405209,29.019733
4fcdb30eeacd7963d0631ec52fec5cfec5b250fb,screen_document,C1,2.0000,0.0200,0.5000,1.0000,2,45,mid,512,500,16007,0.500219,3.165,19.076363,19.889254
4fcdb30eeacd7963d0631ec52fec5cfec5b250fb,screen_document,C1,2.0000,0.0200,0.5000,1.0000,2,60,mid,512,500,18162,0.567562,3.785,15.327620,10.450731
4fcdb30eeacd7963d0631ec52fec5cfec5b250fb,screen_document,C1,2.0000,0.0200,0.5000,1.0000,2,75,high,512,500,21633,0.676031,3.472,11.749240,4.548701
4fcdb30eeacd7963d0631ec52fec5cfec5b250fb,screen_document,C1,2.0000,0.0200,0.5000,1.0000,2,85,high,512,500,25560,0.798750,2.866,8.897635,1.780232
4fcdb30eeacd7963d0631ec52fec5cfec5b250fb,screen_document,C1,2.0000,0.0200,0.5000,1.0000,2,95,high,512,500,34361,1.073781,2.868,5.493093,0.282414
4fcdb30eeacd7963d0631ec52fec5cfec5b250fb,screen_document,C2,2.0000,0.0200,0.5000,0.7000,2,5,low,512,500,8511,0.265969,2.661,33.424097,131.458859
4fcdb30eeacd7963d0631ec52fec5cfec5b250fb,screen_document,C2,2.0000,0.0200,0.5000,0.7000,2,15,low,512,500,11203,0.350094,2.767,28.433482,65.560053
4fcdb30eeacd7963d0631ec52fec5cfec5b250fb,screen_document,C2,2.0000,0.0200,0.5000,0.7000,2,30,low,512,500,15102,0.471938,2.719,21.044043,22.170340
4fcdb30eeacd7963d0631ec52fec5cfec5b250fb,screen_document,C2,2.0000,0.0200,0.5000,0.7000,2,45,mid,512,500,16703,0.521969,2.764,18.712579,13.527402
4fcdb30eeacd7963d0631ec52fec5cfec5b250fb,screen_document,C2,2.0000,0.0200,0.5000,0.7000,2,60,mid,512,500,18772,0.586625,2.813,15.031276,7.751281
4fcdb30eeacd7963d0631ec52fec5cfec5b250fb,screen_document,C2,2.0000,0.0200,0.5000,0.7000,2,75,high,512,500,22211,0.694094,3.072,11.577254,3.398520
4fcdb30eeacd7963d0631ec52fec5cfec5b250fb,screen_document,C2,2.0000,0.0200,0.5000,0.7000,2,85,high,512,500,26047,0.813969,2.655,8.774973,1.384637
4fcdb30eeacd7963d0631ec52fec5cfec5b250fb,screen_document,C2,2.0000,0.0200,0.5000,0.7000,2,95,high,512,500,34487,1.077719,2.827,5.513219,0.260420
4fcdb30eeacd7963d0631ec52fec5cfec5b250fb,screen_document,C3,2.0000,0.0200,0.5000,0.5000,2,5,low,512,500,8497,0.265531,2.706,33.544633,132.842137
4fcdb30eeacd7963d0631ec52fec5cfec5b250fb,screen_document,C3,2.0000,0.0200,0.5000,0.5000,2,15,low,512,500,11222,0.350687,2.686,28.499632,67.351812
4fcdb30eeacd7963d0631ec52fec5cfec5b250fb,screen_document,C3,2.0000,0.0200,0.5000,0.5000,2,30,low,512,500,15090,0.471562,3.103,21.058578,22.864130
4fcdb30eeacd7963d0631ec52fec5cfec5b250fb,screen_document,C3,2.0000,0.0200,0.5000,0.5000,2,45,mid,512,500,16734,0.522938,2.899,18.637971,13.798574
4fcdb30eeacd7963d0631ec52fec5cfec5b250fb,screen_document,C3,2.0000,0.0200,0.5000,0.5000,2,60,mid,512,500,18772,0.586625,2.851,15.264831,7.982844
4fcdb30eeacd7963d0631ec52fec5cfec5b250fb,screen_document,C3,2.0000,0.0200,0.5000,0.5000,2,75,high,512,500,22209,0.694031,3.052,11.627468,3.482702
4fcdb30eeacd7963d0631ec52fec5cfec5b250fb,screen_document,C3,2.0000,0.0200,0.5000,0.5000,2,85,high,512,500,26050,0.814063,2.640,8.905780,1.408924
4fcdb30eeacd7963d0631ec52fec5cfec5b250fb,screen_document,C3,2.0000,0.0200,0.5000,0.5000,2,95,high,512,500,34496,1.078000,2.759,5.580322,0.262286
4fcdb30eeacd7963d0631ec52fec5cfec5b250fb,screen_document,C4,2.0000,0.0200,0.5000,0.3000,2,5,low,512,500,8497,0.265531,2.705,33.544633,132.842137
4fcdb30eeacd7963d0631ec52fec5cfec5b250fb,screen_document,C4,2.0000,0.0200,0.5000,0.3000,2,15,low,512,500,11222,0.350687,2.759,28.499632,67.351812
4fcdb30eeacd7963d0631ec52fec5cfec5b250fb,screen_document,C4,2.0000,0.0200,0.5000,0.3000,2,30,low,512,500,15090,0.471562,2.786,21.058578,22.864130
4fcdb30eeacd7963d0631ec52fec5cfec5b250fb,screen_document,C4,2.0000,0.0200,0.5000,0.3000,2,45,mid,512,500,16734,0.522938,2.788,18.637971,13.798574
4fcdb30eeacd7963d0631ec52fec5cfec5b250fb,screen_document,C4,2.0000,0.0200,0.5000,0.3000,2,60,mid,512,500,18772,0.586625,3.010,15.264831,7.982844
4fcdb30eeacd7963d0631ec52fec5cfec5b250fb,screen_document,C4,2.0000,0.0200,0.5000,0.3000,2,75,high,512,500,22209,0.694031,3.053,11.627468,3.482702
4fcdb30eeacd7963d0631ec52fec5cfec5b250fb,screen_document,C4,2.0000,0.0200,0.5000,0.3000,2,85,high,512,500,26050,0.814063,2.775,8.905780,1.408924
4fcdb30eeacd7963d0631ec52fec5cfec5b250fb,screen_document,C4,2.0000,0.0200,0.5000,0.3000,2,95,high,512,500,34496,1.078000,2.818,5.580322,0.262286
4fcdb30eeacd7963d0631ec52fec5cfec5b250fb,screen_document,C5,2.0000,0.0200,0.5000,0.1500,2,5,low,512,500,8497,0.265531,2.624,33.544633,132.842137
4fcdb30eeacd7963d0631ec52fec5cfec5b250fb,screen_document,C5,2.0000,0.0200,0.5000,0.1500,2,15,low,512,500,11222,0.350687,2.689,28.499632,67.351812
4fcdb30eeacd7963d0631ec52fec5cfec5b250fb,screen_document,C5,2.0000,0.0200,0.5000,0.1500,2,30,low,512,500,15090,0.471562,2.784,21.058578,22.864130
4fcdb30eeacd7963d0631ec52fec5cfec5b250fb,screen_document,C5,2.0000,0.0200,0.5000,0.1500,2,45,mid,512,500,16734,0.522938,2.752,18.637971,13.798574
4fcdb30eeacd7963d0631ec52fec5cfec5b250fb,screen_document,C5,2.0000,0.0200,0.5000,0.1500,2,60,mid,512,500,18772,0.586625,2.881,15.264831,7.982844
4fcdb30eeacd7963d0631ec52fec5cfec5b250fb,screen_document,C5,2.0000,0.0200,0.5000,0.1500,2,75,high,512,500,22209,0.694031,3.010,11.627468,3.482702
4fcdb30eeacd7963d0631ec52fec5cfec5b250fb,screen_document,C5,2.0000,0.0200,0.5000,0.1500,2,85,high,512,500,26050,0.814063,2.646,8.905780,1.408924
4fcdb30eeacd7963d0631ec52fec5cfec5b250fb,screen_document,C5,2.0000,0.0200,0.5000,0.1500,2,95,high,512,500,34496,1.078000,2.676,5.580322,0.262286
4fcdb30eeacd7963d0631ec52fec5cfec5b250fb,screen_document,C6,2.0000,0.0200,1.0000,0.3000,2,5,low,512,500,8497,0.265531,2.598,33.544633,132.842137
4fcdb30eeacd7963d0631ec52fec5cfec5b250fb,screen_document,C6,2.0000,0.0200,1.0000,0.3000,2,15,low,512,500,11222,0.350687,2.641,28.499632,67.351812
4fcdb30eeacd7963d0631ec52fec5cfec5b250fb,screen_document,C6,2.0000,0.0200,1.0000,0.3000,2,30,low,512,500,15090,0.471562,2.889,21.058578,22.864130
4fcdb30eeacd7963d0631ec52fec5cfec5b250fb,screen_document,C6,2.0000,0.0200,1.0000,0.3000,2,45,mid,512,500,16734,0.522938,2.780,18.637971,13.798574
4fcdb30eeacd7963d0631ec52fec5cfec5b250fb,screen_document,C6,2.0000,0.0200,1.0000,0.3000,2,60,mid,512,500,18772,0.586625,3.046,15.264831,7.982844
4fcdb30eeacd7963d0631ec52fec5cfec5b250fb,screen_document,C6,2.0000,0.0200,1.0000,0.3000,2,75,high,512,500,22209,0.694031,3.048,11.627468,3.482702
4fcdb30eeacd7963d0631ec52fec5cfec5b250fb,screen_document,C6,2.0000,0.0200,1.0000,0.3000,2,85,high,512,500,26050,0.814063,2.635,8.905780,1.408924
4fcdb30eeacd7963d0631ec52fec5cfec5b250fb,screen_document,C6,2.0000,0.0200,1.0000,0.3000,2,95,high,512,500,34496,1.078000,2.798,5.580322,0.262286
4fcdb30eeacd7963d0631ec52fec5cfec5b250fb,screen_document,OFF,0.0000,0.0000,0.0000,0.0000,0,5,low,512,500,7557,0.236156,1.621,34.667435,198.236263
4fcdb30eeacd7963d0631ec52fec5cfec5b250fb,screen_document,OFF,0.0000,0.0000,0.0000,0.0000,0,15,low,512,500,9752,0.304750,1.565,29.921150,123.947697
4fcdb30eeacd7963d0631ec52fec5cfec5b250fb,screen_document,OFF,0.0000,0.0000,0.0000,0.0000,0,30,low,512,500,13306,0.415812,1.690,22.887261,45.179180
4fcdb30eeacd7963d0631ec52fec5cfec5b250fb,screen_document,OFF,0.0000,0.0000,0.0000,0.0000,0,45,mid,512,500,15021,0.469406,1.669,20.338303,30.870249
4fcdb30eeacd7963d0631ec52fec5cfec5b250fb,screen_document,OFF,0.0000,0.0000,0.0000,0.0000,0,60,mid,512,500,17364,0.542625,1.853,16.444171,16.506657
4fcdb30eeacd7963d0631ec52fec5cfec5b250fb,screen_document,OFF,0.0000,0.0000,0.0000,0.0000,0,75,high,512,500,20952,0.654750,1.797,12.478108,7.188144
4fcdb30eeacd7963d0631ec52fec5cfec5b250fb,screen_document,OFF,0.0000,0.0000,0.0000,0.0000,0,85,high,512,500,24782,0.774438,1.948,9.589734,2.893381
4fcdb30eeacd7963d0631ec52fec5cfec5b250fb,screen_document,OFF,0.0000,0.0000,0.0000,0.0000,0,95,high,512,500,34130,1.066563,2.187,5.563276,0.346310
517296f26ab9189d4f3ca03d950e6c04b424b543255ebe6665a136f408f5b8f1,illustration,C1,2.0000,0.0200,0.5000,1.0000,2,5,low,512,512,5279,0.161102,2.401,35.627845,65.713309
517296f26ab9189d4f3ca03d950e6c04b424b543255ebe6665a136f408f5b8f1,illustration,C1,2.0000,0.0200,0.5000,1.0000,2,15,low,512,512,6512,0.198730,2.569,33.747430,46.190555
517296f26ab9189d4f3ca03d950e6c04b424b543255ebe6665a136f408f5b8f1,illustration,C1,2.0000,0.0200,0.5000,1.0000,2,30,low,512,512,8264,0.252197,2.946,28.005224,24.959757
517296f26ab9189d4f3ca03d950e6c04b424b543255ebe6665a136f408f5b8f1,illustration,C1,2.0000,0.0200,0.5000,1.0000,2,45,mid,512,512,8958,0.273376,2.636,22.594918,19.542064
517296f26ab9189d4f3ca03d950e6c04b424b543255ebe6665a136f408f5b8f1,illustration,C1,2.0000,0.0200,0.5000,1.0000,2,60,mid,512,512,10379,0.316742,2.617,30.120108,13.977970
517296f26ab9189d4f3ca03d950e6c04b424b543255ebe6665a136f408f5b8f1,illustration,C1,2.0000,0.0200,0.5000,1.0000,2,75,high,512,512,11843,0.361420,3.393,17.303384,6.811955
517296f26ab9189d4f3ca03d950e6c04b424b543255ebe6665a136f408f5b8f1,illustration,C1,2.0000,0.0200,0.5000,1.0000,2,85,high,512,512,14189,0.433014,2.627,14.452174,3.441238
517296f26ab9189d4f3ca03d950e6c04b424b543255ebe6665a136f408f5b8f1,illustration,C1,2.0000,0.0200,0.5000,1.0000,2,95,high,512,512,24848,0.758301,3.354,9.429275,0.976973
517296f26ab9189d4f3ca03d950e6c04b424b543255ebe6665a136f408f5b8f1,illustration,C2,2.0000,0.0200,0.5000,0.7000,2,5,low,512,512,5427,0.165619,2.351,35.718323,60.272830
517296f26ab9189d4f3ca03d950e6c04b424b543255ebe6665a136f408f5b8f1,illustration,C2,2.0000,0.0200,0.5000,0.7000,2,15,low,512,512,6789,0.207184,2.940,34.091103,41.903764
517296f26ab9189d4f3ca03d950e6c04b424b543255ebe6665a136f408f5b8f1,illustration,C2,2.0000,0.0200,0.5000,0.7000,2,30,low,512,512,8588,0.262085,2.534,28.284781,21.590362
517296f26ab9189d4f3ca03d950e6c04b424b543255ebe6665a136f408f5b8f1,illustration,C2,2.0000,0.0200,0.5000,0.7000,2,45,mid,512,512,9317,0.284332,2.697,22.627971,15.702788
517296f26ab9189d4f3ca03d950e6c04b424b543255ebe6665a136f408f5b8f1,illustration,C2,2.0000,0.0200,0.5000,0.7000,2,60,mid,512,512,10727,0.327362,2.581,30.308412,11.486021
517296f26ab9189d4f3ca03d950e6c04b424b543255ebe6665a136f408f5b8f1,illustration,C2,2.0000,0.0200,0.5000,0.7000,2,75,high,512,512,12172,0.371460,2.699,17.447647,5.628935
517296f26ab9189d4f3ca03d950e6c04b424b543255ebe6665a136f408f5b8f1,illustration,C2,2.0000,0.0200,0.5000,0.7000,2,85,high,512,512,14619,0.446136,2.608,14.487353,2.821855
517296f26ab9189d4f3ca03d950e6c04b424b543255ebe6665a136f408f5b8f1,illustration,C2,2.0000,0.0200,0.5000,0.7000,2,95,high,512,512,25911,0.790741,4.308,9.249989,0.906442
517296f26ab9189d4f3ca03d950e6c04b424b543255ebe6665a136f408f5b8f1,illustration,C3,2.0000,0.0200,0.5000,0.5000,2,5,low,512,512,5431,0.165741,2.369,35.757243,60.693398
517296f26ab9189d4f3ca03d950e6c04b424b543255ebe6665a136f408f5b8f1,illustration,C3,2.0000,0.0200,0.5000,0.5000,2,15,low,512,512,6777,0.206818,2.563,34.029948,42.135879
517296f26ab9189d4f3ca03d950e6c04b424b543255ebe6665a136f408f5b8f1,illustration,C3,2.0000,0.0200,0.5000,0.5000,2,30,low,512,512,8573,0.261627,2.702,28.411800,21.845296
517296f26ab9189d4f3ca03d950e6c04b424b543255ebe6665a136f408f5b8f1,illustration,C3,2.0000,0.0200,0.5000,0.5000,2,45,mid,512,512,9309,0.284088,2.641,22.731162,15.895253
517296f26ab9189d4f3ca03d950e6c04b424b543255ebe6665a136f408f5b8f1,illustration,C3,2.0000,0.0200,0.5000,0.5000,2,60,mid,512,512,10718,0.327087,2.624,30.333417,11.494583
517296f26ab9189d4f3ca03d950e6c04b424b543255ebe6665a136f408f5b8f1,illustration,C3,2.0000,0.0200,0.5000,0.5000,2,75,high,512,512,12174,0.371521,2.437,17.420118,5.642336
517296f26ab9189d4f3ca03d950e6c04b424b543255ebe6665a136f408f5b8f1,illustration,C3,2.0000,0.0200,0.5000,0.5000,2,85,high,512,512,14611,0.445892,3.246,14.478945,2.847969
517296f26ab9189d4f3ca03d950e6c04b424b543255ebe6665a136f408f5b8f1,illustration,C3,2.0000,0.0200,0.5000,0.5000,2,95,high,512,512,25919,0.790985,3.174,9.205182,0.909744
517296f26ab9189d4f3ca03d950e6c04b424b543255ebe6665a136f408f5b8f1,illustration,C4,2.0000,0.0200,0.5000,0.3000,2,5,low,512,512,5431,0.165741,2.562,35.757243,60.693398
517296f26ab9189d4f3ca03d950e6c04b424b543255ebe6665a136f408f5b8f1,illustration,C4,2.0000,0.0200,0.5000,0.3000,2,15,low,512,512,6777,0.206818,2.544,34.029948,42.135879
517296f26ab9189d4f3ca03d950e6c04b424b543255ebe6665a136f408f5b8f1,illustration,C4,2.0000,0.0200,0.5000,0.3000,2,30,low,512,512,8573,0.261627,3.141,28.411800,21.845296
517296f26ab9189d4f3ca03d950e6c04b424b543255ebe6665a136f408f5b8f1,illustration,C4,2.0000,0.0200,0.5000,0.3000,2,45,mid,512,512,9309,0.284088,2.496,22.731162,15.895253
517296f26ab9189d4f3ca03d950e6c04b424b543255ebe6665a136f408f5b8f1,illustration,C4,2.0000,0.0200,0.5000,0.3000,2,60,mid,512,512,10718,0.327087,2.884,30.333417,11.494583
517296f26ab9189d4f3ca03d950e6c04b424b543255ebe6665a136f408f5b8f1,illustration,C4,2.0000,0.0200,0.5000,0.3000,2,75,high,512,512,12174,0.371521,2.458,17.420118,5.642336
517296f26ab9189d4f3ca03d950e6c04b424b543255ebe6665a136f408f5b8f1,illustration,C4,2.0000,0.0200,0.5000,0.3000,2,85,high,512,512,14611,0.445892,3.349,14.478945,2.847969
517296f26ab9189d4f3ca03d950e6c04b424b543255ebe6665a136f408f5b8f1,illustration,C4,2.0000,0.0200,0.5000,0.3000,2,95,high,512,512,25919,0.790985,3.396,9.205182,0.909744
517296f26ab9189d4f3ca03d950e6c04b424b543255ebe6665a136f408f5b8f1,illustration,C5,2.0000,0.0200,0.5000,0.1500,2,5,low,512,512,5431,0.165741,2.378,35.757243,60.693398
517296f26ab9189d4f3ca03d950e6c04b424b543255ebe6665a136f408f5b8f1,illustration,C5,2.0000,0.0200,0.5000,0.1500,2,15,low,512,512,6777,0.206818,2.863,34.029948,42.135879
517296f26ab9189d4f3ca03d950e6c04b424b543255ebe6665a136f408f5b8f1,illustration,C5,2.0000,0.0200,0.5000,0.1500,2,30,low,512,512,8573,0.261627,2.549,28.411800,21.845296
517296f26ab9189d4f3ca03d950e6c04b424b543255ebe6665a136f408f5b8f1,illustration,C5,2.0000,0.0200,0.5000,0.1500,2,45,mid,512,512,9309,0.284088,2.652,22.731162,15.895253
517296f26ab9189d4f3ca03d950e6c04b424b543255ebe6665a136f408f5b8f1,illustration,C5,2.0000,0.0200,0.5000,0.1500,2,60,mid,512,512,10718,0.327087,2.881,30.333417,11.494583
517296f26ab9189d4f3ca03d950e6c04b424b543255ebe6665a136f408f5b8f1,illustration,C5,2.0000,0.0200,0.5000,0.1500,2,75,high,512,512,12174,0.371521,2.543,17.420118,5.642336
517296f26ab9189d4f3ca03d950e6c04b424b543255ebe6665a136f408f5b8f1,illustration,C5,2.0000,0.0200,0.5000,0.1500,2,85,high,512,512,14611,0.445892,2.816,14.478945,2.847969
517296f26ab9189d4f3ca03d950e6c04b424b543255ebe6665a136f408f5b8f1,illustration,C5,2.0000,0.0200,0.5000,0.1500,2,95,high,512,512,25919,0.790985,3.203,9.205182,0.909744
517296f26ab9189d4f3ca03d950e6c04b424b543255ebe6665a136f408f5b8f1,illustration,C6,2.0000,0.0200,1.0000,0.3000,2,5,low,512,512,5431,0.165741,2.322,35.757243,60.693398
517296f26ab9189d4f3ca03d950e6c04b424b543255ebe6665a136f408f5b8f1,illustration,C6,2.0000,0.0200,1.0000,0.3000,2,15,low,512,512,6777,0.206818,2.427,34.029948,42.135879
517296f26ab9189d4f3ca03d950e6c04b424b543255ebe6665a136f408f5b8f1,illustration,C6,2.0000,0.0200,1.0000,0.3000,2,30,low,512,512,8573,0.261627,2.640,28.411800,21.845296
517296f26ab9189d4f3ca03d950e6c04b424b543255ebe6665a136f408f5b8f1,illustration,C6,2.0000,0.0200,1.0000,0.3000,2,45,mid,512,512,9309,0.284088,2.665,22.731162,15.895253
517296f26ab9189d4f3ca03d950e6c04b424b543255ebe6665a136f408f5b8f1,illustration,C6,2.0000,0.0200,1.0000,0.3000,2,60,mid,512,512,10718,0.327087,2.750,30.333417,11.494583
517296f26ab9189d4f3ca03d950e6c04b424b543255ebe6665a136f408f5b8f1,illustration,C6,2.0000,0.0200,1.0000,0.3000,2,75,high,512,512,12174,0.371521,2.656,17.420118,5.642336
517296f26ab9189d4f3ca03d950e6c04b424b543255ebe6665a136f408f5b8f1,illustration,C6,2.0000,0.0200,1.0000,0.3000,2,85,high,512,512,14611,0.445892,2.759,14.478945,2.847969
517296f26ab9189d4f3ca03d950e6c04b424b543255ebe6665a136f408f5b8f1,illustration,C6,2.0000,0.0200,1.0000,0.3000,2,95,high,512,512,25919,0.790985,3.691,9.205182,0.909744
517296f26ab9189d4f3ca03d950e6c04b424b543255ebe6665a136f408f5b8f1,illustration,OFF,0.0000,0.0000,0.0000,0.0000,0,5,low,512,512,5132,0.156616,1.867,35.415560,76.043906
517296f26ab9189d4f3ca03d950e6c04b424b543255ebe6665a136f408f5b8f1,illustration,OFF,0.0000,0.0000,0.0000,0.0000,0,15,low,512,512,6303,0.192352,1.563,34.149378,52.399213
517296f26ab9189d4f3ca03d950e6c04b424b543255ebe6665a136f408f5b8f1,illustration,OFF,0.0000,0.0000,0.0000,0.0000,0,30,low,512,512,7984,0.243652,1.888,28.407743,30.394692
517296f26ab9189d4f3ca03d950e6c04b424b543255ebe6665a136f408f5b8f1,illustration,OFF,0.0000,0.0000,0.0000,0.0000,0,45,mid,512,512,8655,0.264130,1.593,23.347940,24.052969
517296f26ab9189d4f3ca03d950e6c04b424b543255ebe6665a136f408f5b8f1,illustration,OFF,0.0000,0.0000,0.0000,0.0000,0,60,mid,512,512,10058,0.306946,2.070,30.517288,17.716569
517296f26ab9189d4f3ca03d950e6c04b424b543255ebe6665a136f408f5b8f1,illustration,OFF,0.0000,0.0000,0.0000,0.0000,0,75,high,512,512,11529,0.351837,1.963,17.837837,8.796469
517296f26ab9189d4f3ca03d950e6c04b424b543255ebe6665a136f408f5b8f1,illustration,OFF,0.0000,0.0000,0.0000,0.0000,0,85,high,512,512,13841,0.422394,1.835,15.019050,4.580224
517296f26ab9189d4f3ca03d950e6c04b424b543255ebe6665a136f408f5b8f1,illustration,OFF,0.0000,0.0000,0.0000,0.0000,0,95,high,512,512,24424,0.745361,2.379,9.777146,1.132479
5ab27509d42893df51923532e5b8114141ddf7702da993df1f2b8cd5b6772038,screen_ui,C1,2.0000,0.0200,0.5000,1.0000,2,5,low,512,512,8092,0.246948,2.699,66.593985,151.002700
5ab27509d42893df51923532e5b8114141ddf7702da993df1f2b8cd5b6772038,screen_ui,C1,2.0000,0.0200,0.5000,1.0000,2,15,low,512,512,11109,0.339020,2.796,48.408009,103.814121
5ab27509d42893df51923532e5b8114141ddf7702da993df1f2b8cd5b6772038,screen_ui,C1,2.0000,0.0200,0.5000,1.0000,2,30,low,512,512,15216,0.464355,3.025,38.414252,59.504826
5ab27509d42893df51923532e5b8114141ddf7702da993df1f2b8cd5b6772038,screen_ui,C1,2.0000,0.0200,0.5000,1.0000,2,45,mid,512,512,17174,0.524109,3.018,33.793161,44.114755
5ab27509d42893df51923532e5b8114141ddf7702da993df1f2b8cd5b6772038,screen_ui,C1,2.0000,0.0200,0.5000,1.0000,2,60,mid,512,512,19829,0.605133,3.137,30.448599,30.772922
5ab27509d42893df51923532e5b8114141ddf7702da993df1f2b8cd5b6772038,screen_ui,C1,2.0000,0.0200,0.5000,1.0000,2,75,high,512,512,24429,0.745514,3.222,24.257361,19.894779
5ab27509d42893df51923532e5b8114141ddf7702da993df1f2b8cd5b6772038,screen_ui,C1,2.0000,0.0200,0.5000,1.0000,2,85,high,512,512,29818,0.909973,3.194,19.935838,14.440602
5ab27509d42893df51923532e5b8114141ddf7702da993df1f2b8cd5b6772038,screen_ui,C1,2.0000,0.0200,0.5000,1.0000,2,95,high,512,512,45283,1.381927,4.586,16.245378,10.819811
5ab27509d42893df51923532e5b8114141ddf7702da993df1f2b8cd5b6772038,screen_ui,C2,2.0000,0.0200,0.5000,0.7000,2,5,low,512,512,8371,0.255463,2.883,66.574605,139.295538
5ab27509d42893df51923532e5b8114141ddf7702da993df1f2b8cd5b6772038,screen_ui,C2,2.0000,0.0200,0.5000,0.7000,2,15,low,512,512,11540,0.352173,2.872,48.798057,91.742279
5ab27509d42893df51923532e5b8114141ddf7702da993df1f2b8cd5b6772038,screen_ui,C2,2.0000,0.0200,0.5000,0.7000,2,30,low,512,512,15964,0.487183,3.227,38.075682,47.753002
5ab27509d42893df51923532e5b8114141ddf7702da993df1f2b8cd5b6772038,screen_ui,C2,2.0000,0.0200,0.5000,0.7000,2,45,mid,512,512,17772,0.542358,3.504,34.092312,35.826104
5ab27509d42893df51923532e5b8114141ddf7702da993df1f2b8cd5b6772038,screen_ui,C2,2.0000,0.0200,0.5000,0.7000,2,60,mid,512,512,20397,0.622467,3.143,30.276564,26.546679
5ab27509d42893df51923532e5b8114141ddf7702da993df1f2b8cd5b6772038,screen_ui,C2,2.0000,0.0200,0.5000,0.7000,2,75,high,512,512,24883,0.759369,3.249,24.117144,17.826728
5ab27509d42893df51923532e5b8114141ddf7702da993df1f2b8cd5b6772038,screen_ui,C2,2.0000,0.0200,0.5000,0.7000,2,85,high,512,512,30196,0.921509,3.353,19.783154,13.741260
5ab27509d42893df51923532e5b8114141ddf7702da993df1f2b8cd5b6772038,screen_ui,C2,2.0000,0.0200,0.5000,0.7000,2,95,high,512,512,45511,1.388885,3.717,16.239742,10.780946
5ab27509d42893df51923532e5b8114141ddf7702da993df1f2b8cd5b6772038,screen_ui,C3,2.0000,0.0200,0.5000,0.5000,2,5,low,512,512,8379,0.255707,2.735,66.604544,139.189657
5ab27509d42893df51923532e5b8114141ddf7702da993df1f2b8cd5b6772038,screen_ui,C3,2.0000,0.0200,0.5000,0.5000,2,15,low,512,512,11536,0.352051,3.101,48.804748,91.606289
5ab27509d42893df51923532e5b8114141ddf7702da993df1f2b8cd5b6772038,screen_ui,C3,2.0000,0.0200,0.5000,0.5000,2,30,low,512,512,15957,0.486969,3.015,38.076813,47.897123
5ab27509d42893df51923532e5b8114141ddf7702da993df1f2b8cd5b6772038,screen_ui,C3,2.0000,0.0200,0.5000,0.5000,2,45,mid,512,512,17773,0.542389,3.154,34.005728,36.231559
5ab27509d42893df51923532e5b8114141ddf7702da993df1f2b8cd5b6772038,screen_ui,C3,2.0000,0.0200,0.5000,0.5000,2,60,mid,512,512,20397,0.622467,3.150,30.274639,26.575784
5ab27509d42893df51923532e5b8114141ddf7702da993df1f2b8cd5b6772038,screen_ui,C3,2.0000,0.0200,0.5000,0.5000,2,75,high,512,512,24878,0.759216,3.271,24.114776,17.829143
5ab27509d42893df51923532e5b8114141ddf7702da993df1f2b8cd5b6772038,screen_ui,C3,2.0000,0.0200,0.5000,0.5000,2,85,high,512,512,30197,0.921539,3.441,19.793067,13.740427
5ab27509d42893df51923532e5b8114141ddf7702da993df1f2b8cd5b6772038,screen_ui,C3,2.0000,0.0200,0.5000,0.5000,2,95,high,512,512,45509,1.388824,3.833,16.237936,10.781613
5ab27509d42893df51923532e5b8114141ddf7702da993df1f2b8cd5b6772038,screen_ui,C4,2.0000,0.0200,0.5000,0.3000,2,5,low,512,512,8379,0.255707,2.719,66.604544,139.189657
5ab27509d42893df51923532e5b8114141ddf7702da993df1f2b8cd5b6772038,screen_ui,C4,2.0000,0.0200,0.5000,0.3000,2,15,low,512,512,11536,0.352051,3.066,48.804748,91.606289
5ab27509d42893df51923532e5b8114141ddf7702da993df1f2b8cd5b6772038,screen_ui,C4,2.0000,0.0200,0.5000,0.3000,2,30,low,512,512,15957,0.486969,3.173,38.076813,47.897123
5ab27509d42893df51923532e5b8114141ddf7702da993df1f2b8cd5b6772038,screen_ui,C4,2.0000,0.0200,0.5000,0.3000,2,45,mid,512,512,17773,0.542389,3.056,34.005728,36.231559
5ab27509d42893df51923532e5b8114141ddf7702da993df1f2b8cd5b6772038,screen_ui,C4,2.0000,0.0200,0.5000,0.3000,2,60,mid,512,512,20397,0.622467,3.339,30.274639,26.575784
5ab27509d42893df51923532e5b8114141ddf7702da993df1f2b8cd5b6772038,screen_ui,C4,2.0000,0.0200,0.5000,0.3000,2,75,high,512,512,24878,0.759216,3.826,24.114776,17.829143
5ab27509d42893df51923532e5b8114141ddf7702da993df1f2b8cd5b6772038,screen_ui,C4,2.0000,0.0200,0.5000,0.3000,2,85,high,512,512,30197,0.921539,3.274,19.793067,13.740427
5ab27509d42893df51923532e5b8114141ddf7702da993df1f2b8cd5b6772038,screen_ui,C4,2.0000,0.0200,0.5000,0.3000,2,95,high,512,512,45509,1.388824,4.304,16.237936,10.781613
5ab27509d42893df51923532e5b8114141ddf7702da993df1f2b8cd5b6772038,screen_ui,C5,2.0000,0.0200,0.5000,0.1500,2,5,low,512,512,8379,0.255707,2.649,66.604544,139.189657
5ab27509d42893df51923532e5b8114141ddf7702da993df1f2b8cd5b6772038,screen_ui,C5,2.0000,0.0200,0.5000,0.1500,2,15,low,512,512,11536,0.352051,2.775,48.804748,91.606289
5ab27509d42893df51923532e5b8114141ddf7702da993df1f2b8cd5b6772038,screen_ui,C5,2.0000,0.0200,0.5000,0.1500,2,30,low,512,512,15957,0.486969,2.844,38.076813,47.897123
5ab27509d42893df51923532e5b8114141ddf7702da993df1f2b8cd5b6772038,screen_ui,C5,2.0000,0.0200,0.5000,0.1500,2,45,mid,512,512,17773,0.542389,3.036,34.005728,36.231559
5ab27509d42893df51923532e5b8114141ddf7702da993df1f2b8cd5b6772038,screen_ui,C5,2.0000,0.0200,0.5000,0.1500,2,60,mid,512,512,20397,0.622467,3.069,30.274639,26.575784
5ab27509d42893df51923532e5b8114141ddf7702da993df1f2b8cd5b6772038,screen_ui,C5,2.0000,0.0200,0.5000,0.1500,2,75,high,512,512,24878,0.759216,3.161,24.114776,17.829143
5ab27509d42893df51923532e5b8114141ddf7702da993df1f2b8cd5b6772038,screen_ui,C5,2.0000,0.0200,0.5000,0.1500,2,85,high,512,512,30197,0.921539,3.264,19.793067,13.740427
5ab27509d42893df51923532e5b8114141ddf7702da993df1f2b8cd5b6772038,screen_ui,C5,2.0000,0.0200,0.5000,0.1500,2,95,high,512,512,45509,1.388824,3.687,16.237936,10.781613
5ab27509d42893df51923532e5b8114141ddf7702da993df1f2b8cd5b6772038,screen_ui,C6,2.0000,0.0200,1.0000,0.3000,2,5,low,512,512,8379,0.255707,2.718,66.604544,139.189657
5ab27509d42893df51923532e5b8114141ddf7702da993df1f2b8cd5b6772038,screen_ui,C6,2.0000,0.0200,1.0000,0.3000,2,15,low,512,512,11536,0.352051,2.793,48.804748,91.606289
5ab27509d42893df51923532e5b8114141ddf7702da993df1f2b8cd5b6772038,screen_ui,C6,2.0000,0.0200,1.0000,0.3000,2,30,low,512,512,15957,0.486969,2.865,38.076813,47.897123
5ab27509d42893df51923532e5b8114141ddf7702da993df1f2b8cd5b6772038,screen_ui,C6,2.0000,0.0200,1.0000,0.3000,2,45,mid,512,512,17773,0.542389,2.962,34.005728,36.231559
5ab27509d42893df51923532e5b8114141ddf7702da993df1f2b8cd5b6772038,screen_ui,C6,2.0000,0.0200,1.0000,0.3000,2,60,mid,512,512,20397,0.622467,3.022,30.274639,26.575784
5ab27509d42893df51923532e5b8114141ddf7702da993df1f2b8cd5b6772038,screen_ui,C6,2.0000,0.0200,1.0000,0.3000,2,75,high,512,512,24878,0.759216,3.376,24.114776,17.829143
5ab27509d42893df51923532e5b8114141ddf7702da993df1f2b8cd5b6772038,screen_ui,C6,2.0000,0.0200,1.0000,0.3000,2,85,high,512,512,30197,0.921539,3.158,19.793067,13.740427
5ab27509d42893df51923532e5b8114141ddf7702da993df1f2b8cd5b6772038,screen_ui,C6,2.0000,0.0200,1.0000,0.3000,2,95,high,512,512,45509,1.388824,3.613,16.237936,10.781613
5ab27509d42893df51923532e5b8114141ddf7702da993df1f2b8cd5b6772038,screen_ui,OFF,0.0000,0.0000,0.0000,0.0000,0,5,low,512,512,7839,0.239227,1.594,66.684012,163.080671
5ab27509d42893df51923532e5b8114141ddf7702da993df1f2b8cd5b6772038,screen_ui,OFF,0.0000,0.0000,0.0000,0.0000,0,15,low,512,512,10803,0.329681,1.827,48.792265,116.321204
5ab27509d42893df51923532e5b8114141ddf7702da993df1f2b8cd5b6772038,screen_ui,OFF,0.0000,0.0000,0.0000,0.0000,0,30,low,512,512,14833,0.452667,1.904,38.458675,69.402252
5ab27509d42893df51923532e5b8114141ddf7702da993df1f2b8cd5b6772038,screen_ui,OFF,0.0000,0.0000,0.0000,0.0000,0,45,mid,512,512,16745,0.511017,1.975,34.260041,51.338871
5ab27509d42893df51923532e5b8114141ddf7702da993df1f2b8cd5b6772038,screen_ui,OFF,0.0000,0.0000,0.0000,0.0000,0,60,mid,512,512,19436,0.593140,2.038,30.553384,36.692794
5ab27509d42893df51923532e5b8114141ddf7702da993df1f2b8cd5b6772038,screen_ui,OFF,0.0000,0.0000,0.0000,0.0000,0,75,high,512,512,24034,0.733459,2.363,24.445576,22.379091
5ab27509d42893df51923532e5b8114141ddf7702da993df1f2b8cd5b6772038,screen_ui,OFF,0.0000,0.0000,0.0000,0.0000,0,85,high,512,512,29522,0.900940,2.354,20.230504,15.362040
5ab27509d42893df51923532e5b8114141ddf7702da993df1f2b8cd5b6772038,screen_ui,OFF,0.0000,0.0000,0.0000,0.0000,0,95,high,512,512,45008,1.373535,2.910,16.245510,10.902583
61aa69b6f63a64b87361988fcd53afe13128e841e33d0eb2146a1a62d21509d5,screen_document,C1,2.0000,0.0200,0.5000,1.0000,2,5,low,512,512,10411,0.317719,3.054,43.538439,233.099060
61aa69b6f63a64b87361988fcd53afe13128e841e33d0eb2146a1a62d21509d5,screen_document,C1,2.0000,0.0200,0.5000,1.0000,2,15,low,512,512,13355,0.407562,3.678,33.071223,160.205639
61aa69b6f63a64b87361988fcd53afe13128e841e33d0eb2146a1a62d21509d5,screen_document,C1,2.0000,0.0200,0.5000,1.0000,2,30,low,512,512,17973,0.548492,3.393,24.794743,98.819595
61aa69b6f63a64b87361988fcd53afe13128e841e33d0eb2146a1a62d21509d5,screen_document,C1,2.0000,0.0200,0.5000,1.0000,2,45,mid,512,512,19836,0.605347,3.414,22.236137,86.214476
61aa69b6f63a64b87361988fcd53afe13128e841e33d0eb2146a1a62d21509d5,screen_document,C1,2.0000,0.0200,0.5000,1.0000,2,60,mid,512,512,22535,0.687714,4.205,18.939916,73.456625
61aa69b6f63a64b87361988fcd53afe13128e841e33d0eb2146a1a62d21509d5,screen_document,C1,2.0000,0.0200,0.5000,1.0000,2,75,high,512,512,26639,0.812958,3.906,15.995368,63.178600
61aa69b6f63a64b87361988fcd53afe13128e841e33d0eb2146a1a62d21509d5,screen_document,C1,2.0000,0.0200,0.5000,1.0000,2,85,high,512,512,31209,0.952423,3.389,13.686028,57.325926
61aa69b6f63a64b87361988fcd53afe13128e841e33d0eb2146a1a62d21509d5,screen_document,C1,2.0000,0.0200,0.5000,1.0000,2,95,high,512,512,43022,1.312927,3.657,12.604369,51.282665
61aa69b6f63a64b87361988fcd53afe13128e841e33d0eb2146a1a62d21509d5,screen_document,C2,2.0000,0.0200,0.5000,0.7000,2,5,low,512,512,10911,0.332977,3.013,41.253319,211.004808
61aa69b6f63a64b87361988fcd53afe13128e841e33d0eb2146a1a62d21509d5,screen_document,C2,2.0000,0.0200,0.5000,0.7000,2,15,low,512,512,14127,0.431122,2.982,30.264676,136.420725
61aa69b6f63a64b87361988fcd53afe13128e841e33d0eb2146a1a62d21509d5,screen_document,C2,2.0000,0.0200,0.5000,0.7000,2,30,low,512,512,18747,0.572113,3.253,23.081490,88.772456
61aa69b6f63a64b87361988fcd53afe13128e841e33d0eb2146a1a62d21509d5,screen_document,C2,2.0000,0.0200,0.5000,0.7000,2,45,mid,512,512,20626,0.629456,3.162,21.007876,79.311853
61aa69b6f63a64b87361988fcd53afe13128e841e33d0eb2146a1a62d21509d5,screen_document,C2,2.0000,0.0200,0.5000,0.7000,2,60,mid,512,512,23107,0.705170,3.370,18.053045,69.625112
61aa69b6f63a64b87361988fcd53afe13128e841e33d0eb2146a1a62d21509d5,screen_document,C2,2.0000,0.0200,0.5000,0.7000,2,75,high,512,512,27103,0.827118,3.465,15.599463,61.582265
61aa69b6f63a64b87361988fcd53afe13128e841e33d0eb2146a1a62d21509d5,screen_document,C2,2.0000,0.0200,0.5000,0.7000,2,85,high,512,512,31612,0.964722,3.237,13.513860,56.792833
61aa69b6f63a64b87361988fcd53afe13128e841e33d0eb2146a1a62d21509d5,screen_document,C2,2.0000,0.0200,0.5000,0.7000,2,95,high,512,512,43195,1.318207,3.493,12.534265,51.236076
61aa69b6f63a64b87361988fcd53afe13128e841e33d0eb2146a1a62d21509d5,screen_document,C3,2.0000,0.0200,0.5000,0.5000,2,5,low,512,512,10920,0.333252,2.938,41.583989,215.576233
61aa69b6f63a64b87361988fcd53afe13128e841e33d0eb2146a1a62d21509d5,screen_document,C3,2.0000,0.0200,0.5000,0.5000,2,15,low,512,512,14112,0.430664,3.309,30.887052,141.721116
61aa69b6f63a64b87361988fcd53afe13128e841e33d0eb2146a1a62d21509d5,screen_document,C3,2.0000,0.0200,0.5000,0.5000,2,30,low,512,512,18805,0.573883,3.169,22.789497,89.840799
61aa69b6f63a64b87361988fcd53afe13128e841e33d0eb2146a1a62d21509d5,screen_document,C3,2.0000,0.0200,0.5000,0.5000,2,45,mid,512,512,20656,0.630371,3.278,21.267138,80.056514
61aa69b6f63a64b87361988fcd53afe13128e841e33d0eb2146a1a62d21509d5,screen_document,C3,2.0000,0.0200,0.5000,0.5000,2,60,mid,512,512,23150,0.706482,3.426,18.019820,70.048600
61aa69b6f63a64b87361988fcd53afe13128e841e33d0eb2146a1a62d21509d5,screen_document,C3,2.0000,0.0200,0.5000,0.5000,2,75,high,512,512,27135,0.828094,3.453,15.609153,61.632016
61aa69b6f63a64b87361988fcd53afe13128e841e33d0eb2146a1a62d21509d5,screen_document,C3,2.0000,0.0200,0.5000,0.5000,2,85,high,512,512,31621,0.964996,3.218,13.538200,56.786743
61aa69b6f63a64b87361988fcd53afe13128e841e33d0eb2146a1a62d21509d5,screen_document,C3,2.0000,0.0200,0.5000,0.5000,2,95,high,512,512,43206,1.318542,3.526,12.526211,51.241652
61aa69b6f63a64b87361988fcd53afe13128e841e33d0eb2146a1a62d21509d5,screen_document,C4,2.0000,0.0200,0.5000,0.3000,2,5,low,512,512,10920,0.333252,2.940,41.583989,215.576233
61aa69b6f63a64b87361988fcd53afe13128e841e33d0eb2146a1a62d21509d5,screen_document,C4,2.0000,0.0200,0.5000,0.3000,2,15,low,512,512,14115,0.430756,3.055,30.894024,141.782588
61aa69b6f63a64b87361988fcd53afe13128e841e33d0eb2146a1a62d21509d5,screen_document,C4,2.0000,0.0200,0.5000,0.3000,2,30,low,512,512,18806,0.573914,3.273,22.787309,89.901183
61aa69b6f63a64b87361988fcd53afe13128e841e33d0eb2146a1a62d21509d5,screen_document,C4,2.0000,0.0200,0.5000,0.3000,2,45,mid,512,512,20655,0.630341,3.220,21.232079,80.139953
61aa69b6f63a64b87361988fcd53afe13128e841e33d0eb2146a1a62d21509d5,screen_document,C4,2.0000,0.0200,0.5000,0.3000,2,60,mid,512,512,23150,0.706482,3.306,18.009005,70.060616
61aa69b6f63a64b87361988fcd53afe13128e841e33d0eb2146a1a62d21509d5,screen_document,C4,2.0000,0.0200,0.5000,0.3000,2,75,high,512,512,27141,0.828278,3.662,15.599203,61.639472
61aa69b6f63a64b87361988fcd53afe13128e841e33d0eb2146a1a62d21509d5,screen_document,C4,2.0000,0.0200,0.5000,0.3000,2,85,high,512,512,31633,0.965363,3.278,13.527607,56.791824
61aa69b6f63a64b87361988fcd53afe13128e841e33d0eb2146a1a62d21509d5,screen_document,C4,2.0000,0.0200,0.5000,0.3000,2,95,high,512,512,43216,1.318848,3.599,12.511725,51.245403
61aa69b6f63a64b87361988fcd53afe13128e841e33d0eb2146a1a62d21509d5,screen_document,C5,2.0000,0.0200,0.5000,0.1500,2,5,low,512,512,10920,0.333252,2.930,41.583989,215.576233
61aa69b6f63a64b87361988fcd53afe13128e841e33d0eb2146a1a62d21509d5,screen_document,C5,2.0000,0.0200,0.5000,0.1500,2,15,low,512,512,14115,0.430756,2.993,30.894024,141.782588
61aa69b6f63a64b87361988fcd53afe13128e841e33d0eb2146a1a62d21509d5,screen_document,C5,2.0000,0.0200,0.5000,0.1500,2,30,low,512,512,18806,0.573914,3.153,22.787309,89.901183
61aa69b6f63a64b87361988fcd53afe13128e841e33d0eb2146a1a62d21509d5,screen_document,C5,2.0000,0.0200,0.5000,0.1500,2,45,mid,512,512,20655,0.630341,3.143,21.232079,80.139953
61aa69b6f63a64b87361988fcd53afe13128e841e33d0eb2146a1a62d21509d5,screen_document,C5,2.0000,0.0200,0.5000,0.1500,2,60,mid,512,512,23150,0.706482,3.204,18.009005,70.060616
61aa69b6f63a64b87361988fcd53afe13128e841e33d0eb2146a1a62d21509d5,screen_document,C5,2.0000,0.0200,0.5000,0.1500,2,75,high,512,512,27141,0.828278,3.368,15.599203,61.639472
61aa69b6f63a64b87361988fcd53afe13128e841e33d0eb2146a1a62d21509d5,screen_document,C5,2.0000,0.0200,0.5000,0.1500,2,85,high,512,512,31633,0.965363,3.486,13.527607,56.791824
61aa69b6f63a64b87361988fcd53afe13128e841e33d0eb2146a1a62d21509d5,screen_document,C5,2.0000,0.0200,0.5000,0.1500,2,95,high,512,512,43216,1.318848,3.463,12.511725,51.245403
61aa69b6f63a64b87361988fcd53afe13128e841e33d0eb2146a1a62d21509d5,screen_document,C6,2.0000,0.0200,1.0000,0.3000,2,5,low,512,512,10920,0.333252,2.946,41.583989,215.576233
61aa69b6f63a64b87361988fcd53afe13128e841e33d0eb2146a1a62d21509d5,screen_document,C6,2.0000,0.0200,1.0000,0.3000,2,15,low,512,512,14115,0.430756,2.937,30.894024,141.782588
61aa69b6f63a64b87361988fcd53afe13128e841e33d0eb2146a1a62d21509d5,screen_document,C6,2.0000,0.0200,1.0000,0.3000,2,30,low,512,512,18806,0.573914,3.107,22.787309,89.901183
61aa69b6f63a64b87361988fcd53afe13128e841e33d0eb2146a1a62d21509d5,screen_document,C6,2.0000,0.0200,1.0000,0.3000,2,45,mid,512,512,20655,0.630341,3.203,21.232079,80.139953
61aa69b6f63a64b87361988fcd53afe13128e841e33d0eb2146a1a62d21509d5,screen_document,C6,2.0000,0.0200,1.0000,0.3000,2,60,mid,512,512,23148,0.706421,3.243,17.992916,70.055221
61aa69b6f63a64b87361988fcd53afe13128e841e33d0eb2146a1a62d21509d5,screen_document,C6,2.0000,0.0200,1.0000,0.3000,2,75,high,512,512,27141,0.828278,3.393,15.599203,61.639472
61aa69b6f63a64b87361988fcd53afe13128e841e33d0eb2146a1a62d21509d5,screen_document,C6,2.0000,0.0200,1.0000,0.3000,2,85,high,512,512,31624,0.965088,3.190,13.593962,56.788761
61aa69b6f63a64b87361988fcd53afe13128e841e33d0eb2146a1a62d21509d5,screen_document,C6,2.0000,0.0200,1.0000,0.3000,2,95,high,512,512,43213,1.318756,3.487,12.536266,51.244170
61aa69b6f63a64b87361988fcd53afe13128e841e33d0eb2146a1a62d21509d5,screen_document,OFF,0.0000,0.0000,0.0000,0.0000,0,5,low,512,512,9823,0.299774,1.908,48.904950,289.145369
61aa69b6f63a64b87361988fcd53afe13128e841e33d0eb2146a1a62d21509d5,screen_document,OFF,0.0000,0.0000,0.0000,0.0000,0,15,low,512,512,12611,0.384857,2.082,37.275803,198.378639
61aa69b6f63a64b87361988fcd53afe13128e841e33d0eb2146a1a62d21509d5,screen_document,OFF,0.0000,0.0000,0.0000,0.0000,0,30,low,512,512,17046,0.520203,2.062,27.889108,120.925464
61aa69b6f63a64b87361988fcd53afe13128e841e33d0eb2146a1a62d21509d5,screen_document,OFF,0.0000,0.0000,0.0000,0.0000,0,45,mid,512,512,18835,0.574799,2.137,25.537551,101.034494
61aa69b6f63a64b87361988fcd53afe13128e841e33d0eb2146a1a62d21509d5,screen_document,OFF,0.0000,0.0000,0.0000,0.0000,0,60,mid,512,512,21497,0.656036,2.124,21.643106,82.688295
61aa69b6f63a64b87361988fcd53afe13128e841e33d0eb2146a1a62d21509d5,screen_document,OFF,0.0000,0.0000,0.0000,0.0000,0,75,high,512,512,25804,0.787476,2.540,17.493469,67.347332
61aa69b6f63a64b87361988fcd53afe13128e841e33d0eb2146a1a62d21509d5,screen_document,OFF,0.0000,0.0000,0.0000,0.0000,0,85,high,512,512,30426,0.928528,2.492,14.605498,59.004012
61aa69b6f63a64b87361988fcd53afe13128e841e33d0eb2146a1a62d21509d5,screen_document,OFF,0.0000,0.0000,0.0000,0.0000,0,95,high,512,512,42684,1.302612,2.897,12.606488,51.433742
6b21c9d47c5958fc347f9cd7ca5f653d556b0dd845be3868cd3b40038103055f,screen_ui,C1,2.0000,0.0200,0.5000,1.0000,2,5,low,512,512,9422,0.287537,2.683,63.097638,143.253553
6b21c9d47c5958fc347f9cd7ca5f653d556b0dd845be3868cd3b40038103055f,screen_ui,C1,2.0000,0.0200,0.5000,1.0000,2,15,low,512,512,12627,0.385345,2.828,47.495689,109.699620
6b21c9d47c5958fc347f9cd7ca5f653d556b0dd845be3868cd3b40038103055f,screen_ui,C1,2.0000,0.0200,0.5000,1.0000,2,30,low,512,512,17282,0.527405,2.930,39.688550,79.024416
6b21c9d47c5958fc347f9cd7ca5f653d556b0dd845be3868cd3b40038103055f,screen_ui,C1,2.0000,0.0200,0.5000,1.0000,2,45,mid,512,512,19329,0.589874,3.541,35.506918,70.707263
6b21c9d47c5958fc347f9cd7ca5f653d556b0dd845be3868cd3b40038103055f,screen_ui,C1,2.0000,0.0200,0.5000,1.0000,2,60,mid,512,512,22286,0.680115,4.212,33.865460,61.322256
6b21c9d47c5958fc347f9cd7ca5f653d556b0dd845be3868cd3b40038103055f,screen_ui,C1,2.0000,0.0200,0.5000,1.0000,2,75,high,512,512,27807,0.848602,3.661,29.316771,49.656345
6b21c9d47c5958fc347f9cd7ca5f653d556b0dd845be3868cd3b40038103055f,screen_ui,C1,2.0000,0.0200,0.5000,1.0000,2,85,high,512,512,34452,1.051392,3.297,26.645371,41.512894
6b21c9d47c5958fc347f9cd7ca5f653d556b0dd845be3868cd3b40038103055f,screen_ui,C1,2.0000,0.0200,0.5000,1.0000,2,95,high,512,512,53498,1.632629,3.693,24.472847,34.615722
6b21c9d47c5958fc347f9cd7ca5f653d556b0dd845be3868cd3b40038103055f,screen_ui,C2,2.0000,0.0200,0.5000,0.7000,2,5,low,512,512,9577,0.292267,2.712,62.801726,139.190621
6b21c9d47c5958fc347f9cd7ca5f653d556b0dd845be3868cd3b40038103055f,screen_ui,C2,2.0000,0.0200,0.5000,0.7000,2,15,low,512,512,12887,0.393280,2.693,47.384167,106.319476
6b21c9d47c5958fc347f9cd7ca5f653d556b0dd845be3868cd3b40038103055f,screen_ui,C2,2.0000,0.0200,0.5000,0.7000,2,30,low,512,512,17654,0.538757,2.875,39.533317,76.206471
6b21c9d47c5958fc347f9cd7ca5f653d556b0dd845be3868cd3b40038103055f,screen_ui,C2,2.0000,0.0200,0.5000,0.7000,2,45,mid,512,512,19717,0.601715,2.890,35.097563,67.958662
6b21c9d47c5958fc347f9cd7ca5f653d556b0dd845be3868cd3b40038103055f,screen_ui,C2,2.0000,0.0200,0.5000,0.7000,2,60,mid,512,512,22777,0.695099,3.039,33.477642,58.571964
6b21c9d47c5958fc347f9cd7ca5f653d556b0dd845be3868cd3b40038103055f,screen_ui,C2,2.0000,0.0200,0.5000,0.7000,2,75,high,512,512,28341,0.864899,3.187,28.888268,47.511047
6b21c9d47c5958fc347f9cd7ca5f653d556b0dd845be3868cd3b40038103055f,screen_ui,C2,2.0000,0.0200,0.5000,0.7000,2,85,high,512,512,35015,1.068573,3.107,26.181180,40.185193
6b21c9d47c5958fc347f9cd7ca5f653d556b0dd845be3868cd3b40038103055f,screen_ui,C2,2.0000,0.0200,0.5000,0.7000,2,95,high,512,512,53855,1.643524,3.655,24.434867,34.464754
6b21c9d47c5958fc347f9cd7ca5f653d556b0dd845be3868cd3b40038103055f,screen_ui,C3,2.0000,0.0200,0.5000,0.5000,2,5,low,512,512,9577,0.292267,2.693,62.801726,139.190621
6b21c9d47c5958fc347f9cd7ca5f653d556b0dd845be3868cd3b40038103055f,screen_ui,C3,2.0000,0.0200,0.5000,0.5000,2,15,low,512,512,12887,0.393280,2.837,47.384167,106.319476
6b21c9d47c5958fc347f9cd7ca5f653d556b0dd845be3868cd3b40038103055f,screen_ui,C3,2.0000,0.0200,0.5000,0.5000,2,30,low,512,512,17654,0.538757,2.902,39.533317,76.206471
6b21c9d47c5958fc347f9cd7ca5f653d556b0dd845be3868cd3b40038103055f,screen_ui,C3,2.0000,0.0200,0.5000,0.5000,2,45,mid,512,512,19717,0.601715,2.857,35.097563,67.958662
6b21c9d47c5958fc347f9cd7ca5f653d556b0dd845be3868cd3b40038103055f,screen_ui,C3,2.0000,0.0200,0.5000,0.5000,2,60,mid,512,512,22777,0.695099,3.010,33.477642,58.571964
6b21c9d47c5958fc347f9cd7ca5f653d556b0dd845be3868cd3b40038103055f,screen_ui,C3,2.0000,0.0200,0.5000,0.5000,2,75,high,512,512,28341,0.864899,3.237,28.888268,47.511047
6b21c9d47c5958fc347f9cd7ca5f653d556b0dd845be3868cd3b40038103055f,screen_ui,C3,2.0000,0.0200,0.5000,0.5000,2,85,high,512,512,35020,1.068726,3.838,26.185257,40.189368
6b21c9d47c5958fc347f9cd7ca5f653d556b0dd845be3868cd3b40038103055f,screen_ui,C3,2.0000,0.0200,0.5000,0.5000,2,95,high,512,512,53854,1.643494,3.746,24.435803,34.464384
6b21c9d47c5958fc347f9cd7ca5f653d556b0dd845be3868cd3b40038103055f,screen_ui,C4,2.0000,0.0200,0.5000,0.3000,2,5,low,512,512,9577,0.292267,2.648,62.801726,139.190621
6b21c9d47c5958fc347f9cd7ca5f653d556b0dd845be3868cd3b40038103055f,screen_ui,C4,2.0000,0.0200,0.5000,0.3000,2,15,low,512,512,12887,0.393280,2.671,47.384167,106.319476
6b21c9d47c5958fc347f9cd7ca5f653d556b0dd845be3868cd3b40038103055f,screen_ui,C4,2.0000,0.0200,0.5000,0.3000,2,30,low,512,512,17654,0.538757,2.930,39.533317,76.206471
6b21c9d47c5958fc347f9cd7ca5f653d556b0dd845be3868cd3b40038103055f,screen_ui,C4,2.0000,0.0200,0.5000,0.3000,2,45,mid,512,512,19717,0.601715,3.030,35.097563,67.958662
6b21c9d47c5958fc347f9cd7ca5f653d556b0dd845be3868cd3b40038103055f,screen_ui,C4,2.0000,0.0200,0.5000,0.3000,2,60,mid,512,512,22777,0.695099,3.540,33.477642,58.571964
6b21c9d47c5958fc347f9cd7ca5f653d556b0dd845be3868cd3b40038103055f,screen_ui,C4,2.0000,0.0200,0.5000,0.3000,2,75,high,512,512,28341,0.864899,3.358,28.888268,47.511047
6b21c9d47c5958fc347f9cd7ca5f653d556b0dd845be3868cd3b40038103055f,screen_ui,C4,2.0000,0.0200,0.5000,0.3000,2,85,high,512,512,35020,1.068726,3.269,26.185257,40.189368
6b21c9d47c5958fc347f9cd7ca5f653d556b0dd845be3868cd3b40038103055f,screen_ui,C4,2.0000,0.0200,0.5000,0.3000,2,95,high,512,512,53854,1.643494,3.894,24.435803,34.464384
6b21c9d47c5958fc347f9cd7ca5f653d556b0dd845be3868cd3b40038103055f,screen_ui,C5,2.0000,0.0200,0.5000,0.1500,2,5,low,512,512,9577,0.292267,2.575,62.801726,139.190621
6b21c9d47c5958fc347f9cd7ca5f653d556b0dd845be3868cd3b40038103055f,screen_ui,C5,2.0000,0.0200,0.5000,0.1500,2,15,low,512,512,12887,0.393280,2.648,47.384167,106.319476
6b21c9d47c5958fc347f9cd7ca5f653d556b0dd845be3868cd3b40038103055f,screen_ui,C5,2.0000,0.0200,0.5000,0.1500,2,30,low,512,512,17654,0.538757,2.872,39.533317,76.206471
6b21c9d47c5958fc347f9cd7ca5f653d556b0dd845be3868cd3b40038103055f,screen_ui,C5,2.0000,0.0200,0.5000,0.1500,2,45,mid,512,512,19717,0.601715,2.817,35.097563,67.958662
6b21c9d47c5958fc347f9cd7ca5f653d556b0dd845be3868cd3b40038103055f,screen_ui,C5,2.0000,0.0200,0.5000,0.1500,2,60,mid,512,512,22777,0.695099,3.055,33.477642,58.571964
6b21c9d47c5958fc347f9cd7ca5f653d556b0dd845be3868cd3b40038103055f,screen_ui,C5,2.0000,0.0200,0.5000,0.1500,2,75,high,512,512,28341,0.864899,3.142,28.888268,47.511047
6b21c9d47c5958fc347f9cd7ca5f653d556b0dd845be3868cd3b40038103055f,screen_ui,C5,2.0000,0.0200,0.5000,0.1500,2,85,high,512,512,35020,1.068726,3.629,26.185257,40.189368
6b21c9d47c5958fc347f9cd7ca5f653d556b0dd845be3868cd3b40038103055f,screen_ui,C5,2.0000,0.0200,0.5000,0.1500,2,95,high,512,512,53854,1.643494,4.058,24.435803,34.464384
6b21c9d47c5958fc347f9cd7ca5f653d556b0dd845be3868cd3b40038103055f,screen_ui,C6,2.0000,0.0200,1.0000,0.3000,2,5,low,512,512,9577,0.292267,2.658,62.801726,139.190621
6b21c9d47c5958fc347f9cd7ca5f653d556b0dd845be3868cd3b40038103055f,screen_ui,C6,2.0000,0.0200,1.0000,0.3000,2,15,low,512,512,12887,0.393280,2.715,47.384167,106.319476
6b21c9d47c5958fc347f9cd7ca5f653d556b0dd845be3868cd3b40038103055f,screen_ui,C6,2.0000,0.0200,1.0000,0.3000,2,30,low,512,512,17654,0.538757,3.373,39.533317,76.206471
6b21c9d47c5958fc347f9cd7ca5f653d556b0dd845be3868cd3b40038103055f,screen_ui,C6,2.0000,0.0200,1.0000,0.3000,2,45,mid,512,512,19717,0.601715,2.840,35.097563,67.958662
6b21c9d47c5958fc347f9cd7ca5f653d556b0dd845be3868cd3b40038103055f,screen_ui,C6,2.0000,0.0200,1.0000,0.3000,2,60,mid,512,512,22777,0.695099,2.991,33.477642,58.571964
6b21c9d47c5958fc347f9cd7ca5f653d556b0dd845be3868cd3b40038103055f,screen_ui,C6,2.0000,0.0200,1.0000,0.3000,2,75,high,512,512,28341,0.864899,3.153,28.888268,47.511047
6b21c9d47c5958fc347f9cd7ca5f653d556b0dd845be3868cd3b40038103055f,screen_ui,C6,2.0000,0.0200,1.0000,0.3000,2,85,high,512,512,35020,1.068726,3.100,26.185257,40.189368
6b21c9d47c5958fc347f9cd7ca5f653d556b0dd845be3868cd3b40038103055f,screen_ui,C6,2.0000,0.0200,1.0000,0.3000,2,95,high,512,512,53854,1.643494,3.688,24.435803,34.464384
6b21c9d47c5958fc347f9cd7ca5f653d556b0dd845be3868cd3b40038103055f,screen_ui,OFF,0.0000,0.0000,0.0000,0.0000,0,5,low,512,512,9266,0.282776,1.596,63.672495,152.241844
6b21c9d47c5958fc347f9cd7ca5f653d556b0dd845be3868cd3b40038103055f,screen_ui,OFF,0.0000,0.0000,0.0000,0.0000,0,15,low,512,512,12488,0.381104,1.658,47.785545,113.001125
6b21c9d47c5958fc347f9cd7ca5f653d556b0dd845be3868cd3b40038103055f,screen_ui,OFF,0.0000,0.0000,0.0000,0.0000,0,30,low,512,512,17089,0.521515,1.810,39.914234,82.119127
6b21c9d47c5958fc347f9cd7ca5f653d556b0dd845be3868cd3b40038103055f,screen_ui,OFF,0.0000,0.0000,0.0000,0.0000,0,45,mid,512,512,19128,0.583740,1.871,35.677645,72.661477
6b21c9d47c5958fc347f9cd7ca5f653d556b0dd845be3868cd3b40038103055f,screen_ui,OFF,0.0000,0.0000,0.0000,0.0000,0,60,mid,512,512,22055,0.673065,2.018,34.076702,63.047811
6b21c9d47c5958fc347f9cd7ca5f653d556b0dd845be3868cd3b40038103055f,screen_ui,OFF,0.0000,0.0000,0.0000,0.0000,0,75,high,512,512,27526,0.840027,2.098,29.571908,51.116197
6b21c9d47c5958fc347f9cd7ca5f653d556b0dd845be3868cd3b40038103055f,screen_ui,OFF,0.0000,0.0000,0.0000,0.0000,0,85,high,512,512,34140,1.041870,2.359,26.869837,42.447750
6b21c9d47c5958fc347f9cd7ca5f653d556b0dd845be3868cd3b40038103055f,screen_ui,OFF,0.0000,0.0000,0.0000,0.0000,0,95,high,512,512,53241,1.624786,3.211,24.518143,34.771782
718554ce736b5abeee0dcc45d72eff617d71f8cf,screen_document,C1,2.0000,0.0200,0.5000,1.0000,2,5,low,512,512,7519,0.229462,3.208,51.687977,136.544588
718554ce736b5abeee0dcc45d72eff617d71f8cf,screen_document,C1,2.0000,0.0200,0.5000,1.0000,2,15,low,512,512,10315,0.314789,2.804,40.937415,92.688739
718554ce736b5abeee0dcc45d72eff617d71f8cf,screen_document,C1,2.0000,0.0200,0.5000,1.0000,2,30,low,512,512,13756,0.419800,4.056,33.107169,58.380387
718554ce736b5abeee0dcc45d72eff617d71f8cf,screen_document,C1,2.0000,0.0200,0.5000,1.0000,2,45,mid,512,512,15469,0.472076,3.289,30.713239,44.569789
718554ce736b5abeee0dcc45d72eff617d71f8cf,screen_document,C1,2.0000,0.0200,0.5000,1.0000,2,60,mid,512,512,17634,0.538147,3.931,26.697491,34.926401
718554ce736b5abeee0dcc45d72eff617d71f8cf,screen_document,C1,2.0000,0.0200,0.5000,1.0000,2,75,high,512,512,21031,0.641815,4.044,22.689735,28.026259
718554ce736b5abeee0dcc45d72eff617d71f8cf,screen_document,C1,2.0000,0.0200,0.5000,1.0000,2,85,high,512,512,25092,0.765747,3.202,20.763892,24.712567
718554ce736b5abeee0dcc45d72eff617d71f8cf,screen_document,C1,2.0000,0.0200,0.5000,1.0000,2,95,high,512,512,35600,1.086426,3.589,19.489682,22.470997
718554ce736b5abeee0dcc45d72eff617d71f8cf,screen_document,C2,2.0000,0.0200,0.5000,0.7000,2,5,low,512,512,7878,0.240417,2.699,51.814503,123.434733
718554ce736b5abeee0dcc45d72eff617d71f8cf,screen_document,C2,2.0000,0.0200,0.5000,0.7000,2,15,low,512,512,10567,0.322479,2.815,41.185465,86.176909
718554ce736b5abeee0dcc45d72eff617d71f8cf,screen_document,C2,2.0000,0.0200,0.5000,0.7000,2,30,low,512,512,14100,0.430298,3.051,33.491955,50.945955
718554ce736b5abeee0dcc45d72eff617d71f8cf,screen_document,C2,2.0000,0.0200,0.5000,0.7000,2,45,mid,512,512,15851,0.483734,3.141,30.658214,39.650805
718554ce736b5abeee0dcc45d72eff617d71f8cf,screen_document,C2,2.0000,0.0200,0.5000,0.7000,2,60,mid,512,512,17947,0.547699,2.950,26.767937,32.507983
718554ce736b5abeee0dcc45d72eff617d71f8cf,screen_document,C2,2.0000,0.0200,0.5000,0.7000,2,75,high,512,512,21165,0.645905,3.174,22.651282,27.447288
718554ce736b5abeee0dcc45d72eff617d71f8cf,screen_document,C2,2.0000,0.0200,0.5000,0.7000,2,85,high,512,512,25227,0.769867,2.953,20.758913,24.556294
718554ce736b5abeee0dcc45d72eff617d71f8cf,screen_document,C2,2.0000,0.0200,0.5000,0.7000,2,95,high,512,512,35658,1.088196,3.382,19.471885,22.463697
718554ce736b5abeee0dcc45d72eff617d71f8cf,screen_document,C3,2.0000,0.0200,0.5000,0.5000,2,5,low,512,512,7878,0.240417,2.698,51.822919,123.279419
718554ce736b5abeee0dcc45d72eff617d71f8cf,screen_document,C3,2.0000,0.0200,0.5000,0.5000,2,15,low,512,512,10568,0.322510,2.717,41.185545,86.139679
718554ce736b5abeee0dcc45d72eff617d71f8cf,screen_document,C3,2.0000,0.0200,0.5000,0.5000,2,30,low,512,512,14100,0.430298,2.919,33.491992,50.926673
718554ce736b5abeee0dcc45d72eff617d71f8cf,screen_document,C3,2.0000,0.0200,0.5000,0.5000,2,45,mid,512,512,15847,0.483612,2.918,30.660602,39.716157
718554ce736b5abeee0dcc45d72eff617d71f8cf,screen_document,C3,2.0000,0.0200,0.5000,0.5000,2,60,mid,512,512,17947,0.547699,2.920,26.767937,32.507983
718554ce736b5abeee0dcc45d72eff617d71f8cf,screen_document,C3,2.0000,0.0200,0.5000,0.5000,2,75,high,512,512,21159,0.645721,3.095,22.653203,27.441258
718554ce736b5abeee0dcc45d72eff617d71f8cf,screen_document,C3,2.0000,0.0200,0.5000,0.5000,2,85,high,512,512,25227,0.769867,2.911,20.755895,24.549056
718554ce736b5abeee0dcc45d72eff617d71f8cf,screen_document,C3,2.0000,0.0200,0.5000,0.5000,2,95,high,512,512,35659,1.088226,3.229,19.471829,22.463697
718554ce736b5abeee0dcc45d72eff617d71f8cf,screen_document,C4,2.0000,0.0200,0.5000,0.3000,2,5,low,512,512,7878,0.240417,2.746,51.822919,123.279419
718554ce736b5abeee0dcc45d72eff617d71f8cf,screen_document,C4,2.0000,0.0200,0.5000,0.3000,2,15,low,512,512,10568,0.322510,3.033,41.185545,86.139679
718554ce736b5abeee0dcc45d72eff617d71f8cf,screen_document,C4,2.0000,0.0200,0.5000,0.3000,2,30,low,512,512,14100,0.430298,3.090,33.491992,50.926673
718554ce736b5abeee0dcc45d72eff617d71f8cf,screen_document,C4,2.0000,0.0200,0.5000,0.3000,2,45,mid,512,512,15847,0.483612,3.012,30.660602,39.716157
718554ce736b5abeee0dcc45d72eff617d71f8cf,screen_document,C4,2.0000,0.0200,0.5000,0.3000,2,60,mid,512,512,17947,0.547699,3.010,26.767937,32.507983
718554ce736b5abeee0dcc45d72eff617d71f8cf,screen_document,C4,2.0000,0.0200,0.5000,0.3000,2,75,high,512,512,21159,0.645721,3.214,22.653203,27.441258
718554ce736b5abeee0dcc45d72eff617d71f8cf,screen_document,C4,2.0000,0.0200,0.5000,0.3000,2,85,high,512,512,25227,0.769867,3.113,20.755895,24.549056
718554ce736b5abeee0dcc45d72eff617d71f8cf,screen_document,C4,2.0000,0.0200,0.5000,0.3000,2,95,high,512,512,35659,1.088226,3.314,19.471829,22.463697
718554ce736b5abeee0dcc45d72eff617d71f8cf,screen_document,C5,2.0000,0.0200,0.5000,0.1500,2,5,low,512,512,7878,0.240417,2.682,51.822919,123.279419
718554ce736b5abeee0dcc45d72eff617d71f8cf,screen_document,C5,2.0000,0.0200,0.5000,0.1500,2,15,low,512,512,10568,0.322510,2.746,41.185545,86.139679
718554ce736b5abeee0dcc45d72eff617d71f8cf,screen_document,C5,2.0000,0.0200,0.5000,0.1500,2,30,low,512,512,14100,0.430298,2.888,33.491992,50.926673
718554ce736b5abeee0dcc45d72eff617d71f8cf,screen_document,C5,2.0000,0.0200,0.5000,0.1500,2,45,mid,512,512,15847,0.483612,2.878,30.660602,39.716157
718554ce736b5abeee0dcc45d72eff617d71f8cf,screen_document,C5,2.0000,0.0200,0.5000,0.1500,2,60,mid,512,512,17947,0.547699,2.960,26.767937,32.507983
718554ce736b5abeee0dcc45d72eff617d71f8cf,screen_document,C5,2.0000,0.0200,0.5000,0.1500,2,75,high,512,512,21159,0.645721,3.118,22.653203,27.441258
718554ce736b5abeee0dcc45d72eff617d71f8cf,screen_document,C5,2.0000,0.0200,0.5000,0.1500,2,85,high,512,512,25227,0.769867,3.042,20.755895,24.549056
718554ce736b5abeee0dcc45d72eff617d71f8cf,screen_document,C5,2.0000,0.0200,0.5000,0.1500,2,95,high,512,512,35659,1.088226,3.331,19.471829,22.463697
718554ce736b5abeee0dcc45d72eff617d71f8cf,screen_document,C6,2.0000,0.0200,1.0000,0.3000,2,5,low,512,512,7878,0.240417,2.964,51.822919,123.279419
718554ce736b5abeee0dcc45d72eff617d71f8cf,screen_document,C6,2.0000,0.0200,1.0000,0.3000,2,15,low,512,512,10568,0.322510,2.888,41.185545,86.139679
718554ce736b5abeee0dcc45d72eff617d71f8cf,screen_document,C6,2.0000,0.0200,1.0000,0.3000,2,30,low,512,512,14100,0.430298,2.902,33.491992,50.926673
718554ce736b5abeee0dcc45d72eff617d71f8cf,screen_document,C6,2.0000,0.0200,1.0000,0.3000,2,45,mid,512,512,15847,0.483612,2.952,30.660602,39.716157
718554ce736b5abeee0dcc45d72eff617d71f8cf,screen_document,C6,2.0000,0.0200,1.0000,0.3000,2,60,mid,512,512,17947,0.547699,2.966,26.767937,32.507983
718554ce736b5abeee0dcc45d72eff617d71f8cf,screen_document,C6,2.0000,0.0200,1.0000,0.3000,2,75,high,512,512,21159,0.645721,3.282,22.653203,27.441258
718554ce736b5abeee0dcc45d72eff617d71f8cf,screen_document,C6,2.0000,0.0200,1.0000,0.3000,2,85,high,512,512,25227,0.769867,2.951,20.755895,24.549056
718554ce736b5abeee0dcc45d72eff617d71f8cf,screen_document,C6,2.0000,0.0200,1.0000,0.3000,2,95,high,512,512,35659,1.088226,3.309,19.471829,22.463697
718554ce736b5abeee0dcc45d72eff617d71f8cf,screen_document,OFF,0.0000,0.0000,0.0000,0.0000,0,5,low,512,512,7337,0.223907,1.736,52.098388,147.221309
718554ce736b5abeee0dcc45d72eff617d71f8cf,screen_document,OFF,0.0000,0.0000,0.0000,0.0000,0,15,low,512,512,10095,0.308075,1.705,41.092072,101.171225
718554ce736b5abeee0dcc45d72eff617d71f8cf,screen_document,OFF,0.0000,0.0000,0.0000,0.0000,0,30,low,512,512,13487,0.411591,2.019,33.367144,63.578626
718554ce736b5abeee0dcc45d72eff617d71f8cf,screen_document,OFF,0.0000,0.0000,0.0000,0.0000,0,45,mid,512,512,15232,0.464844,1.947,31.037962,49.785350
718554ce736b5abeee0dcc45d72eff617d71f8cf,screen_document,OFF,0.0000,0.0000,0.0000,0.0000,0,60,mid,512,512,17452,0.532593,1.947,26.953226,37.584915
718554ce736b5abeee0dcc45d72eff617d71f8cf,screen_document,OFF,0.0000,0.0000,0.0000,0.0000,0,75,high,512,512,20888,0.637451,2.226,22.876076,28.977652
718554ce736b5abeee0dcc45d72eff617d71f8cf,screen_document,OFF,0.0000,0.0000,0.0000,0.0000,0,85,high,512,512,24977,0.762238,2.320,20.842134,25.342194
718554ce736b5abeee0dcc45d72eff617d71f8cf,screen_document,OFF,0.0000,0.0000,0.0000,0.0000,0,95,high,512,512,35562,1.085266,2.650,19.463021,22.479835
7f6c0e0170a42ddcf69f1835d62ce0dfa70a3b39,illustration,C1,2.0000,0.0200,0.5000,1.0000,2,5,low,512,512,1950,0.059509,3.492,28.125156,24.156281
7f6c0e0170a42ddcf69f1835d62ce0dfa70a3b39,illustration,C1,2.0000,0.0200,0.5000,1.0000,2,15,low,512,512,2190,0.066833,2.675,23.927445,16.238498
7f6c0e0170a42ddcf69f1835d62ce0dfa70a3b39,illustration,C1,2.0000,0.0200,0.5000,1.0000,2,30,low,512,512,2602,0.079407,2.410,21.935540,6.606322
7f6c0e0170a42ddcf69f1835d62ce0dfa70a3b39,illustration,C1,2.0000,0.0200,0.5000,1.0000,2,45,mid,512,512,2790,0.085144,2.724,18.032143,4.041574
7f6c0e0170a42ddcf69f1835d62ce0dfa70a3b39,illustration,C1,2.0000,0.0200,0.5000,1.0000,2,60,mid,512,512,3022,0.092224,2.535,17.598575,2.209124
7f6c0e0170a42ddcf69f1835d62ce0dfa70a3b39,illustration,C1,2.0000,0.0200,0.5000,1.0000,2,75,high,512,512,3363,0.102631,2.877,10.721998,0.727291
7f6c0e0170a42ddcf69f1835d62ce0dfa70a3b39,illustration,C1,2.0000,0.0200,0.5000,1.0000,2,85,high,512,512,3690,0.112610,1.986,7.305979,0.246559
7f6c0e0170a42ddcf69f1835d62ce0dfa70a3b39,illustration,C1,2.0000,0.0200,0.5000,1.0000,2,95,high,512,512,4476,0.136597,2.446,4.155669,0.038380
7f6c0e0170a42ddcf69f1835d62ce0dfa70a3b39,illustration,C2,2.0000,0.0200,0.5000,0.7000,2,5,low,512,512,2021,0.061676,2.394,27.857452,21.132937
7f6c0e0170a42ddcf69f1835d62ce0dfa70a3b39,illustration,C2,2.0000,0.0200,0.5000,0.7000,2,15,low,512,512,2237,0.068268,2.374,25.523836,14.372039
7f6c0e0170a42ddcf69f1835d62ce0dfa70a3b39,illustration,C2,2.0000,0.0200,0.5000,0.7000,2,30,low,512,512,2675,0.081635,2.394,22.527944,4.972021
7f6c0e0170a42ddcf69f1835d62ce0dfa70a3b39,illustration,C2,2.0000,0.0200,0.5000,0.7000,2,45,mid,512,512,2859,0.087250,2.524,17.744268,2.828327
7f6c0e0170a42ddcf69f1835d62ce0dfa70a3b39,illustration,C2,2.0000,0.0200,0.5000,0.7000,2,60,mid,512,512,3062,0.093445,2.749,17.650701,1.461961
7f6c0e0170a42ddcf69f1835d62ce0dfa70a3b39,illustration,C2,2.0000,0.0200,0.5000,0.7000,2,75,high,512,512,3377,0.103058,2.533,10.576713,0.634874
7f6c0e0170a42ddcf69f1835d62ce0dfa70a3b39,illustration,C2,2.0000,0.0200,0.5000,0.7000,2,85,high,512,512,3698,0.112854,2.047,7.178604,0.233941
7f6c0e0170a42ddcf69f1835d62ce0dfa70a3b39,illustration,C2,2.0000,0.0200,0.5000,0.7000,2,95,high,512,512,4479,0.136688,1.931,4.143524,0.037032
7f6c0e0170a42ddcf69f1835d62ce0dfa70a3b39,illustration,C3,2.0000,0.0200,0.5000,0.5000,2,5,low,512,512,2021,0.061676,2.621,27.855293,21.184121
7f6c0e0170a42ddcf69f1835d62ce0dfa70a3b39,illustration,C3,2.0000,0.0200,0.5000,0.5000,2,15,low,512,512,2237,0.068268,2.545,25.523836,14.372039
7f6c0e0170a42ddcf69f1835d62ce0dfa70a3b39,illustration,C3,2.0000,0.0200,0.5000,0.5000,2,30,low,512,512,2675,0.081635,2.912,22.527944,4.972021
7f6c0e0170a42ddcf69f1835d62ce0dfa70a3b39,illustration,C3,2.0000,0.0200,0.5000,0.5000,2,45,mid,512,512,2860,0.087280,2.806,17.738167,2.834527
7f6c0e0170a42ddcf69f1835d62ce0dfa70a3b39,illustration,C3,2.0000,0.0200,0.5000,0.5000,2,60,mid,512,512,3062,0.093445,2.551,17.650701,1.461961
7f6c0e0170a42ddcf69f1835d62ce0dfa70a3b39,illustration,C3,2.0000,0.0200,0.5000,0.5000,2,75,high,512,512,3378,0.103088,2.645,10.610778,0.633464
7f6c0e0170a42ddcf69f1835d62ce0dfa70a3b39,illustration,C3,2.0000,0.0200,0.5000,0.5000,2,85,high,512,512,3698,0.112854,1.886,7.178604,0.233941
7f6c0e0170a42ddcf69f1835d62ce0dfa70a3b39,illustration,C3,2.0000,0.0200,0.5000,0.5000,2,95,high,512,512,4479,0.136688,1.915,4.143524,0.037032
7f6c0e0170a42ddcf69f1835d62ce0dfa70a3b39,illustration,C4,2.0000,0.0200,0.5000,0.3000,2,5,low,512,512,2021,0.061676,2.392,27.855293,21.184121
7f6c0e0170a42ddcf69f1835d62ce0dfa70a3b39,illustration,C4,2.0000,0.0200,0.5000,0.3000,2,15,low,512,512,2237,0.068268,2.586,25.523836,14.372039
7f6c0e0170a42ddcf69f1835d62ce0dfa70a3b39,illustration,C4,2.0000,0.0200,0.5000,0.3000,2,30,low,512,512,2675,0.081635,2.386,22.527944,4.972021
7f6c0e0170a42ddcf69f1835d62ce0dfa70a3b39,illustration,C4,2.0000,0.0200,0.5000,0.3000,2,45,mid,512,512,2860,0.087280,2.500,17.738167,2.834527
7f6c0e0170a42ddcf69f1835d62ce0dfa70a3b39,illustration,C4,2.0000,0.0200,0.5000,0.3000,2,60,mid,512,512,3062,0.093445,3.021,17.650701,1.461961
7f6c0e0170a42ddcf69f1835d62ce0dfa70a3b39,illustration,C4,2.0000,0.0200,0.5000,0.3000,2,75,high,512,512,3378,0.103088,2.636,10.610778,0.633464
7f6c0e0170a42ddcf69f1835d62ce0dfa70a3b39,illustration,C4,2.0000,0.0200,0.5000,0.3000,2,85,high,512,512,3698,0.112854,2.179,7.178604,0.233941
7f6c0e0170a42ddcf69f1835d62ce0dfa70a3b39,illustration,C4,2.0000,0.0200,0.5000,0.3000,2,95,high,512,512,4479,0.136688,1.952,4.143524,0.037032
7f6c0e0170a42ddcf69f1835d62ce0dfa70a3b39,illustration,C5,2.0000,0.0200,0.5000,0.1500,2,5,low,512,512,2021,0.061676,2.374,27.855293,21.184121
7f6c0e0170a42ddcf69f1835d62ce0dfa70a3b39,illustration,C5,2.0000,0.0200,0.5000,0.1500,2,15,low,512,512,2237,0.068268,2.398,25.523836,14.372039
7f6c0e0170a42ddcf69f1835d62ce0dfa70a3b39,illustration,C5,2.0000,0.0200,0.5000,0.1500,2,30,low,512,512,2675,0.081635,2.432,22.527944,4.972021
7f6c0e0170a42ddcf69f1835d62ce0dfa70a3b39,illustration,C5,2.0000,0.0200,0.5000,0.1500,2,45,mid,512,512,2860,0.087280,2.838,17.738167,2.834527
7f6c0e0170a42ddcf69f1835d62ce0dfa70a3b39,illustration,C5,2.0000,0.0200,0.5000,0.1500,2,60,mid,512,512,3062,0.093445,2.619,17.650701,1.461961
7f6c0e0170a42ddcf69f1835d62ce0dfa70a3b39,illustration,C5,2.0000,0.0200,0.5000,0.1500,2,75,high,512,512,3378,0.103088,2.514,10.610778,0.633464
7f6c0e0170a42ddcf69f1835d62ce0dfa70a3b39,illustration,C5,2.0000,0.0200,0.5000,0.1500,2,85,high,512,512,3698,0.112854,2.049,7.178604,0.233941
7f6c0e0170a42ddcf69f1835d62ce0dfa70a3b39,illustration,C5,2.0000,0.0200,0.5000,0.1500,2,95,high,512,512,4479,0.136688,2.186,4.143524,0.037032
7f6c0e0170a42ddcf69f1835d62ce0dfa70a3b39,illustration,C6,2.0000,0.0200,1.0000,0.3000,2,5,low,512,512,2021,0.061676,2.359,27.855293,21.184121
7f6c0e0170a42ddcf69f1835d62ce0dfa70a3b39,illustration,C6,2.0000,0.0200,1.0000,0.3000,2,15,low,512,512,2237,0.068268,2.299,25.523836,14.372039
7f6c0e0170a42ddcf69f1835d62ce0dfa70a3b39,illustration,C6,2.0000,0.0200,1.0000,0.3000,2,30,low,512,512,2675,0.081635,3.050,22.527944,4.972021
7f6c0e0170a42ddcf69f1835d62ce0dfa70a3b39,illustration,C6,2.0000,0.0200,1.0000,0.3000,2,45,mid,512,512,2860,0.087280,2.666,17.738167,2.834527
7f6c0e0170a42ddcf69f1835d62ce0dfa70a3b39,illustration,C6,2.0000,0.0200,1.0000,0.3000,2,60,mid,512,512,3062,0.093445,2.351,17.650701,1.461961
7f6c0e0170a42ddcf69f1835d62ce0dfa70a3b39,illustration,C6,2.0000,0.0200,1.0000,0.3000,2,75,high,512,512,3378,0.103088,2.480,10.610778,0.633464
7f6c0e0170a42ddcf69f1835d62ce0dfa70a3b39,illustration,C6,2.0000,0.0200,1.0000,0.3000,2,85,high,512,512,3698,0.112854,1.857,7.178604,0.233941
7f6c0e0170a42ddcf69f1835d62ce0dfa70a3b39,illustration,C6,2.0000,0.0200,1.0000,0.3000,2,95,high,512,512,4479,0.136688,1.914,4.143524,0.037032
7f6c0e0170a42ddcf69f1835d62ce0dfa70a3b39,illustration,OFF,0.0000,0.0000,0.0000,0.0000,0,5,low,512,512,1921,0.058624,1.674,28.292637,26.428510
7f6c0e0170a42ddcf69f1835d62ce0dfa70a3b39,illustration,OFF,0.0000,0.0000,0.0000,0.0000,0,15,low,512,512,2157,0.065826,1.436,23.995166,17.968115
7f6c0e0170a42ddcf69f1835d62ce0dfa70a3b39,illustration,OFF,0.0000,0.0000,0.0000,0.0000,0,30,low,512,512,2571,0.078461,1.895,22.168011,7.715139
7f6c0e0170a42ddcf69f1835d62ce0dfa70a3b39,illustration,OFF,0.0000,0.0000,0.0000,0.0000,0,45,mid,512,512,2748,0.083862,1.610,18.824409,4.810811
7f6c0e0170a42ddcf69f1835d62ce0dfa70a3b39,illustration,OFF,0.0000,0.0000,0.0000,0.0000,0,60,mid,512,512,3000,0.091553,1.647,17.681951,2.651569
7f6c0e0170a42ddcf69f1835d62ce0dfa70a3b39,illustration,OFF,0.0000,0.0000,0.0000,0.0000,0,75,high,512,512,3339,0.101898,1.569,10.990778,0.941127
7f6c0e0170a42ddcf69f1835d62ce0dfa70a3b39,illustration,OFF,0.0000,0.0000,0.0000,0.0000,0,85,high,512,512,3677,0.112213,1.441,7.408687,0.287419
7f6c0e0170a42ddcf69f1835d62ce0dfa70a3b39,illustration,OFF,0.0000,0.0000,0.0000,0.0000,0,95,high,512,512,4471,0.136444,1.903,4.327246,0.040364
85cd580d3f7435612ccb220aa107e9b6fa873ab0,screen_document,C1,2.0000,0.0200,0.5000,1.0000,2,5,low,512,512,3055,0.093231,2.926,50.012129,45.561094
85cd580d3f7435612ccb220aa107e9b6fa873ab0,screen_document,C1,2.0000,0.0200,0.5000,1.0000,2,15,low,512,512,3869,0.118073,2.822,39.755371,28.840125
85cd580d3f7435612ccb220aa107e9b6fa873ab0,screen_document,C1,2.0000,0.0200,0.5000,1.0000,2,30,low,512,512,4957,0.151276,2.678,35.272587,14.074503
85cd580d3f7435612ccb220aa107e9b6fa873ab0,screen_document,C1,2.0000,0.0200,0.5000,1.0000,2,45,mid,512,512,5507,0.168060,2.996,32.429370,11.157658
85cd580d3f7435612ccb220aa107e9b6fa873ab0,screen_document,C1,2.0000,0.0200,0.5000,1.0000,2,60,mid,512,512,6236,0.190308,2.724,29.488351,8.112892
85cd580d3f7435612ccb220aa107e9b6fa873ab0,screen_document,C1,2.0000,0.0200,0.5000,1.0000,2,75,high,512,512,7420,0.226440,2.443,25.252894,5.949446
85cd580d3f7435612ccb220aa107e9b6fa873ab0,screen_document,C1,2.0000,0.0200,0.5000,1.0000,2,85,high,512,512,8774,0.267761,2.293,22.800265,4.766352
85cd580d3f7435612ccb220aa107e9b6fa873ab0,screen_document,C1,2.0000,0.0200,0.5000,1.0000,2,95,high,512,512,12483,0.380951,2.546,20.753850,3.789475
85cd580d3f7435612ccb220aa107e9b6fa873ab0,screen_document,C2,2.0000,0.0200,0.5000,0.7000,2,5,low,512,512,3161,0.096466,2.452,50.204864,40.686139
85cd580d3f7435612ccb220aa107e9b6fa873ab0,screen_document,C2,2.0000,0.0200,0.5000,0.7000,2,15,low,512,512,3948,0.120483,2.578,39.437518,25.619094
85cd580d3f7435612ccb220aa107e9b6fa873ab0,screen_document,C2,2.0000,0.0200,0.5000,0.7000,2,30,low,512,512,5070,0.154724,2.587,35.485440,12.484006
85cd580d3f7435612ccb220aa107e9b6fa873ab0,screen_document,C2,2.0000,0.0200,0.5000,0.7000,2,45,mid,512,512,5621,0.171539,2.573,32.065446,10.242691
85cd580d3f7435612ccb220aa107e9b6fa873ab0,screen_document,C2,2.0000,0.0200,0.5000,0.7000,2,60,mid,512,512,6348,0.193726,2.526,29.622340,7.436363
85cd580d3f7435612ccb220aa107e9b6fa873ab0,screen_document,C2,2.0000,0.0200,0.5000,0.7000,2,75,high,512,512,7466,0.227844,2.283,25.216875,5.742449
85cd580d3f7435612ccb220aa107e9b6fa873ab0,screen_document,C2,2.0000,0.0200,0.5000,0.7000,2,85,high,512,512,8819,0.269135,2.149,22.737500,4.723541
85cd580d3f7435612ccb220aa107e9b6fa873ab0,screen_document,C2,2.0000,0.0200,0.5000,0.7000,2,95,high,512,512,12499,0.381439,2.291,20.752817,3.787356
85cd580d3f7435612ccb220aa107e9b6fa873ab0,screen_document,C3,2.0000,0.0200,0.5000,0.5000,2,5,low,512,512,3161,0.096466,2.476,50.204864,40.686139
85cd580d3f7435612ccb220aa107e9b6fa873ab0,screen_document,C3,2.0000,0.0200,0.5000,0.5000,2,15,low,512,512,3948,0.120483,2.666,39.437518,25.619094
85cd580d3f7435612ccb220aa107e9b6fa873ab0,screen_document,C3,2.0000,0.0200,0.5000,0.5000,2,30,low,512,512,5074,0.154846,2.505,35.500038,12.486222
85cd580d3f7435612ccb220aa107e9b6fa873ab0,screen_document,C3,2.0000,0.0200,0.5000,0.5000,2,45,mid,512,512,5621,0.171539,2.554,32.065446,10.242691
85cd580d3f7435612ccb220aa107e9b6fa873ab0,screen_document,C3,2.0000,0.0200,0.5000,0.5000,2,60,mid,512,512,6348,0.193726,2.558,29.622340,7.436363
85cd580d3f7435612ccb220aa107e9b6fa873ab0,screen_document,C3,2.0000,0.0200,0.5000,0.5000,2,75,high,512,512,7466,0.227844,2.427,25.216875,5.742449
85cd580d3f7435612ccb220aa107e9b6fa873ab0,screen_document,C3,2.0000,0.0200,0.5000,0.5000,2,85,high,512,512,8819,0.269135,2.250,22.737500,4.723541
85cd580d3f7435612ccb220aa107e9b6fa873ab0,screen_document,C3,2.0000,0.0200,0.5000,0.5000,2,95,high,512,512,12499,0.381439,2.357,20.752817,3.787356
85cd580d3f7435612ccb220aa107e9b6fa873ab0,screen_document,C4,2.0000,0.0200,0.5000,0.3000,2,5,low,512,512,3161,0.096466,2.459,50.204864,40.686139
85cd580d3f7435612ccb220aa107e9b6fa873ab0,screen_document,C4,2.0000,0.0200,0.5000,0.3000,2,15,low,512,512,3948,0.120483,2.554,39.437518,25.619094
85cd580d3f7435612ccb220aa107e9b6fa873ab0,screen_document,C4,2.0000,0.0200,0.5000,0.3000,2,30,low,512,512,5074,0.154846,2.543,35.500038,12.486222
85cd580d3f7435612ccb220aa107e9b6fa873ab0,screen_document,C4,2.0000,0.0200,0.5000,0.3000,2,45,mid,512,512,5621,0.171539,2.622,32.065446,10.242691
85cd580d3f7435612ccb220aa107e9b6fa873ab0,screen_document,C4,2.0000,0.0200,0.5000,0.3000,2,60,mid,512,512,6348,0.193726,2.689,29.622340,7.436363
85cd580d3f7435612ccb220aa107e9b6fa873ab0,screen_document,C4,2.0000,0.0200,0.5000,0.3000,2,75,high,512,512,7466,0.227844,2.405,25.216875,5.742449
85cd580d3f7435612ccb220aa107e9b6fa873ab0,screen_document,C4,2.0000,0.0200,0.5000,0.3000,2,85,high,512,512,8819,0.269135,2.306,22.737500,4.723541
85cd580d3f7435612ccb220aa107e9b6fa873ab0,screen_document,C4,2.0000,0.0200,0.5000,0.3000,2,95,high,512,512,12499,0.381439,2.379,20.752817,3.787356
85cd580d3f7435612ccb220aa107e9b6fa873ab0,screen_document,C5,2.0000,0.0200,0.5000,0.1500,2,5,low,512,512,3161,0.096466,2.694,50.204864,40.686139
85cd580d3f7435612ccb220aa107e9b6fa873ab0,screen_document,C5,2.0000,0.0200,0.5000,0.1500,2,15,low,512,512,3948,0.120483,2.531,39.437518,25.619094
85cd580d3f7435612ccb220aa107e9b6fa873ab0,screen_document,C5,2.0000,0.0200,0.5000,0.1500,2,30,low,512,512,5074,0.154846,2.555,35.500038,12.486222
85cd580d3f7435612ccb220aa107e9b6fa873ab0,screen_document,C5,2.0000,0.0200,0.5000,0.1500,2,45,mid,512,512,5621,0.171539,2.557,32.065446,10.242691
85cd580d3f7435612ccb220aa107e9b6fa873ab0,screen_document,C5,2.0000,0.0200,0.5000,0.1500,2,60,mid,512,512,6348,0.193726,2.690,29.622340,7.436363
85cd580d3f7435612ccb220aa107e9b6fa873ab0,screen_document,C5,2.0000,0.0200,0.5000,0.1500,2,75,high,512,512,7466,0.227844,2.342,25.216875,5.742449
85cd580d3f7435612ccb220aa107e9b6fa873ab0,screen_document,C5,2.0000,0.0200,0.5000,0.1500,2,85,high,512,512,8819,0.269135,2.240,22.737500,4.723541
85cd580d3f7435612ccb220aa107e9b6fa873ab0,screen_document,C5,2.0000,0.0200,0.5000,0.1500,2,95,high,512,512,12499,0.381439,2.286,20.752817,3.787356
85cd580d3f7435612ccb220aa107e9b6fa873ab0,screen_document,C6,2.0000,0.0200,1.0000,0.3000,2,5,low,512,512,3161,0.096466,2.442,50.204864,40.686139
85cd580d3f7435612ccb220aa107e9b6fa873ab0,screen_document,C6,2.0000,0.0200,1.0000,0.3000,2,15,low,512,512,3948,0.120483,2.412,39.437518,25.619094
85cd580d3f7435612ccb220aa107e9b6fa873ab0,screen_document,C6,2.0000,0.0200,1.0000,0.3000,2,30,low,512,512,5074,0.154846,2.475,35.500038,12.486222
85cd580d3f7435612ccb220aa107e9b6fa873ab0,screen_document,C6,2.0000,0.0200,1.0000,0.3000,2,45,mid,512,512,5621,0.171539,2.499,32.065446,10.242691
85cd580d3f7435612ccb220aa107e9b6fa873ab0,screen_document,C6,2.0000,0.0200,1.0000,0.3000,2,60,mid,512,512,6348,0.193726,2.483,29.622340,7.436363
85cd580d3f7435612ccb220aa107e9b6fa873ab0,screen_document,C6,2.0000,0.0200,1.0000,0.3000,2,75,high,512,512,7466,0.227844,2.392,25.216875,5.742449
85cd580d3f7435612ccb220aa107e9b6fa873ab0,screen_document,C6,2.0000,0.0200,1.0000,0.3000,2,85,high,512,512,8819,0.269135,2.148,22.737500,4.723541
85cd580d3f7435612ccb220aa107e9b6fa873ab0,screen_document,C6,2.0000,0.0200,1.0000,0.3000,2,95,high,512,512,12499,0.381439,2.299,20.752817,3.787356
85cd580d3f7435612ccb220aa107e9b6fa873ab0,screen_document,OFF,0.0000,0.0000,0.0000,0.0000,0,5,low,512,512,2984,0.091064,1.394,49.959178,49.997946
85cd580d3f7435612ccb220aa107e9b6fa873ab0,screen_document,OFF,0.0000,0.0000,0.0000,0.0000,0,15,low,512,512,3830,0.116882,1.405,39.442336,32.118656
85cd580d3f7435612ccb220aa107e9b6fa873ab0,screen_document,OFF,0.0000,0.0000,0.0000,0.0000,0,30,low,512,512,4900,0.149536,1.472,35.419129,16.053905
85cd580d3f7435612ccb220aa107e9b6fa873ab0,screen_document,OFF,0.0000,0.0000,0.0000,0.0000,0,45,mid,512,512,5447,0.166229,1.435,32.470134,12.611060
85cd580d3f7435612ccb220aa107e9b6fa873ab0,screen_document,OFF,0.0000,0.0000,0.0000,0.0000,0,60,mid,512,512,6190,0.188904,1.497,29.629333,8.841663
85cd580d3f7435612ccb220aa107e9b6fa873ab0,screen_document,OFF,0.0000,0.0000,0.0000,0.0000,0,75,high,512,512,7376,0.225098,1.816,25.384532,6.154609
85cd580d3f7435612ccb220aa107e9b6fa873ab0,screen_document,OFF,0.0000,0.0000,0.0000,0.0000,0,85,high,512,512,8751,0.267059,1.686,22.904527,4.836502
85cd580d3f7435612ccb220aa107e9b6fa873ab0,screen_document,OFF,0.0000,0.0000,0.0000,0.0000,0,95,high,512,512,12482,0.380920,1.918,20.791962,3.792206
9c65d493d0a05fe6ee35784b5c912ae51d32562c7c41e31fd1179ff6e82e879a,screen_ui,C1,2.0000,0.0200,0.5000,1.0000,2,5,low,512,512,11340,0.346069,2.999,66.399264,283.531381
9c65d493d0a05fe6ee35784b5c912ae51d32562c7c41e31fd1179ff6e82e879a,screen_ui,C1,2.0000,0.0200,0.5000,1.0000,2,15,low,512,512,15917,0.485748,3.159,50.588336,201.971262
9c65d493d0a05fe6ee35784b5c912ae51d32562c7c41e31fd1179ff6e82e879a,screen_ui,C1,2.0000,0.0200,0.5000,1.0000,2,30,low,512,512,22911,0.699188,3.258,37.906199,144.817506
9c65d493d0a05fe6ee35784b5c912ae51d32562c7c41e31fd1179ff6e82e879a,screen_ui,C1,2.0000,0.0200,0.5000,1.0000,2,45,mid,512,512,26302,0.802673,3.344,34.205269,125.226512
9c65d493d0a05fe6ee35784b5c912ae51d32562c7c41e31fd1179ff6e82e879a,screen_ui,C1,2.0000,0.0200,0.5000,1.0000,2,60,mid,512,512,31390,0.957947,3.750,30.661396,106.256646
9c65d493d0a05fe6ee35784b5c912ae51d32562c7c41e31fd1179ff6e82e879a,screen_ui,C1,2.0000,0.0200,0.5000,1.0000,2,75,high,512,512,40434,1.233948,4.104,25.373662,84.554613
9c65d493d0a05fe6ee35784b5c912ae51d32562c7c41e31fd1179ff6e82e879a,screen_ui,C1,2.0000,0.0200,0.5000,1.0000,2,85,high,512,512,51633,1.575714,4.026,21.322602,70.919092
9c65d493d0a05fe6ee35784b5c912ae51d32562c7c41e31fd1179ff6e82e879a,screen_ui,C1,2.0000,0.0200,0.5000,1.0000,2,95,high,512,512,82276,2.510864,4.774,16.611575,56.516456
9c65d493d0a05fe6ee35784b5c912ae51d32562c7c41e31fd1179ff6e82e879a,screen_ui,C2,2.0000,0.0200,0.5000,0.7000,2,5,low,512,512,12171,0.371429,2.916,65.333888,262.751430
9c65d493d0a05fe6ee35784b5c912ae51d32562c7c41e31fd1179ff6e82e879a,screen_ui,C2,2.0000,0.0200,0.5000,0.7000,2,15,low,512,512,16850,0.514221,3.039,49.727837,195.465545
9c65d493d0a05fe6ee35784b5c912ae51d32562c7c41e31fd1179ff6e82e879a,screen_ui,C2,2.0000,0.0200,0.5000,0.7000,2,30,low,512,512,24194,0.738342,3.270,36.897947,135.774013
9c65d493d0a05fe6ee35784b5c912ae51d32562c7c41e31fd1179ff6e82e879a,screen_ui,C2,2.0000,0.0200,0.5000,0.7000,2,45,mid,512,512,27688,0.844971,3.372,33.357570,118.538348
9c65d493d0a05fe6ee35784b5c912ae51d32562c7c41e31fd1179ff6e82e879a,screen_ui,C2,2.0000,0.0200,0.5000,0.7000,2,60,mid,512,512,32922,1.004700,3.772,29.867397,101.450497
9c65d493d0a05fe6ee35784b5c912ae51d32562c7c41e31fd1179ff6e82e879a,screen_ui,C2,2.0000,0.0200,0.5000,0.7000,2,75,high,512,512,42079,1.284149,3.788,24.763682,81.694612
9c65d493d0a05fe6ee35784b5c912ae51d32562c7c41e31fd1179ff6e82e879a,screen_ui,C2,2.0000,0.0200,0.5000,0.7000,2,85,high,512,512,53121,1.621124,4.006,20.946232,69.594806
9c65d493d0a05fe6ee35784b5c912ae51d32562c7c41e31fd1179ff6e82e879a,screen_ui,C2,2.0000,0.0200,0.5000,0.7000,2,95,high,512,512,83162,2.537903,4.802,16.504402,56.351120
9c65d493d0a05fe6ee35784b5c912ae51d32562c7c41e31fd1179ff6e82e879a,screen_ui,C3,2.0000,0.0200,0.5000,0.5000,2,5,low,512,512,12144,0.370605,3.282,65.484770,266.191760
9c65d493d0a05fe6ee35784b5c912ae51d32562c7c41e31fd1179ff6e82e879a,screen_ui,C3,2.0000,0.0200,0.5000,0.5000,2,15,low,512,512,16825,0.513458,3.116,49.702307,199.633100
9c65d493d0a05fe6ee35784b5c912ae51d32562c7c41e31fd1179ff6e82e879a,screen_ui,C3,2.0000,0.0200,0.5000,0.5000,2,30,low,512,512,24209,0.738800,3.297,36.970171,137.730834
9c65d493d0a05fe6ee35784b5c912ae51d32562c7c41e31fd1179ff6e82e879a,screen_ui,C3,2.0000,0.0200,0.5000,0.5000,2,45,mid,512,512,27735,0.846405,3.429,33.369849,120.198787
9c65d493d0a05fe6ee35784b5c912ae51d32562c7c41e31fd1179ff6e82e879a,screen_ui,C3,2.0000,0.0200,0.5000,0.5000,2,60,mid,512,512,32947,1.005463,3.745,29.831514,102.436083
9c65d493d0a05fe6ee35784b5c912ae51d32562c7c41e31fd1179ff6e82e879a,screen_ui,C3,2.0000,0.0200,0.5000,0.5000,2,75,high,512,512,42074,1.283997,3.714,24.817591,82.178281
9c65d493d0a05fe6ee35784b5c912ae51d32562c7c41e31fd1179ff6e82e879a,screen_ui,C3,2.0000,0.0200,0.5000,0.5000,2,85,high,512,512,53135,1.621552,4.244,21.001158,69.827206
9c65d493d0a05fe6ee35784b5c912ae51d32562c7c41e31fd1179ff6e82e879a,screen_ui,C3,2.0000,0.0200,0.5000,0.5000,2,95,high,512,512,83201,2.539093,4.697,16.449219,56.377231
9c65d493d0a05fe6ee35784b5c912ae51d32562c7c41e31fd1179ff6e82e879a,screen_ui,C4,2.0000,0.0200,0.5000,0.3000,2,5,low,512,512,12144,0.370605,2.950,65.484770,266.191760
9c65d493d0a05fe6ee35784b5c912ae51d32562c7c41e31fd1179ff6e82e879a,screen_ui,C4,2.0000,0.0200,0.5000,0.3000,2,15,low,512,512,16825,0.513458,3.447,49.702307,199.633100
9c65d493d0a05fe6ee35784b5c912ae51d32562c7c41e31fd1179ff6e82e879a,screen_ui,C4,2.0000,0.0200,0.5000,0.3000,2,30,low,512,512,24209,0.738800,3.354,36.970171,137.730834
9c65d493d0a05fe6ee35784b5c912ae51d32562c7c41e31fd1179ff6e82e879a,screen_ui,C4,2.0000,0.0200,0.5000,0.3000,2,45,mid,512,512,27740,0.846558,3.520,33.367361,120.216588
9c65d493d0a05fe6ee35784b5c912ae51d32562c7c41e31fd1179ff6e82e879a,screen_ui,C4,2.0000,0.0200,0.5000,0.3000,2,60,mid,512,512,32945,1.005402,4.227,29.832562,102.430640
9c65d493d0a05fe6ee35784b5c912ae51d32562c7c41e31fd1179ff6e82e879a,screen_ui,C4,2.0000,0.0200,0.5000,0.3000,2,75,high,512,512,42074,1.283997,3.771,24.817591,82.178281
9c65d493d0a05fe6ee35784b5c912ae51d32562c7c41e31fd1179ff6e82e879a,screen_ui,C4,2.0000,0.0200,0.5000,0.3000,2,85,high,512,512,53131,1.621429,4.007,21.006905,69.829859
9c65d493d0a05fe6ee35784b5c912ae51d32562c7c41e31fd1179ff6e82e879a,screen_ui,C4,2.0000,0.0200,0.5000,0.3000,2,95,high,512,512,83206,2.539246,5.093,16.476817,56.378499
9c65d493d0a05fe6ee35784b5c912ae51d32562c7c41e31fd1179ff6e82e879a,screen_ui,C5,2.0000,0.0200,0.5000,0.1500,2,5,low,512,512,12144,0.370605,2.989,65.484770,266.191760
9c65d493d0a05fe6ee35784b5c912ae51d32562c7c41e31fd1179ff6e82e879a,screen_ui,C5,2.0000,0.0200,0.5000,0.1500,2,15,low,512,512,16825,0.513458,3.119,49.702307,199.633100
9c65d493d0a05fe6ee35784b5c912ae51d32562c7c41e31fd1179ff6e82e879a,screen_ui,C5,2.0000,0.0200,0.5000,0.1500,2,30,low,512,512,24209,0.738800,3.310,36.970171,137.730834
9c65d493d0a05fe6ee35784b5c912ae51d32562c7c41e31fd1179ff6e82e879a,screen_ui,C5,2.0000,0.0200,0.5000,0.1500,2,45,mid,512,512,27740,0.846558,3.431,33.367361,120.216588
9c65d493d0a05fe6ee35784b5c912ae51d32562c7c41e31fd1179ff6e82e879a,screen_ui,C5,2.0000,0.0200,0.5000,0.1500,2,60,mid,512,512,32945,1.005402,3.663,29.832562,102.430640
9c65d493d0a05fe6ee35784b5c912ae51d32562c7c41e31fd1179ff6e82e879a,screen_ui,C5,2.0000,0.0200,0.5000,0.1500,2,75,high,512,512,42074,1.283997,3.679,24.817591,82.178281
9c65d493d0a05fe6ee35784b5c912ae51d32562c7c41e31fd1179ff6e82e879a,screen_ui,C5,2.0000,0.0200,0.5000,0.1500,2,85,high,512,512,53131,1.621429,4.424,21.006905,69.829859
9c65d493d0a05fe6ee35784b5c912ae51d32562c7c41e31fd1179ff6e82e879a,screen_ui,C5,2.0000,0.0200,0.5000,0.1500,2,95,high,512,512,83206,2.539246,5.083,16.476817,56.378499
9c65d493d0a05fe6ee35784b5c912ae51d32562c7c41e31fd1179ff6e82e879a,screen_ui,C6,2.0000,0.0200,1.0000,0.3000,2,5,low,512,512,12144,0.370605,2.959,65.484770,266.191760
9c65d493d0a05fe6ee35784b5c912ae51d32562c7c41e31fd1179ff6e82e879a,screen_ui,C6,2.0000,0.0200,1.0000,0.3000,2,15,low,512,512,16825,0.513458,3.058,49.702307,199.633100
9c65d493d0a05fe6ee35784b5c912ae51d32562c7c41e31fd1179ff6e82e879a,screen_ui,C6,2.0000,0.0200,1.0000,0.3000,2,30,low,512,512,24209,0.738800,3.268,36.970171,137.730834
9c65d493d0a05fe6ee35784b5c912ae51d32562c7c41e31fd1179ff6e82e879a,screen_ui,C6,2.0000,0.0200,1.0000,0.3000,2,45,mid,512,512,27740,0.846558,3.594,33.367361,120.216588
9c65d493d0a05fe6ee35784b5c912ae51d32562c7c41e31fd1179ff6e82e879a,screen_ui,C6,2.0000,0.0200,1.0000,0.3000,2,60,mid,512,512,32945,1.005402,3.776,29.832562,102.430640
9c65d493d0a05fe6ee35784b5c912ae51d32562c7c41e31fd1179ff6e82e879a,screen_ui,C6,2.0000,0.0200,1.0000,0.3000,2,75,high,512,512,42074,1.283997,3.640,24.817591,82.178281
9c65d493d0a05fe6ee35784b5c912ae51d32562c7c41e31fd1179ff6e82e879a,screen_ui,C6,2.0000,0.0200,1.0000,0.3000,2,85,high,512,512,53131,1.621429,3.871,21.006905,69.829859
9c65d493d0a05fe6ee35784b5c912ae51d32562c7c41e31fd1179ff6e82e879a,screen_ui,C6,2.0000,0.0200,1.0000,0.3000,2,95,high,512,512,83203,2.539154,4.617,16.456203,56.378528
9c65d493d0a05fe6ee35784b5c912ae51d32562c7c41e31fd1179ff6e82e879a,screen_ui,OFF,0.0000,0.0000,0.0000,0.0000,0,5,low,512,512,10660,0.325317,1.991,67.718900,323.335072
9c65d493d0a05fe6ee35784b5c912ae51d32562c7c41e31fd1179ff6e82e879a,screen_ui,OFF,0.0000,0.0000,0.0000,0.0000,0,15,low,512,512,14908,0.454956,2.037,52.627185,237.060641
9c65d493d0a05fe6ee35784b5c912ae51d32562c7c41e31fd1179ff6e82e879a,screen_ui,OFF,0.0000,0.0000,0.0000,0.0000,0,30,low,512,512,21524,0.656860,2.170,39.858651,165.479746
9c65d493d0a05fe6ee35784b5c912ae51d32562c7c41e31fd1179ff6e82e879a,screen_ui,OFF,0.0000,0.0000,0.0000,0.0000,0,45,mid,512,512,24769,0.755890,2.486,36.121998,142.616479
9c65d493d0a05fe6ee35784b5c912ae51d32562c7c41e31fd1179ff6e82e879a,screen_ui,OFF,0.0000,0.0000,0.0000,0.0000,0,60,mid,512,512,29694,0.906189,2.453,32.418042,119.910778
9c65d493d0a05fe6ee35784b5c912ae51d32562c7c41e31fd1179ff6e82e879a,screen_ui,OFF,0.0000,0.0000,0.0000,0.0000,0,75,high,512,512,38480,1.174316,2.632,26.706685,92.452443
9c65d493d0a05fe6ee35784b5c912ae51d32562c7c41e31fd1179ff6e82e879a,screen_ui,OFF,0.0000,0.0000,0.0000,0.0000,0,85,high,512,512,49336,1.505615,3.087,22.392895,75.459787
9c65d493d0a05fe6ee35784b5c912ae51d32562c7c41e31fd1179ff6e82e879a,screen_ui,OFF,0.0000,0.0000,0.0000,0.0000,0,95,high,512,512,80745,2.464142,3.895,16.868365,57.159191
Temperament-pie-chart-according-to-Eysenck,illustration,C1,2.0000,0.0200,0.5000,1.0000,2,5,low,512,512,12360,0.377197,2.851,68.790255,331.591963
Temperament-pie-chart-according-to-Eysenck,illustration,C1,2.0000,0.0200,0.5000,1.0000,2,15,low,512,512,17560,0.535889,2.952,53.014635,221.474793
Temperament-pie-chart-according-to-Eysenck,illustration,C1,2.0000,0.0200,0.5000,1.0000,2,30,low,512,512,25291,0.771820,3.241,41.816057,129.057350
Temperament-pie-chart-according-to-Eysenck,illustration,C1,2.0000,0.0200,0.5000,1.0000,2,45,mid,512,512,28742,0.877136,3.447,38.845747,103.896668
Temperament-pie-chart-according-to-Eysenck,illustration,C1,2.0000,0.0200,0.5000,1.0000,2,60,mid,512,512,33585,1.024933,3.435,34.057246,78.981938
Temperament-pie-chart-according-to-Eysenck,illustration,C1,2.0000,0.0200,0.5000,1.0000,2,75,high,512,512,42091,1.284515,3.622,28.633118,54.689384
Temperament-pie-chart-according-to-Eysenck,illustration,C1,2.0000,0.0200,0.5000,1.0000,2,85,high,512,512,52008,1.587158,3.762,25.011396,41.262061
Temperament-pie-chart-according-to-Eysenck,illustration,C1,2.0000,0.0200,0.5000,1.0000,2,95,high,512,512,78953,2.409454,4.467,21.217127,29.739399
Temperament-pie-chart-according-to-Eysenck,illustration,C2,2.0000,0.0200,0.5000,0.7000,2,5,low,512,512,13032,0.397705,2.898,68.403588,316.076280
Temperament-pie-chart-according-to-Eysenck,illustration,C2,2.0000,0.0200,0.5000,0.7000,2,15,low,512,512,18616,0.568115,3.263,52.467762,210.079740
Temperament-pie-chart-according-to-Eysenck,illustration,C2,2.0000,0.0200,0.5000,0.7000,2,30,low,512,512,26443,0.806976,3.269,41.380015,118.935882
Temperament-pie-chart-according-to-Eysenck,illustration,C2,2.0000,0.0200,0.5000,0.7000,2,45,mid,512,512,29963,0.914398,4.605,38.471169,94.815887
Temperament-pie-chart-according-to-Eysenck,illustration,C2,2.0000,0.0200,0.5000,0.7000,2,60,mid,512,512,34837,1.063141,3.472,33.833264,71.826494
Temperament-pie-chart-according-to-Eysenck,illustration,C2,2.0000,0.0200,0.5000,0.7000,2,75,high,512,512,43258,1.320129,3.904,28.467744,50.991682
Temperament-pie-chart-according-to-Eysenck,illustration,C2,2.0000,0.0200,0.5000,0.7000,2,85,high,512,512,53026,1.618225,4.209,24.837693,39.734316
Temperament-pie-chart-according-to-Eysenck,illustration,C2,2.0000,0.0200,0.5000,0.7000,2,95,high,512,512,79612,2.429565,4.739,21.194185,29.576240
Temperament-pie-chart-according-to-Eysenck,illustration,C3,2.0000,0.0200,0.5000,0.5000,2,5,low,512,512,13019,0.397308,2.832,68.839287,320.832809
Temperament-pie-chart-according-to-Eysenck,illustration,C3,2.0000,0.0200,0.5000,0.5000,2,15,low,512,512,18597,0.567535,2.899,52.868816,214.972340
Temperament-pie-chart-according-to-Eysenck,illustration,C3,2.0000,0.0200,0.5000,0.5000,2,30,low,512,512,26535,0.809784,3.119,41.415004,121.201525
Temperament-pie-chart-according-to-Eysenck,illustration,C3,2.0000,0.0200,0.5000,0.5000,2,45,mid,512,512,30011,0.915863,3.410,38.601166,96.055043
Temperament-pie-chart-according-to-Eysenck,illustration,C3,2.0000,0.0200,0.5000,0.5000,2,60,mid,512,512,34907,1.065277,3.309,33.843624,72.682838
Temperament-pie-chart-according-to-Eysenck,illustration,C3,2.0000,0.0200,0.5000,0.5000,2,75,high,512,512,43299,1.321381,3.626,28.487589,51.328852
Temperament-pie-chart-according-to-Eysenck,illustration,C3,2.0000,0.0200,0.5000,0.5000,2,85,high,512,512,53065,1.619415,3.696,24.842179,39.854997
Temperament-pie-chart-according-to-Eysenck,illustration,C3,2.0000,0.0200,0.5000,0.5000,2,95,high,512,512,79646,2.430603,4.619,21.195134,29.594743
Temperament-pie-chart-according-to-Eysenck,illustration,C4,2.0000,0.0200,0.5000,0.3000,2,5,low,512,512,13019,0.397308,3.064,68.839287,320.832809
Temperament-pie-chart-according-to-Eysenck,illustration,C4,2.0000,0.0200,0.5000,0.3000,2,15,low,512,512,18597,0.567535,3.033,52.868816,214.972340
Temperament-pie-chart-according-to-Eysenck,illustration,C4,2.0000,0.0200,0.5000,0.3000,2,30,low,512,512,26534,0.809753,3.330,41.410972,121.227925
Temperament-pie-chart-according-to-Eysenck,illustration,C4,2.0000,0.0200,0.5000,0.3000,2,45,mid,512,512,30011,0.915863,3.514,38.600931,96.070698
Temperament-pie-chart-according-to-Eysenck,illustration,C4,2.0000,0.0200,0.5000,0.3000,2,60,mid,512,512,34904,1.065186,3.447,33.849197,72.687027
Temperament-pie-chart-according-to-Eysenck,illustration,C4,2.0000,0.0200,0.5000,0.3000,2,75,high,512,512,43294,1.321228,4.212,28.491053,51.330268
Temperament-pie-chart-according-to-Eysenck,illustration,C4,2.0000,0.0200,0.5000,0.3000,2,85,high,512,512,53074,1.619690,3.775,24.845309,39.867013
Temperament-pie-chart-according-to-Eysenck,illustration,C4,2.0000,0.0200,0.5000,0.3000,2,95,high,512,512,79648,2.430664,4.714,21.202283,29.593838
Temperament-pie-chart-according-to-Eysenck,illustration,C5,2.0000,0.0200,0.5000,0.1500,2,5,low,512,512,13019,0.397308,3.515,68.839287,320.832809
Temperament-pie-chart-according-to-Eysenck,illustration,C5,2.0000,0.0200,0.5000,0.1500,2,15,low,512,512,18597,0.567535,3.059,52.868816,214.972340
Temperament-pie-chart-according-to-Eysenck,illustration,C5,2.0000,0.0200,0.5000,0.1500,2,30,low,512,512,26534,0.809753,3.211,41.410972,121.227925
Temperament-pie-chart-according-to-Eysenck,illustration,C5,2.0000,0.0200,0.5000,0.1500,2,45,mid,512,512,30011,0.915863,3.628,38.600931,96.070698
Temperament-pie-chart-according-to-Eysenck,illustration,C5,2.0000,0.0200,0.5000,0.1500,2,60,mid,512,512,34904,1.065186,3.991,33.849197,72.687027
Temperament-pie-chart-according-to-Eysenck,illustration,C5,2.0000,0.0200,0.5000,0.1500,2,75,high,512,512,43294,1.321228,3.684,28.491053,51.330268
Temperament-pie-chart-according-to-Eysenck,illustration,C5,2.0000,0.0200,0.5000,0.1500,2,85,high,512,512,53074,1.619690,3.681,24.845309,39.867013
Temperament-pie-chart-according-to-Eysenck,illustration,C5,2.0000,0.0200,0.5000,0.1500,2,95,high,512,512,79648,2.430664,4.352,21.202283,29.593838
Temperament-pie-chart-according-to-Eysenck,illustration,C6,2.0000,0.0200,1.0000,0.3000,2,5,low,512,512,13019,0.397308,3.193,68.839287,320.832809
Temperament-pie-chart-according-to-Eysenck,illustration,C6,2.0000,0.0200,1.0000,0.3000,2,15,low,512,512,18597,0.567535,2.931,52.868816,214.972340
Temperament-pie-chart-according-to-Eysenck,illustration,C6,2.0000,0.0200,1.0000,0.3000,2,30,low,512,512,26534,0.809753,3.157,41.410972,121.227925
Temperament-pie-chart-according-to-Eysenck,illustration,C6,2.0000,0.0200,1.0000,0.3000,2,45,mid,512,512,30011,0.915863,4.062,38.600931,96.070698
Temperament-pie-chart-according-to-Eysenck,illustration,C6,2.0000,0.0200,1.0000,0.3000,2,60,mid,512,512,34904,1.065186,3.721,33.849197,72.687027
Temperament-pie-chart-according-to-Eysenck,illustration,C6,2.0000,0.0200,1.0000,0.3000,2,75,high,512,512,43294,1.321228,3.815,28.491053,51.330268
Temperament-pie-chart-according-to-Eysenck,illustration,C6,2.0000,0.0200,1.0000,0.3000,2,85,high,512,512,53070,1.619568,3.896,24.844201,39.866827
Temperament-pie-chart-according-to-Eysenck,illustration,C6,2.0000,0.0200,1.0000,0.3000,2,95,high,512,512,79641,2.430450,4.852,21.196484,29.594587
Temperament-pie-chart-according-to-Eysenck,illustration,OFF,0.0000,0.0000,0.0000,0.0000,0,5,low,512,512,11567,0.352997,2.049,71.417445,389.627588
Temperament-pie-chart-according-to-Eysenck,illustration,OFF,0.0000,0.0000,0.0000,0.0000,0,15,low,512,512,16526,0.504333,2.491,55.245160,272.203321
Temperament-pie-chart-according-to-Eysenck,illustration,OFF,0.0000,0.0000,0.0000,0.0000,0,30,low,512,512,23885,0.728912,2.197,43.457117,160.558616
Temperament-pie-chart-according-to-Eysenck,illustration,OFF,0.0000,0.0000,0.0000,0.0000,0,45,mid,512,512,27332,0.834106,2.238,40.307802,126.615644
Temperament-pie-chart-according-to-Eysenck,illustration,OFF,0.0000,0.0000,0.0000,0.0000,0,60,mid,512,512,32231,0.983612,3.069,35.078696,94.304754
Temperament-pie-chart-according-to-Eysenck,illustration,OFF,0.0000,0.0000,0.0000,0.0000,0,75,high,512,512,40710,1.242371,2.792,29.380958,62.781014
Temperament-pie-chart-according-to-Eysenck,illustration,OFF,0.0000,0.0000,0.0000,0.0000,0,85,high,512,512,50468,1.540161,3.167,25.633555,45.554891
Temperament-pie-chart-according-to-Eysenck,illustration,OFF,0.0000,0.0000,0.0000,0.0000,0,95,high,512,512,77969,2.379425,3.665,21.343656,30.240926
a24d6945ac8862ed,screen_document,C1,2.0000,0.0200,0.5000,1.0000,2,5,low,512,512,7940,0.242310,3.542,42.631011,65.981633
a24d6945ac8862ed,screen_document,C1,2.0000,0.0200,0.5000,1.0000,2,15,low,512,512,10116,0.308716,2.904,26.427261,37.122897
a24d6945ac8862ed,screen_document,C1,2.0000,0.0200,0.5000,1.0000,2,30,low,512,512,12898,0.393616,3.566,19.198279,20.455529
a24d6945ac8862ed,screen_document,C1,2.0000,0.0200,0.5000,1.0000,2,45,mid,512,512,14148,0.431763,3.913,16.279623,16.523361
a24d6945ac8862ed,screen_document,C1,2.0000,0.0200,0.5000,1.0000,2,60,mid,512,512,15890,0.484924,2.868,14.414304,12.069414
a24d6945ac8862ed,screen_document,C1,2.0000,0.0200,0.5000,1.0000,2,75,high,512,512,19053,0.581451,3.239,11.566212,7.732640
a24d6945ac8862ed,screen_document,C1,2.0000,0.0200,0.5000,1.0000,2,85,high,512,512,23496,0.717041,3.881,9.368510,4.693159
a24d6945ac8862ed,screen_document,C1,2.0000,0.0200,0.5000,1.0000,2,95,high,512,512,41947,1.280121,3.714,6.098872,1.457512
a24d6945ac8862ed,screen_document,C2,2.0000,0.0200,0.5000,0.7000,2,5,low,512,512,8232,0.251221,2.612,42.657387,56.902780
a24d6945ac8862ed,screen_document,C2,2.0000,0.0200,0.5000,0.7000,2,15,low,512,512,10484,0.319946,2.539,26.404261,32.112047
a24d6945ac8862ed,screen_document,C2,2.0000,0.0200,0.5000,0.7000,2,30,low,512,512,13354,0.407532,2.690,19.191119,18.240065
a24d6945ac8862ed,screen_document,C2,2.0000,0.0200,0.5000,0.7000,2,45,mid,512,512,14684,0.448120,2.764,16.309945,14.379140
a24d6945ac8862ed,screen_document,C2,2.0000,0.0200,0.5000,0.7000,2,60,mid,512,512,16448,0.501953,2.881,14.308420,10.746017
a24d6945ac8862ed,screen_document,C2,2.0000,0.0200,0.5000,0.7000,2,75,high,512,512,19728,0.602051,2.838,11.466798,7.017517
a24d6945ac8862ed,screen_document,C2,2.0000,0.0200,0.5000,0.7000,2,85,high,512,512,24394,0.744446,2.920,9.226884,4.369808
a24d6945ac8862ed,screen_document,C2,2.0000,0.0200,0.5000,0.7000,2,95,high,512,512,43260,1.320190,3.336,6.079626,1.364088
a24d6945ac8862ed,screen_document,C3,2.0000,0.0200,0.5000,0.5000,2,5,low,512,512,8228,0.251099,2.540,42.674959,57.054147
a24d6945ac8862ed,screen_document,C3,2.0000,0.0200,0.5000,0.5000,2,15,low,512,512,10481,0.319855,2.735,26.437430,32.180298
a24d6945ac8862ed,screen_document,C3,2.0000,0.0200,0.5000,0.5000,2,30,low,512,512,13353,0.407501,2.646,19.210058,18.253830
a24d6945ac8862ed,screen_document,C3,2.0000,0.0200,0.5000,0.5000,2,45,mid,512,512,14688,0.448242,2.597,16.312841,14.411397
a24d6945ac8862ed,screen_document,C3,2.0000,0.0200,0.5000,0.5000,2,60,mid,512,512,16444,0.501831,2.673,14.325550,10.765580
a24d6945ac8862ed,screen_document,C3,2.0000,0.0200,0.5000,0.5000,2,75,high,512,512,19713,0.601593,2.780,11.465097,7.033623
a24d6945ac8862ed,screen_document,C3,2.0000,0.0200,0.5000,0.5000,2,85,high,512,512,24395,0.744476,2.979,9.298940,4.381713
a24d6945ac8862ed,screen_document,C3,2.0000,0.0200,0.5000,0.5000,2,95,high,512,512,43258,1.320129,3.284,6.043242,1.372536
a24d6945ac8862ed,screen_document,C4,2.0000,0.0200,0.5000,0.3000,2,5,low,512,512,8228,0.251099,2.589,42.674959,57.054147
a24d6945ac8862ed,screen_document,C4,2.0000,0.0200,0.5000,0.3000,2,15,low,512,512,10481,0.319855,2.611,26.437430,32.180298
a24d6945ac8862ed,screen_document,C4,2.0000,0.0200,0.5000,0.3000,2,30,low,512,512,13353,0.407501,2.766,19.210058,18.253830
a24d6945ac8862ed,screen_document,C4,2.0000,0.0200,0.5000,0.3000,2,45,mid,512,512,14688,0.448242,2.662,16.312841,14.411397
a24d6945ac8862ed,screen_document,C4,2.0000,0.0200,0.5000,0.3000,2,60,mid,512,512,16444,0.501831,2.782,14.325550,10.765580
a24d6945ac8862ed,screen_document,C4,2.0000,0.0200,0.5000,0.3000,2,75,high,512,512,19713,0.601593,2.906,11.465097,7.033623
a24d6945ac8862ed,screen_document,C4,2.0000,0.0200,0.5000,0.3000,2,85,high,512,512,24395,0.744476,2.984,9.298940,4.381713
a24d6945ac8862ed,screen_document,C4,2.0000,0.0200,0.5000,0.3000,2,95,high,512,512,43258,1.320129,3.414,6.043242,1.372536
a24d6945ac8862ed,screen_document,C5,2.0000,0.0200,0.5000,0.1500,2,5,low,512,512,8228,0.251099,2.506,42.674959,57.054147
a24d6945ac8862ed,screen_document,C5,2.0000,0.0200,0.5000,0.1500,2,15,low,512,512,10481,0.319855,2.668,26.437430,32.180298
a24d6945ac8862ed,screen_document,C5,2.0000,0.0200,0.5000,0.1500,2,30,low,512,512,13353,0.407501,2.617,19.210058,18.253830
a24d6945ac8862ed,screen_document,C5,2.0000,0.0200,0.5000,0.1500,2,45,mid,512,512,14688,0.448242,2.603,16.312841,14.411397
a24d6945ac8862ed,screen_document,C5,2.0000,0.0200,0.5000,0.1500,2,60,mid,512,512,16444,0.501831,2.684,14.325550,10.765580
a24d6945ac8862ed,screen_document,C5,2.0000,0.0200,0.5000,0.1500,2,75,high,512,512,19713,0.601593,2.780,11.465097,7.033623
a24d6945ac8862ed,screen_document,C5,2.0000,0.0200,0.5000,0.1500,2,85,high,512,512,24395,0.744476,2.868,9.298940,4.381713
a24d6945ac8862ed,screen_document,C5,2.0000,0.0200,0.5000,0.1500,2,95,high,512,512,43258,1.320129,3.231,6.043242,1.372536
a24d6945ac8862ed,screen_document,C6,2.0000,0.0200,1.0000,0.3000,2,5,low,512,512,8228,0.251099,2.559,42.674959,57.054147
a24d6945ac8862ed,screen_document,C6,2.0000,0.0200,1.0000,0.3000,2,15,low,512,512,10481,0.319855,2.676,26.437430,32.180298
a24d6945ac8862ed,screen_document,C6,2.0000,0.0200,1.0000,0.3000,2,30,low,512,512,13353,0.407501,2.646,19.210058,18.253830
a24d6945ac8862ed,screen_document,C6,2.0000,0.0200,1.0000,0.3000,2,45,mid,512,512,14688,0.448242,2.701,16.312841,14.411397
a24d6945ac8862ed,screen_document,C6,2.0000,0.0200,1.0000,0.3000,2,60,mid,512,512,16444,0.501831,2.764,14.325550,10.765580
a24d6945ac8862ed,screen_document,C6,2.0000,0.0200,1.0000,0.3000,2,75,high,512,512,19713,0.601593,2.769,11.465097,7.033623
a24d6945ac8862ed,screen_document,C6,2.0000,0.0200,1.0000,0.3000,2,85,high,512,512,24395,0.744476,3.042,9.298940,4.381713
a24d6945ac8862ed,screen_document,C6,2.0000,0.0200,1.0000,0.3000,2,95,high,512,512,43258,1.320129,3.358,6.043242,1.372536
a24d6945ac8862ed,screen_document,OFF,0.0000,0.0000,0.0000,0.0000,0,5,low,512,512,7729,0.235870,1.558,42.961639,75.808828
a24d6945ac8862ed,screen_document,OFF,0.0000,0.0000,0.0000,0.0000,0,15,low,512,512,9899,0.302094,1.481,26.599065,42.126416
a24d6945ac8862ed,screen_document,OFF,0.0000,0.0000,0.0000,0.0000,0,30,low,512,512,12679,0.386932,1.537,19.417296,23.167676
a24d6945ac8862ed,screen_document,OFF,0.0000,0.0000,0.0000,0.0000,0,45,mid,512,512,13876,0.423462,1.577,16.516314,18.875667
a24d6945ac8862ed,screen_document,OFF,0.0000,0.0000,0.0000,0.0000,0,60,mid,512,512,15556,0.474731,1.581,14.468511,13.778166
a24d6945ac8862ed,screen_document,OFF,0.0000,0.0000,0.0000,0.0000,0,75,high,512,512,18646,0.569031,1.658,11.691265,8.853858
a24d6945ac8862ed,screen_document,OFF,0.0000,0.0000,0.0000,0.0000,0,85,high,512,512,22916,0.699341,1.724,9.544662,5.362910
a24d6945ac8862ed,screen_document,OFF,0.0000,0.0000,0.0000,0.0000,0,95,high,512,512,41100,1.254272,2.133,6.306139,1.610802
a255a8dd3e71fb2925755f5015d2e915ec752f3318181e7aa2e280bc28ea22e2,screen_ui,C1,2.0000,0.0200,0.5000,1.0000,2,5,low,512,512,2856,0.087158,2.530,42.280458,28.740823
a255a8dd3e71fb2925755f5015d2e915ec752f3318181e7aa2e280bc28ea22e2,screen_ui,C1,2.0000,0.0200,0.5000,1.0000,2,15,low,512,512,3915,0.119476,2.540,27.393660,18.221724
a255a8dd3e71fb2925755f5015d2e915ec752f3318181e7aa2e280bc28ea22e2,screen_ui,C1,2.0000,0.0200,0.5000,1.0000,2,30,low,512,512,5026,0.153381,3.286,19.574579,7.613788
a255a8dd3e71fb2925755f5015d2e915ec752f3318181e7aa2e280bc28ea22e2,screen_ui,C1,2.0000,0.0200,0.5000,1.0000,2,45,mid,512,512,5508,0.168091,3.307,17.797489,5.270437
a255a8dd3e71fb2925755f5015d2e915ec752f3318181e7aa2e280bc28ea22e2,screen_ui,C1,2.0000,0.0200,0.5000,1.0000,2,60,mid,512,512,6243,0.190521,3.378,15.434250,3.018750
a255a8dd3e71fb2925755f5015d2e915ec752f3318181e7aa2e280bc28ea22e2,screen_ui,C1,2.0000,0.0200,0.5000,1.0000,2,75,high,512,512,7414,0.226257,2.815,12.650266,1.403485
a255a8dd3e71fb2925755f5015d2e915ec752f3318181e7aa2e280bc28ea22e2,screen_ui,C1,2.0000,0.0200,0.5000,1.0000,2,85,high,512,512,8587,0.262054,2.607,10.661300,0.796899
a255a8dd3e71fb2925755f5015d2e915ec752f3318181e7aa2e280bc28ea22e2,screen_ui,C1,2.0000,0.0200,0.5000,1.0000,2,95,high,512,512,11648,0.355469,2.869,8.684429,0.365274
a255a8dd3e71fb2925755f5015d2e915ec752f3318181e7aa2e280bc28ea22e2,screen_ui,C2,2.0000,0.0200,0.5000,0.7000,2,5,low,512,512,2985,0.091095,2.578,41.362603,26.545957
a255a8dd3e71fb2925755f5015d2e915ec752f3318181e7aa2e280bc28ea22e2,screen_ui,C2,2.0000,0.0200,0.5000,0.7000,2,15,low,512,512,4052,0.123657,2.746,27.781876,15.266342
a255a8dd3e71fb2925755f5015d2e915ec752f3318181e7aa2e280bc28ea22e2,screen_ui,C2,2.0000,0.0200,0.5000,0.7000,2,30,low,512,512,5182,0.158142,2.574,19.530130,6.137429
a255a8dd3e71fb2925755f5015d2e915ec752f3318181e7aa2e280bc28ea22e2,screen_ui,C2,2.0000,0.0200,0.5000,0.7000,2,45,mid,512,512,5665,0.172882,2.592,17.345360,4.541422
a255a8dd3e71fb2925755f5015d2e915ec752f3318181e7aa2e280bc28ea22e2,screen_ui,C2,2.0000,0.0200,0.5000,0.7000,2,60,mid,512,512,6372,0.194458,2.694,15.093927,2.564362
a255a8dd3e71fb2925755f5015d2e915ec752f3318181e7aa2e280bc28ea22e2,screen_ui,C2,2.0000,0.0200,0.5000,0.7000,2,75,high,512,512,7521,0.229523,2.715,12.595304,1.188033
a255a8dd3e71fb2925755f5015d2e915ec752f3318181e7aa2e280bc28ea22e2,screen_ui,C2,2.0000,0.0200,0.5000,0.7000,2,85,high,512,512,8698,0.265442,2.202,10.774184,0.754744
a255a8dd3e71fb2925755f5015d2e915ec752f3318181e7aa2e280bc28ea22e2,screen_ui,C2,2.0000,0.0200,0.5000,0.7000,2,95,high,512,512,11680,0.356445,2.459,8.694373,0.358772
a255a8dd3e71fb2925755f5015d2e915ec752f3318181e7aa2e280bc28ea22e2,screen_ui,C3,2.0000,0.0200,0.5000,0.5000,2,5,low,512,512,2987,0.091156,2.658,41.630098,27.402638
a255a8dd3e71fb2925755f5015d2e915ec752f3318181e7aa2e280bc28ea22e2,screen_ui,C3,2.0000,0.0200,0.5000,0.5000,2,15,low,512,512,4045,0.123444,2.581,28.017281,15.637885
a255a8dd3e71fb2925755f5015d2e915ec752f3318181e7aa2e280bc28ea22e2,screen_ui,C3,2.0000,0.0200,0.5000,0.5000,2,30,low,512,512,5165,0.157623,2.694,19.780360,6.398171
a255a8dd3e71fb2925755f5015d2e915ec752f3318181e7aa2e280bc28ea22e2,screen_ui,C3,2.0000,0.0200,0.5000,0.5000,2,45,mid,512,512,5678,0.173279,2.727,17.480385,4.651791
a255a8dd3e71fb2925755f5015d2e915ec752f3318181e7aa2e280bc28ea22e2,screen_ui,C3,2.0000,0.0200,0.5000,0.5000,2,60,mid,512,512,6380,0.194702,3.352,15.020220,2.515787
a255a8dd3e71fb2925755f5015d2e915ec752f3318181e7aa2e280bc28ea22e2,screen_ui,C3,2.0000,0.0200,0.5000,0.5000,2,75,high,512,512,7525,0.229645,2.938,12.652852,1.175635
a255a8dd3e71fb2925755f5015d2e915ec752f3318181e7aa2e280bc28ea22e2,screen_ui,C3,2.0000,0.0200,0.5000,0.5000,2,85,high,512,512,8698,0.265442,2.509,10.651094,0.759996
a255a8dd3e71fb2925755f5015d2e915ec752f3318181e7aa2e280bc28ea22e2,screen_ui,C3,2.0000,0.0200,0.5000,0.5000,2,95,high,512,512,11679,0.356415,2.902,8.543776,0.359753
a255a8dd3e71fb2925755f5015d2e915ec752f3318181e7aa2e280bc28ea22e2,screen_ui,C4,2.0000,0.0200,0.5000,0.3000,2,5,low,512,512,2987,0.091156,2.618,41.630098,27.402638
a255a8dd3e71fb2925755f5015d2e915ec752f3318181e7aa2e280bc28ea22e2,screen_ui,C4,2.0000,0.0200,0.5000,0.3000,2,15,low,512,512,4045,0.123444,2.794,28.017281,15.637885
a255a8dd3e71fb2925755f5015d2e915ec752f3318181e7aa2e280bc28ea22e2,screen_ui,C4,2.0000,0.0200,0.5000,0.3000,2,30,low,512,512,5165,0.157623,2.575,19.780360,6.398171
a255a8dd3e71fb2925755f5015d2e915ec752f3318181e7aa2e280bc28ea22e2,screen_ui,C4,2.0000,0.0200,0.5000,0.3000,2,45,mid,512,512,5678,0.173279,2.774,17.480385,4.651791
a255a8dd3e71fb2925755f5015d2e915ec752f3318181e7aa2e280bc28ea22e2,screen_ui,C4,2.0000,0.0200,0.5000,0.3000,2,60,mid,512,512,6380,0.194702,2.707,15.020220,2.515787
a255a8dd3e71fb2925755f5015d2e915ec752f3318181e7aa2e280bc28ea22e2,screen_ui,C4,2.0000,0.0200,0.5000,0.3000,2,75,high,512,512,7525,0.229645,2.863,12.652852,1.175635
a255a8dd3e71fb2925755f5015d2e915ec752f3318181e7aa2e280bc28ea22e2,screen_ui,C4,2.0000,0.0200,0.5000,0.3000,2,85,high,512,512,8698,0.265442,2.340,10.651094,0.759996
a255a8dd3e71fb2925755f5015d2e915ec752f3318181e7aa2e280bc28ea22e2,screen_ui,C4,2.0000,0.0200,0.5000,0.3000,2,95,high,512,512,11679,0.356415,2.553,8.538817,0.359908
a255a8dd3e71fb2925755f5015d2e915ec752f3318181e7aa2e280bc28ea22e2,screen_ui,C5,2.0000,0.0200,0.5000,0.1500,2,5,low,512,512,2987,0.091156,2.451,41.630098,27.402638
a255a8dd3e71fb2925755f5015d2e915ec752f3318181e7aa2e280bc28ea22e2,screen_ui,C5,2.0000,0.0200,0.5000,0.1500,2,15,low,512,512,4045,0.123444,2.574,28.017281,15.637885
a255a8dd3e71fb2925755f5015d2e915ec752f3318181e7aa2e280bc28ea22e2,screen_ui,C5,2.0000,0.0200,0.5000,0.1500,2,30,low,512,512,5165,0.157623,2.558,19.780360,6.398171
a255a8dd3e71fb2925755f5015d2e915ec752f3318181e7aa2e280bc28ea22e2,screen_ui,C5,2.0000,0.0200,0.5000,0.1500,2,45,mid,512,512,5678,0.173279,2.671,17.480385,4.651791
a255a8dd3e71fb2925755f5015d2e915ec752f3318181e7aa2e280bc28ea22e2,screen_ui,C5,2.0000,0.0200,0.5000,0.1500,2,60,mid,512,512,6380,0.194702,2.605,15.020220,2.515787
a255a8dd3e71fb2925755f5015d2e915ec752f3318181e7aa2e280bc28ea22e2,screen_ui,C5,2.0000,0.0200,0.5000,0.1500,2,75,high,512,512,7525,0.229645,2.766,12.652852,1.175635
a255a8dd3e71fb2925755f5015d2e915ec752f3318181e7aa2e280bc28ea22e2,screen_ui,C5,2.0000,0.0200,0.5000,0.1500,2,85,high,512,512,8698,0.265442,2.198,10.651094,0.759996
a255a8dd3e71fb2925755f5015d2e915ec752f3318181e7aa2e280bc28ea22e2,screen_ui,C5,2.0000,0.0200,0.5000,0.1500,2,95,high,512,512,11679,0.356415,2.496,8.538817,0.359908
a255a8dd3e71fb2925755f5015d2e915ec752f3318181e7aa2e280bc28ea22e2,screen_ui,C6,2.0000,0.0200,1.0000,0.3000,2,5,low,512,512,2987,0.091156,2.472,41.630098,27.402638
a255a8dd3e71fb2925755f5015d2e915ec752f3318181e7aa2e280bc28ea22e2,screen_ui,C6,2.0000,0.0200,1.0000,0.3000,2,15,low,512,512,4045,0.123444,2.512,28.017281,15.637885
a255a8dd3e71fb2925755f5015d2e915ec752f3318181e7aa2e280bc28ea22e2,screen_ui,C6,2.0000,0.0200,1.0000,0.3000,2,30,low,512,512,5165,0.157623,2.552,19.780360,6.398171
a255a8dd3e71fb2925755f5015d2e915ec752f3318181e7aa2e280bc28ea22e2,screen_ui,C6,2.0000,0.0200,1.0000,0.3000,2,45,mid,512,512,5678,0.173279,2.583,17.480385,4.651791
a255a8dd3e71fb2925755f5015d2e915ec752f3318181e7aa2e280bc28ea22e2,screen_ui,C6,2.0000,0.0200,1.0000,0.3000,2,60,mid,512,512,6380,0.194702,2.637,15.020220,2.515787
a255a8dd3e71fb2925755f5015d2e915ec752f3318181e7aa2e280bc28ea22e2,screen_ui,C6,2.0000,0.0200,1.0000,0.3000,2,75,high,512,512,7525,0.229645,2.678,12.652852,1.175635
a255a8dd3e71fb2925755f5015d2e915ec752f3318181e7aa2e280bc28ea22e2,screen_ui,C6,2.0000,0.0200,1.0000,0.3000,2,85,high,512,512,8698,0.265442,2.249,10.651094,0.759996
a255a8dd3e71fb2925755f5015d2e915ec752f3318181e7aa2e280bc28ea22e2,screen_ui,C6,2.0000,0.0200,1.0000,0.3000,2,95,high,512,512,11679,0.356415,2.452,8.538817,0.359908
a255a8dd3e71fb2925755f5015d2e915ec752f3318181e7aa2e280bc28ea22e2,screen_ui,OFF,0.0000,0.0000,0.0000,0.0000,0,5,low,512,512,2736,0.083496,1.491,43.633393,38.665485
a255a8dd3e71fb2925755f5015d2e915ec752f3318181e7aa2e280bc28ea22e2,screen_ui,OFF,0.0000,0.0000,0.0000,0.0000,0,15,low,512,512,3646,0.111267,1.532,30.280180,22.688031
a255a8dd3e71fb2925755f5015d2e915ec752f3318181e7aa2e280bc28ea22e2,screen_ui,OFF,0.0000,0.0000,0.0000,0.0000,0,30,low,512,512,4839,0.147675,1.550,21.014901,10.321462
a255a8dd3e71fb2925755f5015d2e915ec752f3318181e7aa2e280bc28ea22e2,screen_ui,OFF,0.0000,0.0000,0.0000,0.0000,0,45,mid,512,512,5310,0.162048,1.608,18.853913,7.472557
a255a8dd3e71fb2925755f5015d2e915ec752f3318181e7aa2e280bc28ea22e2,screen_ui,OFF,0.0000,0.0000,0.0000,0.0000,0,60,mid,512,512,6060,0.184937,1.662,16.065861,4.369071
a255a8dd3e71fb2925755f5015d2e915ec752f3318181e7aa2e280bc28ea22e2,screen_ui,OFF,0.0000,0.0000,0.0000,0.0000,0,75,high,512,512,7256,0.221436,1.791,13.004379,1.980665
a255a8dd3e71fb2925755f5015d2e915ec752f3318181e7aa2e280bc28ea22e2,screen_ui,OFF,0.0000,0.0000,0.0000,0.0000,0,85,high,512,512,8442,0.257629,1.806,11.148329,1.082681
a255a8dd3e71fb2925755f5015d2e915ec752f3318181e7aa2e280bc28ea22e2,screen_ui,OFF,0.0000,0.0000,0.0000,0.0000,0,95,high,512,512,11570,0.353088,1.990,8.572602,0.385091
af92100b4b710bec9a2001cc71d52a86e51c0df954882811ced8a9d3727efc0b,screen_chart,C1,2.0000,0.0200,0.5000,1.0000,2,5,low,512,512,1590,0.048523,2.569,38.575244,0.821444
af92100b4b710bec9a2001cc71d52a86e51c0df954882811ced8a9d3727efc0b,screen_chart,C1,2.0000,0.0200,0.5000,1.0000,2,15,low,512,512,1939,0.059174,2.563,20.253309,0.102214
af92100b4b710bec9a2001cc71d52a86e51c0df954882811ced8a9d3727efc0b,screen_chart,C1,2.0000,0.0200,0.5000,1.0000,2,30,low,512,512,2109,0.064362,2.381,17.068988,0.116506
af92100b4b710bec9a2001cc71d52a86e51c0df954882811ced8a9d3727efc0b,screen_chart,C1,2.0000,0.0200,0.5000,1.0000,2,45,mid,512,512,2427,0.074066,2.646,10.179174,0.059245
af92100b4b710bec9a2001cc71d52a86e51c0df954882811ced8a9d3727efc0b,screen_chart,C1,2.0000,0.0200,0.5000,1.0000,2,60,mid,512,512,2610,0.079651,3.221,8.307834,0.024259
af92100b4b710bec9a2001cc71d52a86e51c0df954882811ced8a9d3727efc0b,screen_chart,C1,2.0000,0.0200,0.5000,1.0000,2,75,high,512,512,2788,0.085083,2.765,7.758235,0.081086
af92100b4b710bec9a2001cc71d52a86e51c0df954882811ced8a9d3727efc0b,screen_chart,C1,2.0000,0.0200,0.5000,1.0000,2,85,high,512,512,3147,0.096039,2.205,6.058665,0.012541
af92100b4b710bec9a2001cc71d52a86e51c0df954882811ced8a9d3727efc0b,screen_chart,C1,2.0000,0.0200,0.5000,1.0000,2,95,high,512,512,3499,0.106781,2.032,6.160395,0.001628
af92100b4b710bec9a2001cc71d52a86e51c0df954882811ced8a9d3727efc0b,screen_chart,C2,2.0000,0.0200,0.5000,0.7000,2,5,low,512,512,1590,0.048523,2.383,38.575244,0.821444
af92100b4b710bec9a2001cc71d52a86e51c0df954882811ced8a9d3727efc0b,screen_chart,C2,2.0000,0.0200,0.5000,0.7000,2,15,low,512,512,1940,0.059204,2.356,20.339725,0.129402
af92100b4b710bec9a2001cc71d52a86e51c0df954882811ced8a9d3727efc0b,screen_chart,C2,2.0000,0.0200,0.5000,0.7000,2,30,low,512,512,2141,0.065338,2.506,16.780423,0.113080
af92100b4b710bec9a2001cc71d52a86e51c0df954882811ced8a9d3727efc0b,screen_chart,C2,2.0000,0.0200,0.5000,0.7000,2,45,mid,512,512,2461,0.075104,2.851,10.047568,0.054362
af92100b4b710bec9a2001cc71d52a86e51c0df954882811ced8a9d3727efc0b,screen_chart,C2,2.0000,0.0200,0.5000,0.7000,2,60,mid,512,512,2617,0.079865,2.424,7.989579,0.017082
af92100b4b710bec9a2001cc71d52a86e51c0df954882811ced8a9d3727efc0b,screen_chart,C2,2.0000,0.0200,0.5000,0.7000,2,75,high,512,512,2806,0.085632,2.632,7.776765,0.057261
af92100b4b710bec9a2001cc71d52a86e51c0df954882811ced8a9d3727efc0b,screen_chart,C2,2.0000,0.0200,0.5000,0.7000,2,85,high,512,512,3149,0.096100,2.040,6.057816,0.012231
af92100b4b710bec9a2001cc71d52a86e51c0df954882811ced8a9d3727efc0b,screen_chart,C2,2.0000,0.0200,0.5000,0.7000,2,95,high,512,512,3503,0.106903,2.264,6.142016,0.001240
af92100b4b710bec9a2001cc71d52a86e51c0df954882811ced8a9d3727efc0b,screen_chart,C3,2.0000,0.0200,0.5000,0.5000,2,5,low,512,512,1590,0.048523,2.421,38.575244,0.821444
af92100b4b710bec9a2001cc71d52a86e51c0df954882811ced8a9d3727efc0b,screen_chart,C3,2.0000,0.0200,0.5000,0.5000,2,15,low,512,512,1940,0.059204,2.338,20.339725,0.129402
af92100b4b710bec9a2001cc71d52a86e51c0df954882811ced8a9d3727efc0b,screen_chart,C3,2.0000,0.0200,0.5000,0.5000,2,30,low,512,512,2141,0.065338,2.335,16.780423,0.113080
af92100b4b710bec9a2001cc71d52a86e51c0df954882811ced8a9d3727efc0b,screen_chart,C3,2.0000,0.0200,0.5000,0.5000,2,45,mid,512,512,2461,0.075104,2.386,10.047568,0.054362
af92100b4b710bec9a2001cc71d52a86e51c0df954882811ced8a9d3727efc0b,screen_chart,C3,2.0000,0.0200,0.5000,0.5000,2,60,mid,512,512,2617,0.079865,2.343,7.989579,0.017082
af92100b4b710bec9a2001cc71d52a86e51c0df954882811ced8a9d3727efc0b,screen_chart,C3,2.0000,0.0200,0.5000,0.5000,2,75,high,512,512,2806,0.085632,2.488,7.776765,0.057261
af92100b4b710bec9a2001cc71d52a86e51c0df954882811ced8a9d3727efc0b,screen_chart,C3,2.0000,0.0200,0.5000,0.5000,2,85,high,512,512,3149,0.096100,1.887,6.057816,0.012231
af92100b4b710bec9a2001cc71d52a86e51c0df954882811ced8a9d3727efc0b,screen_chart,C3,2.0000,0.0200,0.5000,0.5000,2,95,high,512,512,3503,0.106903,1.873,6.142016,0.001240
af92100b4b710bec9a2001cc71d52a86e51c0df954882811ced8a9d3727efc0b,screen_chart,C4,2.0000,0.0200,0.5000,0.3000,2,5,low,512,512,1590,0.048523,2.396,38.575244,0.821444
af92100b4b710bec9a2001cc71d52a86e51c0df954882811ced8a9d3727efc0b,screen_chart,C4,2.0000,0.0200,0.5000,0.3000,2,15,low,512,512,1940,0.059204,2.351,20.339725,0.129402
af92100b4b710bec9a2001cc71d52a86e51c0df954882811ced8a9d3727efc0b,screen_chart,C4,2.0000,0.0200,0.5000,0.3000,2,30,low,512,512,2141,0.065338,2.339,16.780423,0.113080
af92100b4b710bec9a2001cc71d52a86e51c0df954882811ced8a9d3727efc0b,screen_chart,C4,2.0000,0.0200,0.5000,0.3000,2,45,mid,512,512,2461,0.075104,2.387,10.047568,0.054362
af92100b4b710bec9a2001cc71d52a86e51c0df954882811ced8a9d3727efc0b,screen_chart,C4,2.0000,0.0200,0.5000,0.3000,2,60,mid,512,512,2617,0.079865,2.430,7.989579,0.017082
af92100b4b710bec9a2001cc71d52a86e51c0df954882811ced8a9d3727efc0b,screen_chart,C4,2.0000,0.0200,0.5000,0.3000,2,75,high,512,512,2806,0.085632,2.387,7.776765,0.057261
af92100b4b710bec9a2001cc71d52a86e51c0df954882811ced8a9d3727efc0b,screen_chart,C4,2.0000,0.0200,0.5000,0.3000,2,85,high,512,512,3149,0.096100,1.906,6.057816,0.012231
af92100b4b710bec9a2001cc71d52a86e51c0df954882811ced8a9d3727efc0b,screen_chart,C4,2.0000,0.0200,0.5000,0.3000,2,95,high,512,512,3503,0.106903,2.740,6.142016,0.001240
af92100b4b710bec9a2001cc71d52a86e51c0df954882811ced8a9d3727efc0b,screen_chart,C5,2.0000,0.0200,0.5000,0.1500,2,5,low,512,512,1590,0.048523,2.383,38.575244,0.821444
af92100b4b710bec9a2001cc71d52a86e51c0df954882811ced8a9d3727efc0b,screen_chart,C5,2.0000,0.0200,0.5000,0.1500,2,15,low,512,512,1940,0.059204,2.334,20.339725,0.129402
af92100b4b710bec9a2001cc71d52a86e51c0df954882811ced8a9d3727efc0b,screen_chart,C5,2.0000,0.0200,0.5000,0.1500,2,30,low,512,512,2141,0.065338,2.360,16.780423,0.113080
af92100b4b710bec9a2001cc71d52a86e51c0df954882811ced8a9d3727efc0b,screen_chart,C5,2.0000,0.0200,0.5000,0.1500,2,45,mid,512,512,2461,0.075104,2.413,10.047568,0.054362
af92100b4b710bec9a2001cc71d52a86e51c0df954882811ced8a9d3727efc0b,screen_chart,C5,2.0000,0.0200,0.5000,0.1500,2,60,mid,512,512,2617,0.079865,2.418,7.989579,0.017082
af92100b4b710bec9a2001cc71d52a86e51c0df954882811ced8a9d3727efc0b,screen_chart,C5,2.0000,0.0200,0.5000,0.1500,2,75,high,512,512,2806,0.085632,2.468,7.776765,0.057261
af92100b4b710bec9a2001cc71d52a86e51c0df954882811ced8a9d3727efc0b,screen_chart,C5,2.0000,0.0200,0.5000,0.1500,2,85,high,512,512,3149,0.096100,1.943,6.057816,0.012231
af92100b4b710bec9a2001cc71d52a86e51c0df954882811ced8a9d3727efc0b,screen_chart,C5,2.0000,0.0200,0.5000,0.1500,2,95,high,512,512,3503,0.106903,1.890,6.142016,0.001240
af92100b4b710bec9a2001cc71d52a86e51c0df954882811ced8a9d3727efc0b,screen_chart,C6,2.0000,0.0200,1.0000,0.3000,2,5,low,512,512,1590,0.048523,2.568,38.575244,0.821444
af92100b4b710bec9a2001cc71d52a86e51c0df954882811ced8a9d3727efc0b,screen_chart,C6,2.0000,0.0200,1.0000,0.3000,2,15,low,512,512,1940,0.059204,2.319,20.339725,0.129402
af92100b4b710bec9a2001cc71d52a86e51c0df954882811ced8a9d3727efc0b,screen_chart,C6,2.0000,0.0200,1.0000,0.3000,2,30,low,512,512,2141,0.065338,2.372,16.780423,0.113080
af92100b4b710bec9a2001cc71d52a86e51c0df954882811ced8a9d3727efc0b,screen_chart,C6,2.0000,0.0200,1.0000,0.3000,2,45,mid,512,512,2461,0.075104,2.375,10.047568,0.054362
af92100b4b710bec9a2001cc71d52a86e51c0df954882811ced8a9d3727efc0b,screen_chart,C6,2.0000,0.0200,1.0000,0.3000,2,60,mid,512,512,2617,0.079865,2.375,7.989579,0.017082
af92100b4b710bec9a2001cc71d52a86e51c0df954882811ced8a9d3727efc0b,screen_chart,C6,2.0000,0.0200,1.0000,0.3000,2,75,high,512,512,2806,0.085632,2.518,7.776765,0.057261
af92100b4b710bec9a2001cc71d52a86e51c0df954882811ced8a9d3727efc0b,screen_chart,C6,2.0000,0.0200,1.0000,0.3000,2,85,high,512,512,3149,0.096100,1.929,6.057816,0.012231
af92100b4b710bec9a2001cc71d52a86e51c0df954882811ced8a9d3727efc0b,screen_chart,C6,2.0000,0.0200,1.0000,0.3000,2,95,high,512,512,3503,0.106903,1.893,6.142016,0.001240
af92100b4b710bec9a2001cc71d52a86e51c0df954882811ced8a9d3727efc0b,screen_chart,OFF,0.0000,0.0000,0.0000,0.0000,0,5,low,512,512,1590,0.048523,1.442,38.575244,0.821444
af92100b4b710bec9a2001cc71d52a86e51c0df954882811ced8a9d3727efc0b,screen_chart,OFF,0.0000,0.0000,0.0000,0.0000,0,15,low,512,512,1938,0.059143,1.298,20.348631,0.121140
af92100b4b710bec9a2001cc71d52a86e51c0df954882811ced8a9d3727efc0b,screen_chart,OFF,0.0000,0.0000,0.0000,0.0000,0,30,low,512,512,2108,0.064331,1.312,17.057973,0.118196
af92100b4b710bec9a2001cc71d52a86e51c0df954882811ced8a9d3727efc0b,screen_chart,OFF,0.0000,0.0000,0.0000,0.0000,0,45,mid,512,512,2426,0.074036,1.439,10.175799,0.060113
af92100b4b710bec9a2001cc71d52a86e51c0df954882811ced8a9d3727efc0b,screen_chart,OFF,0.0000,0.0000,0.0000,0.0000,0,60,mid,512,512,2608,0.079590,1.312,8.425885,0.024166
af92100b4b710bec9a2001cc71d52a86e51c0df954882811ced8a9d3727efc0b,screen_chart,OFF,0.0000,0.0000,0.0000,0.0000,0,75,high,512,512,2787,0.085052,1.502,7.814605,0.080652
af92100b4b710bec9a2001cc71d52a86e51c0df954882811ced8a9d3727efc0b,screen_chart,OFF,0.0000,0.0000,0.0000,0.0000,0,85,high,512,512,3145,0.095978,1.475,6.106303,0.012525
af92100b4b710bec9a2001cc71d52a86e51c0df954882811ced8a9d3727efc0b,screen_chart,OFF,0.0000,0.0000,0.0000,0.0000,0,95,high,512,512,3496,0.106689,1.462,6.168833,0.001364
b97d593a28905323214ac4cb967cd4c4fe5f936c219798df983a234729d36561,illustration,C1,2.0000,0.0200,0.5000,1.0000,2,5,low,512,512,4183,0.127655,2.747,94.022282,53.403892
b97d593a28905323214ac4cb967cd4c4fe5f936c219798df983a234729d36561,illustration,C1,2.0000,0.0200,0.5000,1.0000,2,15,low,512,512,6281,0.191681,2.781,63.714572,35.916114
b97d593a28905323214ac4cb967cd4c4fe5f936c219798df983a234729d36561,illustration,C1,2.0000,0.0200,0.5000,1.0000,2,30,low,512,512,10001,0.305206,2.754,38.758175,19.775414
b97d593a28905323214ac4cb967cd4c4fe5f936c219798df983a234729d36561,illustration,C1,2.0000,0.0200,0.5000,1.0000,2,45,mid,512,512,11884,0.362671,3.113,26.963559,14.908325
b97d593a28905323214ac4cb967cd4c4fe5f936c219798df983a234729d36561,illustration,C1,2.0000,0.0200,0.5000,1.0000,2,60,mid,512,512,15336,0.468018,3.235,21.958018,7.210477
b97d593a28905323214ac4cb967cd4c4fe5f936c219798df983a234729d36561,illustration,C1,2.0000,0.0200,0.5000,1.0000,2,75,high,512,512,17581,0.536530,2.988,14.754343,3.193579
b97d593a28905323214ac4cb967cd4c4fe5f936c219798df983a234729d36561,illustration,C1,2.0000,0.0200,0.5000,1.0000,2,85,high,512,512,20375,0.621796,4.262,10.850714,2.329204
b97d593a28905323214ac4cb967cd4c4fe5f936c219798df983a234729d36561,illustration,C1,2.0000,0.0200,0.5000,1.0000,2,95,high,512,512,27519,0.839813,3.639,6.787999,0.941624
b97d593a28905323214ac4cb967cd4c4fe5f936c219798df983a234729d36561,illustration,C2,2.0000,0.0200,0.5000,0.7000,2,5,low,512,512,4468,0.136353,2.547,93.237408,50.416397
b97d593a28905323214ac4cb967cd4c4fe5f936c219798df983a234729d36561,illustration,C2,2.0000,0.0200,0.5000,0.7000,2,15,low,512,512,6558,0.200134,2.556,63.285096,34.194808
b97d593a28905323214ac4cb967cd4c4fe5f936c219798df983a234729d36561,illustration,C2,2.0000,0.0200,0.5000,0.7000,2,30,low,512,512,10865,0.331573,2.639,37.530946,17.994950
b97d593a28905323214ac4cb967cd4c4fe5f936c219798df983a234729d36561,illustration,C2,2.0000,0.0200,0.5000,0.7000,2,45,mid,512,512,13427,0.409760,2.791,25.736167,11.835953
b97d593a28905323214ac4cb967cd4c4fe5f936c219798df983a234729d36561,illustration,C2,2.0000,0.0200,0.5000,0.7000,2,60,mid,512,512,15574,0.475281,2.744,21.320878,6.599651
b97d593a28905323214ac4cb967cd4c4fe5f936c219798df983a234729d36561,illustration,C2,2.0000,0.0200,0.5000,0.7000,2,75,high,512,512,17668,0.539185,2.801,14.673638,3.082788
b97d593a28905323214ac4cb967cd4c4fe5f936c219798df983a234729d36561,illustration,C2,2.0000,0.0200,0.5000,0.7000,2,85,high,512,512,20375,0.621796,2.951,10.850714,2.329204
b97d593a28905323214ac4cb967cd4c4fe5f936c219798df983a234729d36561,illustration,C2,2.0000,0.0200,0.5000,0.7000,2,95,high,512,512,27547,0.840668,3.216,6.783452,0.941764
b97d593a28905323214ac4cb967cd4c4fe5f936c219798df983a234729d36561,illustration,C3,2.0000,0.0200,0.5000,0.5000,2,5,low,512,512,4469,0.136383,2.494,93.274887,50.461290
b97d593a28905323214ac4cb967cd4c4fe5f936c219798df983a234729d36561,illustration,C3,2.0000,0.0200,0.5000,0.5000,2,15,low,512,512,6562,0.200256,2.475,63.347529,34.598945
b97d593a28905323214ac4cb967cd4c4fe5f936c219798df983a234729d36561,illustration,C3,2.0000,0.0200,0.5000,0.5000,2,30,low,512,512,10869,0.331696,2.701,37.548449,18.003456
b97d593a28905323214ac4cb967cd4c4fe5f936c219798df983a234729d36561,illustration,C3,2.0000,0.0200,0.5000,0.5000,2,45,mid,512,512,13429,0.409821,2.767,25.730472,11.861662
b97d593a28905323214ac4cb967cd4c4fe5f936c219798df983a234729d36561,illustration,C3,2.0000,0.0200,0.5000,0.5000,2,60,mid,512,512,15574,0.475281,2.769,21.320878,6.599651
b97d593a28905323214ac4cb967cd4c4fe5f936c219798df983a234729d36561,illustration,C3,2.0000,0.0200,0.5000,0.5000,2,75,high,512,512,17668,0.539185,2.787,14.673638,3.082788
b97d593a28905323214ac4cb967cd4c4fe5f936c219798df983a234729d36561,illustration,C3,2.0000,0.0200,0.5000,0.5000,2,85,high,512,512,20375,0.621796,2.986,10.850714,2.329204
b97d593a28905323214ac4cb967cd4c4fe5f936c219798df983a234729d36561,illustration,C3,2.0000,0.0200,0.5000,0.5000,2,95,high,512,512,27547,0.840668,3.266,6.783452,0.941764
b97d593a28905323214ac4cb967cd4c4fe5f936c219798df983a234729d36561,illustration,C4,2.0000,0.0200,0.5000,0.3000,2,5,low,512,512,4469,0.136383,2.512,93.274887,50.461290
b97d593a28905323214ac4cb967cd4c4fe5f936c219798df983a234729d36561,illustration,C4,2.0000,0.0200,0.5000,0.3000,2,15,low,512,512,6562,0.200256,2.516,63.347529,34.598945
b97d593a28905323214ac4cb967cd4c4fe5f936c219798df983a234729d36561,illustration,C4,2.0000,0.0200,0.5000,0.3000,2,30,low,512,512,10869,0.331696,2.664,37.548449,18.003456
b97d593a28905323214ac4cb967cd4c4fe5f936c219798df983a234729d36561,illustration,C4,2.0000,0.0200,0.5000,0.3000,2,45,mid,512,512,13429,0.409821,2.757,25.730472,11.861662
b97d593a28905323214ac4cb967cd4c4fe5f936c219798df983a234729d36561,illustration,C4,2.0000,0.0200,0.5000,0.3000,2,60,mid,512,512,15574,0.475281,2.831,21.320878,6.599651
b97d593a28905323214ac4cb967cd4c4fe5f936c219798df983a234729d36561,illustration,C4,2.0000,0.0200,0.5000,0.3000,2,75,high,512,512,17668,0.539185,2.908,14.673638,3.082788
b97d593a28905323214ac4cb967cd4c4fe5f936c219798df983a234729d36561,illustration,C4,2.0000,0.0200,0.5000,0.3000,2,85,high,512,512,20375,0.621796,3.003,10.850714,2.329204
b97d593a28905323214ac4cb967cd4c4fe5f936c219798df983a234729d36561,illustration,C4,2.0000,0.0200,0.5000,0.3000,2,95,high,512,512,27547,0.840668,3.514,6.783452,0.941764
b97d593a28905323214ac4cb967cd4c4fe5f936c219798df983a234729d36561,illustration,C5,2.0000,0.0200,0.5000,0.1500,2,5,low,512,512,4469,0.136383,2.806,93.274887,50.461290
b97d593a28905323214ac4cb967cd4c4fe5f936c219798df983a234729d36561,illustration,C5,2.0000,0.0200,0.5000,0.1500,2,15,low,512,512,6562,0.200256,2.510,63.347529,34.598945
b97d593a28905323214ac4cb967cd4c4fe5f936c219798df983a234729d36561,illustration,C5,2.0000,0.0200,0.5000,0.1500,2,30,low,512,512,10869,0.331696,2.627,37.548449,18.003456
b97d593a28905323214ac4cb967cd4c4fe5f936c219798df983a234729d36561,illustration,C5,2.0000,0.0200,0.5000,0.1500,2,45,mid,512,512,13429,0.409821,2.713,25.730472,11.861662
b97d593a28905323214ac4cb967cd4c4fe5f936c219798df983a234729d36561,illustration,C5,2.0000,0.0200,0.5000,0.1500,2,60,mid,512,512,15574,0.475281,2.808,21.320878,6.599651
b97d593a28905323214ac4cb967cd4c4fe5f936c219798df983a234729d36561,illustration,C5,2.0000,0.0200,0.5000,0.1500,2,75,high,512,512,17668,0.539185,2.838,14.673638,3.082788
b97d593a28905323214ac4cb967cd4c4fe5f936c219798df983a234729d36561,illustration,C5,2.0000,0.0200,0.5000,0.1500,2,85,high,512,512,20375,0.621796,3.087,10.850714,2.329204
b97d593a28905323214ac4cb967cd4c4fe5f936c219798df983a234729d36561,illustration,C5,2.0000,0.0200,0.5000,0.1500,2,95,high,512,512,27547,0.840668,3.216,6.783452,0.941764
b97d593a28905323214ac4cb967cd4c4fe5f936c219798df983a234729d36561,illustration,C6,2.0000,0.0200,1.0000,0.3000,2,5,low,512,512,4469,0.136383,2.518,93.274887,50.461290
b97d593a28905323214ac4cb967cd4c4fe5f936c219798df983a234729d36561,illustration,C6,2.0000,0.0200,1.0000,0.3000,2,15,low,512,512,6562,0.200256,2.860,63.347529,34.598945
b97d593a28905323214ac4cb967cd4c4fe5f936c219798df983a234729d36561,illustration,C6,2.0000,0.0200,1.0000,0.3000,2,30,low,512,512,10869,0.331696,2.943,37.548449,18.003456
b97d593a28905323214ac4cb967cd4c4fe5f936c219798df983a234729d36561,illustration,C6,2.0000,0.0200,1.0000,0.3000,2,45,mid,512,512,13429,0.409821,2.745,25.730472,11.861662
b97d593a28905323214ac4cb967cd4c4fe5f936c219798df983a234729d36561,illustration,C6,2.0000,0.0200,1.0000,0.3000,2,60,mid,512,512,15574,0.475281,2.954,21.320878,6.599651
b97d593a28905323214ac4cb967cd4c4fe5f936c219798df983a234729d36561,illustration,C6,2.0000,0.0200,1.0000,0.3000,2,75,high,512,512,17668,0.539185,3.260,14.673638,3.082788
b97d593a28905323214ac4cb967cd4c4fe5f936c219798df983a234729d36561,illustration,C6,2.0000,0.0200,1.0000,0.3000,2,85,high,512,512,20375,0.621796,3.362,10.850714,2.329204
b97d593a28905323214ac4cb967cd4c4fe5f936c219798df983a234729d36561,illustration,C6,2.0000,0.0200,1.0000,0.3000,2,95,high,512,512,27547,0.840668,3.273,6.783452,0.941764
b97d593a28905323214ac4cb967cd4c4fe5f936c219798df983a234729d36561,illustration,OFF,0.0000,0.0000,0.0000,0.0000,0,5,low,512,512,4100,0.125122,1.443,94.515635,55.656445
b97d593a28905323214ac4cb967cd4c4fe5f936c219798df983a234729d36561,illustration,OFF,0.0000,0.0000,0.0000,0.0000,0,15,low,512,512,6124,0.186890,1.382,64.631950,37.233327
b97d593a28905323214ac4cb967cd4c4fe5f936c219798df983a234729d36561,illustration,OFF,0.0000,0.0000,0.0000,0.0000,0,30,low,512,512,9621,0.293610,2.442,40.384732,23.606042
b97d593a28905323214ac4cb967cd4c4fe5f936c219798df983a234729d36561,illustration,OFF,0.0000,0.0000,0.0000,0.0000,0,45,mid,512,512,11532,0.351929,1.610,28.344788,17.057338
b97d593a28905323214ac4cb967cd4c4fe5f936c219798df983a234729d36561,illustration,OFF,0.0000,0.0000,0.0000,0.0000,0,60,mid,512,512,14416,0.439941,1.687,24.114455,10.797064
b97d593a28905323214ac4cb967cd4c4fe5f936c219798df983a234729d36561,illustration,OFF,0.0000,0.0000,0.0000,0.0000,0,75,high,512,512,17473,0.533234,1.755,14.956689,3.426594
b97d593a28905323214ac4cb967cd4c4fe5f936c219798df983a234729d36561,illustration,OFF,0.0000,0.0000,0.0000,0.0000,0,85,high,512,512,20375,0.621796,2.066,10.850714,2.329204
b97d593a28905323214ac4cb967cd4c4fe5f936c219798df983a234729d36561,illustration,OFF,0.0000,0.0000,0.0000,0.0000,0,95,high,512,512,27499,0.839203,2.242,6.772290,0.941734
bedc4c20d2b2ee72,screen_document,C1,2.0000,0.0200,0.5000,1.0000,2,5,low,512,512,4779,0.145844,2.627,60.282114,49.068501
bedc4c20d2b2ee72,screen_document,C1,2.0000,0.0200,0.5000,1.0000,2,15,low,512,512,6174,0.188416,2.640,37.418292,29.093961
bedc4c20d2b2ee72,screen_document,C1,2.0000,0.0200,0.5000,1.0000,2,30,low,512,512,8250,0.251770,2.960,28.614851,18.362169
bedc4c20d2b2ee72,screen_document,C1,2.0000,0.0200,0.5000,1.0000,2,45,mid,512,512,9364,0.285767,3.826,24.228440,15.383807
bedc4c20d2b2ee72,screen_document,C1,2.0000,0.0200,0.5000,1.0000,2,60,mid,512,512,10802,0.329651,2.777,20.153127,11.703749
bedc4c20d2b2ee72,screen_document,C1,2.0000,0.0200,0.5000,1.0000,2,75,high,512,512,13721,0.418732,2.993,15.700129,7.903712
bedc4c20d2b2ee72,screen_document,C1,2.0000,0.0200,0.5000,1.0000,2,85,high,512,512,18151,0.553925,3.017,11.770502,5.001043
bedc4c20d2b2ee72,screen_document,C1,2.0000,0.0200,0.5000,1.0000,2,95,high,512,512,34551,1.054413,3.498,7.415136,1.483881
bedc4c20d2b2ee72,screen_document,C2,2.0000,0.0200,0.5000,0.7000,2,5,low,512,512,4947,0.150970,2.450,60.074653,45.371034
bedc4c20d2b2ee72,screen_document,C2,2.0000,0.0200,0.5000,0.7000,2,15,low,512,512,6405,0.195465,2.450,37.302067,27.192407
bedc4c20d2b2ee72,screen_document,C2,2.0000,0.0200,0.5000,0.7000,2,30,low,512,512,8589,0.262115,2.489,28.323678,17.189798
bedc4c20d2b2ee72,screen_document,C2,2.0000,0.0200,0.5000,0.7000,2,45,mid,512,512,9764,0.297974,2.548,23.913492,14.548676
bedc4c20d2b2ee72,screen_document,C2,2.0000,0.0200,0.5000,0.7000,2,60,mid,512,512,11350,0.346375,2.594,19.790512,11.040446
bedc4c20d2b2ee72,screen_document,C2,2.0000,0.0200,0.5000,0.7000,2,75,high,512,512,14354,0.438049,3.110,15.615589,7.481295
bedc4c20d2b2ee72,screen_document,C2,2.0000,0.0200,0.5000,0.7000,2,85,high,512,512,19060,0.581665,2.783,11.513962,4.551235
bedc4c20d2b2ee72,screen_document,C2,2.0000,0.0200,0.5000,0.7000,2,95,high,512,512,35670,1.088562,3.264,7.358712,1.338885
bedc4c20d2b2ee72,screen_document,C3,2.0000,0.0200,0.5000,0.5000,2,5,low,512,512,4948,0.151001,2.521,60.079019,45.394254
bedc4c20d2b2ee72,screen_document,C3,2.0000,0.0200,0.5000,0.5000,2,15,low,512,512,6406,0.195496,2.497,37.336256,27.421853
bedc4c20d2b2ee72,screen_document,C3,2.0000,0.0200,0.5000,0.5000,2,30,low,512,512,8573,0.261627,2.508,28.377298,17.322595
bedc4c20d2b2ee72,screen_document,C3,2.0000,0.0200,0.5000,0.5000,2,45,mid,512,512,9744,0.297363,2.557,23.982411,14.655881
bedc4c20d2b2ee72,screen_document,C3,2.0000,0.0200,0.5000,0.5000,2,60,mid,512,512,11340,0.346069,2.642,20.016266,11.137994
bedc4c20d2b2ee72,screen_document,C3,2.0000,0.0200,0.5000,0.5000,2,75,high,512,512,14349,0.437897,2.783,15.620166,7.541284
bedc4c20d2b2ee72,screen_document,C3,2.0000,0.0200,0.5000,0.5000,2,85,high,512,512,19052,0.581421,2.876,11.557571,4.617424
bedc4c20d2b2ee72,screen_document,C3,2.0000,0.0200,0.5000,0.5000,2,95,high,512,512,35703,1.089569,3.265,7.387082,1.347860
bedc4c20d2b2ee72,screen_document,C4,2.0000,0.0200,0.5000,0.3000,2,5,low,512,512,4948,0.151001,2.497,60.079019,45.394254
bedc4c20d2b2ee72,screen_document,C4,2.0000,0.0200,0.5000,0.3000,2,15,low,512,512,6406,0.195496,2.477,37.336256,27.421853
bedc4c20d2b2ee72,screen_document,C4,2.0000,0.0200,0.5000,0.3000,2,30,low,512,512,8573,0.261627,2.595,28.377298,17.322595
bedc4c20d2b2ee72,screen_document,C4,2.0000,0.0200,0.5000,0.3000,2,45,mid,512,512,9744,0.297363,2.674,23.982411,14.655881
bedc4c20d2b2ee72,screen_document,C4,2.0000,0.0200,0.5000,0.3000,2,60,mid,512,512,11340,0.346069,2.596,20.016266,11.137994
bedc4c20d2b2ee72,screen_document,C4,2.0000,0.0200,0.5000,0.3000,2,75,high,512,512,14349,0.437897,2.771,15.620166,7.541284
bedc4c20d2b2ee72,screen_document,C4,2.0000,0.0200,0.5000,0.3000,2,85,high,512,512,19052,0.581421,2.909,11.557571,4.617424
bedc4c20d2b2ee72,screen_document,C4,2.0000,0.0200,0.5000,0.3000,2,95,high,512,512,35703,1.089569,3.282,7.387082,1.347860
bedc4c20d2b2ee72,screen_document,C5,2.0000,0.0200,0.5000,0.1500,2,5,low,512,512,4948,0.151001,2.513,60.079019,45.394254
bedc4c20d2b2ee72,screen_document,C5,2.0000,0.0200,0.5000,0.1500,2,15,low,512,512,6406,0.195496,2.478,37.336256,27.421853
bedc4c20d2b2ee72,screen_document,C5,2.0000,0.0200,0.5000,0.1500,2,30,low,512,512,8573,0.261627,2.580,28.377298,17.322595
bedc4c20d2b2ee72,screen_document,C5,2.0000,0.0200,0.5000,0.1500,2,45,mid,512,512,9744,0.297363,2.656,23.982411,14.655881
bedc4c20d2b2ee72,screen_document,C5,2.0000,0.0200,0.5000,0.1500,2,60,mid,512,512,11340,0.346069,2.617,20.016266,11.137994
bedc4c20d2b2ee72,screen_document,C5,2.0000,0.0200,0.5000,0.1500,2,75,high,512,512,14349,0.437897,2.706,15.620166,7.541284
bedc4c20d2b2ee72,screen_document,C5,2.0000,0.0200,0.5000,0.1500,2,85,high,512,512,19052,0.581421,2.865,11.557571,4.617424
bedc4c20d2b2ee72,screen_document,C5,2.0000,0.0200,0.5000,0.1500,2,95,high,512,512,35703,1.089569,3.297,7.387082,1.347860
bedc4c20d2b2ee72,screen_document,C6,2.0000,0.0200,1.0000,0.3000,2,5,low,512,512,4948,0.151001,2.528,60.079019,45.394254
bedc4c20d2b2ee72,screen_document,C6,2.0000,0.0200,1.0000,0.3000,2,15,low,512,512,6406,0.195496,2.473,37.336256,27.421853
bedc4c20d2b2ee72,screen_document,C6,2.0000,0.0200,1.0000,0.3000,2,30,low,512,512,8573,0.261627,2.585,28.377298,17.322595
bedc4c20d2b2ee72,screen_document,C6,2.0000,0.0200,1.0000,0.3000,2,45,mid,512,512,9744,0.297363,2.587,23.982411,14.655881
bedc4c20d2b2ee72,screen_document,C6,2.0000,0.0200,1.0000,0.3000,2,60,mid,512,512,11340,0.346069,2.574,20.016266,11.137994
bedc4c20d2b2ee72,screen_document,C6,2.0000,0.0200,1.0000,0.3000,2,75,high,512,512,14349,0.437897,2.730,15.620166,7.541284
bedc4c20d2b2ee72,screen_document,C6,2.0000,0.0200,1.0000,0.3000,2,85,high,512,512,19052,0.581421,2.758,11.557571,4.617424
bedc4c20d2b2ee72,screen_document,C6,2.0000,0.0200,1.0000,0.3000,2,95,high,512,512,35703,1.089569,3.141,7.387082,1.347860
bedc4c20d2b2ee72,screen_document,OFF,0.0000,0.0000,0.0000,0.0000,0,5,low,512,512,4643,0.141693,1.382,60.761680,54.685890
bedc4c20d2b2ee72,screen_document,OFF,0.0000,0.0000,0.0000,0.0000,0,15,low,512,512,6026,0.183899,1.398,37.926919,32.820570
bedc4c20d2b2ee72,screen_document,OFF,0.0000,0.0000,0.0000,0.0000,0,30,low,512,512,8074,0.246399,1.397,29.253636,20.634289
bedc4c20d2b2ee72,screen_document,OFF,0.0000,0.0000,0.0000,0.0000,0,45,mid,512,512,9153,0.279327,1.427,24.552770,17.124258
bedc4c20d2b2ee72,screen_document,OFF,0.0000,0.0000,0.0000,0.0000,0,60,mid,512,512,10526,0.321228,1.532,20.960133,13.192139
bedc4c20d2b2ee72,screen_document,OFF,0.0000,0.0000,0.0000,0.0000,0,75,high,512,512,13377,0.408234,1.590,16.291468,8.822254
bedc4c20d2b2ee72,screen_document,OFF,0.0000,0.0000,0.0000,0.0000,0,85,high,512,512,17640,0.538330,1.621,12.433800,5.736472
bedc4c20d2b2ee72,screen_document,OFF,0.0000,0.0000,0.0000,0.0000,0,95,high,512,512,33998,1.037537,2.019,7.651497,1.680341
c4f70980ae8bc337876e1c8bafab2723c1acbe557226afe72483a7885cc8dc2b,screen_ui,C1,2.0000,0.0200,0.5000,1.0000,2,5,low,512,512,11456,0.349609,4.052,68.261611,281.866412
c4f70980ae8bc337876e1c8bafab2723c1acbe557226afe72483a7885cc8dc2b,screen_ui,C1,2.0000,0.0200,0.5000,1.0000,2,15,low,512,512,16188,0.494019,3.080,46.007031,154.633723
c4f70980ae8bc337876e1c8bafab2723c1acbe557226afe72483a7885cc8dc2b,screen_ui,C1,2.0000,0.0200,0.5000,1.0000,2,30,low,512,512,23035,0.702972,3.509,31.759327,61.449406
c4f70980ae8bc337876e1c8bafab2723c1acbe557226afe72483a7885cc8dc2b,screen_ui,C1,2.0000,0.0200,0.5000,1.0000,2,45,mid,512,512,25779,0.786713,3.416,27.703472,42.499853
c4f70980ae8bc337876e1c8bafab2723c1acbe557226afe72483a7885cc8dc2b,screen_ui,C1,2.0000,0.0200,0.5000,1.0000,2,60,mid,512,512,29296,0.894043,3.419,23.309000,25.475087
c4f70980ae8bc337876e1c8bafab2723c1acbe557226afe72483a7885cc8dc2b,screen_ui,C1,2.0000,0.0200,0.5000,1.0000,2,75,high,512,512,35270,1.076355,3.559,18.623522,12.405114
c4f70980ae8bc337876e1c8bafab2723c1acbe557226afe72483a7885cc8dc2b,screen_ui,C1,2.0000,0.0200,0.5000,1.0000,2,85,high,512,512,41740,1.273804,3.611,14.890509,6.096695
c4f70980ae8bc337876e1c8bafab2723c1acbe557226afe72483a7885cc8dc2b,screen_ui,C1,2.0000,0.0200,0.5000,1.0000,2,95,high,512,512,56477,1.723541,3.949,10.478222,2.175764
c4f70980ae8bc337876e1c8bafab2723c1acbe557226afe72483a7885cc8dc2b,screen_ui,C2,2.0000,0.0200,0.5000,0.7000,2,5,low,512,512,12393,0.378204,3.006,68.108064,256.786432
c4f70980ae8bc337876e1c8bafab2723c1acbe557226afe72483a7885cc8dc2b,screen_ui,C2,2.0000,0.0200,0.5000,0.7000,2,15,low,512,512,17386,0.530579,3.021,43.777867,125.319895
c4f70980ae8bc337876e1c8bafab2723c1acbe557226afe72483a7885cc8dc2b,screen_ui,C2,2.0000,0.0200,0.5000,0.7000,2,30,low,512,512,24286,0.741150,3.375,30.877889,51.223115
c4f70980ae8bc337876e1c8bafab2723c1acbe557226afe72483a7885cc8dc2b,screen_ui,C2,2.0000,0.0200,0.5000,0.7000,2,45,mid,512,512,26881,0.820343,3.386,27.552686,34.673894
c4f70980ae8bc337876e1c8bafab2723c1acbe557226afe72483a7885cc8dc2b,screen_ui,C2,2.0000,0.0200,0.5000,0.7000,2,60,mid,512,512,30116,0.919067,3.509,22.964443,21.615519
c4f70980ae8bc337876e1c8bafab2723c1acbe557226afe72483a7885cc8dc2b,screen_ui,C2,2.0000,0.0200,0.5000,0.7000,2,75,high,512,512,35998,1.098572,3.760,18.271785,10.432839
c4f70980ae8bc337876e1c8bafab2723c1acbe557226afe72483a7885cc8dc2b,screen_ui,C2,2.0000,0.0200,0.5000,0.7000,2,85,high,512,512,42554,1.298645,3.596,14.841533,5.286541
c4f70980ae8bc337876e1c8bafab2723c1acbe557226afe72483a7885cc8dc2b,screen_ui,C2,2.0000,0.0200,0.5000,0.7000,2,95,high,512,512,56773,1.732574,3.764,10.456000,2.132725
c4f70980ae8bc337876e1c8bafab2723c1acbe557226afe72483a7885cc8dc2b,screen_ui,C3,2.0000,0.0200,0.5000,0.5000,2,5,low,512,512,12313,0.375763,2.933,68.774374,265.273531
c4f70980ae8bc337876e1c8bafab2723c1acbe557226afe72483a7885cc8dc2b,screen_ui,C3,2.0000,0.0200,0.5000,0.5000,2,15,low,512,512,17428,0.531860,3.130,43.964059,132.099339
c4f70980ae8bc337876e1c8bafab2723c1acbe557226afe72483a7885cc8dc2b,screen_ui,C3,2.0000,0.0200,0.5000,0.5000,2,30,low,512,512,24394,0.744446,3.224,30.921778,53.197191
c4f70980ae8bc337876e1c8bafab2723c1acbe557226afe72483a7885cc8dc2b,screen_ui,C3,2.0000,0.0200,0.5000,0.5000,2,45,mid,512,512,26959,0.822723,3.247,27.780070,35.679863
c4f70980ae8bc337876e1c8bafab2723c1acbe557226afe72483a7885cc8dc2b,screen_ui,C3,2.0000,0.0200,0.5000,0.5000,2,60,mid,512,512,30215,0.922089,3.412,22.995574,22.127909
c4f70980ae8bc337876e1c8bafab2723c1acbe557226afe72483a7885cc8dc2b,screen_ui,C3,2.0000,0.0200,0.5000,0.5000,2,75,high,512,512,36038,1.099792,3.471,18.251905,10.674351
c4f70980ae8bc337876e1c8bafab2723c1acbe557226afe72483a7885cc8dc2b,screen_ui,C3,2.0000,0.0200,0.5000,0.5000,2,85,high,512,512,42581,1.299469,3.434,14.849332,5.356288
c4f70980ae8bc337876e1c8bafab2723c1acbe557226afe72483a7885cc8dc2b,screen_ui,C3,2.0000,0.0200,0.5000,0.5000,2,95,high,512,512,56785,1.732941,3.824,10.423908,2.135468
c4f70980ae8bc337876e1c8bafab2723c1acbe557226afe72483a7885cc8dc2b,screen_ui,C4,2.0000,0.0200,0.5000,0.3000,2,5,low,512,512,12313,0.375763,3.454,68.774374,265.273531
c4f70980ae8bc337876e1c8bafab2723c1acbe557226afe72483a7885cc8dc2b,screen_ui,C4,2.0000,0.0200,0.5000,0.3000,2,15,low,512,512,17428,0.531860,3.173,43.964059,132.099339
c4f70980ae8bc337876e1c8bafab2723c1acbe557226afe72483a7885cc8dc2b,screen_ui,C4,2.0000,0.0200,0.5000,0.3000,2,30,low,512,512,24388,0.744263,3.227,30.928041,53.284415
c4f70980ae8bc337876e1c8bafab2723c1acbe557226afe72483a7885cc8dc2b,screen_ui,C4,2.0000,0.0200,0.5000,0.3000,2,45,mid,512,512,26948,0.822388,3.219,27.842018,35.759911
c4f70980ae8bc337876e1c8bafab2723c1acbe557226afe72483a7885cc8dc2b,screen_ui,C4,2.0000,0.0200,0.5000,0.3000,2,60,mid,512,512,30210,0.921936,3.410,23.028148,22.132156
c4f70980ae8bc337876e1c8bafab2723c1acbe557226afe72483a7885cc8dc2b,screen_ui,C4,2.0000,0.0200,0.5000,0.3000,2,75,high,512,512,36038,1.099792,3.624,18.236349,10.671638
c4f70980ae8bc337876e1c8bafab2723c1acbe557226afe72483a7885cc8dc2b,screen_ui,C4,2.0000,0.0200,0.5000,0.3000,2,85,high,512,512,42585,1.299591,3.526,14.874527,5.365568
c4f70980ae8bc337876e1c8bafab2723c1acbe557226afe72483a7885cc8dc2b,screen_ui,C4,2.0000,0.0200,0.5000,0.3000,2,95,high,512,512,56802,1.733459,3.885,10.472918,2.134972
c4f70980ae8bc337876e1c8bafab2723c1acbe557226afe72483a7885cc8dc2b,screen_ui,C5,2.0000,0.0200,0.5000,0.1500,2,5,low,512,512,12313,0.375763,2.895,68.774374,265.273531
c4f70980ae8bc337876e1c8bafab2723c1acbe557226afe72483a7885cc8dc2b,screen_ui,C5,2.0000,0.0200,0.5000,0.1500,2,15,low,512,512,17428,0.531860,3.153,43.964059,132.099339
c4f70980ae8bc337876e1c8bafab2723c1acbe557226afe72483a7885cc8dc2b,screen_ui,C5,2.0000,0.0200,0.5000,0.1500,2,30,low,512,512,24388,0.744263,3.344,30.928041,53.284415
c4f70980ae8bc337876e1c8bafab2723c1acbe557226afe72483a7885cc8dc2b,screen_ui,C5,2.0000,0.0200,0.5000,0.1500,2,45,mid,512,512,26948,0.822388,3.304,27.842018,35.759911
c4f70980ae8bc337876e1c8bafab2723c1acbe557226afe72483a7885cc8dc2b,screen_ui,C5,2.0000,0.0200,0.5000,0.1500,2,60,mid,512,512,30210,0.921936,3.343,23.028148,22.132156
c4f70980ae8bc337876e1c8bafab2723c1acbe557226afe72483a7885cc8dc2b,screen_ui,C5,2.0000,0.0200,0.5000,0.1500,2,75,high,512,512,36038,1.099792,3.436,18.236349,10.671638
c4f70980ae8bc337876e1c8bafab2723c1acbe557226afe72483a7885cc8dc2b,screen_ui,C5,2.0000,0.0200,0.5000,0.1500,2,85,high,512,512,42585,1.299591,3.459,14.874527,5.365568
c4f70980ae8bc337876e1c8bafab2723c1acbe557226afe72483a7885cc8dc2b,screen_ui,C5,2.0000,0.0200,0.5000,0.1500,2,95,high,512,512,56802,1.733459,3.726,10.472918,2.134972
c4f70980ae8bc337876e1c8bafab2723c1acbe557226afe72483a7885cc8dc2b,screen_ui,C6,2.0000,0.0200,1.0000,0.3000,2,5,low,512,512,12313,0.375763,2.895,68.774374,265.273531
c4f70980ae8bc337876e1c8bafab2723c1acbe557226afe72483a7885cc8dc2b,screen_ui,C6,2.0000,0.0200,1.0000,0.3000,2,15,low,512,512,17428,0.531860,3.091,43.964059,132.099339
c4f70980ae8bc337876e1c8bafab2723c1acbe557226afe72483a7885cc8dc2b,screen_ui,C6,2.0000,0.0200,1.0000,0.3000,2,30,low,512,512,24388,0.744263,3.203,30.928041,53.284415
c4f70980ae8bc337876e1c8bafab2723c1acbe557226afe72483a7885cc8dc2b,screen_ui,C6,2.0000,0.0200,1.0000,0.3000,2,45,mid,512,512,26948,0.822388,3.233,27.842018,35.759911
c4f70980ae8bc337876e1c8bafab2723c1acbe557226afe72483a7885cc8dc2b,screen_ui,C6,2.0000,0.0200,1.0000,0.3000,2,60,mid,512,512,30210,0.921936,3.465,23.028148,22.132156
c4f70980ae8bc337876e1c8bafab2723c1acbe557226afe72483a7885cc8dc2b,screen_ui,C6,2.0000,0.0200,1.0000,0.3000,2,75,high,512,512,36038,1.099792,3.524,18.236349,10.671638
c4f70980ae8bc337876e1c8bafab2723c1acbe557226afe72483a7885cc8dc2b,screen_ui,C6,2.0000,0.0200,1.0000,0.3000,2,85,high,512,512,42578,1.299377,3.628,14.849291,5.367862
c4f70980ae8bc337876e1c8bafab2723c1acbe557226afe72483a7885cc8dc2b,screen_ui,C6,2.0000,0.0200,1.0000,0.3000,2,95,high,512,512,56802,1.733459,3.757,10.489349,2.134988
c4f70980ae8bc337876e1c8bafab2723c1acbe557226afe72483a7885cc8dc2b,screen_ui,OFF,0.0000,0.0000,0.0000,0.0000,0,5,low,512,512,10463,0.319305,1.905,78.088270,360.418579
c4f70980ae8bc337876e1c8bafab2723c1acbe557226afe72483a7885cc8dc2b,screen_ui,OFF,0.0000,0.0000,0.0000,0.0000,0,15,low,512,512,14874,0.453918,2.053,50.777612,218.298843
c4f70980ae8bc337876e1c8bafab2723c1acbe557226afe72483a7885cc8dc2b,screen_ui,OFF,0.0000,0.0000,0.0000,0.0000,0,30,low,512,512,21403,0.653168,2.506,35.630688,98.301492
c4f70980ae8bc337876e1c8bafab2723c1acbe557226afe72483a7885cc8dc2b,screen_ui,OFF,0.0000,0.0000,0.0000,0.0000,0,45,mid,512,512,24135,0.736542,2.155,30.881015,68.513190
c4f70980ae8bc337876e1c8bafab2723c1acbe557226afe72483a7885cc8dc2b,screen_ui,OFF,0.0000,0.0000,0.0000,0.0000,0,60,mid,512,512,27740,0.846558,2.219,25.218309,39.895403
c4f70980ae8bc337876e1c8bafab2723c1acbe557226afe72483a7885cc8dc2b,screen_ui,OFF,0.0000,0.0000,0.0000,0.0000,0,75,high,512,512,34012,1.037964,2.503,19.734783,19.015706
c4f70980ae8bc337876e1c8bafab2723c1acbe557226afe72483a7885cc8dc2b,screen_ui,OFF,0.0000,0.0000,0.0000,0.0000,0,85,high,512,512,40402,1.232971,2.822,15.795217,9.067618
c4f70980ae8bc337876e1c8bafab2723c1acbe557226afe72483a7885cc8dc2b,screen_ui,OFF,0.0000,0.0000,0.0000,0.0000,0,95,high,512,512,55806,1.703064,3.115,10.675840,2.449280
dd467029248aead0,screen_document,C1,2.0000,0.0200,0.5000,1.0000,2,5,low,512,512,3817,0.116486,3.217,55.121555,35.551063
dd467029248aead0,screen_document,C1,2.0000,0.0200,0.5000,1.0000,2,15,low,512,512,5574,0.170105,2.460,41.636509,23.109125
dd467029248aead0,screen_document,C1,2.0000,0.0200,0.5000,1.0000,2,30,low,512,512,8238,0.251404,2.658,26.135443,15.223197
dd467029248aead0,screen_document,C1,2.0000,0.0200,0.5000,1.0000,2,45,mid,512,512,9485,0.289459,3.471,22.998974,13.304172
dd467029248aead0,screen_document,C1,2.0000,0.0200,0.5000,1.0000,2,60,mid,512,512,11146,0.340149,2.898,19.768191,11.315347
dd467029248aead0,screen_document,C1,2.0000,0.0200,0.5000,1.0000,2,75,high,512,512,14561,0.444366,2.903,15.486415,8.796265
dd467029248aead0,screen_document,C1,2.0000,0.0200,0.5000,1.0000,2,85,high,512,512,19912,0.607666,3.903,11.854925,6.197354
dd467029248aead0,screen_document,C1,2.0000,0.0200,0.5000,1.0000,2,95,high,512,512,41596,1.269409,3.920,7.281869,1.920261
dd467029248aead0,screen_document,C2,2.0000,0.0200,0.5000,0.7000,2,5,low,512,512,4004,0.122192,2.485,55.140396,32.761009
dd467029248aead0,screen_document,C2,2.0000,0.0200,0.5000,0.7000,2,15,low,512,512,5851,0.178558,2.467,41.443057,21.904218
dd467029248aead0,screen_document,C2,2.0000,0.0200,0.5000,0.7000,2,30,low,512,512,8579,0.261810,2.536,25.992111,14.608258
dd467029248aead0,screen_document,C2,2.0000,0.0200,0.5000,0.7000,2,45,mid,512,512,9861,0.300934,2.633,22.656996,12.871757
dd467029248aead0,screen_document,C2,2.0000,0.0200,0.5000,0.7000,2,60,mid,512,512,11617,0.354523,2.637,19.625226,11.036096
dd467029248aead0,screen_document,C2,2.0000,0.0200,0.5000,0.7000,2,75,high,512,512,15278,0.466248,2.718,15.219813,8.444455
dd467029248aead0,screen_document,C2,2.0000,0.0200,0.5000,0.7000,2,85,high,512,512,20992,0.640625,2.764,11.504785,5.840801
dd467029248aead0,screen_document,C2,2.0000,0.0200,0.5000,0.7000,2,95,high,512,512,43305,1.321564,3.331,7.254881,1.734993
dd467029248aead0,screen_document,C3,2.0000,0.0200,0.5000,0.5000,2,5,low,512,512,4002,0.122131,2.407,55.136288,32.869935
dd467029248aead0,screen_document,C3,2.0000,0.0200,0.5000,0.5000,2,15,low,512,512,5849,0.178497,2.423,41.440824,21.933903
dd467029248aead0,screen_document,C3,2.0000,0.0200,0.5000,0.5000,2,30,low,512,512,8576,0.261719,2.487,26.001463,14.610924
dd467029248aead0,screen_document,C3,2.0000,0.0200,0.5000,0.5000,2,45,mid,512,512,9853,0.300690,2.533,22.675726,12.888173
dd467029248aead0,screen_document,C3,2.0000,0.0200,0.5000,0.5000,2,60,mid,512,512,11616,0.354492,2.653,19.608994,11.041537
dd467029248aead0,screen_document,C3,2.0000,0.0200,0.5000,0.5000,2,75,high,512,512,15286,0.466492,2.732,15.207428,8.448935
dd467029248aead0,screen_document,C3,2.0000,0.0200,0.5000,0.5000,2,85,high,512,512,20994,0.640686,2.846,11.516785,5.841576
dd467029248aead0,screen_document,C3,2.0000,0.0200,0.5000,0.5000,2,95,high,512,512,43299,1.321381,3.321,7.293571,1.735536
dd467029248aead0,screen_document,C4,2.0000,0.0200,0.5000,0.3000,2,5,low,512,512,4002,0.122131,2.495,55.136288,32.869935
dd467029248aead0,screen_document,C4,2.0000,0.0200,0.5000,0.3000,2,15,low,512,512,5849,0.178497,2.477,41.440824,21.933903
dd467029248aead0,screen_document,C4,2.0000,0.0200,0.5000,0.3000,2,30,low,512,512,8576,0.261719,2.559,26.001463,14.610924
dd467029248aead0,screen_document,C4,2.0000,0.0200,0.5000,0.3000,2,45,mid,512,512,9853,0.300690,2.679,22.675726,12.888173
dd467029248aead0,screen_document,C4,2.0000,0.0200,0.5000,0.3000,2,60,mid,512,512,11616,0.354492,2.714,19.608994,11.041537
dd467029248aead0,screen_document,C4,2.0000,0.0200,0.5000,0.3000,2,75,high,512,512,15286,0.466492,2.880,15.207428,8.448935
dd467029248aead0,screen_document,C4,2.0000,0.0200,0.5000,0.3000,2,85,high,512,512,20994,0.640686,2.886,11.516785,5.841576
dd467029248aead0,screen_document,C4,2.0000,0.0200,0.5000,0.3000,2,95,high,512,512,43299,1.321381,3.279,7.293571,1.735536
dd467029248aead0,screen_document,C5,2.0000,0.0200,0.5000,0.1500,2,5,low,512,512,4002,0.122131,2.473,55.136288,32.869935
dd467029248aead0,screen_document,C5,2.0000,0.0200,0.5000,0.1500,2,15,low,512,512,5849,0.178497,2.369,41.440824,21.933903
dd467029248aead0,screen_document,C5,2.0000,0.0200,0.5000,0.1500,2,30,low,512,512,8576,0.261719,2.520,26.001463,14.610924
dd467029248aead0,screen_document,C5,2.0000,0.0200,0.5000,0.1500,2,45,mid,512,512,9853,0.300690,2.521,22.675726,12.888173
dd467029248aead0,screen_document,C5,2.0000,0.0200,0.5000,0.1500,2,60,mid,512,512,11616,0.354492,2.796,19.608994,11.041537
dd467029248aead0,screen_document,C5,2.0000,0.0200,0.5000,0.1500,2,75,high,512,512,15286,0.466492,2.663,15.207428,8.448935
dd467029248aead0,screen_document,C5,2.0000,0.0200,0.5000,0.1500,2,85,high,512,512,20994,0.640686,2.806,11.516785,5.841576
dd467029248aead0,screen_document,C5,2.0000,0.0200,0.5000,0.1500,2,95,high,512,512,43299,1.321381,3.279,7.293571,1.735536
dd467029248aead0,screen_document,C6,2.0000,0.0200,1.0000,0.3000,2,5,low,512,512,4002,0.122131,2.443,55.136288,32.869935
dd467029248aead0,screen_document,C6,2.0000,0.0200,1.0000,0.3000,2,15,low,512,512,5849,0.178497,2.400,41.440824,21.933903
dd467029248aead0,screen_document,C6,2.0000,0.0200,1.0000,0.3000,2,30,low,512,512,8576,0.261719,2.599,26.001463,14.610924
dd467029248aead0,screen_document,C6,2.0000,0.0200,1.0000,0.3000,2,45,mid,512,512,9853,0.300690,2.621,22.675726,12.888173
dd467029248aead0,screen_document,C6,2.0000,0.0200,1.0000,0.3000,2,60,mid,512,512,11616,0.354492,2.686,19.608994,11.041537
dd467029248aead0,screen_document,C6,2.0000,0.0200,1.0000,0.3000,2,75,high,512,512,15286,0.466492,2.815,15.207428,8.448935
dd467029248aead0,screen_document,C6,2.0000,0.0200,1.0000,0.3000,2,85,high,512,512,20994,0.640686,2.875,11.516785,5.841576
dd467029248aead0,screen_document,C6,2.0000,0.0200,1.0000,0.3000,2,95,high,512,512,43299,1.321381,3.350,7.293571,1.735536
dd467029248aead0,screen_document,OFF,0.0000,0.0000,0.0000,0.0000,0,5,low,512,512,3736,0.114014,1.401,55.232696,37.852278
dd467029248aead0,screen_document,OFF,0.0000,0.0000,0.0000,0.0000,0,15,low,512,512,5477,0.167145,1.382,41.778242,24.234187
dd467029248aead0,screen_document,OFF,0.0000,0.0000,0.0000,0.0000,0,30,low,512,512,8142,0.248474,1.478,26.282295,15.920416
dd467029248aead0,screen_document,OFF,0.0000,0.0000,0.0000,0.0000,0,45,mid,512,512,9346,0.285217,1.453,23.158119,13.769419
dd467029248aead0,screen_document,OFF,0.0000,0.0000,0.0000,0.0000,0,60,mid,512,512,10996,0.335571,1.578,19.944455,11.759621
dd467029248aead0,screen_document,OFF,0.0000,0.0000,0.0000,0.0000,0,75,high,512,512,14360,0.438232,1.622,15.613743,9.091451
dd467029248aead0,screen_document,OFF,0.0000,0.0000,0.0000,0.0000,0,85,high,512,512,19604,0.598267,1.770,11.824856,6.473349
dd467029248aead0,screen_document,OFF,0.0000,0.0000,0.0000,0.0000,0,95,high,512,512,41114,1.254700,2.246,7.281875,2.037371
dda6334e05f6e6b34ecd3700775157d87a2a7b28,screen_document,C1,2.0000,0.0200,0.5000,1.0000,2,5,low,512,512,5719,0.174530,2.639,85.389760,59.653553
dda6334e05f6e6b34ecd3700775157d87a2a7b28,screen_document,C1,2.0000,0.0200,0.5000,1.0000,2,15,low,512,512,8405,0.256500,2.852,58.387035,38.635703
dda6334e05f6e6b34ecd3700775157d87a2a7b28,screen_document,C1,2.0000,0.0200,0.5000,1.0000,2,30,low,512,512,11916,0.363647,2.914,37.414507,26.592772
dda6334e05f6e6b34ecd3700775157d87a2a7b28,screen_document,C1,2.0000,0.0200,0.5000,1.0000,2,45,mid,512,512,13567,0.414032,3.208,32.599720,22.882588
dda6334e05f6e6b34ecd3700775157d87a2a7b28,screen_document,C1,2.0000,0.0200,0.5000,1.0000,2,60,mid,512,512,16082,0.490784,2.935,27.891225,19.393655
dda6334e05f6e6b34ecd3700775157d87a2a7b28,screen_document,C1,2.0000,0.0200,0.5000,1.0000,2,75,high,512,512,21300,0.650024,3.026,22.122505,14.578573
dda6334e05f6e6b34ecd3700775157d87a2a7b28,screen_document,C1,2.0000,0.0200,0.5000,1.0000,2,85,high,512,512,29828,0.910278,3.352,17.560995,10.122232
dda6334e05f6e6b34ecd3700775157d87a2a7b28,screen_document,C1,2.0000,0.0200,0.5000,1.0000,2,95,high,512,512,62884,1.919067,4.398,10.200846,3.872513
dda6334e05f6e6b34ecd3700775157d87a2a7b28,screen_document,C2,2.0000,0.0200,0.5000,0.7000,2,5,low,512,512,5960,0.181885,2.511,84.975044,55.242068
dda6334e05f6e6b34ecd3700775157d87a2a7b28,screen_document,C2,2.0000,0.0200,0.5000,0.7000,2,15,low,512,512,8750,0.267029,2.634,58.004089,36.879459
dda6334e05f6e6b34ecd3700775157d87a2a7b28,screen_document,C2,2.0000,0.0200,0.5000,0.7000,2,30,low,512,512,12400,0.378418,2.788,37.073466,25.160207
dda6334e05f6e6b34ecd3700775157d87a2a7b28,screen_document,C2,2.0000,0.0200,0.5000,0.7000,2,45,mid,512,512,14134,0.431335,2.919,32.392454,22.043937
dda6334e05f6e6b34ecd3700775157d87a2a7b28,screen_document,C2,2.0000,0.0200,0.5000,0.7000,2,60,mid,512,512,16823,0.513397,2.909,27.738949,18.896503
dda6334e05f6e6b34ecd3700775157d87a2a7b28,screen_document,C2,2.0000,0.0200,0.5000,0.7000,2,75,high,512,512,22329,0.681427,3.050,21.913221,14.039219
dda6334e05f6e6b34ecd3700775157d87a2a7b28,screen_document,C2,2.0000,0.0200,0.5000,0.7000,2,85,high,512,512,31286,0.954773,3.226,17.416061,9.827239
dda6334e05f6e6b34ecd3700775157d87a2a7b28,screen_document,C2,2.0000,0.0200,0.5000,0.7000,2,95,high,512,512,64713,1.974884,4.046,10.165110,3.734738
dda6334e05f6e6b34ecd3700775157d87a2a7b28,screen_document,C3,2.0000,0.0200,0.5000,0.5000,2,5,low,512,512,5960,0.181885,2.527,84.973998,55.294512
dda6334e05f6e6b34ecd3700775157d87a2a7b28,screen_document,C3,2.0000,0.0200,0.5000,0.5000,2,15,low,512,512,8750,0.267029,2.588,58.004089,36.879459
dda6334e05f6e6b34ecd3700775157d87a2a7b28,screen_document,C3,2.0000,0.0200,0.5000,0.5000,2,30,low,512,512,12400,0.378418,2.741,37.073466,25.160207
dda6334e05f6e6b34ecd3700775157d87a2a7b28,screen_document,C3,2.0000,0.0200,0.5000,0.5000,2,45,mid,512,512,14134,0.431335,2.781,32.392454,22.043937
dda6334e05f6e6b34ecd3700775157d87a2a7b28,screen_document,C3,2.0000,0.0200,0.5000,0.5000,2,60,mid,512,512,16823,0.513397,2.825,27.738949,18.896503
dda6334e05f6e6b34ecd3700775157d87a2a7b28,screen_document,C3,2.0000,0.0200,0.5000,0.5000,2,75,high,512,512,22329,0.681427,3.013,21.913221,14.039219
dda6334e05f6e6b34ecd3700775157d87a2a7b28,screen_document,C3,2.0000,0.0200,0.5000,0.5000,2,85,high,512,512,31279,0.954559,3.120,17.434133,9.831286
dda6334e05f6e6b34ecd3700775157d87a2a7b28,screen_document,C3,2.0000,0.0200,0.5000,0.5000,2,95,high,512,512,64695,1.974335,3.999,10.151465,3.738415
dda6334e05f6e6b34ecd3700775157d87a2a7b28,screen_document,C4,2.0000,0.0200,0.5000,0.3000,2,5,low,512,512,5960,0.181885,2.590,84.973998,55.294512
dda6334e05f6e6b34ecd3700775157d87a2a7b28,screen_document,C4,2.0000,0.0200,0.5000,0.3000,2,15,low,512,512,8750,0.267029,2.618,58.004089,36.879459
dda6334e05f6e6b34ecd3700775157d87a2a7b28,screen_document,C4,2.0000,0.0200,0.5000,0.3000,2,30,low,512,512,12400,0.378418,2.774,37.073466,25.160207
dda6334e05f6e6b34ecd3700775157d87a2a7b28,screen_document,C4,2.0000,0.0200,0.5000,0.3000,2,45,mid,512,512,14134,0.431335,2.751,32.392454,22.043937
dda6334e05f6e6b34ecd3700775157d87a2a7b28,screen_document,C4,2.0000,0.0200,0.5000,0.3000,2,60,mid,512,512,16823,0.513397,2.890,27.738949,18.896503
dda6334e05f6e6b34ecd3700775157d87a2a7b28,screen_document,C4,2.0000,0.0200,0.5000,0.3000,2,75,high,512,512,22329,0.681427,2.974,21.913221,14.039219
dda6334e05f6e6b34ecd3700775157d87a2a7b28,screen_document,C4,2.0000,0.0200,0.5000,0.3000,2,85,high,512,512,31279,0.954559,3.431,17.434133,9.831286
dda6334e05f6e6b34ecd3700775157d87a2a7b28,screen_document,C4,2.0000,0.0200,0.5000,0.3000,2,95,high,512,512,64695,1.974335,3.998,10.151465,3.738415
dda6334e05f6e6b34ecd3700775157d87a2a7b28,screen_document,C5,2.0000,0.0200,0.5000,0.1500,2,5,low,512,512,5960,0.181885,2.577,84.973998,55.294512
dda6334e05f6e6b34ecd3700775157d87a2a7b28,screen_document,C5,2.0000,0.0200,0.5000,0.1500,2,15,low,512,512,8750,0.267029,2.596,58.004089,36.879459
dda6334e05f6e6b34ecd3700775157d87a2a7b28,screen_document,C5,2.0000,0.0200,0.5000,0.1500,2,30,low,512,512,12400,0.378418,2.678,37.073466,25.160207
dda6334e05f6e6b34ecd3700775157d87a2a7b28,screen_document,C5,2.0000,0.0200,0.5000,0.1500,2,45,mid,512,512,14134,0.431335,2.737,32.392454,22.043937
dda6334e05f6e6b34ecd3700775157d87a2a7b28,screen_document,C5,2.0000,0.0200,0.5000,0.1500,2,60,mid,512,512,16823,0.513397,2.759,27.738949,18.896503
dda6334e05f6e6b34ecd3700775157d87a2a7b28,screen_document,C5,2.0000,0.0200,0.5000,0.1500,2,75,high,512,512,22329,0.681427,2.934,21.913221,14.039219
dda6334e05f6e6b34ecd3700775157d87a2a7b28,screen_document,C5,2.0000,0.0200,0.5000,0.1500,2,85,high,512,512,31279,0.954559,3.190,17.434133,9.831286
dda6334e05f6e6b34ecd3700775157d87a2a7b28,screen_document,C5,2.0000,0.0200,0.5000,0.1500,2,95,high,512,512,64695,1.974335,3.945,10.151465,3.738415
dda6334e05f6e6b34ecd3700775157d87a2a7b28,screen_document,C6,2.0000,0.0200,1.0000,0.3000,2,5,low,512,512,5960,0.181885,2.529,84.973998,55.294512
dda6334e05f6e6b34ecd3700775157d87a2a7b28,screen_document,C6,2.0000,0.0200,1.0000,0.3000,2,15,low,512,512,8750,0.267029,2.534,58.004089,36.879459
dda6334e05f6e6b34ecd3700775157d87a2a7b28,screen_document,C6,2.0000,0.0200,1.0000,0.3000,2,30,low,512,512,12400,0.378418,2.675,37.073466,25.160207
dda6334e05f6e6b34ecd3700775157d87a2a7b28,screen_document,C6,2.0000,0.0200,1.0000,0.3000,2,45,mid,512,512,14134,0.431335,2.757,32.392454,22.043937
dda6334e05f6e6b34ecd3700775157d87a2a7b28,screen_document,C6,2.0000,0.0200,1.0000,0.3000,2,60,mid,512,512,16823,0.513397,2.808,27.738949,18.896503
dda6334e05f6e6b34ecd3700775157d87a2a7b28,screen_document,C6,2.0000,0.0200,1.0000,0.3000,2,75,high,512,512,22329,0.681427,2.968,21.913221,14.039219
dda6334e05f6e6b34ecd3700775157d87a2a7b28,screen_document,C6,2.0000,0.0200,1.0000,0.3000,2,85,high,512,512,31279,0.954559,3.111,17.434133,9.831286
dda6334e05f6e6b34ecd3700775157d87a2a7b28,screen_document,C6,2.0000,0.0200,1.0000,0.3000,2,95,high,512,512,64695,1.974335,4.081,10.151465,3.738415
dda6334e05f6e6b34ecd3700775157d87a2a7b28,screen_document,OFF,0.0000,0.0000,0.0000,0.0000,0,5,low,512,512,5580,0.170288,1.480,85.577242,65.301306
dda6334e05f6e6b34ecd3700775157d87a2a7b28,screen_document,OFF,0.0000,0.0000,0.0000,0.0000,0,15,low,512,512,8234,0.251282,1.511,58.579096,41.472434
dda6334e05f6e6b34ecd3700775157d87a2a7b28,screen_document,OFF,0.0000,0.0000,0.0000,0.0000,0,30,low,512,512,11686,0.356628,1.692,37.642562,28.131545
dda6334e05f6e6b34ecd3700775157d87a2a7b28,screen_document,OFF,0.0000,0.0000,0.0000,0.0000,0,45,mid,512,512,13298,0.405823,1.773,32.927149,24.444309
dda6334e05f6e6b34ecd3700775157d87a2a7b28,screen_document,OFF,0.0000,0.0000,0.0000,0.0000,0,60,mid,512,512,15718,0.479675,1.740,28.141061,20.568370
dda6334e05f6e6b34ecd3700775157d87a2a7b28,screen_document,OFF,0.0000,0.0000,0.0000,0.0000,0,75,high,512,512,20789,0.634430,1.797,22.382414,15.378266
dda6334e05f6e6b34ecd3700775157d87a2a7b28,screen_document,OFF,0.0000,0.0000,0.0000,0.0000,0,85,high,512,512,29048,0.886475,2.071,17.746618,10.827536
dda6334e05f6e6b34ecd3700775157d87a2a7b28,screen_document,OFF,0.0000,0.0000,0.0000,0.0000,0,95,high,512,512,61894,1.888855,2.979,10.380682,4.115369
e0afa64e0c5bf4e42dc526f8d296bb91161c9110b80d9112943d407e95d77a3f,screen_chart,C1,2.0000,0.0200,0.5000,1.0000,2,5,low,512,512,4897,0.149445,2.676,41.808412,56.778404
e0afa64e0c5bf4e42dc526f8d296bb91161c9110b80d9112943d407e95d77a3f,screen_chart,C1,2.0000,0.0200,0.5000,1.0000,2,15,low,512,512,6342,0.193542,2.965,33.155439,40.044895
e0afa64e0c5bf4e42dc526f8d296bb91161c9110b80d9112943d407e95d77a3f,screen_chart,C1,2.0000,0.0200,0.5000,1.0000,2,30,low,512,512,8569,0.261505,2.864,24.256889,27.679377
e0afa64e0c5bf4e42dc526f8d296bb91161c9110b80d9112943d407e95d77a3f,screen_chart,C1,2.0000,0.0200,0.5000,1.0000,2,45,mid,512,512,9376,0.286133,2.798,22.458100,24.019089
e0afa64e0c5bf4e42dc526f8d296bb91161c9110b80d9112943d407e95d77a3f,screen_chart,C1,2.0000,0.0200,0.5000,1.0000,2,60,mid,512,512,10549,0.321930,2.897,21.354391,19.080308
e0afa64e0c5bf4e42dc526f8d296bb91161c9110b80d9112943d407e95d77a3f,screen_chart,C1,2.0000,0.0200,0.5000,1.0000,2,75,high,512,512,12610,0.384827,3.000,18.237535,15.085099
e0afa64e0c5bf4e42dc526f8d296bb91161c9110b80d9112943d407e95d77a3f,screen_chart,C1,2.0000,0.0200,0.5000,1.0000,2,85,high,512,512,14909,0.454987,2.579,16.370413,12.859820
e0afa64e0c5bf4e42dc526f8d296bb91161c9110b80d9112943d407e95d77a3f,screen_chart,C1,2.0000,0.0200,0.5000,1.0000,2,95,high,512,512,20785,0.634308,3.699,14.959242,11.068348
e0afa64e0c5bf4e42dc526f8d296bb91161c9110b80d9112943d407e95d77a3f,screen_chart,C2,2.0000,0.0200,0.5000,0.7000,2,5,low,512,512,5068,0.154663,2.627,41.702408,54.332055
e0afa64e0c5bf4e42dc526f8d296bb91161c9110b80d9112943d407e95d77a3f,screen_chart,C2,2.0000,0.0200,0.5000,0.7000,2,15,low,512,512,6529,0.199249,2.711,33.006217,38.891764
e0afa64e0c5bf4e42dc526f8d296bb91161c9110b80d9112943d407e95d77a3f,screen_chart,C2,2.0000,0.0200,0.5000,0.7000,2,30,low,512,512,8863,0.270477,2.797,24.377970,26.160947
e0afa64e0c5bf4e42dc526f8d296bb91161c9110b80d9112943d407e95d77a3f,screen_chart,C2,2.0000,0.0200,0.5000,0.7000,2,45,mid,512,512,9708,0.296265,2.822,22.177643,22.371647
e0afa64e0c5bf4e42dc526f8d296bb91161c9110b80d9112943d407e95d77a3f,screen_chart,C2,2.0000,0.0200,0.5000,0.7000,2,60,mid,512,512,10856,0.331299,2.817,21.157204,18.093043
e0afa64e0c5bf4e42dc526f8d296bb91161c9110b80d9112943d407e95d77a3f,screen_chart,C2,2.0000,0.0200,0.5000,0.7000,2,75,high,512,512,12976,0.395996,2.944,17.956915,14.565739
e0afa64e0c5bf4e42dc526f8d296bb91161c9110b80d9112943d407e95d77a3f,screen_chart,C2,2.0000,0.0200,0.5000,0.7000,2,85,high,512,512,15197,0.463776,2.514,16.323052,12.627144
e0afa64e0c5bf4e42dc526f8d296bb91161c9110b80d9112943d407e95d77a3f,screen_chart,C2,2.0000,0.0200,0.5000,0.7000,2,95,high,512,512,21007,0.641083,3.147,14.965059,11.036264
e0afa64e0c5bf4e42dc526f8d296bb91161c9110b80d9112943d407e95d77a3f,screen_chart,C3,2.0000,0.0200,0.5000,0.5000,2,5,low,512,512,5056,0.154297,2.648,41.766366,54.556158
e0afa64e0c5bf4e42dc526f8d296bb91161c9110b80d9112943d407e95d77a3f,screen_chart,C3,2.0000,0.0200,0.5000,0.5000,2,15,low,512,512,6517,0.198883,2.834,33.044065,39.290992
e0afa64e0c5bf4e42dc526f8d296bb91161c9110b80d9112943d407e95d77a3f,screen_chart,C3,2.0000,0.0200,0.5000,0.5000,2,30,low,512,512,8860,0.270386,2.830,24.388465,26.294506
e0afa64e0c5bf4e42dc526f8d296bb91161c9110b80d9112943d407e95d77a3f,screen_chart,C3,2.0000,0.0200,0.5000,0.5000,2,45,mid,512,512,9701,0.296051,2.841,22.274686,22.573279
e0afa64e0c5bf4e42dc526f8d296bb91161c9110b80d9112943d407e95d77a3f,screen_chart,C3,2.0000,0.0200,0.5000,0.5000,2,60,mid,512,512,10864,0.331543,2.910,21.152000,18.097014
e0afa64e0c5bf4e42dc526f8d296bb91161c9110b80d9112943d407e95d77a3f,screen_chart,C3,2.0000,0.0200,0.5000,0.5000,2,75,high,512,512,12978,0.396057,2.945,17.989169,14.581752
e0afa64e0c5bf4e42dc526f8d296bb91161c9110b80d9112943d407e95d77a3f,screen_chart,C3,2.0000,0.0200,0.5000,0.5000,2,85,high,512,512,15197,0.463776,2.614,16.312639,12.641202
e0afa64e0c5bf4e42dc526f8d296bb91161c9110b80d9112943d407e95d77a3f,screen_chart,C3,2.0000,0.0200,0.5000,0.5000,2,95,high,512,512,21005,0.641022,2.813,14.968476,11.037684
e0afa64e0c5bf4e42dc526f8d296bb91161c9110b80d9112943d407e95d77a3f,screen_chart,C4,2.0000,0.0200,0.5000,0.3000,2,5,low,512,512,5056,0.154297,2.637,41.766366,54.556158
e0afa64e0c5bf4e42dc526f8d296bb91161c9110b80d9112943d407e95d77a3f,screen_chart,C4,2.0000,0.0200,0.5000,0.3000,2,15,low,512,512,6517,0.198883,2.676,33.044065,39.290992
e0afa64e0c5bf4e42dc526f8d296bb91161c9110b80d9112943d407e95d77a3f,screen_chart,C4,2.0000,0.0200,0.5000,0.3000,2,30,low,512,512,8860,0.270386,2.818,24.388465,26.294506
e0afa64e0c5bf4e42dc526f8d296bb91161c9110b80d9112943d407e95d77a3f,screen_chart,C4,2.0000,0.0200,0.5000,0.3000,2,45,mid,512,512,9701,0.296051,2.751,22.274686,22.573279
e0afa64e0c5bf4e42dc526f8d296bb91161c9110b80d9112943d407e95d77a3f,screen_chart,C4,2.0000,0.0200,0.5000,0.3000,2,60,mid,512,512,10864,0.331543,2.857,21.152000,18.097014
e0afa64e0c5bf4e42dc526f8d296bb91161c9110b80d9112943d407e95d77a3f,screen_chart,C4,2.0000,0.0200,0.5000,0.3000,2,75,high,512,512,12978,0.396057,2.913,17.989169,14.581752
e0afa64e0c5bf4e42dc526f8d296bb91161c9110b80d9112943d407e95d77a3f,screen_chart,C4,2.0000,0.0200,0.5000,0.3000,2,85,high,512,512,15197,0.463776,2.673,16.312639,12.641202
e0afa64e0c5bf4e42dc526f8d296bb91161c9110b80d9112943d407e95d77a3f,screen_chart,C4,2.0000,0.0200,0.5000,0.3000,2,95,high,512,512,21005,0.641022,2.844,14.968476,11.037684
e0afa64e0c5bf4e42dc526f8d296bb91161c9110b80d9112943d407e95d77a3f,screen_chart,C5,2.0000,0.0200,0.5000,0.1500,2,5,low,512,512,5056,0.154297,3.187,41.766366,54.556158
e0afa64e0c5bf4e42dc526f8d296bb91161c9110b80d9112943d407e95d77a3f,screen_chart,C5,2.0000,0.0200,0.5000,0.1500,2,15,low,512,512,6517,0.198883,2.690,33.044065,39.290992
e0afa64e0c5bf4e42dc526f8d296bb91161c9110b80d9112943d407e95d77a3f,screen_chart,C5,2.0000,0.0200,0.5000,0.1500,2,30,low,512,512,8860,0.270386,2.933,24.388465,26.294506
e0afa64e0c5bf4e42dc526f8d296bb91161c9110b80d9112943d407e95d77a3f,screen_chart,C5,2.0000,0.0200,0.5000,0.1500,2,45,mid,512,512,9701,0.296051,2.843,22.274686,22.573279
e0afa64e0c5bf4e42dc526f8d296bb91161c9110b80d9112943d407e95d77a3f,screen_chart,C5,2.0000,0.0200,0.5000,0.1500,2,60,mid,512,512,10864,0.331543,2.833,21.152000,18.097014
e0afa64e0c5bf4e42dc526f8d296bb91161c9110b80d9112943d407e95d77a3f,screen_chart,C5,2.0000,0.0200,0.5000,0.1500,2,75,high,512,512,12978,0.396057,2.956,17.989169,14.581752
e0afa64e0c5bf4e42dc526f8d296bb91161c9110b80d9112943d407e95d77a3f,screen_chart,C5,2.0000,0.0200,0.5000,0.1500,2,85,high,512,512,15197,0.463776,3.095,16.312639,12.641202
e0afa64e0c5bf4e42dc526f8d296bb91161c9110b80d9112943d407e95d77a3f,screen_chart,C5,2.0000,0.0200,0.5000,0.1500,2,95,high,512,512,21005,0.641022,2.791,14.968476,11.037684
e0afa64e0c5bf4e42dc526f8d296bb91161c9110b80d9112943d407e95d77a3f,screen_chart,C6,2.0000,0.0200,1.0000,0.3000,2,5,low,512,512,5056,0.154297,2.613,41.766366,54.556158
e0afa64e0c5bf4e42dc526f8d296bb91161c9110b80d9112943d407e95d77a3f,screen_chart,C6,2.0000,0.0200,1.0000,0.3000,2,15,low,512,512,6517,0.198883,2.614,33.044065,39.290992
e0afa64e0c5bf4e42dc526f8d296bb91161c9110b80d9112943d407e95d77a3f,screen_chart,C6,2.0000,0.0200,1.0000,0.3000,2,30,low,512,512,8860,0.270386,2.847,24.388465,26.294506
e0afa64e0c5bf4e42dc526f8d296bb91161c9110b80d9112943d407e95d77a3f,screen_chart,C6,2.0000,0.0200,1.0000,0.3000,2,45,mid,512,512,9701,0.296051,3.663,22.274686,22.573279
e0afa64e0c5bf4e42dc526f8d296bb91161c9110b80d9112943d407e95d77a3f,screen_chart,C6,2.0000,0.0200,1.0000,0.3000,2,60,mid,512,512,10864,0.331543,3.053,21.152000,18.097014
e0afa64e0c5bf4e42dc526f8d296bb91161c9110b80d9112943d407e95d77a3f,screen_chart,C6,2.0000,0.0200,1.0000,0.3000,2,75,high,512,512,12978,0.396057,3.140,17.989169,14.581752
e0afa64e0c5bf4e42dc526f8d296bb91161c9110b80d9112943d407e95d77a3f,screen_chart,C6,2.0000,0.0200,1.0000,0.3000,2,85,high,512,512,15197,0.463776,2.611,16.312639,12.641202
e0afa64e0c5bf4e42dc526f8d296bb91161c9110b80d9112943d407e95d77a3f,screen_chart,C6,2.0000,0.0200,1.0000,0.3000,2,95,high,512,512,21005,0.641022,2.768,14.968476,11.037684
e0afa64e0c5bf4e42dc526f8d296bb91161c9110b80d9112943d407e95d77a3f,screen_chart,OFF,0.0000,0.0000,0.0000,0.0000,0,5,low,512,512,4718,0.143982,1.750,42.334928,62.383007
e0afa64e0c5bf4e42dc526f8d296bb91161c9110b80d9112943d407e95d77a3f,screen_chart,OFF,0.0000,0.0000,0.0000,0.0000,0,15,low,512,512,6136,0.187256,1.747,34.251014,44.278197
e0afa64e0c5bf4e42dc526f8d296bb91161c9110b80d9112943d407e95d77a3f,screen_chart,OFF,0.0000,0.0000,0.0000,0.0000,0,30,low,512,512,8317,0.253815,2.321,24.914110,31.273921
e0afa64e0c5bf4e42dc526f8d296bb91161c9110b80d9112943d407e95d77a3f,screen_chart,OFF,0.0000,0.0000,0.0000,0.0000,0,45,mid,512,512,9134,0.278748,1.868,22.735068,26.378722
e0afa64e0c5bf4e42dc526f8d296bb91161c9110b80d9112943d407e95d77a3f,screen_chart,OFF,0.0000,0.0000,0.0000,0.0000,0,60,mid,512,512,10266,0.313293,1.841,21.851958,20.805741
e0afa64e0c5bf4e42dc526f8d296bb91161c9110b80d9112943d407e95d77a3f,screen_chart,OFF,0.0000,0.0000,0.0000,0.0000,0,75,high,512,512,12300,0.375366,1.840,18.496513,16.016632
e0afa64e0c5bf4e42dc526f8d296bb91161c9110b80d9112943d407e95d77a3f,screen_chart,OFF,0.0000,0.0000,0.0000,0.0000,0,85,high,512,512,14594,0.445374,1.949,16.609873,13.291586
e0afa64e0c5bf4e42dc526f8d296bb91161c9110b80d9112943d407e95d77a3f,screen_chart,OFF,0.0000,0.0000,0.0000,0.0000,0,95,high,512,512,20575,0.627899,2.238,15.006473,11.122597
e6e9fa13c49fdca1a4dc41e6a4be1696fee612bd98ea30f498b92c5ebc9c77ec,illustration,C1,2.0000,0.0200,0.5000,1.0000,2,5,low,512,512,8087,0.246796,3.782,118.237152,410.080494
e6e9fa13c49fdca1a4dc41e6a4be1696fee612bd98ea30f498b92c5ebc9c77ec,illustration,C1,2.0000,0.0200,0.5000,1.0000,2,15,low,512,512,12155,0.370941,2.848,79.955161,260.834230
e6e9fa13c49fdca1a4dc41e6a4be1696fee612bd98ea30f498b92c5ebc9c77ec,illustration,C1,2.0000,0.0200,0.5000,1.0000,2,30,low,512,512,18756,0.572388,2.887,46.651088,88.824391
e6e9fa13c49fdca1a4dc41e6a4be1696fee612bd98ea30f498b92c5ebc9c77ec,illustration,C1,2.0000,0.0200,0.5000,1.0000,2,45,mid,512,512,21620,0.659790,2.878,39.176906,56.160961
e6e9fa13c49fdca1a4dc41e6a4be1696fee612bd98ea30f498b92c5ebc9c77ec,illustration,C1,2.0000,0.0200,0.5000,1.0000,2,60,mid,512,512,25143,0.767303,2.966,29.142288,30.295860
e6e9fa13c49fdca1a4dc41e6a4be1696fee612bd98ea30f498b92c5ebc9c77ec,illustration,C1,2.0000,0.0200,0.5000,1.0000,2,75,high,512,512,30313,0.925079,3.693,21.683803,13.593818
e6e9fa13c49fdca1a4dc41e6a4be1696fee612bd98ea30f498b92c5ebc9c77ec,illustration,C1,2.0000,0.0200,0.5000,1.0000,2,85,high,512,512,36013,1.099030,3.685,17.545487,6.456084
e6e9fa13c49fdca1a4dc41e6a4be1696fee612bd98ea30f498b92c5ebc9c77ec,illustration,C1,2.0000,0.0200,0.5000,1.0000,2,95,high,512,512,50648,1.545654,3.821,13.474394,2.460250
e6e9fa13c49fdca1a4dc41e6a4be1696fee612bd98ea30f498b92c5ebc9c77ec,illustration,C2,2.0000,0.0200,0.5000,0.7000,2,5,low,512,512,8854,0.270203,2.567,109.425057,357.273185
e6e9fa13c49fdca1a4dc41e6a4be1696fee612bd98ea30f498b92c5ebc9c77ec,illustration,C2,2.0000,0.0200,0.5000,0.7000,2,15,low,512,512,13380,0.408325,2.701,75.657220,195.783042
e6e9fa13c49fdca1a4dc41e6a4be1696fee612bd98ea30f498b92c5ebc9c77ec,illustration,C2,2.0000,0.0200,0.5000,0.7000,2,30,low,512,512,20077,0.612701,2.815,42.804968,61.596997
e6e9fa13c49fdca1a4dc41e6a4be1696fee612bd98ea30f498b92c5ebc9c77ec,illustration,C2,2.0000,0.0200,0.5000,0.7000,2,45,mid,512,512,22616,0.690186,2.924,38.044276,41.062742
e6e9fa13c49fdca1a4dc41e6a4be1696fee612bd98ea30f498b92c5ebc9c77ec,illustration,C2,2.0000,0.0200,0.5000,0.7000,2,60,mid,512,512,25955,0.792084,3.143,27.667416,21.381371
e6e9fa13c49fdca1a4dc41e6a4be1696fee612bd98ea30f498b92c5ebc9c77ec,illustration,C2,2.0000,0.0200,0.5000,0.7000,2,75,high,512,512,30938,0.944153,3.205,21.412257,10.852937
e6e9fa13c49fdca1a4dc41e6a4be1696fee612bd98ea30f498b92c5ebc9c77ec,illustration,C2,2.0000,0.0200,0.5000,0.7000,2,85,high,512,512,36519,1.114471,3.479,17.422219,5.610559
e6e9fa13c49fdca1a4dc41e6a4be1696fee612bd98ea30f498b92c5ebc9c77ec,illustration,C2,2.0000,0.0200,0.5000,0.7000,2,95,high,512,512,51122,1.560120,3.521,13.472520,2.370690
e6e9fa13c49fdca1a4dc41e6a4be1696fee612bd98ea30f498b92c5ebc9c77ec,illustration,C3,2.0000,0.0200,0.5000,0.5000,2,5,low,512,512,8767,0.267548,2.570,111.532162,364.826050
e6e9fa13c49fdca1a4dc41e6a4be1696fee612bd98ea30f498b92c5ebc9c77ec,illustration,C3,2.0000,0.0200,0.5000,0.5000,2,15,low,512,512,13324,0.406616,2.627,78.113469,200.513127
e6e9fa13c49fdca1a4dc41e6a4be1696fee612bd98ea30f498b92c5ebc9c77ec,illustration,C3,2.0000,0.0200,0.5000,0.5000,2,30,low,512,512,20042,0.611633,2.814,43.926157,64.561307
e6e9fa13c49fdca1a4dc41e6a4be1696fee612bd98ea30f498b92c5ebc9c77ec,illustration,C3,2.0000,0.0200,0.5000,0.5000,2,45,mid,512,512,22610,0.690002,2.891,38.289321,42.266367
e6e9fa13c49fdca1a4dc41e6a4be1696fee612bd98ea30f498b92c5ebc9c77ec,illustration,C3,2.0000,0.0200,0.5000,0.5000,2,60,mid,512,512,25962,0.792297,3.061,27.839016,22.175965
e6e9fa13c49fdca1a4dc41e6a4be1696fee612bd98ea30f498b92c5ebc9c77ec,illustration,C3,2.0000,0.0200,0.5000,0.5000,2,75,high,512,512,30952,0.944580,3.192,21.465409,10.996239
e6e9fa13c49fdca1a4dc41e6a4be1696fee612bd98ea30f498b92c5ebc9c77ec,illustration,C3,2.0000,0.0200,0.5000,0.5000,2,85,high,512,512,36523,1.114594,3.482,17.472241,5.697756
e6e9fa13c49fdca1a4dc41e6a4be1696fee612bd98ea30f498b92c5ebc9c77ec,illustration,C3,2.0000,0.0200,0.5000,0.5000,2,95,high,512,512,51119,1.560028,3.681,13.466442,2.379084
e6e9fa13c49fdca1a4dc41e6a4be1696fee612bd98ea30f498b92c5ebc9c77ec,illustration,C4,2.0000,0.0200,0.5000,0.3000,2,5,low,512,512,8767,0.267548,2.617,111.532162,364.826050
e6e9fa13c49fdca1a4dc41e6a4be1696fee612bd98ea30f498b92c5ebc9c77ec,illustration,C4,2.0000,0.0200,0.5000,0.3000,2,15,low,512,512,13324,0.406616,2.817,78.113469,200.513127
e6e9fa13c49fdca1a4dc41e6a4be1696fee612bd98ea30f498b92c5ebc9c77ec,illustration,C4,2.0000,0.0200,0.5000,0.3000,2,30,low,512,512,20042,0.611633,2.812,43.926157,64.561307
e6e9fa13c49fdca1a4dc41e6a4be1696fee612bd98ea30f498b92c5ebc9c77ec,illustration,C4,2.0000,0.0200,0.5000,0.3000,2,45,mid,512,512,22610,0.690002,2.891,38.289321,42.266367
e6e9fa13c49fdca1a4dc41e6a4be1696fee612bd98ea30f498b92c5ebc9c77ec,illustration,C4,2.0000,0.0200,0.5000,0.3000,2,60,mid,512,512,25962,0.792297,2.990,27.839016,22.175965
e6e9fa13c49fdca1a4dc41e6a4be1696fee612bd98ea30f498b92c5ebc9c77ec,illustration,C4,2.0000,0.0200,0.5000,0.3000,2,75,high,512,512,30952,0.944580,3.207,21.465409,10.996239
e6e9fa13c49fdca1a4dc41e6a4be1696fee612bd98ea30f498b92c5ebc9c77ec,illustration,C4,2.0000,0.0200,0.5000,0.3000,2,85,high,512,512,36523,1.114594,3.496,17.472241,5.697756
e6e9fa13c49fdca1a4dc41e6a4be1696fee612bd98ea30f498b92c5ebc9c77ec,illustration,C4,2.0000,0.0200,0.5000,0.3000,2,95,high,512,512,51119,1.560028,3.584,13.466442,2.379084
e6e9fa13c49fdca1a4dc41e6a4be1696fee612bd98ea30f498b92c5ebc9c77ec,illustration,C5,2.0000,0.0200,0.5000,0.1500,2,5,low,512,512,8767,0.267548,2.619,111.532162,364.826050
e6e9fa13c49fdca1a4dc41e6a4be1696fee612bd98ea30f498b92c5ebc9c77ec,illustration,C5,2.0000,0.0200,0.5000,0.1500,2,15,low,512,512,13324,0.406616,2.573,78.113469,200.513127
e6e9fa13c49fdca1a4dc41e6a4be1696fee612bd98ea30f498b92c5ebc9c77ec,illustration,C5,2.0000,0.0200,0.5000,0.1500,2,30,low,512,512,20042,0.611633,2.773,43.926157,64.561307
e6e9fa13c49fdca1a4dc41e6a4be1696fee612bd98ea30f498b92c5ebc9c77ec,illustration,C5,2.0000,0.0200,0.5000,0.1500,2,45,mid,512,512,22610,0.690002,3.040,38.289321,42.266367
e6e9fa13c49fdca1a4dc41e6a4be1696fee612bd98ea30f498b92c5ebc9c77ec,illustration,C5,2.0000,0.0200,0.5000,0.1500,2,60,mid,512,512,25962,0.792297,3.002,27.839016,22.175965
e6e9fa13c49fdca1a4dc41e6a4be1696fee612bd98ea30f498b92c5ebc9c77ec,illustration,C5,2.0000,0.0200,0.5000,0.1500,2,75,high,512,512,30952,0.944580,3.173,21.465409,10.996239
e6e9fa13c49fdca1a4dc41e6a4be1696fee612bd98ea30f498b92c5ebc9c77ec,illustration,C5,2.0000,0.0200,0.5000,0.1500,2,85,high,512,512,36523,1.114594,3.153,17.472241,5.697756
e6e9fa13c49fdca1a4dc41e6a4be1696fee612bd98ea30f498b92c5ebc9c77ec,illustration,C5,2.0000,0.0200,0.5000,0.1500,2,95,high,512,512,51119,1.560028,3.468,13.466442,2.379084
e6e9fa13c49fdca1a4dc41e6a4be1696fee612bd98ea30f498b92c5ebc9c77ec,illustration,C6,2.0000,0.0200,1.0000,0.3000,2,5,low,512,512,8767,0.267548,2.869,111.532162,364.826050
e6e9fa13c49fdca1a4dc41e6a4be1696fee612bd98ea30f498b92c5ebc9c77ec,illustration,C6,2.0000,0.0200,1.0000,0.3000,2,15,low,512,512,13324,0.406616,2.775,78.113469,200.513127
e6e9fa13c49fdca1a4dc41e6a4be1696fee612bd98ea30f498b92c5ebc9c77ec,illustration,C6,2.0000,0.0200,1.0000,0.3000,2,30,low,512,512,20042,0.611633,2.965,43.926157,64.561307
e6e9fa13c49fdca1a4dc41e6a4be1696fee612bd98ea30f498b92c5ebc9c77ec,illustration,C6,2.0000,0.0200,1.0000,0.3000,2,45,mid,512,512,22610,0.690002,3.310,38.289321,42.266367
e6e9fa13c49fdca1a4dc41e6a4be1696fee612bd98ea30f498b92c5ebc9c77ec,illustration,C6,2.0000,0.0200,1.0000,0.3000,2,60,mid,512,512,25962,0.792297,2.957,27.839016,22.175965
e6e9fa13c49fdca1a4dc41e6a4be1696fee612bd98ea30f498b92c5ebc9c77ec,illustration,C6,2.0000,0.0200,1.0000,0.3000,2,75,high,512,512,30952,0.944580,3.269,21.465409,10.996239
e6e9fa13c49fdca1a4dc41e6a4be1696fee612bd98ea30f498b92c5ebc9c77ec,illustration,C6,2.0000,0.0200,1.0000,0.3000,2,85,high,512,512,36523,1.114594,3.149,17.472241,5.697756
e6e9fa13c49fdca1a4dc41e6a4be1696fee612bd98ea30f498b92c5ebc9c77ec,illustration,C6,2.0000,0.0200,1.0000,0.3000,2,95,high,512,512,51119,1.560028,3.832,13.466442,2.379084
e6e9fa13c49fdca1a4dc41e6a4be1696fee612bd98ea30f498b92c5ebc9c77ec,illustration,OFF,0.0000,0.0000,0.0000,0.0000,0,5,low,512,512,7399,0.225800,1.574,129.692995,478.495820
e6e9fa13c49fdca1a4dc41e6a4be1696fee612bd98ea30f498b92c5ebc9c77ec,illustration,OFF,0.0000,0.0000,0.0000,0.0000,0,15,low,512,512,10876,0.331909,1.713,96.452280,351.812352
e6e9fa13c49fdca1a4dc41e6a4be1696fee612bd98ea30f498b92c5ebc9c77ec,illustration,OFF,0.0000,0.0000,0.0000,0.0000,0,30,low,512,512,17146,0.523254,2.166,56.358782,142.274642
e6e9fa13c49fdca1a4dc41e6a4be1696fee612bd98ea30f498b92c5ebc9c77ec,illustration,OFF,0.0000,0.0000,0.0000,0.0000,0,45,mid,512,512,20092,0.613159,1.749,45.809456,95.350590
e6e9fa13c49fdca1a4dc41e6a4be1696fee612bd98ea30f498b92c5ebc9c77ec,illustration,OFF,0.0000,0.0000,0.0000,0.0000,0,60,mid,512,512,23927,0.730194,2.535,33.447817,49.792571
e6e9fa13c49fdca1a4dc41e6a4be1696fee612bd98ea30f498b92c5ebc9c77ec,illustration,OFF,0.0000,0.0000,0.0000,0.0000,0,75,high,512,512,29438,0.898376,2.111,23.390152,20.252688
e6e9fa13c49fdca1a4dc41e6a4be1696fee612bd98ea30f498b92c5ebc9c77ec,illustration,OFF,0.0000,0.0000,0.0000,0.0000,0,85,high,512,512,35195,1.074066,2.348,18.352709,9.050170
e6e9fa13c49fdca1a4dc41e6a4be1696fee612bd98ea30f498b92c5ebc9c77ec,illustration,OFF,0.0000,0.0000,0.0000,0.0000,0,95,high,512,512,50073,1.528107,2.769,13.577272,2.719564
e70742dcdf7d48ee6884ad588c6d595fd74b66bb90838956b398a18246163666,illustration,C1,2.0000,0.0200,0.5000,1.0000,2,5,low,512,512,1211,0.036957,2.367,0.000000,0.000000
e70742dcdf7d48ee6884ad588c6d595fd74b66bb90838956b398a18246163666,illustration,C1,2.0000,0.0200,0.5000,1.0000,2,15,low,512,512,1211,0.036957,2.851,0.000000,0.000000
e70742dcdf7d48ee6884ad588c6d595fd74b66bb90838956b398a18246163666,illustration,C1,2.0000,0.0200,0.5000,1.0000,2,30,low,512,512,1211,0.036957,2.302,8.701907,0.000000
e70742dcdf7d48ee6884ad588c6d595fd74b66bb90838956b398a18246163666,illustration,C1,2.0000,0.0200,0.5000,1.0000,2,45,mid,512,512,1211,0.036957,2.510,0.000000,0.000000
e70742dcdf7d48ee6884ad588c6d595fd74b66bb90838956b398a18246163666,illustration,C1,2.0000,0.0200,0.5000,1.0000,2,60,mid,512,512,1211,0.036957,2.432,8.701907,0.000000
e70742dcdf7d48ee6884ad588c6d595fd74b66bb90838956b398a18246163666,illustration,C1,2.0000,0.0200,0.5000,1.0000,2,75,high,512,512,1212,0.036987,2.969,0.000000,0.000000
e70742dcdf7d48ee6884ad588c6d595fd74b66bb90838956b398a18246163666,illustration,C1,2.0000,0.0200,0.5000,1.0000,2,85,high,512,512,1212,0.036987,1.735,0.000000,0.000000
e70742dcdf7d48ee6884ad588c6d595fd74b66bb90838956b398a18246163666,illustration,C1,2.0000,0.0200,0.5000,1.0000,2,95,high,512,512,1212,0.036987,1.680,0.000000,0.000000
e70742dcdf7d48ee6884ad588c6d595fd74b66bb90838956b398a18246163666,illustration,C2,2.0000,0.0200,0.5000,0.7000,2,5,low,512,512,1211,0.036957,2.437,0.000000,0.000000
e70742dcdf7d48ee6884ad588c6d595fd74b66bb90838956b398a18246163666,illustration,C2,2.0000,0.0200,0.5000,0.7000,2,15,low,512,512,1211,0.036957,2.401,0.000000,0.000000
e70742dcdf7d48ee6884ad588c6d595fd74b66bb90838956b398a18246163666,illustration,C2,2.0000,0.0200,0.5000,0.7000,2,30,low,512,512,1211,0.036957,2.346,8.701907,0.000000
e70742dcdf7d48ee6884ad588c6d595fd74b66bb90838956b398a18246163666,illustration,C2,2.0000,0.0200,0.5000,0.7000,2,45,mid,512,512,1211,0.036957,2.294,0.000000,0.000000
e70742dcdf7d48ee6884ad588c6d595fd74b66bb90838956b398a18246163666,illustration,C2,2.0000,0.0200,0.5000,0.7000,2,60,mid,512,512,1211,0.036957,2.549,8.701907,0.000000
e70742dcdf7d48ee6884ad588c6d595fd74b66bb90838956b398a18246163666,illustration,C2,2.0000,0.0200,0.5000,0.7000,2,75,high,512,512,1212,0.036987,2.266,0.000000,0.000000
e70742dcdf7d48ee6884ad588c6d595fd74b66bb90838956b398a18246163666,illustration,C2,2.0000,0.0200,0.5000,0.7000,2,85,high,512,512,1212,0.036987,1.932,0.000000,0.000000
e70742dcdf7d48ee6884ad588c6d595fd74b66bb90838956b398a18246163666,illustration,C2,2.0000,0.0200,0.5000,0.7000,2,95,high,512,512,1212,0.036987,1.707,0.000000,0.000000
e70742dcdf7d48ee6884ad588c6d595fd74b66bb90838956b398a18246163666,illustration,C3,2.0000,0.0200,0.5000,0.5000,2,5,low,512,512,1211,0.036957,2.416,0.000000,0.000000
e70742dcdf7d48ee6884ad588c6d595fd74b66bb90838956b398a18246163666,illustration,C3,2.0000,0.0200,0.5000,0.5000,2,15,low,512,512,1211,0.036957,2.380,0.000000,0.000000
e70742dcdf7d48ee6884ad588c6d595fd74b66bb90838956b398a18246163666,illustration,C3,2.0000,0.0200,0.5000,0.5000,2,30,low,512,512,1211,0.036957,2.251,8.701907,0.000000
e70742dcdf7d48ee6884ad588c6d595fd74b66bb90838956b398a18246163666,illustration,C3,2.0000,0.0200,0.5000,0.5000,2,45,mid,512,512,1211,0.036957,2.304,0.000000,0.000000
e70742dcdf7d48ee6884ad588c6d595fd74b66bb90838956b398a18246163666,illustration,C3,2.0000,0.0200,0.5000,0.5000,2,60,mid,512,512,1211,0.036957,2.260,8.701907,0.000000
e70742dcdf7d48ee6884ad588c6d595fd74b66bb90838956b398a18246163666,illustration,C3,2.0000,0.0200,0.5000,0.5000,2,75,high,512,512,1212,0.036987,2.278,0.000000,0.000000
e70742dcdf7d48ee6884ad588c6d595fd74b66bb90838956b398a18246163666,illustration,C3,2.0000,0.0200,0.5000,0.5000,2,85,high,512,512,1212,0.036987,2.119,0.000000,0.000000
e70742dcdf7d48ee6884ad588c6d595fd74b66bb90838956b398a18246163666,illustration,C3,2.0000,0.0200,0.5000,0.5000,2,95,high,512,512,1212,0.036987,1.910,0.000000,0.000000
e70742dcdf7d48ee6884ad588c6d595fd74b66bb90838956b398a18246163666,illustration,C4,2.0000,0.0200,0.5000,0.3000,2,5,low,512,512,1211,0.036957,2.475,0.000000,0.000000
e70742dcdf7d48ee6884ad588c6d595fd74b66bb90838956b398a18246163666,illustration,C4,2.0000,0.0200,0.5000,0.3000,2,15,low,512,512,1211,0.036957,2.497,0.000000,0.000000
e70742dcdf7d48ee6884ad588c6d595fd74b66bb90838956b398a18246163666,illustration,C4,2.0000,0.0200,0.5000,0.3000,2,30,low,512,512,1211,0.036957,2.276,8.701907,0.000000
e70742dcdf7d48ee6884ad588c6d595fd74b66bb90838956b398a18246163666,illustration,C4,2.0000,0.0200,0.5000,0.3000,2,45,mid,512,512,1211,0.036957,2.339,0.000000,0.000000
e70742dcdf7d48ee6884ad588c6d595fd74b66bb90838956b398a18246163666,illustration,C4,2.0000,0.0200,0.5000,0.3000,2,60,mid,512,512,1211,0.036957,2.548,8.701907,0.000000
e70742dcdf7d48ee6884ad588c6d595fd74b66bb90838956b398a18246163666,illustration,C4,2.0000,0.0200,0.5000,0.3000,2,75,high,512,512,1212,0.036987,2.542,0.000000,0.000000
e70742dcdf7d48ee6884ad588c6d595fd74b66bb90838956b398a18246163666,illustration,C4,2.0000,0.0200,0.5000,0.3000,2,85,high,512,512,1212,0.036987,1.705,0.000000,0.000000
e70742dcdf7d48ee6884ad588c6d595fd74b66bb90838956b398a18246163666,illustration,C4,2.0000,0.0200,0.5000,0.3000,2,95,high,512,512,1212,0.036987,1.732,0.000000,0.000000
e70742dcdf7d48ee6884ad588c6d595fd74b66bb90838956b398a18246163666,illustration,C5,2.0000,0.0200,0.5000,0.1500,2,5,low,512,512,1211,0.036957,2.418,0.000000,0.000000
e70742dcdf7d48ee6884ad588c6d595fd74b66bb90838956b398a18246163666,illustration,C5,2.0000,0.0200,0.5000,0.1500,2,15,low,512,512,1211,0.036957,2.261,0.000000,0.000000
e70742dcdf7d48ee6884ad588c6d595fd74b66bb90838956b398a18246163666,illustration,C5,2.0000,0.0200,0.5000,0.1500,2,30,low,512,512,1211,0.036957,2.237,8.701907,0.000000
e70742dcdf7d48ee6884ad588c6d595fd74b66bb90838956b398a18246163666,illustration,C5,2.0000,0.0200,0.5000,0.1500,2,45,mid,512,512,1211,0.036957,2.265,0.000000,0.000000
e70742dcdf7d48ee6884ad588c6d595fd74b66bb90838956b398a18246163666,illustration,C5,2.0000,0.0200,0.5000,0.1500,2,60,mid,512,512,1211,0.036957,2.608,8.701907,0.000000
e70742dcdf7d48ee6884ad588c6d595fd74b66bb90838956b398a18246163666,illustration,C5,2.0000,0.0200,0.5000,0.1500,2,75,high,512,512,1212,0.036987,2.342,0.000000,0.000000
e70742dcdf7d48ee6884ad588c6d595fd74b66bb90838956b398a18246163666,illustration,C5,2.0000,0.0200,0.5000,0.1500,2,85,high,512,512,1212,0.036987,1.664,0.000000,0.000000
e70742dcdf7d48ee6884ad588c6d595fd74b66bb90838956b398a18246163666,illustration,C5,2.0000,0.0200,0.5000,0.1500,2,95,high,512,512,1212,0.036987,1.865,0.000000,0.000000
e70742dcdf7d48ee6884ad588c6d595fd74b66bb90838956b398a18246163666,illustration,C6,2.0000,0.0200,1.0000,0.3000,2,5,low,512,512,1211,0.036957,2.397,0.000000,0.000000
e70742dcdf7d48ee6884ad588c6d595fd74b66bb90838956b398a18246163666,illustration,C6,2.0000,0.0200,1.0000,0.3000,2,15,low,512,512,1211,0.036957,2.417,0.000000,0.000000
e70742dcdf7d48ee6884ad588c6d595fd74b66bb90838956b398a18246163666,illustration,C6,2.0000,0.0200,1.0000,0.3000,2,30,low,512,512,1211,0.036957,2.233,8.701907,0.000000
e70742dcdf7d48ee6884ad588c6d595fd74b66bb90838956b398a18246163666,illustration,C6,2.0000,0.0200,1.0000,0.3000,2,45,mid,512,512,1211,0.036957,2.434,0.000000,0.000000
e70742dcdf7d48ee6884ad588c6d595fd74b66bb90838956b398a18246163666,illustration,C6,2.0000,0.0200,1.0000,0.3000,2,60,mid,512,512,1211,0.036957,2.357,8.701907,0.000000
e70742dcdf7d48ee6884ad588c6d595fd74b66bb90838956b398a18246163666,illustration,C6,2.0000,0.0200,1.0000,0.3000,2,75,high,512,512,1212,0.036987,2.246,0.000000,0.000000
e70742dcdf7d48ee6884ad588c6d595fd74b66bb90838956b398a18246163666,illustration,C6,2.0000,0.0200,1.0000,0.3000,2,85,high,512,512,1212,0.036987,1.921,0.000000,0.000000
e70742dcdf7d48ee6884ad588c6d595fd74b66bb90838956b398a18246163666,illustration,C6,2.0000,0.0200,1.0000,0.3000,2,95,high,512,512,1212,0.036987,1.653,0.000000,0.000000
e70742dcdf7d48ee6884ad588c6d595fd74b66bb90838956b398a18246163666,illustration,OFF,0.0000,0.0000,0.0000,0.0000,0,5,low,512,512,1211,0.036957,1.414,0.000000,0.000000
e70742dcdf7d48ee6884ad588c6d595fd74b66bb90838956b398a18246163666,illustration,OFF,0.0000,0.0000,0.0000,0.0000,0,15,low,512,512,1211,0.036957,1.455,0.000000,0.000000
e70742dcdf7d48ee6884ad588c6d595fd74b66bb90838956b398a18246163666,illustration,OFF,0.0000,0.0000,0.0000,0.0000,0,30,low,512,512,1211,0.036957,1.486,8.701907,0.000000
e70742dcdf7d48ee6884ad588c6d595fd74b66bb90838956b398a18246163666,illustration,OFF,0.0000,0.0000,0.0000,0.0000,0,45,mid,512,512,1211,0.036957,1.325,0.000000,0.000000
e70742dcdf7d48ee6884ad588c6d595fd74b66bb90838956b398a18246163666,illustration,OFF,0.0000,0.0000,0.0000,0.0000,0,60,mid,512,512,1211,0.036957,1.404,8.701907,0.000000
e70742dcdf7d48ee6884ad588c6d595fd74b66bb90838956b398a18246163666,illustration,OFF,0.0000,0.0000,0.0000,0.0000,0,75,high,512,512,1212,0.036987,1.306,0.000000,0.000000
e70742dcdf7d48ee6884ad588c6d595fd74b66bb90838956b398a18246163666,illustration,OFF,0.0000,0.0000,0.0000,0.0000,0,85,high,512,512,1212,0.036987,1.373,0.000000,0.000000
e70742dcdf7d48ee6884ad588c6d595fd74b66bb90838956b398a18246163666,illustration,OFF,0.0000,0.0000,0.0000,0.0000,0,95,high,512,512,1212,0.036987,1.371,0.000000,0.000000
f94316fd3bc02c23fda9805dd02db6eda34e4cbce94b194aff2dd265629e36e7,screen_chart,C1,2.0000,0.0200,0.5000,1.0000,2,5,low,512,512,8290,0.252991,3.760,59.240376,137.446471
f94316fd3bc02c23fda9805dd02db6eda34e4cbce94b194aff2dd265629e36e7,screen_chart,C1,2.0000,0.0200,0.5000,1.0000,2,15,low,512,512,11000,0.335693,3.910,41.541561,93.675352
f94316fd3bc02c23fda9805dd02db6eda34e4cbce94b194aff2dd265629e36e7,screen_chart,C1,2.0000,0.0200,0.5000,1.0000,2,30,low,512,512,14738,0.449768,3.996,34.144623,60.083766
f94316fd3bc02c23fda9805dd02db6eda34e4cbce94b194aff2dd265629e36e7,screen_chart,C1,2.0000,0.0200,0.5000,1.0000,2,45,mid,512,512,16579,0.505951,3.914,31.428592,50.962791
f94316fd3bc02c23fda9805dd02db6eda34e4cbce94b194aff2dd265629e36e7,screen_chart,C1,2.0000,0.0200,0.5000,1.0000,2,60,mid,512,512,19198,0.585876,3.467,29.427463,40.894914
f94316fd3bc02c23fda9805dd02db6eda34e4cbce94b194aff2dd265629e36e7,screen_chart,C1,2.0000,0.0200,0.5000,1.0000,2,75,high,512,512,23059,0.703705,3.518,26.020760,30.717995
f94316fd3bc02c23fda9805dd02db6eda34e4cbce94b194aff2dd265629e36e7,screen_chart,C1,2.0000,0.0200,0.5000,1.0000,2,85,high,512,512,27598,0.842224,4.473,24.450748,24.170553
f94316fd3bc02c23fda9805dd02db6eda34e4cbce94b194aff2dd265629e36e7,screen_chart,C1,2.0000,0.0200,0.5000,1.0000,2,95,high,512,512,39740,1.212769,3.800,22.402508,19.193360
f94316fd3bc02c23fda9805dd02db6eda34e4cbce94b194aff2dd265629e36e7,screen_chart,C2,2.0000,0.0200,0.5000,0.7000,2,5,low,512,512,8592,0.262207,2.973,58.401766,131.377356
f94316fd3bc02c23fda9805dd02db6eda34e4cbce94b194aff2dd265629e36e7,screen_chart,C2,2.0000,0.0200,0.5000,0.7000,2,15,low,512,512,11638,0.355164,3.044,41.249248,86.040577
f94316fd3bc02c23fda9805dd02db6eda34e4cbce94b194aff2dd265629e36e7,screen_chart,C2,2.0000,0.0200,0.5000,0.7000,2,30,low,512,512,15401,0.470001,3.071,33.796154,53.778922
f94316fd3bc02c23fda9805dd02db6eda34e4cbce94b194aff2dd265629e36e7,screen_chart,C2,2.0000,0.0200,0.5000,0.7000,2,45,mid,512,512,17307,0.528168,3.246,31.124150,45.425094
f94316fd3bc02c23fda9805dd02db6eda34e4cbce94b194aff2dd265629e36e7,screen_chart,C2,2.0000,0.0200,0.5000,0.7000,2,60,mid,512,512,20018,0.610901,3.265,29.218520,37.674856
f94316fd3bc02c23fda9805dd02db6eda34e4cbce94b194aff2dd265629e36e7,screen_chart,C2,2.0000,0.0200,0.5000,0.7000,2,75,high,512,512,23799,0.726288,3.409,25.803601,28.958301
f94316fd3bc02c23fda9805dd02db6eda34e4cbce94b194aff2dd265629e36e7,screen_chart,C2,2.0000,0.0200,0.5000,0.7000,2,85,high,512,512,28399,0.866669,3.299,24.201718,23.431082
f94316fd3bc02c23fda9805dd02db6eda34e4cbce94b194aff2dd265629e36e7,screen_chart,C2,2.0000,0.0200,0.5000,0.7000,2,95,high,512,512,40419,1.233490,4.036,22.384461,19.077189
f94316fd3bc02c23fda9805dd02db6eda34e4cbce94b194aff2dd265629e36e7,screen_chart,C3,2.0000,0.0200,0.5000,0.5000,2,5,low,512,512,8591,0.262177,2.974,58.544041,132.237772
f94316fd3bc02c23fda9805dd02db6eda34e4cbce94b194aff2dd265629e36e7,screen_chart,C3,2.0000,0.0200,0.5000,0.5000,2,15,low,512,512,11661,0.355865,3.055,41.208397,86.951280
f94316fd3bc02c23fda9805dd02db6eda34e4cbce94b194aff2dd265629e36e7,screen_chart,C3,2.0000,0.0200,0.5000,0.5000,2,30,low,512,512,15434,0.471008,3.583,33.701695,54.504386
f94316fd3bc02c23fda9805dd02db6eda34e4cbce94b194aff2dd265629e36e7,screen_chart,C3,2.0000,0.0200,0.5000,0.5000,2,45,mid,512,512,17352,0.529541,3.379,31.039050,45.836158
f94316fd3bc02c23fda9805dd02db6eda34e4cbce94b194aff2dd265629e36e7,screen_chart,C3,2.0000,0.0200,0.5000,0.5000,2,60,mid,512,512,20098,0.613342,3.341,29.181245,37.840935
f94316fd3bc02c23fda9805dd02db6eda34e4cbce94b194aff2dd265629e36e7,screen_chart,C3,2.0000,0.0200,0.5000,0.5000,2,75,high,512,512,23807,0.726532,3.338,25.858130,29.130302
f94316fd3bc02c23fda9805dd02db6eda34e4cbce94b194aff2dd265629e36e7,screen_chart,C3,2.0000,0.0200,0.5000,0.5000,2,85,high,512,512,28453,0.868317,3.267,24.156341,23.476723
f94316fd3bc02c23fda9805dd02db6eda34e4cbce94b194aff2dd265629e36e7,screen_chart,C3,2.0000,0.0200,0.5000,0.5000,2,95,high,512,512,40517,1.236481,4.116,22.361150,19.084090
f94316fd3bc02c23fda9805dd02db6eda34e4cbce94b194aff2dd265629e36e7,screen_chart,C4,2.0000,0.0200,0.5000,0.3000,2,5,low,512,512,8591,0.262177,2.974,58.544041,132.237772
f94316fd3bc02c23fda9805dd02db6eda34e4cbce94b194aff2dd265629e36e7,screen_chart,C4,2.0000,0.0200,0.5000,0.3000,2,15,low,512,512,11661,0.355865,3.115,41.208397,86.951280
f94316fd3bc02c23fda9805dd02db6eda34e4cbce94b194aff2dd265629e36e7,screen_chart,C4,2.0000,0.0200,0.5000,0.3000,2,30,low,512,512,15434,0.471008,3.257,33.701695,54.504386
f94316fd3bc02c23fda9805dd02db6eda34e4cbce94b194aff2dd265629e36e7,screen_chart,C4,2.0000,0.0200,0.5000,0.3000,2,45,mid,512,512,17352,0.529541,3.517,31.039050,45.836158
f94316fd3bc02c23fda9805dd02db6eda34e4cbce94b194aff2dd265629e36e7,screen_chart,C4,2.0000,0.0200,0.5000,0.3000,2,60,mid,512,512,20098,0.613342,3.344,29.181245,37.840935
f94316fd3bc02c23fda9805dd02db6eda34e4cbce94b194aff2dd265629e36e7,screen_chart,C4,2.0000,0.0200,0.5000,0.3000,2,75,high,512,512,23807,0.726532,3.430,25.858130,29.130302
f94316fd3bc02c23fda9805dd02db6eda34e4cbce94b194aff2dd265629e36e7,screen_chart,C4,2.0000,0.0200,0.5000,0.3000,2,85,high,512,512,28453,0.868317,3.281,24.156341,23.476723
f94316fd3bc02c23fda9805dd02db6eda34e4cbce94b194aff2dd265629e36e7,screen_chart,C4,2.0000,0.0200,0.5000,0.3000,2,95,high,512,512,40517,1.236481,4.258,22.343977,19.084220
f94316fd3bc02c23fda9805dd02db6eda34e4cbce94b194aff2dd265629e36e7,screen_chart,C5,2.0000,0.0200,0.5000,0.1500,2,5,low,512,512,8591,0.262177,2.985,58.544041,132.237772
f94316fd3bc02c23fda9805dd02db6eda34e4cbce94b194aff2dd265629e36e7,screen_chart,C5,2.0000,0.0200,0.5000,0.1500,2,15,low,512,512,11661,0.355865,3.064,41.208397,86.951280
f94316fd3bc02c23fda9805dd02db6eda34e4cbce94b194aff2dd265629e36e7,screen_chart,C5,2.0000,0.0200,0.5000,0.1500,2,30,low,512,512,15434,0.471008,3.313,33.701695,54.504386
f94316fd3bc02c23fda9805dd02db6eda34e4cbce94b194aff2dd265629e36e7,screen_chart,C5,2.0000,0.0200,0.5000,0.1500,2,45,mid,512,512,17352,0.529541,3.245,31.039050,45.836158
f94316fd3bc02c23fda9805dd02db6eda34e4cbce94b194aff2dd265629e36e7,screen_chart,C5,2.0000,0.0200,0.5000,0.1500,2,60,mid,512,512,20098,0.613342,3.264,29.181245,37.840935
f94316fd3bc02c23fda9805dd02db6eda34e4cbce94b194aff2dd265629e36e7,screen_chart,C5,2.0000,0.0200,0.5000,0.1500,2,75,high,512,512,23807,0.726532,3.323,25.858130,29.130302
f94316fd3bc02c23fda9805dd02db6eda34e4cbce94b194aff2dd265629e36e7,screen_chart,C5,2.0000,0.0200,0.5000,0.1500,2,85,high,512,512,28453,0.868317,3.221,24.156341,23.476723
f94316fd3bc02c23fda9805dd02db6eda34e4cbce94b194aff2dd265629e36e7,screen_chart,C5,2.0000,0.0200,0.5000,0.1500,2,95,high,512,512,40517,1.236481,4.039,22.343977,19.084220
f94316fd3bc02c23fda9805dd02db6eda34e4cbce94b194aff2dd265629e36e7,screen_chart,C6,2.0000,0.0200,1.0000,0.3000,2,5,low,512,512,8591,0.262177,2.952,58.544041,132.237772
f94316fd3bc02c23fda9805dd02db6eda34e4cbce94b194aff2dd265629e36e7,screen_chart,C6,2.0000,0.0200,1.0000,0.3000,2,15,low,512,512,11661,0.355865,2.981,41.208397,86.951280
f94316fd3bc02c23fda9805dd02db6eda34e4cbce94b194aff2dd265629e36e7,screen_chart,C6,2.0000,0.0200,1.0000,0.3000,2,30,low,512,512,15434,0.471008,3.033,33.701695,54.504386
f94316fd3bc02c23fda9805dd02db6eda34e4cbce94b194aff2dd265629e36e7,screen_chart,C6,2.0000,0.0200,1.0000,0.3000,2,45,mid,512,512,17352,0.529541,3.168,31.039050,45.836158
f94316fd3bc02c23fda9805dd02db6eda34e4cbce94b194aff2dd265629e36e7,screen_chart,C6,2.0000,0.0200,1.0000,0.3000,2,60,mid,512,512,20098,0.613342,3.244,29.181245,37.840935
f94316fd3bc02c23fda9805dd02db6eda34e4cbce94b194aff2dd265629e36e7,screen_chart,C6,2.0000,0.0200,1.0000,0.3000,2,75,high,512,512,23807,0.726532,3.259,25.858130,29.130302
f94316fd3bc02c23fda9805dd02db6eda34e4cbce94b194aff2dd265629e36e7,screen_chart,C6,2.0000,0.0200,1.0000,0.3000,2,85,high,512,512,28453,0.868317,3.184,24.156341,23.476723
f94316fd3bc02c23fda9805dd02db6eda34e4cbce94b194aff2dd265629e36e7,screen_chart,C6,2.0000,0.0200,1.0000,0.3000,2,95,high,512,512,40517,1.236481,3.959,22.343977,19.084220
f94316fd3bc02c23fda9805dd02db6eda34e4cbce94b194aff2dd265629e36e7,screen_chart,OFF,0.0000,0.0000,0.0000,0.0000,0,5,low,512,512,8011,0.244476,1.988,60.242795,152.613156
f94316fd3bc02c23fda9805dd02db6eda34e4cbce94b194aff2dd265629e36e7,screen_chart,OFF,0.0000,0.0000,0.0000,0.0000,0,15,low,512,512,10577,0.322784,2.044,42.816802,105.842502
f94316fd3bc02c23fda9805dd02db6eda34e4cbce94b194aff2dd265629e36e7,screen_chart,OFF,0.0000,0.0000,0.0000,0.0000,0,30,low,512,512,14104,0.430420,2.111,34.908003,70.031248
f94316fd3bc02c23fda9805dd02db6eda34e4cbce94b194aff2dd265629e36e7,screen_chart,OFF,0.0000,0.0000,0.0000,0.0000,0,45,mid,512,512,15843,0.483490,2.136,32.284433,60.180242
f94316fd3bc02c23fda9805dd02db6eda34e4cbce94b194aff2dd265629e36e7,screen_chart,OFF,0.0000,0.0000,0.0000,0.0000,0,60,mid,512,512,18368,0.560547,2.164,30.104819,48.508334
f94316fd3bc02c23fda9805dd02db6eda34e4cbce94b194aff2dd265629e36e7,screen_chart,OFF,0.0000,0.0000,0.0000,0.0000,0,75,high,512,512,22221,0.678131,2.289,26.439361,34.406721
f94316fd3bc02c23fda9805dd02db6eda34e4cbce94b194aff2dd265629e36e7,screen_chart,OFF,0.0000,0.0000,0.0000,0.0000,0,85,high,512,512,26582,0.811218,2.494,24.722495,26.207021
f94316fd3bc02c23fda9805dd02db6eda34e4cbce94b194aff2dd265629e36e7,screen_chart,OFF,0.0000,0.0000,0.0000,0.0000,0,95,high,512,512,38657,1.179718,2.809,22.496360,19.538827
web_mashable_com_64e9889c4efbe2c7,screen_ui,C1,2.0000,0.0200,0.5000,1.0000,2,5,low,512,472,8055,0.266651,3.016,83.973393,136.814362
web_mashable_com_64e9889c4efbe2c7,screen_ui,C1,2.0000,0.0200,0.5000,1.0000,2,15,low,512,472,11508,0.380959,2.626,64.271381,102.680877
web_mashable_com_64e9889c4efbe2c7,screen_ui,C1,2.0000,0.0200,0.5000,1.0000,2,30,low,512,472,16236,0.537474,2.810,48.423891,78.603100
web_mashable_com_64e9889c4efbe2c7,screen_ui,C1,2.0000,0.0200,0.5000,1.0000,2,45,mid,512,472,18357,0.607687,2.660,44.437483,73.052039
web_mashable_com_64e9889c4efbe2c7,screen_ui,C1,2.0000,0.0200,0.5000,1.0000,2,60,mid,512,472,21422,0.709150,2.711,39.704179,64.718571
web_mashable_com_64e9889c4efbe2c7,screen_ui,C1,2.0000,0.0200,0.5000,1.0000,2,75,high,512,472,27161,0.899133,2.932,34.915359,55.380395
web_mashable_com_64e9889c4efbe2c7,screen_ui,C1,2.0000,0.0200,0.5000,1.0000,2,85,high,512,472,35406,1.172074,3.068,30.251139,47.652571
web_mashable_com_64e9889c4efbe2c7,screen_ui,C1,2.0000,0.0200,0.5000,1.0000,2,95,high,512,472,68935,2.282011,4.108,24.261699,36.936476
web_mashable_com_64e9889c4efbe2c7,screen_ui,C2,2.0000,0.0200,0.5000,0.7000,2,5,low,512,472,8300,0.274762,2.384,83.354430,131.889211
web_mashable_com_64e9889c4efbe2c7,screen_ui,C2,2.0000,0.0200,0.5000,0.7000,2,15,low,512,472,11857,0.392512,2.625,63.646413,100.763784
web_mashable_com_64e9889c4efbe2c7,screen_ui,C2,2.0000,0.0200,0.5000,0.7000,2,30,low,512,472,16701,0.552867,3.414,47.957439,77.559740
web_mashable_com_64e9889c4efbe2c7,screen_ui,C2,2.0000,0.0200,0.5000,0.7000,2,45,mid,512,472,18865,0.624503,3.015,44.001420,71.136635
web_mashable_com_64e9889c4efbe2c7,screen_ui,C2,2.0000,0.0200,0.5000,0.7000,2,60,mid,512,472,22125,0.732422,2.748,39.354682,62.918971
web_mashable_com_64e9889c4efbe2c7,screen_ui,C2,2.0000,0.0200,0.5000,0.7000,2,75,high,512,472,28216,0.934057,2.927,34.507824,53.942975
web_mashable_com_64e9889c4efbe2c7,screen_ui,C2,2.0000,0.0200,0.5000,0.7000,2,85,high,512,472,37135,1.229310,3.107,29.838760,46.435017
web_mashable_com_64e9889c4efbe2c7,screen_ui,C2,2.0000,0.0200,0.5000,0.7000,2,95,high,512,472,71624,2.371028,3.826,24.046961,36.515173
web_mashable_com_64e9889c4efbe2c7,screen_ui,C3,2.0000,0.0200,0.5000,0.5000,2,5,low,512,472,8295,0.274596,2.563,83.358052,132.748797
web_mashable_com_64e9889c4efbe2c7,screen_ui,C3,2.0000,0.0200,0.5000,0.5000,2,15,low,512,472,11860,0.392611,2.512,63.653019,100.661117
web_mashable_com_64e9889c4efbe2c7,screen_ui,C3,2.0000,0.0200,0.5000,0.5000,2,30,low,512,472,16682,0.552238,2.662,47.996272,78.098863
web_mashable_com_64e9889c4efbe2c7,screen_ui,C3,2.0000,0.0200,0.5000,0.5000,2,45,mid,512,472,18875,0.624834,3.245,44.030111,71.392925
web_mashable_com_64e9889c4efbe2c7,screen_ui,C3,2.0000,0.0200,0.5000,0.5000,2,60,mid,512,472,22108,0.731859,2.875,39.361999,63.165988
web_mashable_com_64e9889c4efbe2c7,screen_ui,C3,2.0000,0.0200,0.5000,0.5000,2,75,high,512,472,28218,0.934123,2.901,34.512092,54.027873
web_mashable_com_64e9889c4efbe2c7,screen_ui,C3,2.0000,0.0200,0.5000,0.5000,2,85,high,512,472,37180,1.230800,3.246,29.835565,46.470119
web_mashable_com_64e9889c4efbe2c7,screen_ui,C3,2.0000,0.0200,0.5000,0.5000,2,95,high,512,472,71604,2.370365,3.975,24.061492,36.530082
web_mashable_com_64e9889c4efbe2c7,screen_ui,C4,2.0000,0.0200,0.5000,0.3000,2,5,low,512,472,8295,0.274596,2.486,83.358052,132.748797
web_mashable_com_64e9889c4efbe2c7,screen_ui,C4,2.0000,0.0200,0.5000,0.3000,2,15,low,512,472,11860,0.392611,2.592,63.653019,100.661117
web_mashable_com_64e9889c4efbe2c7,screen_ui,C4,2.0000,0.0200,0.5000,0.3000,2,30,low,512,472,16682,0.552238,2.956,47.996272,78.098863
web_mashable_com_64e9889c4efbe2c7,screen_ui,C4,2.0000,0.0200,0.5000,0.3000,2,45,mid,512,472,18875,0.624834,2.967,44.030111,71.392925
web_mashable_com_64e9889c4efbe2c7,screen_ui,C4,2.0000,0.0200,0.5000,0.3000,2,60,mid,512,472,22108,0.731859,3.437,39.361999,63.165988
web_mashable_com_64e9889c4efbe2c7,screen_ui,C4,2.0000,0.0200,0.5000,0.3000,2,75,high,512,472,28218,0.934123,2.905,34.512092,54.027873
web_mashable_com_64e9889c4efbe2c7,screen_ui,C4,2.0000,0.0200,0.5000,0.3000,2,85,high,512,472,37180,1.230800,3.337,29.835565,46.470119
web_mashable_com_64e9889c4efbe2c7,screen_ui,C4,2.0000,0.0200,0.5000,0.3000,2,95,high,512,472,71604,2.370365,3.881,24.061492,36.530082
web_mashable_com_64e9889c4efbe2c7,screen_ui,C5,2.0000,0.0200,0.5000,0.1500,2,5,low,512,472,8295,0.274596,2.421,83.358052,132.748797
web_mashable_com_64e9889c4efbe2c7,screen_ui,C5,2.0000,0.0200,0.5000,0.1500,2,15,low,512,472,11860,0.392611,2.789,63.653019,100.661117
web_mashable_com_64e9889c4efbe2c7,screen_ui,C5,2.0000,0.0200,0.5000,0.1500,2,30,low,512,472,16682,0.552238,3.115,47.996272,78.098863
web_mashable_com_64e9889c4efbe2c7,screen_ui,C5,2.0000,0.0200,0.5000,0.1500,2,45,mid,512,472,18875,0.624834,2.917,44.030111,71.392925
web_mashable_com_64e9889c4efbe2c7,screen_ui,C5,2.0000,0.0200,0.5000,0.1500,2,60,mid,512,472,22108,0.731859,2.810,39.361999,63.165988
web_mashable_com_64e9889c4efbe2c7,screen_ui,C5,2.0000,0.0200,0.5000,0.1500,2,75,high,512,472,28218,0.934123,2.979,34.512092,54.027873
web_mashable_com_64e9889c4efbe2c7,screen_ui,C5,2.0000,0.0200,0.5000,0.1500,2,85,high,512,472,37180,1.230800,3.252,29.835565,46.470119
web_mashable_com_64e9889c4efbe2c7,screen_ui,C5,2.0000,0.0200,0.5000,0.1500,2,95,high,512,472,71604,2.370365,4.136,24.061492,36.530082
web_mashable_com_64e9889c4efbe2c7,screen_ui,C6,2.0000,0.0200,1.0000,0.3000,2,5,low,512,472,8295,0.274596,2.430,83.358052,132.748797
web_mashable_com_64e9889c4efbe2c7,screen_ui,C6,2.0000,0.0200,1.0000,0.3000,2,15,low,512,472,11860,0.392611,2.468,63.653019,100.661117
web_mashable_com_64e9889c4efbe2c7,screen_ui,C6,2.0000,0.0200,1.0000,0.3000,2,30,low,512,472,16682,0.552238,2.632,47.996272,78.098863
web_mashable_com_64e9889c4efbe2c7,screen_ui,C6,2.0000,0.0200,1.0000,0.3000,2,45,mid,512,472,18875,0.624834,2.602,44.030111,71.392925
web_mashable_com_64e9889c4efbe2c7,screen_ui,C6,2.0000,0.0200,1.0000,0.3000,2,60,mid,512,472,22108,0.731859,2.803,39.361999,63.165988
web_mashable_com_64e9889c4efbe2c7,screen_ui,C6,2.0000,0.0200,1.0000,0.3000,2,75,high,512,472,28218,0.934123,2.910,34.512092,54.027873
web_mashable_com_64e9889c4efbe2c7,screen_ui,C6,2.0000,0.0200,1.0000,0.3000,2,85,high,512,472,37180,1.230800,3.083,29.835565,46.470119
web_mashable_com_64e9889c4efbe2c7,screen_ui,C6,2.0000,0.0200,1.0000,0.3000,2,95,high,512,472,71604,2.370365,3.807,24.061492,36.530082
web_mashable_com_64e9889c4efbe2c7,screen_ui,OFF,0.0000,0.0000,0.0000,0.0000,0,5,low,512,472,7843,0.259633,1.442,84.608283,145.061507
web_mashable_com_64e9889c4efbe2c7,screen_ui,OFF,0.0000,0.0000,0.0000,0.0000,0,15,low,512,472,11260,0.372749,1.496,64.646085,107.743335
web_mashable_com_64e9889c4efbe2c7,screen_ui,OFF,0.0000,0.0000,0.0000,0.0000,0,30,low,512,472,15908,0.526615,1.763,48.672392,83.186402
web_mashable_com_64e9889c4efbe2c7,screen_ui,OFF,0.0000,0.0000,0.0000,0.0000,0,45,mid,512,472,17994,0.595670,1.688,44.682980,75.896399
web_mashable_com_64e9889c4efbe2c7,screen_ui,OFF,0.0000,0.0000,0.0000,0.0000,0,60,mid,512,472,20915,0.692366,1.733,40.028811,67.797191
web_mashable_com_64e9889c4efbe2c7,screen_ui,OFF,0.0000,0.0000,0.0000,0.0000,0,75,high,512,472,26542,0.878641,1.969,35.148930,57.544300
web_mashable_com_64e9889c4efbe2c7,screen_ui,OFF,0.0000,0.0000,0.0000,0.0000,0,85,high,512,472,34333,1.136553,2.172,30.587199,49.431706
web_mashable_com_64e9889c4efbe2c7,screen_ui,OFF,0.0000,0.0000,0.0000,0.0000,0,95,high,512,472,66783,2.210772,2.975,24.565074,37.640781
wm_upload_wikimedia_org_472abfac59351c60,screen_chart,C1,2.0000,0.0200,0.5000,1.0000,2,5,low,512,425,15995,0.588051,3.397,118.800424,1800.158377
wm_upload_wikimedia_org_472abfac59351c60,screen_chart,C1,2.0000,0.0200,0.5000,1.0000,2,15,low,512,425,24402,0.897132,3.101,95.525244,1298.787145
wm_upload_wikimedia_org_472abfac59351c60,screen_chart,C1,2.0000,0.0200,0.5000,1.0000,2,30,low,512,425,37006,1.360515,4.071,80.284728,933.595621
wm_upload_wikimedia_org_472abfac59351c60,screen_chart,C1,2.0000,0.0200,0.5000,1.0000,2,45,mid,512,425,42829,1.574596,4.467,70.206595,848.423938
wm_upload_wikimedia_org_472abfac59351c60,screen_chart,C1,2.0000,0.0200,0.5000,1.0000,2,60,mid,512,425,50723,1.864816,4.398,67.357592,780.744432
wm_upload_wikimedia_org_472abfac59351c60,screen_chart,C1,2.0000,0.0200,0.5000,1.0000,2,75,high,512,425,62848,2.310588,4.334,64.119505,727.909943
wm_upload_wikimedia_org_472abfac59351c60,screen_chart,C1,2.0000,0.0200,0.5000,1.0000,2,85,high,512,425,76470,2.811397,5.525,61.086976,700.545980
wm_upload_wikimedia_org_472abfac59351c60,screen_chart,C1,2.0000,0.0200,0.5000,1.0000,2,95,high,512,425,110267,4.053934,6.585,59.391895,674.173765
wm_upload_wikimedia_org_472abfac59351c60,screen_chart,C2,2.0000,0.0200,0.5000,0.7000,2,5,low,512,425,18001,0.661801,2.586,115.278193,1540.785637
wm_upload_wikimedia_org_472abfac59351c60,screen_chart,C2,2.0000,0.0200,0.5000,0.7000,2,15,low,512,425,26651,0.979816,2.773,92.712025,1135.794613
wm_upload_wikimedia_org_472abfac59351c60,screen_chart,C2,2.0000,0.0200,0.5000,0.7000,2,30,low,512,425,39194,1.440956,3.182,79.598037,867.685866
wm_upload_wikimedia_org_472abfac59351c60,screen_chart,C2,2.0000,0.0200,0.5000,0.7000,2,45,mid,512,425,44818,1.647721,3.288,69.588213,807.850495
wm_upload_wikimedia_org_472abfac59351c60,screen_chart,C2,2.0000,0.0200,0.5000,0.7000,2,60,mid,512,425,52265,1.921507,3.575,66.982928,760.270749
wm_upload_wikimedia_org_472abfac59351c60,screen_chart,C2,2.0000,0.0200,0.5000,0.7000,2,75,high,512,425,63954,2.351250,3.924,63.419368,720.803425
wm_upload_wikimedia_org_472abfac59351c60,screen_chart,C2,2.0000,0.0200,0.5000,0.7000,2,85,high,512,425,77149,2.836360,4.197,61.006844,698.669578
wm_upload_wikimedia_org_472abfac59351c60,screen_chart,C2,2.0000,0.0200,0.5000,0.7000,2,95,high,512,425,110581,4.065478,4.774,59.398537,674.014921
wm_upload_wikimedia_org_472abfac59351c60,screen_chart,C3,2.0000,0.0200,0.5000,0.5000,2,5,low,512,425,17993,0.661507,2.555,115.372236,1554.521875
wm_upload_wikimedia_org_472abfac59351c60,screen_chart,C3,2.0000,0.0200,0.5000,0.5000,2,15,low,512,425,26748,0.983382,2.763,92.990704,1144.168636
wm_upload_wikimedia_org_472abfac59351c60,screen_chart,C3,2.0000,0.0200,0.5000,0.5000,2,30,low,512,425,39368,1.447353,3.128,79.761998,869.512534
wm_upload_wikimedia_org_472abfac59351c60,screen_chart,C3,2.0000,0.0200,0.5000,0.5000,2,45,mid,512,425,44945,1.652390,3.310,69.778565,810.611067
wm_upload_wikimedia_org_472abfac59351c60,screen_chart,C3,2.0000,0.0200,0.5000,0.5000,2,60,mid,512,425,52378,1.925662,3.496,67.087727,761.220169
wm_upload_wikimedia_org_472abfac59351c60,screen_chart,C3,2.0000,0.0200,0.5000,0.5000,2,75,high,512,425,64016,2.353529,3.874,63.342820,721.148627
wm_upload_wikimedia_org_472abfac59351c60,screen_chart,C3,2.0000,0.0200,0.5000,0.5000,2,85,high,512,425,77239,2.839669,4.182,60.992359,698.693494
wm_upload_wikimedia_org_472abfac59351c60,screen_chart,C3,2.0000,0.0200,0.5000,0.5000,2,95,high,512,425,110591,4.065846,4.866,59.415735,674.007109
wm_upload_wikimedia_org_472abfac59351c60,screen_chart,C4,2.0000,0.0200,0.5000,0.3000,2,5,low,512,425,17993,0.661507,2.625,115.372236,1554.521875
wm_upload_wikimedia_org_472abfac59351c60,screen_chart,C4,2.0000,0.0200,0.5000,0.3000,2,15,low,512,425,26758,0.983750,2.836,92.988657,1144.411376
wm_upload_wikimedia_org_472abfac59351c60,screen_chart,C4,2.0000,0.0200,0.5000,0.3000,2,30,low,512,425,39379,1.447757,3.292,79.762035,869.582351
wm_upload_wikimedia_org_472abfac59351c60,screen_chart,C4,2.0000,0.0200,0.5000,0.3000,2,45,mid,512,425,44937,1.652096,3.454,69.787138,810.896736
wm_upload_wikimedia_org_472abfac59351c60,screen_chart,C4,2.0000,0.0200,0.5000,0.3000,2,60,mid,512,425,52386,1.925956,3.635,67.092673,761.265669
wm_upload_wikimedia_org_472abfac59351c60,screen_chart,C4,2.0000,0.0200,0.5000,0.3000,2,75,high,512,425,64023,2.353787,4.030,63.346360,721.205705
wm_upload_wikimedia_org_472abfac59351c60,screen_chart,C4,2.0000,0.0200,0.5000,0.3000,2,85,high,512,425,77237,2.839596,4.323,60.985758,698.730017
wm_upload_wikimedia_org_472abfac59351c60,screen_chart,C4,2.0000,0.0200,0.5000,0.3000,2,95,high,512,425,110591,4.065846,4.955,59.395450,674.006038
wm_upload_wikimedia_org_472abfac59351c60,screen_chart,C5,2.0000,0.0200,0.5000,0.1500,2,5,low,512,425,17993,0.661507,2.616,115.372236,1554.521875
wm_upload_wikimedia_org_472abfac59351c60,screen_chart,C5,2.0000,0.0200,0.5000,0.1500,2,15,low,512,425,26758,0.983750,2.731,92.988657,1144.411376
wm_upload_wikimedia_org_472abfac59351c60,screen_chart,C5,2.0000,0.0200,0.5000,0.1500,2,30,low,512,425,39379,1.447757,3.158,79.762035,869.582351
wm_upload_wikimedia_org_472abfac59351c60,screen_chart,C5,2.0000,0.0200,0.5000,0.1500,2,45,mid,512,425,44937,1.652096,3.339,69.787138,810.896736
wm_upload_wikimedia_org_472abfac59351c60,screen_chart,C5,2.0000,0.0200,0.5000,0.1500,2,60,mid,512,425,52386,1.925956,3.559,67.092673,761.265669
wm_upload_wikimedia_org_472abfac59351c60,screen_chart,C5,2.0000,0.0200,0.5000,0.1500,2,75,high,512,425,64023,2.353787,3.975,63.346360,721.205705
wm_upload_wikimedia_org_472abfac59351c60,screen_chart,C5,2.0000,0.0200,0.5000,0.1500,2,85,high,512,425,77237,2.839596,4.197,60.985758,698.730017
wm_upload_wikimedia_org_472abfac59351c60,screen_chart,C5,2.0000,0.0200,0.5000,0.1500,2,95,high,512,425,110591,4.065846,4.997,59.395450,674.006038
wm_upload_wikimedia_org_472abfac59351c60,screen_chart,C6,2.0000,0.0200,1.0000,0.3000,2,5,low,512,425,17993,0.661507,3.024,115.372236,1554.521875
wm_upload_wikimedia_org_472abfac59351c60,screen_chart,C6,2.0000,0.0200,1.0000,0.3000,2,15,low,512,425,26758,0.983750,3.114,92.988657,1144.411376
wm_upload_wikimedia_org_472abfac59351c60,screen_chart,C6,2.0000,0.0200,1.0000,0.3000,2,30,low,512,425,39379,1.447757,3.590,79.764606,869.598833
wm_upload_wikimedia_org_472abfac59351c60,screen_chart,C6,2.0000,0.0200,1.0000,0.3000,2,45,mid,512,425,44935,1.652022,3.379,69.769853,810.741189
wm_upload_wikimedia_org_472abfac59351c60,screen_chart,C6,2.0000,0.0200,1.0000,0.3000,2,60,mid,512,425,52394,1.926250,3.682,67.087327,761.293981
wm_upload_wikimedia_org_472abfac59351c60,screen_chart,C6,2.0000,0.0200,1.0000,0.3000,2,75,high,512,425,64027,2.353934,3.967,63.344980,721.206885
wm_upload_wikimedia_org_472abfac59351c60,screen_chart,C6,2.0000,0.0200,1.0000,0.3000,2,85,high,512,425,77244,2.839853,4.211,60.987968,698.743695
wm_upload_wikimedia_org_472abfac59351c60,screen_chart,C6,2.0000,0.0200,1.0000,0.3000,2,95,high,512,425,110594,4.065956,4.942,59.399723,674.006559
wm_upload_wikimedia_org_472abfac59351c60,screen_chart,OFF,0.0000,0.0000,0.0000,0.0000,0,5,low,512,425,14242,0.523603,1.595,123.632019,2139.075873
wm_upload_wikimedia_org_472abfac59351c60,screen_chart,OFF,0.0000,0.0000,0.0000,0.0000,0,15,low,512,425,21489,0.790037,1.950,105.305580,1640.070447
wm_upload_wikimedia_org_472abfac59351c60,screen_chart,OFF,0.0000,0.0000,0.0000,0.0000,0,30,low,512,425,33343,1.225846,2.150,86.756328,1119.517636
wm_upload_wikimedia_org_472abfac59351c60,screen_chart,OFF,0.0000,0.0000,0.0000,0.0000,0,45,mid,512,425,39298,1.444779,2.393,75.224942,967.151325
wm_upload_wikimedia_org_472abfac59351c60,screen_chart,OFF,0.0000,0.0000,0.0000,0.0000,0,60,mid,512,425,47614,1.750515,3.181,70.281040,842.925452
wm_upload_wikimedia_org_472abfac59351c60,screen_chart,OFF,0.0000,0.0000,0.0000,0.0000,0,75,high,512,425,60550,2.226103,3.315,65.377983,749.533892
wm_upload_wikimedia_org_472abfac59351c60,screen_chart,OFF,0.0000,0.0000,0.0000,0.0000,0,85,high,512,425,74358,2.733750,3.575,61.958892,708.963219
wm_upload_wikimedia_org_472abfac59351c60,screen_chart,OFF,0.0000,0.0000,0.0000,0.0000,0,95,high,512,425,109314,4.018897,4.026,59.444350,674.890647
wm_upload_wikimedia_org_54f20cee0ebfced0,illustration,C1,2.0000,0.0200,0.5000,1.0000,2,5,low,512,512,15527,0.473846,3.181,66.942994,466.184701
wm_upload_wikimedia_org_54f20cee0ebfced0,illustration,C1,2.0000,0.0200,0.5000,1.0000,2,15,low,512,512,20880,0.637207,3.266,52.492055,333.515200
wm_upload_wikimedia_org_54f20cee0ebfced0,illustration,C1,2.0000,0.0200,0.5000,1.0000,2,30,low,512,512,29164,0.890015,3.527,39.614618,207.961361
wm_upload_wikimedia_org_54f20cee0ebfced0,illustration,C1,2.0000,0.0200,0.5000,1.0000,2,45,mid,512,512,32674,0.997131,3.567,35.625271,177.960804
wm_upload_wikimedia_org_54f20cee0ebfced0,illustration,C1,2.0000,0.0200,0.5000,1.0000,2,60,mid,512,512,37403,1.141449,3.713,31.433256,152.403771
wm_upload_wikimedia_org_54f20cee0ebfced0,illustration,C1,2.0000,0.0200,0.5000,1.0000,2,75,high,512,512,45103,1.376434,3.784,26.470643,132.653333
wm_upload_wikimedia_org_54f20cee0ebfced0,illustration,C1,2.0000,0.0200,0.5000,1.0000,2,85,high,512,512,53613,1.636139,3.795,23.960336,123.454048
wm_upload_wikimedia_org_54f20cee0ebfced0,illustration,C1,2.0000,0.0200,0.5000,1.0000,2,95,high,512,512,75041,2.290070,4.581,21.272929,116.745682
wm_upload_wikimedia_org_54f20cee0ebfced0,illustration,C2,2.0000,0.0200,0.5000,0.7000,2,5,low,512,512,16583,0.506073,3.196,65.433071,415.861540
wm_upload_wikimedia_org_54f20cee0ebfced0,illustration,C2,2.0000,0.0200,0.5000,0.7000,2,15,low,512,512,22412,0.683960,3.255,49.874820,280.523051
wm_upload_wikimedia_org_54f20cee0ebfced0,illustration,C2,2.0000,0.0200,0.5000,0.7000,2,30,low,512,512,30731,0.937836,3.507,37.362686,180.586822
wm_upload_wikimedia_org_54f20cee0ebfced0,illustration,C2,2.0000,0.0200,0.5000,0.7000,2,45,mid,512,512,34134,1.041687,3.694,34.486439,158.924441
wm_upload_wikimedia_org_54f20cee0ebfced0,illustration,C2,2.0000,0.0200,0.5000,0.7000,2,60,mid,512,512,38667,1.180023,3.809,30.892220,143.367400
wm_upload_wikimedia_org_54f20cee0ebfced0,illustration,C2,2.0000,0.0200,0.5000,0.7000,2,75,high,512,512,46128,1.407715,3.892,26.185394,129.462709
wm_upload_wikimedia_org_54f20cee0ebfced0,illustration,C2,2.0000,0.0200,0.5000,0.7000,2,85,high,512,512,54558,1.664978,4.108,23.864213,122.384070
wm_upload_wikimedia_org_54f20cee0ebfced0,illustration,C2,2.0000,0.0200,0.5000,0.7000,2,95,high,512,512,75419,2.301605,4.614,21.252070,116.646936
wm_upload_wikimedia_org_54f20cee0ebfced0,illustration,C3,2.0000,0.0200,0.5000,0.5000,2,5,low,512,512,16589,0.506256,3.914,65.601427,425.314039
wm_upload_wikimedia_org_54f20cee0ebfced0,illustration,C3,2.0000,0.0200,0.5000,0.5000,2,15,low,512,512,22517,0.687164,3.166,49.858081,285.638932
wm_upload_wikimedia_org_54f20cee0ebfced0,illustration,C3,2.0000,0.0200,0.5000,0.5000,2,30,low,512,512,30841,0.941193,3.451,37.480989,182.504200
wm_upload_wikimedia_org_54f20cee0ebfced0,illustration,C3,2.0000,0.0200,0.5000,0.5000,2,45,mid,512,512,34259,1.045502,3.525,34.541357,160.491636
wm_upload_wikimedia_org_54f20cee0ebfced0,illustration,C3,2.0000,0.0200,0.5000,0.5000,2,60,mid,512,512,38751,1.182587,3.793,30.913158,144.049819
wm_upload_wikimedia_org_54f20cee0ebfced0,illustration,C3,2.0000,0.0200,0.5000,0.5000,2,75,high,512,512,46165,1.408844,3.855,26.230437,130.009963
wm_upload_wikimedia_org_54f20cee0ebfced0,illustration,C3,2.0000,0.0200,0.5000,0.5000,2,85,high,512,512,54589,1.665924,3.835,23.886688,122.538453
wm_upload_wikimedia_org_54f20cee0ebfced0,illustration,C3,2.0000,0.0200,0.5000,0.5000,2,95,high,512,512,75385,2.300568,4.374,21.242601,116.647508
wm_upload_wikimedia_org_54f20cee0ebfced0,illustration,C4,2.0000,0.0200,0.5000,0.3000,2,5,low,512,512,16589,0.506256,3.216,65.601427,425.314039
wm_upload_wikimedia_org_54f20cee0ebfced0,illustration,C4,2.0000,0.0200,0.5000,0.3000,2,15,low,512,512,22517,0.687164,3.385,49.858081,285.638932
wm_upload_wikimedia_org_54f20cee0ebfced0,illustration,C4,2.0000,0.0200,0.5000,0.3000,2,30,low,512,512,30841,0.941193,3.795,37.485603,182.506371
wm_upload_wikimedia_org_54f20cee0ebfced0,illustration,C4,2.0000,0.0200,0.5000,0.3000,2,45,mid,512,512,34259,1.045502,4.154,34.541357,160.491636
wm_upload_wikimedia_org_54f20cee0ebfced0,illustration,C4,2.0000,0.0200,0.5000,0.3000,2,60,mid,512,512,38736,1.182129,4.003,30.913945,144.056688
wm_upload_wikimedia_org_54f20cee0ebfced0,illustration,C4,2.0000,0.0200,0.5000,0.3000,2,75,high,512,512,46176,1.409180,4.310,26.223658,130.009535
wm_upload_wikimedia_org_54f20cee0ebfced0,illustration,C4,2.0000,0.0200,0.5000,0.3000,2,85,high,512,512,54594,1.666077,3.899,23.869996,122.548795
wm_upload_wikimedia_org_54f20cee0ebfced0,illustration,C4,2.0000,0.0200,0.5000,0.3000,2,95,high,512,512,75397,2.300934,4.602,21.242355,116.647998
wm_upload_wikimedia_org_54f20cee0ebfced0,illustration,C5,2.0000,0.0200,0.5000,0.1500,2,5,low,512,512,16589,0.506256,3.346,65.601427,425.314039
wm_upload_wikimedia_org_54f20cee0ebfced0,illustration,C5,2.0000,0.0200,0.5000,0.1500,2,15,low,512,512,22517,0.687164,3.286,49.858081,285.638932
wm_upload_wikimedia_org_54f20cee0ebfced0,illustration,C5,2.0000,0.0200,0.5000,0.1500,2,30,low,512,512,30841,0.941193,3.885,37.485603,182.506371
wm_upload_wikimedia_org_54f20cee0ebfced0,illustration,C5,2.0000,0.0200,0.5000,0.1500,2,45,mid,512,512,34259,1.045502,3.790,34.541357,160.491636
wm_upload_wikimedia_org_54f20cee0ebfced0,illustration,C5,2.0000,0.0200,0.5000,0.1500,2,60,mid,512,512,38736,1.182129,3.871,30.913945,144.056688
wm_upload_wikimedia_org_54f20cee0ebfced0,illustration,C5,2.0000,0.0200,0.5000,0.1500,2,75,high,512,512,46176,1.409180,4.251,26.223658,130.009535
wm_upload_wikimedia_org_54f20cee0ebfced0,illustration,C5,2.0000,0.0200,0.5000,0.1500,2,85,high,512,512,54594,1.666077,4.013,23.869996,122.548795
wm_upload_wikimedia_org_54f20cee0ebfced0,illustration,C5,2.0000,0.0200,0.5000,0.1500,2,95,high,512,512,75397,2.300934,4.391,21.242355,116.647998
wm_upload_wikimedia_org_54f20cee0ebfced0,illustration,C6,2.0000,0.0200,1.0000,0.3000,2,5,low,512,512,16589,0.506256,3.065,65.601427,425.314039
wm_upload_wikimedia_org_54f20cee0ebfced0,illustration,C6,2.0000,0.0200,1.0000,0.3000,2,15,low,512,512,22517,0.687164,3.204,49.858081,285.638932
wm_upload_wikimedia_org_54f20cee0ebfced0,illustration,C6,2.0000,0.0200,1.0000,0.3000,2,30,low,512,512,30841,0.941193,3.395,37.485603,182.506371
wm_upload_wikimedia_org_54f20cee0ebfced0,illustration,C6,2.0000,0.0200,1.0000,0.3000,2,45,mid,512,512,34259,1.045502,3.991,34.541357,160.491636
wm_upload_wikimedia_org_54f20cee0ebfced0,illustration,C6,2.0000,0.0200,1.0000,0.3000,2,60,mid,512,512,38736,1.182129,3.922,30.913945,144.056688
wm_upload_wikimedia_org_54f20cee0ebfced0,illustration,C6,2.0000,0.0200,1.0000,0.3000,2,75,high,512,512,46176,1.409180,3.794,26.223658,130.009535
wm_upload_wikimedia_org_54f20cee0ebfced0,illustration,C6,2.0000,0.0200,1.0000,0.3000,2,85,high,512,512,54594,1.666077,4.119,23.869996,122.548795
wm_upload_wikimedia_org_54f20cee0ebfced0,illustration,C6,2.0000,0.0200,1.0000,0.3000,2,95,high,512,512,75389,2.300690,4.270,21.247405,116.647994
wm_upload_wikimedia_org_54f20cee0ebfced0,illustration,OFF,0.0000,0.0000,0.0000,0.0000,0,5,low,512,512,14369,0.438507,1.962,70.049176,560.805405
wm_upload_wikimedia_org_54f20cee0ebfced0,illustration,OFF,0.0000,0.0000,0.0000,0.0000,0,15,low,512,512,19150,0.584412,2.072,56.436423,422.514217
wm_upload_wikimedia_org_54f20cee0ebfced0,illustration,OFF,0.0000,0.0000,0.0000,0.0000,0,30,low,512,512,26761,0.816681,2.769,43.211376,270.685028
wm_upload_wikimedia_org_54f20cee0ebfced0,illustration,OFF,0.0000,0.0000,0.0000,0.0000,0,45,mid,512,512,30223,0.922333,2.778,38.904933,224.288635
wm_upload_wikimedia_org_54f20cee0ebfced0,illustration,OFF,0.0000,0.0000,0.0000,0.0000,0,60,mid,512,512,35112,1.071533,3.290,33.317110,180.272058
wm_upload_wikimedia_org_54f20cee0ebfced0,illustration,OFF,0.0000,0.0000,0.0000,0.0000,0,75,high,512,512,43099,1.315277,2.889,27.241947,143.392825
wm_upload_wikimedia_org_54f20cee0ebfced0,illustration,OFF,0.0000,0.0000,0.0000,0.0000,0,85,high,512,512,51619,1.575287,3.151,24.278018,127.648418
wm_upload_wikimedia_org_54f20cee0ebfced0,illustration,OFF,0.0000,0.0000,0.0000,0.0000,0,95,high,512,512,74046,2.259705,4.006,21.318305,117.085353
wm_upload_wikimedia_org_622ac1674a76f8f8,screen_chart,C1,2.0000,0.0200,0.5000,1.0000,2,5,low,512,512,4192,0.127930,3.160,53.770989,45.653848
wm_upload_wikimedia_org_622ac1674a76f8f8,screen_chart,C1,2.0000,0.0200,0.5000,1.0000,2,15,low,512,512,5687,0.173553,3.187,38.342171,31.577195
wm_upload_wikimedia_org_622ac1674a76f8f8,screen_chart,C1,2.0000,0.0200,0.5000,1.0000,2,30,low,512,512,7545,0.230255,3.228,28.047435,21.845834
wm_upload_wikimedia_org_622ac1674a76f8f8,screen_chart,C1,2.0000,0.0200,0.5000,1.0000,2,45,mid,512,512,8522,0.260071,3.824,24.838437,18.155838
wm_upload_wikimedia_org_622ac1674a76f8f8,screen_chart,C1,2.0000,0.0200,0.5000,1.0000,2,60,mid,512,512,9754,0.297668,3.740,21.142713,14.113351
wm_upload_wikimedia_org_622ac1674a76f8f8,screen_chart,C1,2.0000,0.0200,0.5000,1.0000,2,75,high,512,512,11985,0.365753,2.987,17.076436,9.977221
wm_upload_wikimedia_org_622ac1674a76f8f8,screen_chart,C1,2.0000,0.0200,0.5000,1.0000,2,85,high,512,512,14904,0.454834,3.654,14.582527,7.316603
wm_upload_wikimedia_org_622ac1674a76f8f8,screen_chart,C1,2.0000,0.0200,0.5000,1.0000,2,95,high,512,512,23475,0.716400,2.753,10.724617,4.586479
wm_upload_wikimedia_org_622ac1674a76f8f8,screen_chart,C2,2.0000,0.0200,0.5000,0.7000,2,5,low,512,512,4294,0.131042,2.475,53.972806,42.100638
wm_upload_wikimedia_org_622ac1674a76f8f8,screen_chart,C2,2.0000,0.0200,0.5000,0.7000,2,15,low,512,512,5808,0.177246,2.533,38.783981,28.774731
wm_upload_wikimedia_org_622ac1674a76f8f8,screen_chart,C2,2.0000,0.0200,0.5000,0.7000,2,30,low,512,512,7716,0.235474,2.726,28.230504,20.713953
wm_upload_wikimedia_org_622ac1674a76f8f8,screen_chart,C2,2.0000,0.0200,0.5000,0.7000,2,45,mid,512,512,8697,0.265411,2.912,25.093496,17.216214
wm_upload_wikimedia_org_622ac1674a76f8f8,screen_chart,C2,2.0000,0.0200,0.5000,0.7000,2,60,mid,512,512,9951,0.303680,2.829,21.309739,13.486932
wm_upload_wikimedia_org_622ac1674a76f8f8,screen_chart,C2,2.0000,0.0200,0.5000,0.7000,2,75,high,512,512,12267,0.374359,2.733,17.250202,9.269780
wm_upload_wikimedia_org_622ac1674a76f8f8,screen_chart,C2,2.0000,0.0200,0.5000,0.7000,2,85,high,512,512,15190,0.463562,2.431,14.582802,6.878067
wm_upload_wikimedia_org_622ac1674a76f8f8,screen_chart,C2,2.0000,0.0200,0.5000,0.7000,2,95,high,512,512,23751,0.724823,2.710,10.637739,4.490271
wm_upload_wikimedia_org_622ac1674a76f8f8,screen_chart,C3,2.0000,0.0200,0.5000,0.5000,2,5,low,512,512,4294,0.131042,2.453,53.972806,42.100638
wm_upload_wikimedia_org_622ac1674a76f8f8,screen_chart,C3,2.0000,0.0200,0.5000,0.5000,2,15,low,512,512,5811,0.177338,2.563,38.773108,28.800324
wm_upload_wikimedia_org_622ac1674a76f8f8,screen_chart,C3,2.0000,0.0200,0.5000,0.5000,2,30,low,512,512,7718,0.235535,2.595,28.234445,20.742829
wm_upload_wikimedia_org_622ac1674a76f8f8,screen_chart,C3,2.0000,0.0200,0.5000,0.5000,2,45,mid,512,512,8701,0.265533,2.896,25.082392,17.233770
wm_upload_wikimedia_org_622ac1674a76f8f8,screen_chart,C3,2.0000,0.0200,0.5000,0.5000,2,60,mid,512,512,9949,0.303619,2.688,21.286065,13.486147
wm_upload_wikimedia_org_622ac1674a76f8f8,screen_chart,C3,2.0000,0.0200,0.5000,0.5000,2,75,high,512,512,12267,0.374359,2.771,17.250202,9.269780
wm_upload_wikimedia_org_622ac1674a76f8f8,screen_chart,C3,2.0000,0.0200,0.5000,0.5000,2,85,high,512,512,15189,0.463531,2.478,14.572785,6.882335
wm_upload_wikimedia_org_622ac1674a76f8f8,screen_chart,C3,2.0000,0.0200,0.5000,0.5000,2,95,high,512,512,23755,0.724945,2.678,10.547129,4.490866
wm_upload_wikimedia_org_622ac1674a76f8f8,screen_chart,C4,2.0000,0.0200,0.5000,0.3000,2,5,low,512,512,4294,0.131042,2.514,53.972806,42.100638
wm_upload_wikimedia_org_622ac1674a76f8f8,screen_chart,C4,2.0000,0.0200,0.5000,0.3000,2,15,low,512,512,5811,0.177338,2.517,38.773108,28.800324
wm_upload_wikimedia_org_622ac1674a76f8f8,screen_chart,C4,2.0000,0.0200,0.5000,0.3000,2,30,low,512,512,7718,0.235535,2.604,28.234445,20.742829
wm_upload_wikimedia_org_622ac1674a76f8f8,screen_chart,C4,2.0000,0.0200,0.5000,0.3000,2,45,mid,512,512,8701,0.265533,2.586,25.082392,17.233770
wm_upload_wikimedia_org_622ac1674a76f8f8,screen_chart,C4,2.0000,0.0200,0.5000,0.3000,2,60,mid,512,512,9949,0.303619,2.745,21.286065,13.486147
wm_upload_wikimedia_org_622ac1674a76f8f8,screen_chart,C4,2.0000,0.0200,0.5000,0.3000,2,75,high,512,512,12267,0.374359,2.734,17.250202,9.269780
wm_upload_wikimedia_org_622ac1674a76f8f8,screen_chart,C4,2.0000,0.0200,0.5000,0.3000,2,85,high,512,512,15189,0.463531,2.454,14.572785,6.882335
wm_upload_wikimedia_org_622ac1674a76f8f8,screen_chart,C4,2.0000,0.0200,0.5000,0.3000,2,95,high,512,512,23755,0.724945,2.797,10.547129,4.490866
wm_upload_wikimedia_org_622ac1674a76f8f8,screen_chart,C5,2.0000,0.0200,0.5000,0.1500,2,5,low,512,512,4294,0.131042,2.427,53.972806,42.100638
wm_upload_wikimedia_org_622ac1674a76f8f8,screen_chart,C5,2.0000,0.0200,0.5000,0.1500,2,15,low,512,512,5811,0.177338,2.541,38.773108,28.800324
wm_upload_wikimedia_org_622ac1674a76f8f8,screen_chart,C5,2.0000,0.0200,0.5000,0.1500,2,30,low,512,512,7718,0.235535,2.578,28.234445,20.742829
wm_upload_wikimedia_org_622ac1674a76f8f8,screen_chart,C5,2.0000,0.0200,0.5000,0.1500,2,45,mid,512,512,8701,0.265533,2.611,25.082392,17.233770
wm_upload_wikimedia_org_622ac1674a76f8f8,screen_chart,C5,2.0000,0.0200,0.5000,0.1500,2,60,mid,512,512,9949,0.303619,2.725,21.286065,13.486147
wm_upload_wikimedia_org_622ac1674a76f8f8,screen_chart,C5,2.0000,0.0200,0.5000,0.1500,2,75,high,512,512,12267,0.374359,2.743,17.250202,9.269780
wm_upload_wikimedia_org_622ac1674a76f8f8,screen_chart,C5,2.0000,0.0200,0.5000,0.1500,2,85,high,512,512,15189,0.463531,2.541,14.572785,6.882335
wm_upload_wikimedia_org_622ac1674a76f8f8,screen_chart,C5,2.0000,0.0200,0.5000,0.1500,2,95,high,512,512,23755,0.724945,2.713,10.547129,4.490866
wm_upload_wikimedia_org_622ac1674a76f8f8,screen_chart,C6,2.0000,0.0200,1.0000,0.3000,2,5,low,512,512,4294,0.131042,2.461,53.972806,42.100638
wm_upload_wikimedia_org_622ac1674a76f8f8,screen_chart,C6,2.0000,0.0200,1.0000,0.3000,2,15,low,512,512,5811,0.177338,2.436,38.773108,28.800324
wm_upload_wikimedia_org_622ac1674a76f8f8,screen_chart,C6,2.0000,0.0200,1.0000,0.3000,2,30,low,512,512,7718,0.235535,2.624,28.234445,20.742829
wm_upload_wikimedia_org_622ac1674a76f8f8,screen_chart,C6,2.0000,0.0200,1.0000,0.3000,2,45,mid,512,512,8701,0.265533,2.533,25.082392,17.233770
wm_upload_wikimedia_org_622ac1674a76f8f8,screen_chart,C6,2.0000,0.0200,1.0000,0.3000,2,60,mid,512,512,9949,0.303619,2.769,21.286065,13.486147
wm_upload_wikimedia_org_622ac1674a76f8f8,screen_chart,C6,2.0000,0.0200,1.0000,0.3000,2,75,high,512,512,12267,0.374359,2.758,17.250202,9.269780
wm_upload_wikimedia_org_622ac1674a76f8f8,screen_chart,C6,2.0000,0.0200,1.0000,0.3000,2,85,high,512,512,15189,0.463531,2.442,14.572785,6.882335
wm_upload_wikimedia_org_622ac1674a76f8f8,screen_chart,C6,2.0000,0.0200,1.0000,0.3000,2,95,high,512,512,23755,0.724945,2.688,10.547129,4.490866
wm_upload_wikimedia_org_622ac1674a76f8f8,screen_chart,OFF,0.0000,0.0000,0.0000,0.0000,0,5,low,512,512,4088,0.124756,1.428,53.897480,50.342817
wm_upload_wikimedia_org_622ac1674a76f8f8,screen_chart,OFF,0.0000,0.0000,0.0000,0.0000,0,15,low,512,512,5611,0.171234,1.589,38.357958,33.331402
wm_upload_wikimedia_org_622ac1674a76f8f8,screen_chart,OFF,0.0000,0.0000,0.0000,0.0000,0,30,low,512,512,7450,0.227356,1.494,28.212675,22.663238
wm_upload_wikimedia_org_622ac1674a76f8f8,screen_chart,OFF,0.0000,0.0000,0.0000,0.0000,0,45,mid,512,512,8437,0.257477,1.593,24.874111,19.101044
wm_upload_wikimedia_org_622ac1674a76f8f8,screen_chart,OFF,0.0000,0.0000,0.0000,0.0000,0,60,mid,512,512,9660,0.294800,1.837,21.225685,14.900276
wm_upload_wikimedia_org_622ac1674a76f8f8,screen_chart,OFF,0.0000,0.0000,0.0000,0.0000,0,75,high,512,512,11884,0.362671,1.690,17.206411,10.411427
wm_upload_wikimedia_org_622ac1674a76f8f8,screen_chart,OFF,0.0000,0.0000,0.0000,0.0000,0,85,high,512,512,14785,0.451202,1.791,14.759336,7.593263
wm_upload_wikimedia_org_622ac1674a76f8f8,screen_chart,OFF,0.0000,0.0000,0.0000,0.0000,0,95,high,512,512,23360,0.712891,2.171,10.651679,4.643681
wm_upload_wikimedia_org_7f61ee9ebb1883b8,illustration,C1,2.0000,0.0200,0.5000,1.0000,2,5,low,512,512,5944,0.181396,2.582,84.750980,131.801854
wm_upload_wikimedia_org_7f61ee9ebb1883b8,illustration,C1,2.0000,0.0200,0.5000,1.0000,2,15,low,512,512,7893,0.240875,2.617,74.042921,97.235745
wm_upload_wikimedia_org_7f61ee9ebb1883b8,illustration,C1,2.0000,0.0200,0.5000,1.0000,2,30,low,512,512,10463,0.319305,2.699,71.817458,68.340540
wm_upload_wikimedia_org_7f61ee9ebb1883b8,illustration,C1,2.0000,0.0200,0.5000,1.0000,2,45,mid,512,512,11674,0.356262,2.738,68.227321,60.290471
wm_upload_wikimedia_org_7f61ee9ebb1883b8,illustration,C1,2.0000,0.0200,0.5000,1.0000,2,60,mid,512,512,13400,0.408936,2.796,66.899587,52.445148
wm_upload_wikimedia_org_7f61ee9ebb1883b8,illustration,C1,2.0000,0.0200,0.5000,1.0000,2,75,high,512,512,16343,0.498749,3.255,63.130907,43.549170
wm_upload_wikimedia_org_7f61ee9ebb1883b8,illustration,C1,2.0000,0.0200,0.5000,1.0000,2,85,high,512,512,19862,0.606140,2.571,62.115836,38.069891
wm_upload_wikimedia_org_7f61ee9ebb1883b8,illustration,C1,2.0000,0.0200,0.5000,1.0000,2,95,high,512,512,29961,0.914337,2.939,59.799609,33.515344
wm_upload_wikimedia_org_7f61ee9ebb1883b8,illustration,C2,2.0000,0.0200,0.5000,0.7000,2,5,low,512,512,6175,0.188446,2.715,83.500591,125.858901
wm_upload_wikimedia_org_7f61ee9ebb1883b8,illustration,C2,2.0000,0.0200,0.5000,0.7000,2,15,low,512,512,8189,0.249908,2.752,73.572361,91.378084
wm_upload_wikimedia_org_7f61ee9ebb1883b8,illustration,C2,2.0000,0.0200,0.5000,0.7000,2,30,low,512,512,10820,0.330200,2.693,71.581001,64.376755
wm_upload_wikimedia_org_7f61ee9ebb1883b8,illustration,C2,2.0000,0.0200,0.5000,0.7000,2,45,mid,512,512,12062,0.368103,2.715,68.085993,56.757256
wm_upload_wikimedia_org_7f61ee9ebb1883b8,illustration,C2,2.0000,0.0200,0.5000,0.7000,2,60,mid,512,512,13848,0.422607,2.815,66.829705,49.795041
wm_upload_wikimedia_org_7f61ee9ebb1883b8,illustration,C2,2.0000,0.0200,0.5000,0.7000,2,75,high,512,512,16749,0.511139,2.951,62.996093,42.589321
wm_upload_wikimedia_org_7f61ee9ebb1883b8,illustration,C2,2.0000,0.0200,0.5000,0.7000,2,85,high,512,512,20290,0.619202,2.455,61.918050,37.501792
wm_upload_wikimedia_org_7f61ee9ebb1883b8,illustration,C2,2.0000,0.0200,0.5000,0.7000,2,95,high,512,512,30318,0.925232,2.783,59.722702,33.463699
wm_upload_wikimedia_org_7f61ee9ebb1883b8,illustration,C3,2.0000,0.0200,0.5000,0.5000,2,5,low,512,512,6171,0.188324,2.618,83.535020,127.375670
wm_upload_wikimedia_org_7f61ee9ebb1883b8,illustration,C3,2.0000,0.0200,0.5000,0.5000,2,15,low,512,512,8185,0.249786,2.609,73.606490,93.087797
wm_upload_wikimedia_org_7f61ee9ebb1883b8,illustration,C3,2.0000,0.0200,0.5000,0.5000,2,30,low,512,512,10890,0.332336,2.692,71.586484,64.827244
wm_upload_wikimedia_org_7f61ee9ebb1883b8,illustration,C3,2.0000,0.0200,0.5000,0.5000,2,45,mid,512,512,12120,0.369873,2.727,68.077248,57.335382
wm_upload_wikimedia_org_7f61ee9ebb1883b8,illustration,C3,2.0000,0.0200,0.5000,0.5000,2,60,mid,512,512,13868,0.423218,2.822,66.843277,49.976767
wm_upload_wikimedia_org_7f61ee9ebb1883b8,illustration,C3,2.0000,0.0200,0.5000,0.5000,2,75,high,512,512,16768,0.511719,2.960,62.978646,42.668212
wm_upload_wikimedia_org_7f61ee9ebb1883b8,illustration,C3,2.0000,0.0200,0.5000,0.5000,2,85,high,512,512,20330,0.620422,2.573,61.930116,37.500365
wm_upload_wikimedia_org_7f61ee9ebb1883b8,illustration,C3,2.0000,0.0200,0.5000,0.5000,2,95,high,512,512,30349,0.926178,2.813,59.729964,33.465621
wm_upload_wikimedia_org_7f61ee9ebb1883b8,illustration,C4,2.0000,0.0200,0.5000,0.3000,2,5,low,512,512,6171,0.188324,2.763,83.535020,127.375670
wm_upload_wikimedia_org_7f61ee9ebb1883b8,illustration,C4,2.0000,0.0200,0.5000,0.3000,2,15,low,512,512,8185,0.249786,2.744,73.606490,93.087797
wm_upload_wikimedia_org_7f61ee9ebb1883b8,illustration,C4,2.0000,0.0200,0.5000,0.3000,2,30,low,512,512,10890,0.332336,2.788,71.586484,64.827244
wm_upload_wikimedia_org_7f61ee9ebb1883b8,illustration,C4,2.0000,0.0200,0.5000,0.3000,2,45,mid,512,512,12116,0.369751,2.930,68.075552,57.337772
wm_upload_wikimedia_org_7f61ee9ebb1883b8,illustration,C4,2.0000,0.0200,0.5000,0.3000,2,60,mid,512,512,13868,0.423218,2.846,66.832536,49.998352
wm_upload_wikimedia_org_7f61ee9ebb1883b8,illustration,C4,2.0000,0.0200,0.5000,0.3000,2,75,high,512,512,16770,0.511780,2.976,62.972009,42.674699
wm_upload_wikimedia_org_7f61ee9ebb1883b8,illustration,C4,2.0000,0.0200,0.5000,0.3000,2,85,high,512,512,20329,0.620392,2.623,61.937247,37.499108
wm_upload_wikimedia_org_7f61ee9ebb1883b8,illustration,C4,2.0000,0.0200,0.5000,0.3000,2,95,high,512,512,30350,0.926208,3.231,59.729479,33.465113
wm_upload_wikimedia_org_7f61ee9ebb1883b8,illustration,C5,2.0000,0.0200,0.5000,0.1500,2,5,low,512,512,6171,0.188324,2.554,83.535020,127.375670
wm_upload_wikimedia_org_7f61ee9ebb1883b8,illustration,C5,2.0000,0.0200,0.5000,0.1500,2,15,low,512,512,8185,0.249786,2.552,73.606490,93.087797
wm_upload_wikimedia_org_7f61ee9ebb1883b8,illustration,C5,2.0000,0.0200,0.5000,0.1500,2,30,low,512,512,10890,0.332336,2.716,71.586484,64.827244
wm_upload_wikimedia_org_7f61ee9ebb1883b8,illustration,C5,2.0000,0.0200,0.5000,0.1500,2,45,mid,512,512,12116,0.369751,2.804,68.075552,57.337772
wm_upload_wikimedia_org_7f61ee9ebb1883b8,illustration,C5,2.0000,0.0200,0.5000,0.1500,2,60,mid,512,512,13868,0.423218,2.778,66.832536,49.998352
wm_upload_wikimedia_org_7f61ee9ebb1883b8,illustration,C5,2.0000,0.0200,0.5000,0.1500,2,75,high,512,512,16770,0.511780,2.929,62.972009,42.674699
wm_upload_wikimedia_org_7f61ee9ebb1883b8,illustration,C5,2.0000,0.0200,0.5000,0.1500,2,85,high,512,512,20329,0.620392,2.503,61.937247,37.499108
wm_upload_wikimedia_org_7f61ee9ebb1883b8,illustration,C5,2.0000,0.0200,0.5000,0.1500,2,95,high,512,512,30350,0.926208,3.486,59.729479,33.465113
wm_upload_wikimedia_org_7f61ee9ebb1883b8,illustration,C6,2.0000,0.0200,1.0000,0.3000,2,5,low,512,512,6171,0.188324,2.566,83.535020,127.375670
wm_upload_wikimedia_org_7f61ee9ebb1883b8,illustration,C6,2.0000,0.0200,1.0000,0.3000,2,15,low,512,512,8185,0.249786,3.261,73.606490,93.087797
wm_upload_wikimedia_org_7f61ee9ebb1883b8,illustration,C6,2.0000,0.0200,1.0000,0.3000,2,30,low,512,512,10890,0.332336,3.142,71.586484,64.827244
wm_upload_wikimedia_org_7f61ee9ebb1883b8,illustration,C6,2.0000,0.0200,1.0000,0.3000,2,45,mid,512,512,12116,0.369751,2.984,68.075552,57.337772
wm_upload_wikimedia_org_7f61ee9ebb1883b8,illustration,C6,2.0000,0.0200,1.0000,0.3000,2,60,mid,512,512,13868,0.423218,2.825,66.832536,49.998352
wm_upload_wikimedia_org_7f61ee9ebb1883b8,illustration,C6,2.0000,0.0200,1.0000,0.3000,2,75,high,512,512,16770,0.511780,3.155,62.972009,42.674699
wm_upload_wikimedia_org_7f61ee9ebb1883b8,illustration,C6,2.0000,0.0200,1.0000,0.3000,2,85,high,512,512,20330,0.620422,2.499,61.935504,37.498321
wm_upload_wikimedia_org_7f61ee9ebb1883b8,illustration,C6,2.0000,0.0200,1.0000,0.3000,2,95,high,512,512,30347,0.926117,3.510,59.730228,33.465195
wm_upload_wikimedia_org_7f61ee9ebb1883b8,illustration,OFF,0.0000,0.0000,0.0000,0.0000,0,5,low,512,512,5737,0.175079,1.645,85.307085,145.159976
wm_upload_wikimedia_org_7f61ee9ebb1883b8,illustration,OFF,0.0000,0.0000,0.0000,0.0000,0,15,low,512,512,7587,0.231537,1.705,74.527215,112.775257
wm_upload_wikimedia_org_7f61ee9ebb1883b8,illustration,OFF,0.0000,0.0000,0.0000,0.0000,0,30,low,512,512,10046,0.306580,1.787,72.345406,79.058796
wm_upload_wikimedia_org_7f61ee9ebb1883b8,illustration,OFF,0.0000,0.0000,0.0000,0.0000,0,45,mid,512,512,11216,0.342285,1.647,68.605740,68.748923
wm_upload_wikimedia_org_7f61ee9ebb1883b8,illustration,OFF,0.0000,0.0000,0.0000,0.0000,0,60,mid,512,512,12879,0.393036,1.864,67.190953,58.279088
wm_upload_wikimedia_org_7f61ee9ebb1883b8,illustration,OFF,0.0000,0.0000,0.0000,0.0000,0,75,high,512,512,15763,0.481049,1.774,63.352574,46.807900
wm_upload_wikimedia_org_7f61ee9ebb1883b8,illustration,OFF,0.0000,0.0000,0.0000,0.0000,0,85,high,512,512,19236,0.587036,2.350,62.277471,39.789071
wm_upload_wikimedia_org_7f61ee9ebb1883b8,illustration,OFF,0.0000,0.0000,0.0000,0.0000,0,95,high,512,512,29382,0.896667,2.240,59.897948,33.768977
wm_upload_wikimedia_org_8fba52fa835a0481,screen_chart,C1,2.0000,0.0200,0.5000,1.0000,2,5,low,512,512,12982,0.396179,3.663,59.837136,499.651584
wm_upload_wikimedia_org_8fba52fa835a0481,screen_chart,C1,2.0000,0.0200,0.5000,1.0000,2,15,low,512,512,18090,0.552063,3.988,51.001319,301.563297
wm_upload_wikimedia_org_8fba52fa835a0481,screen_chart,C1,2.0000,0.0200,0.5000,1.0000,2,30,low,512,512,25641,0.782501,3.407,43.982242,173.194746
wm_upload_wikimedia_org_8fba52fa835a0481,screen_chart,C1,2.0000,0.0200,0.5000,1.0000,2,45,mid,512,512,28673,0.875031,3.854,42.031114,152.767221
wm_upload_wikimedia_org_8fba52fa835a0481,screen_chart,C1,2.0000,0.0200,0.5000,1.0000,2,60,mid,512,512,32683,0.997406,3.781,39.890160,133.271393
wm_upload_wikimedia_org_8fba52fa835a0481,screen_chart,C1,2.0000,0.0200,0.5000,1.0000,2,75,high,512,512,38657,1.179718,4.704,37.750492,120.105483
wm_upload_wikimedia_org_8fba52fa835a0481,screen_chart,C1,2.0000,0.0200,0.5000,1.0000,2,85,high,512,512,45201,1.379425,4.310,36.679035,113.397202
wm_upload_wikimedia_org_8fba52fa835a0481,screen_chart,C1,2.0000,0.0200,0.5000,1.0000,2,95,high,512,512,60683,1.851898,5.186,35.422861,108.365315
wm_upload_wikimedia_org_8fba52fa835a0481,screen_chart,C2,2.0000,0.0200,0.5000,0.7000,2,5,low,512,512,14023,0.427948,3.035,59.827364,414.454630
wm_upload_wikimedia_org_8fba52fa835a0481,screen_chart,C2,2.0000,0.0200,0.5000,0.7000,2,15,low,512,512,19435,0.593109,3.168,51.717180,245.291215
wm_upload_wikimedia_org_8fba52fa835a0481,screen_chart,C2,2.0000,0.0200,0.5000,0.7000,2,30,low,512,512,26437,0.806793,3.390,44.493345,159.555993
wm_upload_wikimedia_org_8fba52fa835a0481,screen_chart,C2,2.0000,0.0200,0.5000,0.7000,2,45,mid,512,512,29435,0.898285,3.527,42.380780,142.729158
wm_upload_wikimedia_org_8fba52fa835a0481,screen_chart,C2,2.0000,0.0200,0.5000,0.7000,2,60,mid,512,512,33173,1.012360,3.726,40.037968,129.685895
wm_upload_wikimedia_org_8fba52fa835a0481,screen_chart,C2,2.0000,0.0200,0.5000,0.7000,2,75,high,512,512,38972,1.189331,3.984,37.699294,119.271771
wm_upload_wikimedia_org_8fba52fa835a0481,screen_chart,C2,2.0000,0.0200,0.5000,0.7000,2,85,high,512,512,45428,1.386353,3.881,36.666663,113.240696
wm_upload_wikimedia_org_8fba52fa835a0481,screen_chart,C2,2.0000,0.0200,0.5000,0.7000,2,95,high,512,512,60740,1.853638,4.055,35.425730,108.361283
wm_upload_wikimedia_org_8fba52fa835a0481,screen_chart,C3,2.0000,0.0200,0.5000,0.5000,2,5,low,512,512,13953,0.425812,3.039,60.291572,429.156123
wm_upload_wikimedia_org_8fba52fa835a0481,screen_chart,C3,2.0000,0.0200,0.5000,0.5000,2,15,low,512,512,19415,0.592499,3.189,52.043280,249.147266
wm_upload_wikimedia_org_8fba52fa835a0481,screen_chart,C3,2.0000,0.0200,0.5000,0.5000,2,30,low,512,512,26448,0.807129,3.465,44.639258,161.077002
wm_upload_wikimedia_org_8fba52fa835a0481,screen_chart,C3,2.0000,0.0200,0.5000,0.5000,2,45,mid,512,512,29443,0.898529,3.511,42.567277,143.156846
wm_upload_wikimedia_org_8fba52fa835a0481,screen_chart,C3,2.0000,0.0200,0.5000,0.5000,2,60,mid,512,512,33182,1.012634,3.577,40.073843,130.219783
wm_upload_wikimedia_org_8fba52fa835a0481,screen_chart,C3,2.0000,0.0200,0.5000,0.5000,2,75,high,512,512,38987,1.189789,3.756,37.726239,119.323933
wm_upload_wikimedia_org_8fba52fa835a0481,screen_chart,C3,2.0000,0.0200,0.5000,0.5000,2,85,high,512,512,45419,1.386078,3.600,36.668356,113.262152
wm_upload_wikimedia_org_8fba52fa835a0481,screen_chart,C3,2.0000,0.0200,0.5000,0.5000,2,95,high,512,512,60762,1.854309,3.935,35.432452,108.357595
wm_upload_wikimedia_org_8fba52fa835a0481,screen_chart,C4,2.0000,0.0200,0.5000,0.3000,2,5,low,512,512,13953,0.425812,3.155,60.291572,429.156123
wm_upload_wikimedia_org_8fba52fa835a0481,screen_chart,C4,2.0000,0.0200,0.5000,0.3000,2,15,low,512,512,19416,0.592529,3.330,52.043482,249.140368
wm_upload_wikimedia_org_8fba52fa835a0481,screen_chart,C4,2.0000,0.0200,0.5000,0.3000,2,30,low,512,512,26455,0.807343,3.512,44.637097,161.081497
wm_upload_wikimedia_org_8fba52fa835a0481,screen_chart,C4,2.0000,0.0200,0.5000,0.3000,2,45,mid,512,512,29454,0.898865,3.655,42.569880,143.164954
wm_upload_wikimedia_org_8fba52fa835a0481,screen_chart,C4,2.0000,0.0200,0.5000,0.3000,2,60,mid,512,512,33179,1.012543,3.660,40.066159,130.219744
wm_upload_wikimedia_org_8fba52fa835a0481,screen_chart,C4,2.0000,0.0200,0.5000,0.3000,2,75,high,512,512,38994,1.190002,3.843,37.720712,119.322020
wm_upload_wikimedia_org_8fba52fa835a0481,screen_chart,C4,2.0000,0.0200,0.5000,0.3000,2,85,high,512,512,45421,1.386139,3.732,36.648593,113.261072
wm_upload_wikimedia_org_8fba52fa835a0481,screen_chart,C4,2.0000,0.0200,0.5000,0.3000,2,95,high,512,512,60762,1.854309,4.189,35.432452,108.357595
wm_upload_wikimedia_org_8fba52fa835a0481,screen_chart,C5,2.0000,0.0200,0.5000,0.1500,2,5,low,512,512,13953,0.425812,3.057,60.291572,429.156123
wm_upload_wikimedia_org_8fba52fa835a0481,screen_chart,C5,2.0000,0.0200,0.5000,0.1500,2,15,low,512,512,19416,0.592529,3.161,52.043482,249.140368
wm_upload_wikimedia_org_8fba52fa835a0481,screen_chart,C5,2.0000,0.0200,0.5000,0.1500,2,30,low,512,512,26455,0.807343,3.402,44.637097,161.081497
wm_upload_wikimedia_org_8fba52fa835a0481,screen_chart,C5,2.0000,0.0200,0.5000,0.1500,2,45,mid,512,512,29454,0.898865,3.436,42.569880,143.164954
wm_upload_wikimedia_org_8fba52fa835a0481,screen_chart,C5,2.0000,0.0200,0.5000,0.1500,2,60,mid,512,512,33179,1.012543,3.628,40.066159,130.219744
wm_upload_wikimedia_org_8fba52fa835a0481,screen_chart,C5,2.0000,0.0200,0.5000,0.1500,2,75,high,512,512,38994,1.190002,3.866,37.720712,119.322020
wm_upload_wikimedia_org_8fba52fa835a0481,screen_chart,C5,2.0000,0.0200,0.5000,0.1500,2,85,high,512,512,45421,1.386139,3.683,36.648593,113.261072
wm_upload_wikimedia_org_8fba52fa835a0481,screen_chart,C5,2.0000,0.0200,0.5000,0.1500,2,95,high,512,512,60762,1.854309,3.999,35.432452,108.357595
wm_upload_wikimedia_org_8fba52fa835a0481,screen_chart,C6,2.0000,0.0200,1.0000,0.3000,2,5,low,512,512,13953,0.425812,3.091,60.291572,429.156123
wm_upload_wikimedia_org_8fba52fa835a0481,screen_chart,C6,2.0000,0.0200,1.0000,0.3000,2,15,low,512,512,19416,0.592529,3.328,52.043482,249.140368
wm_upload_wikimedia_org_8fba52fa835a0481,screen_chart,C6,2.0000,0.0200,1.0000,0.3000,2,30,low,512,512,26455,0.807343,3.377,44.637097,161.081497
wm_upload_wikimedia_org_8fba52fa835a0481,screen_chart,C6,2.0000,0.0200,1.0000,0.3000,2,45,mid,512,512,29454,0.898865,3.498,42.569880,143.164954
wm_upload_wikimedia_org_8fba52fa835a0481,screen_chart,C6,2.0000,0.0200,1.0000,0.3000,2,60,mid,512,512,33179,1.012543,3.589,40.066159,130.219744
wm_upload_wikimedia_org_8fba52fa835a0481,screen_chart,C6,2.0000,0.0200,1.0000,0.3000,2,75,high,512,512,38993,1.189972,3.779,37.721059,119.322004
wm_upload_wikimedia_org_8fba52fa835a0481,screen_chart,C6,2.0000,0.0200,1.0000,0.3000,2,85,high,512,512,45421,1.386139,3.652,36.648593,113.261072
wm_upload_wikimedia_org_8fba52fa835a0481,screen_chart,C6,2.0000,0.0200,1.0000,0.3000,2,95,high,512,512,60762,1.854309,4.062,35.432452,108.357595
wm_upload_wikimedia_org_8fba52fa835a0481,screen_chart,OFF,0.0000,0.0000,0.0000,0.0000,0,5,low,512,512,11961,0.365021,1.922,62.160187,627.267781
wm_upload_wikimedia_org_8fba52fa835a0481,screen_chart,OFF,0.0000,0.0000,0.0000,0.0000,0,15,low,512,512,16621,0.507233,2.048,53.034433,407.302637
wm_upload_wikimedia_org_8fba52fa835a0481,screen_chart,OFF,0.0000,0.0000,0.0000,0.0000,0,30,low,512,512,23994,0.732239,2.320,44.646817,214.323448
wm_upload_wikimedia_org_8fba52fa835a0481,screen_chart,OFF,0.0000,0.0000,0.0000,0.0000,0,45,mid,512,512,27242,0.831360,2.403,42.880316,175.938570
wm_upload_wikimedia_org_8fba52fa835a0481,screen_chart,OFF,0.0000,0.0000,0.0000,0.0000,0,60,mid,512,512,31568,0.963379,2.584,40.470219,144.076738
wm_upload_wikimedia_org_8fba52fa835a0481,screen_chart,OFF,0.0000,0.0000,0.0000,0.0000,0,75,high,512,512,37978,1.158997,2.906,37.933045,123.046013
wm_upload_wikimedia_org_8fba52fa835a0481,screen_chart,OFF,0.0000,0.0000,0.0000,0.0000,0,85,high,512,512,44556,1.359741,2.924,36.723907,114.383930
wm_upload_wikimedia_org_8fba52fa835a0481,screen_chart,OFF,0.0000,0.0000,0.0000,0.0000,0,95,high,512,512,60498,1.846252,3.447,35.418306,108.460751
wm_upload_wikimedia_org_9a5e0653162dfcc7,screen_ui,C1,2.0000,0.0200,0.5000,1.0000,2,5,low,512,352,4434,0.196822,1.920,46.139353,99.292927
wm_upload_wikimedia_org_9a5e0653162dfcc7,screen_ui,C1,2.0000,0.0200,0.5000,1.0000,2,15,low,512,352,5719,0.253862,1.902,38.611015,60.832337
wm_upload_wikimedia_org_9a5e0653162dfcc7,screen_ui,C1,2.0000,0.0200,0.5000,1.0000,2,30,low,512,352,7544,0.334872,2.545,32.172501,36.984690
wm_upload_wikimedia_org_9a5e0653162dfcc7,screen_ui,C1,2.0000,0.0200,0.5000,1.0000,2,45,mid,512,352,8185,0.363326,2.045,29.764667,29.389124
wm_upload_wikimedia_org_9a5e0653162dfcc7,screen_ui,C1,2.0000,0.0200,0.5000,1.0000,2,60,mid,512,352,9294,0.412553,2.056,26.153060,24.690323
wm_upload_wikimedia_org_9a5e0653162dfcc7,screen_ui,C1,2.0000,0.0200,0.5000,1.0000,2,75,high,512,352,10884,0.483132,2.193,21.447322,20.125004
wm_upload_wikimedia_org_9a5e0653162dfcc7,screen_ui,C1,2.0000,0.0200,0.5000,1.0000,2,85,high,512,352,12676,0.562678,1.887,18.748786,18.592434
wm_upload_wikimedia_org_9a5e0653162dfcc7,screen_ui,C1,2.0000,0.0200,0.5000,1.0000,2,95,high,512,352,17509,0.777211,2.214,16.606674,16.944852
wm_upload_wikimedia_org_9a5e0653162dfcc7,screen_ui,C2,2.0000,0.0200,0.5000,0.7000,2,5,low,512,352,4564,0.202592,1.928,46.300309,92.332045
wm_upload_wikimedia_org_9a5e0653162dfcc7,screen_ui,C2,2.0000,0.0200,0.5000,0.7000,2,15,low,512,352,5833,0.258922,2.183,38.615130,56.817215
wm_upload_wikimedia_org_9a5e0653162dfcc7,screen_ui,C2,2.0000,0.0200,0.5000,0.7000,2,30,low,512,352,7682,0.340998,2.285,32.711347,33.809033
wm_upload_wikimedia_org_9a5e0653162dfcc7,screen_ui,C2,2.0000,0.0200,0.5000,0.7000,2,45,mid,512,352,8346,0.370472,2.045,29.714724,27.435396
wm_upload_wikimedia_org_9a5e0653162dfcc7,screen_ui,C2,2.0000,0.0200,0.5000,0.7000,2,60,mid,512,352,9418,0.418058,2.196,26.589369,22.637672
wm_upload_wikimedia_org_9a5e0653162dfcc7,screen_ui,C2,2.0000,0.0200,0.5000,0.7000,2,75,high,512,352,10946,0.485884,2.199,21.341250,19.986418
wm_upload_wikimedia_org_9a5e0653162dfcc7,screen_ui,C2,2.0000,0.0200,0.5000,0.7000,2,85,high,512,352,12730,0.565075,1.967,18.713787,18.522907
wm_upload_wikimedia_org_9a5e0653162dfcc7,screen_ui,C2,2.0000,0.0200,0.5000,0.7000,2,95,high,512,352,17523,0.777832,2.354,16.581963,16.942713
wm_upload_wikimedia_org_9a5e0653162dfcc7,screen_ui,C3,2.0000,0.0200,0.5000,0.5000,2,5,low,512,352,4564,0.202592,1.890,46.300309,92.332045
wm_upload_wikimedia_org_9a5e0653162dfcc7,screen_ui,C3,2.0000,0.0200,0.5000,0.5000,2,15,low,512,352,5833,0.258922,2.022,38.615130,56.817215
wm_upload_wikimedia_org_9a5e0653162dfcc7,screen_ui,C3,2.0000,0.0200,0.5000,0.5000,2,30,low,512,352,7682,0.340998,2.064,32.711347,33.809033
wm_upload_wikimedia_org_9a5e0653162dfcc7,screen_ui,C3,2.0000,0.0200,0.5000,0.5000,2,45,mid,512,352,8346,0.370472,2.111,29.714724,27.435396
wm_upload_wikimedia_org_9a5e0653162dfcc7,screen_ui,C3,2.0000,0.0200,0.5000,0.5000,2,60,mid,512,352,9418,0.418058,2.087,26.589369,22.637672
wm_upload_wikimedia_org_9a5e0653162dfcc7,screen_ui,C3,2.0000,0.0200,0.5000,0.5000,2,75,high,512,352,10946,0.485884,2.733,21.341250,19.986418
wm_upload_wikimedia_org_9a5e0653162dfcc7,screen_ui,C3,2.0000,0.0200,0.5000,0.5000,2,85,high,512,352,12732,0.565163,2.148,18.711064,18.524413
wm_upload_wikimedia_org_9a5e0653162dfcc7,screen_ui,C3,2.0000,0.0200,0.5000,0.5000,2,95,high,512,352,17523,0.777832,2.128,16.581963,16.942713
wm_upload_wikimedia_org_9a5e0653162dfcc7,screen_ui,C4,2.0000,0.0200,0.5000,0.3000,2,5,low,512,352,4564,0.202592,1.988,46.300309,92.332045
wm_upload_wikimedia_org_9a5e0653162dfcc7,screen_ui,C4,2.0000,0.0200,0.5000,0.3000,2,15,low,512,352,5833,0.258922,1.918,38.615130,56.817215
wm_upload_wikimedia_org_9a5e0653162dfcc7,screen_ui,C4,2.0000,0.0200,0.5000,0.3000,2,30,low,512,352,7682,0.340998,2.062,32.711347,33.809033
wm_upload_wikimedia_org_9a5e0653162dfcc7,screen_ui,C4,2.0000,0.0200,0.5000,0.3000,2,45,mid,512,352,8346,0.370472,2.042,29.714724,27.435396
wm_upload_wikimedia_org_9a5e0653162dfcc7,screen_ui,C4,2.0000,0.0200,0.5000,0.3000,2,60,mid,512,352,9418,0.418058,2.069,26.589369,22.637672
wm_upload_wikimedia_org_9a5e0653162dfcc7,screen_ui,C4,2.0000,0.0200,0.5000,0.3000,2,75,high,512,352,10946,0.485884,2.370,21.341250,19.986418
wm_upload_wikimedia_org_9a5e0653162dfcc7,screen_ui,C4,2.0000,0.0200,0.5000,0.3000,2,85,high,512,352,12732,0.565163,2.189,18.711064,18.524413
wm_upload_wikimedia_org_9a5e0653162dfcc7,screen_ui,C4,2.0000,0.0200,0.5000,0.3000,2,95,high,512,352,17523,0.777832,2.358,16.581963,16.942713
wm_upload_wikimedia_org_9a5e0653162dfcc7,screen_ui,C5,2.0000,0.0200,0.5000,0.1500,2,5,low,512,352,4564,0.202592,1.873,46.300309,92.332045
wm_upload_wikimedia_org_9a5e0653162dfcc7,screen_ui,C5,2.0000,0.0200,0.5000,0.1500,2,15,low,512,352,5833,0.258922,2.320,38.615130,56.817215
wm_upload_wikimedia_org_9a5e0653162dfcc7,screen_ui,C5,2.0000,0.0200,0.5000,0.1500,2,30,low,512,352,7682,0.340998,2.114,32.711347,33.809033
wm_upload_wikimedia_org_9a5e0653162dfcc7,screen_ui,C5,2.0000,0.0200,0.5000,0.1500,2,45,mid,512,352,8346,0.370472,2.097,29.714724,27.435396
wm_upload_wikimedia_org_9a5e0653162dfcc7,screen_ui,C5,2.0000,0.0200,0.5000,0.1500,2,60,mid,512,352,9418,0.418058,2.109,26.589369,22.637672
wm_upload_wikimedia_org_9a5e0653162dfcc7,screen_ui,C5,2.0000,0.0200,0.5000,0.1500,2,75,high,512,352,10946,0.485884,2.165,21.341250,19.986418
wm_upload_wikimedia_org_9a5e0653162dfcc7,screen_ui,C5,2.0000,0.0200,0.5000,0.1500,2,85,high,512,352,12732,0.565163,2.121,18.711064,18.524413
wm_upload_wikimedia_org_9a5e0653162dfcc7,screen_ui,C5,2.0000,0.0200,0.5000,0.1500,2,95,high,512,352,17523,0.777832,2.091,16.581963,16.942713
wm_upload_wikimedia_org_9a5e0653162dfcc7,screen_ui,C6,2.0000,0.0200,1.0000,0.3000,2,5,low,512,352,4564,0.202592,1.865,46.300309,92.332045
wm_upload_wikimedia_org_9a5e0653162dfcc7,screen_ui,C6,2.0000,0.0200,1.0000,0.3000,2,15,low,512,352,5833,0.258922,1.886,38.615130,56.817215
wm_upload_wikimedia_org_9a5e0653162dfcc7,screen_ui,C6,2.0000,0.0200,1.0000,0.3000,2,30,low,512,352,7682,0.340998,2.029,32.711347,33.809033
wm_upload_wikimedia_org_9a5e0653162dfcc7,screen_ui,C6,2.0000,0.0200,1.0000,0.3000,2,45,mid,512,352,8346,0.370472,2.006,29.714724,27.435396
wm_upload_wikimedia_org_9a5e0653162dfcc7,screen_ui,C6,2.0000,0.0200,1.0000,0.3000,2,60,mid,512,352,9418,0.418058,2.111,26.589369,22.637672
wm_upload_wikimedia_org_9a5e0653162dfcc7,screen_ui,C6,2.0000,0.0200,1.0000,0.3000,2,75,high,512,352,10946,0.485884,2.182,21.341250,19.986418
wm_upload_wikimedia_org_9a5e0653162dfcc7,screen_ui,C6,2.0000,0.0200,1.0000,0.3000,2,85,high,512,352,12732,0.565163,1.945,18.711064,18.524413
wm_upload_wikimedia_org_9a5e0653162dfcc7,screen_ui,C6,2.0000,0.0200,1.0000,0.3000,2,95,high,512,352,17523,0.777832,2.268,16.581963,16.942713
wm_upload_wikimedia_org_9a5e0653162dfcc7,screen_ui,OFF,0.0000,0.0000,0.0000,0.0000,0,5,low,512,352,4346,0.192915,1.163,46.415540,108.714317
wm_upload_wikimedia_org_9a5e0653162dfcc7,screen_ui,OFF,0.0000,0.0000,0.0000,0.0000,0,15,low,512,352,5603,0.248713,1.183,38.655612,66.697879
wm_upload_wikimedia_org_9a5e0653162dfcc7,screen_ui,OFF,0.0000,0.0000,0.0000,0.0000,0,30,low,512,352,7406,0.328746,1.279,31.968416,40.608756
wm_upload_wikimedia_org_9a5e0653162dfcc7,screen_ui,OFF,0.0000,0.0000,0.0000,0.0000,0,45,mid,512,352,8067,0.358088,1.273,29.821357,32.854140
wm_upload_wikimedia_org_9a5e0653162dfcc7,screen_ui,OFF,0.0000,0.0000,0.0000,0.0000,0,60,mid,512,352,9195,0.408159,1.330,26.639711,26.362349
wm_upload_wikimedia_org_9a5e0653162dfcc7,screen_ui,OFF,0.0000,0.0000,0.0000,0.0000,0,75,high,512,352,10823,0.480424,1.442,21.663801,20.788821
wm_upload_wikimedia_org_9a5e0653162dfcc7,screen_ui,OFF,0.0000,0.0000,0.0000,0.0000,0,85,high,512,352,12638,0.560991,1.519,18.792374,18.853484
wm_upload_wikimedia_org_9a5e0653162dfcc7,screen_ui,OFF,0.0000,0.0000,0.0000,0.0000,0,95,high,512,352,17501,0.776855,1.757,16.666406,16.948615
wm_upload_wikimedia_org_b155e44657f2d77f,screen_document,C1,2.0000,0.0200,0.5000,1.0000,2,5,low,512,491,7243,0.230493,2.666,56.588016,128.579015
wm_upload_wikimedia_org_b155e44657f2d77f,screen_document,C1,2.0000,0.0200,0.5000,1.0000,2,15,low,512,491,9777,0.311132,2.711,39.064727,69.213016
wm_upload_wikimedia_org_b155e44657f2d77f,screen_document,C1,2.0000,0.0200,0.5000,1.0000,2,30,low,512,491,13404,0.426553,3.207,28.822217,33.306277
wm_upload_wikimedia_org_b155e44657f2d77f,screen_document,C1,2.0000,0.0200,0.5000,1.0000,2,45,mid,512,491,14966,0.476260,3.061,24.699815,23.980970
wm_upload_wikimedia_org_b155e44657f2d77f,screen_document,C1,2.0000,0.0200,0.5000,1.0000,2,60,mid,512,491,17126,0.544997,3.094,21.211788,15.347636
wm_upload_wikimedia_org_b155e44657f2d77f,screen_document,C1,2.0000,0.0200,0.5000,1.0000,2,75,high,512,491,20430,0.650140,3.458,16.805109,7.861074
wm_upload_wikimedia_org_b155e44657f2d77f,screen_document,C1,2.0000,0.0200,0.5000,1.0000,2,85,high,512,491,24394,0.776286,2.882,13.031626,4.062066
wm_upload_wikimedia_org_b155e44657f2d77f,screen_document,C1,2.0000,0.0200,0.5000,1.0000,2,95,high,512,491,33988,1.081594,3.161,9.218664,1.351614
wm_upload_wikimedia_org_b155e44657f2d77f,screen_document,C2,2.0000,0.0200,0.5000,0.7000,2,5,low,512,491,7649,0.243413,2.614,56.116826,119.795557
wm_upload_wikimedia_org_b155e44657f2d77f,screen_document,C2,2.0000,0.0200,0.5000,0.7000,2,15,low,512,491,10185,0.324115,2.755,39.033140,62.751229
wm_upload_wikimedia_org_b155e44657f2d77f,screen_document,C2,2.0000,0.0200,0.5000,0.7000,2,30,low,512,491,13967,0.444469,2.796,29.115314,29.255649
wm_upload_wikimedia_org_b155e44657f2d77f,screen_document,C2,2.0000,0.0200,0.5000,0.7000,2,45,mid,512,491,15698,0.499554,2.847,24.439120,19.989205
wm_upload_wikimedia_org_b155e44657f2d77f,screen_document,C2,2.0000,0.0200,0.5000,0.7000,2,60,mid,512,491,17613,0.560495,3.022,21.224450,13.227957
wm_upload_wikimedia_org_b155e44657f2d77f,screen_document,C2,2.0000,0.0200,0.5000,0.7000,2,75,high,512,491,20853,0.663601,2.945,16.477058,6.668994
wm_upload_wikimedia_org_b155e44657f2d77f,screen_document,C2,2.0000,0.0200,0.5000,0.7000,2,85,high,512,491,24816,0.789715,2.908,13.007179,3.571365
wm_upload_wikimedia_org_b155e44657f2d77f,screen_document,C2,2.0000,0.0200,0.5000,0.7000,2,95,high,512,491,34196,1.088213,2.911,9.276501,1.301658
wm_upload_wikimedia_org_b155e44657f2d77f,screen_document,C3,2.0000,0.0200,0.5000,0.5000,2,5,low,512,491,7625,0.242649,2.621,56.787611,121.307668
wm_upload_wikimedia_org_b155e44657f2d77f,screen_document,C3,2.0000,0.0200,0.5000,0.5000,2,15,low,512,491,10167,0.323543,2.688,39.239581,64.648186
wm_upload_wikimedia_org_b155e44657f2d77f,screen_document,C3,2.0000,0.0200,0.5000,0.5000,2,30,low,512,491,13983,0.444978,2.759,29.287842,29.651952
wm_upload_wikimedia_org_b155e44657f2d77f,screen_document,C3,2.0000,0.0200,0.5000,0.5000,2,45,mid,512,491,15673,0.498759,2.810,24.586125,20.299922
wm_upload_wikimedia_org_b155e44657f2d77f,screen_document,C3,2.0000,0.0200,0.5000,0.5000,2,60,mid,512,491,17589,0.559731,2.918,21.370623,13.475159
wm_upload_wikimedia_org_b155e44657f2d77f,screen_document,C3,2.0000,0.0200,0.5000,0.5000,2,75,high,512,491,20864,0.663951,2.998,16.489059,6.718204
wm_upload_wikimedia_org_b155e44657f2d77f,screen_document,C3,2.0000,0.0200,0.5000,0.5000,2,85,high,512,491,24850,0.790797,2.763,13.006854,3.606068
wm_upload_wikimedia_org_b155e44657f2d77f,screen_document,C3,2.0000,0.0200,0.5000,0.5000,2,95,high,512,491,34198,1.088276,3.020,9.168613,1.302632
wm_upload_wikimedia_org_b155e44657f2d77f,screen_document,C4,2.0000,0.0200,0.5000,0.3000,2,5,low,512,491,7625,0.242649,2.821,56.787611,121.307668
wm_upload_wikimedia_org_b155e44657f2d77f,screen_document,C4,2.0000,0.0200,0.5000,0.3000,2,15,low,512,491,10167,0.323543,2.737,39.239581,64.648186
wm_upload_wikimedia_org_b155e44657f2d77f,screen_document,C4,2.0000,0.0200,0.5000,0.3000,2,30,low,512,491,13983,0.444978,2.781,29.287842,29.651952
wm_upload_wikimedia_org_b155e44657f2d77f,screen_document,C4,2.0000,0.0200,0.5000,0.3000,2,45,mid,512,491,15673,0.498759,2.912,24.586125,20.299922
wm_upload_wikimedia_org_b155e44657f2d77f,screen_document,C4,2.0000,0.0200,0.5000,0.3000,2,60,mid,512,491,17589,0.559731,2.983,21.370623,13.475159
wm_upload_wikimedia_org_b155e44657f2d77f,screen_document,C4,2.0000,0.0200,0.5000,0.3000,2,75,high,512,491,20864,0.663951,2.961,16.489059,6.718204
wm_upload_wikimedia_org_b155e44657f2d77f,screen_document,C4,2.0000,0.0200,0.5000,0.3000,2,85,high,512,491,24850,0.790797,2.831,13.006854,3.606068
wm_upload_wikimedia_org_b155e44657f2d77f,screen_document,C4,2.0000,0.0200,0.5000,0.3000,2,95,high,512,491,34198,1.088276,3.104,9.168613,1.302632
wm_upload_wikimedia_org_b155e44657f2d77f,screen_document,C5,2.0000,0.0200,0.5000,0.1500,2,5,low,512,491,7625,0.242649,2.684,56.787611,121.307668
wm_upload_wikimedia_org_b155e44657f2d77f,screen_document,C5,2.0000,0.0200,0.5000,0.1500,2,15,low,512,491,10167,0.323543,2.651,39.239581,64.648186
wm_upload_wikimedia_org_b155e44657f2d77f,screen_document,C5,2.0000,0.0200,0.5000,0.1500,2,30,low,512,491,13983,0.444978,2.759,29.287842,29.651952
wm_upload_wikimedia_org_b155e44657f2d77f,screen_document,C5,2.0000,0.0200,0.5000,0.1500,2,45,mid,512,491,15673,0.498759,3.049,24.586125,20.299922
wm_upload_wikimedia_org_b155e44657f2d77f,screen_document,C5,2.0000,0.0200,0.5000,0.1500,2,60,mid,512,491,17589,0.559731,3.040,21.370623,13.475159
wm_upload_wikimedia_org_b155e44657f2d77f,screen_document,C5,2.0000,0.0200,0.5000,0.1500,2,75,high,512,491,20864,0.663951,2.934,16.489059,6.718204
wm_upload_wikimedia_org_b155e44657f2d77f,screen_document,C5,2.0000,0.0200,0.5000,0.1500,2,85,high,512,491,24850,0.790797,2.803,13.006854,3.606068
wm_upload_wikimedia_org_b155e44657f2d77f,screen_document,C5,2.0000,0.0200,0.5000,0.1500,2,95,high,512,491,34198,1.088276,2.908,9.168613,1.302632
wm_upload_wikimedia_org_b155e44657f2d77f,screen_document,C6,2.0000,0.0200,1.0000,0.3000,2,5,low,512,491,7625,0.242649,2.577,56.787611,121.307668
wm_upload_wikimedia_org_b155e44657f2d77f,screen_document,C6,2.0000,0.0200,1.0000,0.3000,2,15,low,512,491,10167,0.323543,2.699,39.239581,64.648186
wm_upload_wikimedia_org_b155e44657f2d77f,screen_document,C6,2.0000,0.0200,1.0000,0.3000,2,30,low,512,491,13983,0.444978,2.772,29.287842,29.651952
wm_upload_wikimedia_org_b155e44657f2d77f,screen_document,C6,2.0000,0.0200,1.0000,0.3000,2,45,mid,512,491,15673,0.498759,3.011,24.586125,20.299922
wm_upload_wikimedia_org_b155e44657f2d77f,screen_document,C6,2.0000,0.0200,1.0000,0.3000,2,60,mid,512,491,17589,0.559731,2.959,21.370623,13.475159
wm_upload_wikimedia_org_b155e44657f2d77f,screen_document,C6,2.0000,0.0200,1.0000,0.3000,2,75,high,512,491,20864,0.663951,2.894,16.489059,6.718204
wm_upload_wikimedia_org_b155e44657f2d77f,screen_document,C6,2.0000,0.0200,1.0000,0.3000,2,85,high,512,491,24850,0.790797,2.750,13.006854,3.606068
wm_upload_wikimedia_org_b155e44657f2d77f,screen_document,C6,2.0000,0.0200,1.0000,0.3000,2,95,high,512,491,34198,1.088276,3.057,9.168613,1.302632
wm_upload_wikimedia_org_b155e44657f2d77f,screen_document,OFF,0.0000,0.0000,0.0000,0.0000,0,5,low,512,491,6777,0.215663,1.531,59.859853,167.247324
wm_upload_wikimedia_org_b155e44657f2d77f,screen_document,OFF,0.0000,0.0000,0.0000,0.0000,0,15,low,512,491,9251,0.294393,1.623,40.904239,90.748865
wm_upload_wikimedia_org_b155e44657f2d77f,screen_document,OFF,0.0000,0.0000,0.0000,0.0000,0,30,low,512,491,12844,0.408732,1.856,30.007460,43.756915
wm_upload_wikimedia_org_b155e44657f2d77f,screen_document,OFF,0.0000,0.0000,0.0000,0.0000,0,45,mid,512,491,14332,0.456085,1.842,25.475551,32.012122
wm_upload_wikimedia_org_b155e44657f2d77f,screen_document,OFF,0.0000,0.0000,0.0000,0.0000,0,60,mid,512,491,16479,0.524408,1.884,22.183815,20.270473
wm_upload_wikimedia_org_b155e44657f2d77f,screen_document,OFF,0.0000,0.0000,0.0000,0.0000,0,75,high,512,491,19928,0.634165,1.926,17.464786,10.164699
wm_upload_wikimedia_org_b155e44657f2d77f,screen_document,OFF,0.0000,0.0000,0.0000,0.0000,0,85,high,512,491,23855,0.759133,2.032,13.553412,5.026052
wm_upload_wikimedia_org_b155e44657f2d77f,screen_document,OFF,0.0000,0.0000,0.0000,0.0000,0,95,high,512,491,33694,1.072238,2.620,9.327962,1.468430
wm_upload_wikimedia_org_fb6126ba0191dffc,screen_chart,C1,2.0000,0.0200,0.5000,1.0000,2,5,low,512,512,6170,0.188293,2.794,70.305483,201.785349
wm_upload_wikimedia_org_fb6126ba0191dffc,screen_chart,C1,2.0000,0.0200,0.5000,1.0000,2,15,low,512,512,9063,0.276581,2.945,62.579360,158.795295
wm_upload_wikimedia_org_fb6126ba0191dffc,screen_chart,C1,2.0000,0.0200,0.5000,1.0000,2,30,low,512,512,14005,0.427399,2.922,58.131272,105.160829
wm_upload_wikimedia_org_fb6126ba0191dffc,screen_chart,C1,2.0000,0.0200,0.5000,1.0000,2,45,mid,512,512,16218,0.494934,2.950,57.283263,85.738699
wm_upload_wikimedia_org_fb6126ba0191dffc,screen_chart,C1,2.0000,0.0200,0.5000,1.0000,2,60,mid,512,512,19312,0.589355,3.091,56.122630,67.621934
wm_upload_wikimedia_org_fb6126ba0191dffc,screen_chart,C1,2.0000,0.0200,0.5000,1.0000,2,75,high,512,512,24123,0.736176,4.271,54.310594,50.412901
wm_upload_wikimedia_org_fb6126ba0191dffc,screen_chart,C1,2.0000,0.0200,0.5000,1.0000,2,85,high,512,512,29837,0.910553,3.147,53.539239,42.798725
wm_upload_wikimedia_org_fb6126ba0191dffc,screen_chart,C1,2.0000,0.0200,0.5000,1.0000,2,95,high,512,512,42797,1.306061,3.605,52.999600,37.656556
wm_upload_wikimedia_org_fb6126ba0191dffc,screen_chart,C2,2.0000,0.0200,0.5000,0.7000,2,5,low,512,512,6544,0.199707,2.761,72.428800,198.625148
wm_upload_wikimedia_org_fb6126ba0191dffc,screen_chart,C2,2.0000,0.0200,0.5000,0.7000,2,15,low,512,512,9756,0.297729,2.735,66.896768,150.688791
wm_upload_wikimedia_org_fb6126ba0191dffc,screen_chart,C2,2.0000,0.0200,0.5000,0.7000,2,30,low,512,512,14934,0.455750,2.952,60.976304,97.390532
wm_upload_wikimedia_org_fb6126ba0191dffc,screen_chart,C2,2.0000,0.0200,0.5000,0.7000,2,45,mid,512,512,17055,0.520477,3.014,59.342940,79.023857
wm_upload_wikimedia_org_fb6126ba0191dffc,screen_chart,C2,2.0000,0.0200,0.5000,0.7000,2,60,mid,512,512,20224,0.617188,3.152,57.705968,62.044557
wm_upload_wikimedia_org_fb6126ba0191dffc,screen_chart,C2,2.0000,0.0200,0.5000,0.7000,2,75,high,512,512,24748,0.755249,3.238,54.494324,48.880801
wm_upload_wikimedia_org_fb6126ba0191dffc,screen_chart,C2,2.0000,0.0200,0.5000,0.7000,2,85,high,512,512,30278,0.924011,3.166,53.599378,42.113931
wm_upload_wikimedia_org_fb6126ba0191dffc,screen_chart,C2,2.0000,0.0200,0.5000,0.7000,2,95,high,512,512,42946,1.310608,3.445,52.964533,37.627419
wm_upload_wikimedia_org_fb6126ba0191dffc,screen_chart,C3,2.0000,0.0200,0.5000,0.5000,2,5,low,512,512,6532,0.199341,2.837,72.377317,199.168114
wm_upload_wikimedia_org_fb6126ba0191dffc,screen_chart,C3,2.0000,0.0200,0.5000,0.5000,2,15,low,512,512,9768,0.298096,2.849,67.321524,151.419222
wm_upload_wikimedia_org_fb6126ba0191dffc,screen_chart,C3,2.0000,0.0200,0.5000,0.5000,2,30,low,512,512,14942,0.455994,2.922,61.111625,97.604139
wm_upload_wikimedia_org_fb6126ba0191dffc,screen_chart,C3,2.0000,0.0200,0.5000,0.5000,2,45,mid,512,512,17046,0.520203,2.935,59.238370,79.349728
wm_upload_wikimedia_org_fb6126ba0191dffc,screen_chart,C3,2.0000,0.0200,0.5000,0.5000,2,60,mid,512,512,20220,0.617065,3.073,57.631569,62.230244
wm_upload_wikimedia_org_fb6126ba0191dffc,screen_chart,C3,2.0000,0.0200,0.5000,0.5000,2,75,high,512,512,24747,0.755219,3.193,54.557071,48.916692
wm_upload_wikimedia_org_fb6126ba0191dffc,screen_chart,C3,2.0000,0.0200,0.5000,0.5000,2,85,high,512,512,30278,0.924011,3.146,53.602947,42.127344
wm_upload_wikimedia_org_fb6126ba0191dffc,screen_chart,C3,2.0000,0.0200,0.5000,0.5000,2,95,high,512,512,42939,1.310394,3.473,52.961617,37.630469
wm_upload_wikimedia_org_fb6126ba0191dffc,screen_chart,C4,2.0000,0.0200,0.5000,0.3000,2,5,low,512,512,6532,0.199341,2.760,72.377317,199.168114
wm_upload_wikimedia_org_fb6126ba0191dffc,screen_chart,C4,2.0000,0.0200,0.5000,0.3000,2,15,low,512,512,9768,0.298096,2.814,67.321524,151.419222
wm_upload_wikimedia_org_fb6126ba0191dffc,screen_chart,C4,2.0000,0.0200,0.5000,0.3000,2,30,low,512,512,14942,0.455994,3.041,61.111625,97.604139
wm_upload_wikimedia_org_fb6126ba0191dffc,screen_chart,C4,2.0000,0.0200,0.5000,0.3000,2,45,mid,512,512,17046,0.520203,3.101,59.238370,79.349728
wm_upload_wikimedia_org_fb6126ba0191dffc,screen_chart,C4,2.0000,0.0200,0.5000,0.3000,2,60,mid,512,512,20220,0.617065,3.079,57.631569,62.230244
wm_upload_wikimedia_org_fb6126ba0191dffc,screen_chart,C4,2.0000,0.0200,0.5000,0.3000,2,75,high,512,512,24747,0.755219,3.256,54.557071,48.916692
wm_upload_wikimedia_org_fb6126ba0191dffc,screen_chart,C4,2.0000,0.0200,0.5000,0.3000,2,85,high,512,512,30278,0.924011,3.090,53.602947,42.127344
wm_upload_wikimedia_org_fb6126ba0191dffc,screen_chart,C4,2.0000,0.0200,0.5000,0.3000,2,95,high,512,512,42939,1.310394,3.494,52.961617,37.630469
wm_upload_wikimedia_org_fb6126ba0191dffc,screen_chart,C5,2.0000,0.0200,0.5000,0.1500,2,5,low,512,512,6532,0.199341,2.785,72.377317,199.168114
wm_upload_wikimedia_org_fb6126ba0191dffc,screen_chart,C5,2.0000,0.0200,0.5000,0.1500,2,15,low,512,512,9768,0.298096,2.909,67.321524,151.419222
wm_upload_wikimedia_org_fb6126ba0191dffc,screen_chart,C5,2.0000,0.0200,0.5000,0.1500,2,30,low,512,512,14942,0.455994,2.906,61.111625,97.604139
wm_upload_wikimedia_org_fb6126ba0191dffc,screen_chart,C5,2.0000,0.0200,0.5000,0.1500,2,45,mid,512,512,17046,0.520203,3.031,59.238370,79.349728
wm_upload_wikimedia_org_fb6126ba0191dffc,screen_chart,C5,2.0000,0.0200,0.5000,0.1500,2,60,mid,512,512,20220,0.617065,3.092,57.631569,62.230244
wm_upload_wikimedia_org_fb6126ba0191dffc,screen_chart,C5,2.0000,0.0200,0.5000,0.1500,2,75,high,512,512,24747,0.755219,3.244,54.557071,48.916692
wm_upload_wikimedia_org_fb6126ba0191dffc,screen_chart,C5,2.0000,0.0200,0.5000,0.1500,2,85,high,512,512,30278,0.924011,3.132,53.602947,42.127344
wm_upload_wikimedia_org_fb6126ba0191dffc,screen_chart,C5,2.0000,0.0200,0.5000,0.1500,2,95,high,512,512,42939,1.310394,3.585,52.961617,37.630469
wm_upload_wikimedia_org_fb6126ba0191dffc,screen_chart,C6,2.0000,0.0200,1.0000,0.3000,2,5,low,512,512,6532,0.199341,2.697,72.377317,199.168114
wm_upload_wikimedia_org_fb6126ba0191dffc,screen_chart,C6,2.0000,0.0200,1.0000,0.3000,2,15,low,512,512,9768,0.298096,2.730,67.321524,151.419222
wm_upload_wikimedia_org_fb6126ba0191dffc,screen_chart,C6,2.0000,0.0200,1.0000,0.3000,2,30,low,512,512,14942,0.455994,2.862,61.111625,97.604139
wm_upload_wikimedia_org_fb6126ba0191dffc,screen_chart,C6,2.0000,0.0200,1.0000,0.3000,2,45,mid,512,512,17046,0.520203,2.917,59.238370,79.349728
wm_upload_wikimedia_org_fb6126ba0191dffc,screen_chart,C6,2.0000,0.0200,1.0000,0.3000,2,60,mid,512,512,20220,0.617065,2.995,57.631569,62.230244
wm_upload_wikimedia_org_fb6126ba0191dffc,screen_chart,C6,2.0000,0.0200,1.0000,0.3000,2,75,high,512,512,24747,0.755219,3.046,54.557071,48.916692
wm_upload_wikimedia_org_fb6126ba0191dffc,screen_chart,C6,2.0000,0.0200,1.0000,0.3000,2,85,high,512,512,30278,0.924011,2.995,53.602947,42.127344
wm_upload_wikimedia_org_fb6126ba0191dffc,screen_chart,C6,2.0000,0.0200,1.0000,0.3000,2,95,high,512,512,42939,1.310394,3.486,52.961617,37.630469
wm_upload_wikimedia_org_fb6126ba0191dffc,screen_chart,OFF,0.0000,0.0000,0.0000,0.0000,0,5,low,512,512,5892,0.179810,1.628,70.572585,212.499647
wm_upload_wikimedia_org_fb6126ba0191dffc,screen_chart,OFF,0.0000,0.0000,0.0000,0.0000,0,15,low,512,512,8562,0.261292,1.829,61.534056,173.402536
wm_upload_wikimedia_org_fb6126ba0191dffc,screen_chart,OFF,0.0000,0.0000,0.0000,0.0000,0,30,low,512,512,13340,0.407104,1.775,56.765419,116.516704
wm_upload_wikimedia_org_fb6126ba0191dffc,screen_chart,OFF,0.0000,0.0000,0.0000,0.0000,0,45,mid,512,512,15554,0.474670,2.450,55.966849,95.444378
wm_upload_wikimedia_org_fb6126ba0191dffc,screen_chart,OFF,0.0000,0.0000,0.0000,0.0000,0,60,mid,512,512,18738,0.571838,1.966,54.947101,74.671603
wm_upload_wikimedia_org_fb6126ba0191dffc,screen_chart,OFF,0.0000,0.0000,0.0000,0.0000,0,75,high,512,512,23662,0.722107,2.650,54.006905,53.394317
wm_upload_wikimedia_org_fb6126ba0191dffc,screen_chart,OFF,0.0000,0.0000,0.0000,0.0000,0,85,high,512,512,29501,0.900299,2.287,53.283501,43.915530
wm_upload_wikimedia_org_fb6126ba0191dffc,screen_chart,OFF,0.0000,0.0000,0.0000,0.0000,0,95,high,512,512,42622,1.300720,2.766,53.023547,37.763082
