image,class,q_range,candidate,mean_bytes_c,mean_bytes_c1,bytes_ratio,mean_ssim2_c,mean_ssim2_c1,ssim2_ratio,mean_bbs_c,mean_bbs_c1,bbs_ratio,pareto_win_vs_c1,bytes_ratio_vs_off,ssim2_ratio_vs_off,bbs_ratio_vs_off
08c331e518f10a0ca3d499b8bfd551cd3540fd5ca6d2b43229d42f78ea21b3c2,illustration,low,C2,19411.33,18722.00,1.0368,53.668791,54.377153,0.9870,124.186713,130.936788,0.9484,0,1.0661,0.9645,0.8711
08c331e518f10a0ca3d499b8bfd551cd3540fd5ca6d2b43229d42f78ea21b3c2,illustration,low,C3,19408.33,18722.00,1.0367,53.683242,54.377153,0.9872,124.300241,130.936788,0.9493,0,1.0659,0.9648,0.8719
08c331e518f10a0ca3d499b8bfd551cd3540fd5ca6d2b43229d42f78ea21b3c2,illustration,low,C4,19408.33,18722.00,1.0367,53.683242,54.377153,0.9872,124.300241,130.936788,0.9493,0,1.0659,0.9648,0.8719
08c331e518f10a0ca3d499b8bfd551cd3540fd5ca6d2b43229d42f78ea21b3c2,illustration,low,C5,19408.33,18722.00,1.0367,53.683242,54.377153,0.9872,124.300241,130.936788,0.9493,0,1.0659,0.9648,0.8719
08c331e518f10a0ca3d499b8bfd551cd3540fd5ca6d2b43229d42f78ea21b3c2,illustration,low,C6,19408.33,18722.00,1.0367,53.683242,54.377153,0.9872,124.300241,130.936788,0.9493,0,1.0659,0.9648,0.8719
08c331e518f10a0ca3d499b8bfd551cd3540fd5ca6d2b43229d42f78ea21b3c2,illustration,mid,C2,32422.00,31350.50,1.0342,29.526099,29.696014,0.9943,61.916592,66.500732,0.9311,0,1.0555,0.9827,0.8639
08c331e518f10a0ca3d499b8bfd551cd3540fd5ca6d2b43229d42f78ea21b3c2,illustration,mid,C3,32424.00,31350.50,1.0342,29.539541,29.696014,0.9947,61.953298,66.500732,0.9316,0,1.0556,0.9832,0.8644
08c331e518f10a0ca3d499b8bfd551cd3540fd5ca6d2b43229d42f78ea21b3c2,illustration,mid,C4,32424.00,31350.50,1.0342,29.539541,29.696014,0.9947,61.953298,66.500732,0.9316,0,1.0556,0.9832,0.8644
08c331e518f10a0ca3d499b8bfd551cd3540fd5ca6d2b43229d42f78ea21b3c2,illustration,mid,C5,32424.00,31350.50,1.0342,29.539541,29.696014,0.9947,61.953298,66.500732,0.9316,0,1.0556,0.9832,0.8644
08c331e518f10a0ca3d499b8bfd551cd3540fd5ca6d2b43229d42f78ea21b3c2,illustration,mid,C6,32424.00,31350.50,1.0342,29.539541,29.696014,0.9947,61.953298,66.500732,0.9316,0,1.0556,0.9832,0.8644
08c331e518f10a0ca3d499b8bfd551cd3540fd5ca6d2b43229d42f78ea21b3c2,illustration,high,C2,67175.67,65839.00,1.0203,17.987828,18.082417,0.9948,28.616273,29.919530,0.9564,0,1.0362,0.9830,0.9086
08c331e518f10a0ca3d499b8bfd551cd3540fd5ca6d2b43229d42f78ea21b3c2,illustration,high,C3,67185.00,65839.00,1.0204,17.992864,18.082417,0.9950,28.622014,29.919530,0.9566,0,1.0363,0.9833,0.9088
08c331e518f10a0ca3d499b8bfd551cd3540fd5ca6d2b43229d42f78ea21b3c2,illustration,high,C4,67185.00,65839.00,1.0204,17.992864,18.082417,0.9950,28.622014,29.919530,0.9566,0,1.0363,0.9833,0.9088
08c331e518f10a0ca3d499b8bfd551cd3540fd5ca6d2b43229d42f78ea21b3c2,illustration,high,C5,67185.00,65839.00,1.0204,17.992864,18.082417,0.9950,28.622014,29.919530,0.9566,0,1.0363,0.9833,0.9088
08c331e518f10a0ca3d499b8bfd551cd3540fd5ca6d2b43229d42f78ea21b3c2,illustration,high,C6,67185.00,65839.00,1.0204,17.992864,18.082417,0.9950,28.622014,29.919530,0.9566,0,1.0363,0.9833,0.9088
11cd1eafdef2e3019d779b5bbe9af8308171c554c5eeb54d48f450ceda564f51,screen_chart,low,C2,18037.33,17371.67,1.0383,74.352749,75.293950,0.9875,506.071835,513.017616,0.9865,0,1.0813,0.9691,0.9552
11cd1eafdef2e3019d779b5bbe9af8308171c554c5eeb54d48f450ceda564f51,screen_chart,low,C3,18018.33,17371.67,1.0372,74.460878,75.293950,0.9889,507.275072,513.017616,0.9888,0,1.0801,0.9705,0.9575
11cd1eafdef2e3019d779b5bbe9af8308171c554c5eeb54d48f450ceda564f51,screen_chart,low,C4,18018.33,17371.67,1.0372,74.460878,75.293950,0.9889,507.275072,513.017616,0.9888,0,1.0801,0.9705,0.9575
11cd1eafdef2e3019d779b5bbe9af8308171c554c5eeb54d48f450ceda564f51,screen_chart,low,C5,18018.33,17371.67,1.0372,74.460878,75.293950,0.9889,507.275072,513.017616,0.9888,0,1.0801,0.9705,0.9575
11cd1eafdef2e3019d779b5bbe9af8308171c554c5eeb54d48f450ceda564f51,screen_chart,low,C6,18018.33,17371.67,1.0372,74.460878,75.293950,0.9889,507.275072,513.017616,0.9888,0,1.0801,0.9705,0.9575
11cd1eafdef2e3019d779b5bbe9af8308171c554c5eeb54d48f450ceda564f51,screen_chart,mid,C2,29299.00,28053.50,1.0444,60.645307,61.199432,0.9909,381.638198,388.444592,0.9825,0,1.0863,0.9817,0.9531
11cd1eafdef2e3019d779b5bbe9af8308171c554c5eeb54d48f450ceda564f51,screen_chart,mid,C3,29289.50,28053.50,1.0441,60.652402,61.199432,0.9911,382.355868,388.444592,0.9843,0,1.0860,0.9819,0.9549
11cd1eafdef2e3019d779b5bbe9af8308171c554c5eeb54d48f450ceda564f51,screen_chart,mid,C4,29289.50,28053.50,1.0441,60.652402,61.199432,0.9911,382.355868,388.444592,0.9843,0,1.0860,0.9819,0.9549
11cd1eafdef2e3019d779b5bbe9af8308171c554c5eeb54d48f450ceda564f51,screen_chart,mid,C5,29289.50,28053.50,1.0441,60.652402,61.199432,0.9911,382.355868,388.444592,0.9843,0,1.0860,0.9819,0.9549
11cd1eafdef2e3019d779b5bbe9af8308171c554c5eeb54d48f450ceda564f51,screen_chart,mid,C6,29289.50,28053.50,1.0441,60.652402,61.199432,0.9911,382.355868,388.444592,0.9843,0,1.0860,0.9819,0.9549
11cd1eafdef2e3019d779b5bbe9af8308171c554c5eeb54d48f450ceda564f51,screen_chart,high,C2,57502.33,55969.33,1.0274,56.058410,56.293598,0.9958,319.941435,322.578666,0.9918,0,1.0631,0.9917,0.9771
11cd1eafdef2e3019d779b5bbe9af8308171c554c5eeb54d48f450ceda564f51,screen_chart,high,C3,57486.67,55969.33,1.0271,56.057887,56.293598,0.9958,320.154344,322.578666,0.9925,0,1.0628,0.9917,0.9777
11cd1eafdef2e3019d779b5bbe9af8308171c554c5eeb54d48f450ceda564f51,screen_chart,high,C4,57486.67,55969.33,1.0271,56.057887,56.293598,0.9958,320.154344,322.578666,0.9925,0,1.0628,0.9917,0.9777
11cd1eafdef2e3019d779b5bbe9af8308171c554c5eeb54d48f450ceda564f51,screen_chart,high,C5,57486.67,55969.33,1.0271,56.057887,56.293598,0.9958,320.154344,322.578666,0.9925,0,1.0628,0.9917,0.9777
11cd1eafdef2e3019d779b5bbe9af8308171c554c5eeb54d48f450ceda564f51,screen_chart,high,C6,57486.67,55969.33,1.0271,56.057887,56.293598,0.9958,320.154344,322.578666,0.9925,0,1.0628,0.9917,0.9777
13f94f75d299c756d6190aa7bd98b41ce912f06f9a5bf55139ebf71fbcd56d0b,screen_chart,low,C2,16114.67,15432.33,1.0442,38.739422,38.809664,0.9982,83.406436,89.084034,0.9363,0,1.0832,0.9859,0.8051
13f94f75d299c756d6190aa7bd98b41ce912f06f9a5bf55139ebf71fbcd56d0b,screen_chart,low,C3,16111.67,15432.33,1.0440,38.748892,38.809664,0.9984,84.301522,89.084034,0.9463,0,1.0830,0.9862,0.8138
13f94f75d299c756d6190aa7bd98b41ce912f06f9a5bf55139ebf71fbcd56d0b,screen_chart,low,C4,16111.67,15432.33,1.0440,38.748892,38.809664,0.9984,84.301522,89.084034,0.9463,0,1.0830,0.9862,0.8138
13f94f75d299c756d6190aa7bd98b41ce912f06f9a5bf55139ebf71fbcd56d0b,screen_chart,low,C5,16111.67,15432.33,1.0440,38.748892,38.809664,0.9984,84.301522,89.084034,0.9463,0,1.0830,0.9862,0.8138
13f94f75d299c756d6190aa7bd98b41ce912f06f9a5bf55139ebf71fbcd56d0b,screen_chart,low,C6,16111.67,15432.33,1.0440,38.748892,38.809664,0.9984,84.301522,89.084034,0.9463,0,1.0830,0.9862,0.8138
13f94f75d299c756d6190aa7bd98b41ce912f06f9a5bf55139ebf71fbcd56d0b,screen_chart,mid,C2,27006.00,26037.50,1.0372,23.399138,23.690870,0.9877,29.318741,32.571635,0.9001,0,1.0737,0.9645,0.7579
13f94f75d299c756d6190aa7bd98b41ce912f06f9a5bf55139ebf71fbcd56d0b,screen_chart,mid,C3,26995.00,26037.50,1.0368,23.440471,23.690870,0.9894,29.665982,32.571635,0.9108,0,1.0733,0.9662,0.7668
13f94f75d299c756d6190aa7bd98b41ce912f06f9a5bf55139ebf71fbcd56d0b,screen_chart,mid,C4,26995.00,26037.50,1.0368,23.440471,23.690870,0.9894,29.665982,32.571635,0.9108,0,1.0733,0.9662,0.7668
13f94f75d299c756d6190aa7bd98b41ce912f06f9a5bf55139ebf71fbcd56d0b,screen_chart,mid,C5,26995.00,26037.50,1.0368,23.440471,23.690870,0.9894,29.665982,32.571635,0.9108,0,1.0733,0.9662,0.7668
13f94f75d299c756d6190aa7bd98b41ce912f06f9a5bf55139ebf71fbcd56d0b,screen_chart,mid,C6,26995.00,26037.50,1.0368,23.440471,23.690870,0.9894,29.665982,32.571635,0.9108,0,1.0733,0.9662,0.7668
13f94f75d299c756d6190aa7bd98b41ce912f06f9a5bf55139ebf71fbcd56d0b,screen_chart,high,C2,48129.00,47427.00,1.0148,13.805036,13.957714,0.9891,10.509452,11.396914,0.9221,0,1.0322,0.9523,0.8034
13f94f75d299c756d6190aa7bd98b41ce912f06f9a5bf55139ebf71fbcd56d0b,screen_chart,high,C3,48124.00,47427.00,1.0147,13.802228,13.957714,0.9889,10.584997,11.396914,0.9288,0,1.0320,0.9521,0.8092
13f94f75d299c756d6190aa7bd98b41ce912f06f9a5bf55139ebf71fbcd56d0b,screen_chart,high,C4,48124.00,47427.00,1.0147,13.802228,13.957714,0.9889,10.584997,11.396914,0.9288,0,1.0320,0.9521,0.8092
13f94f75d299c756d6190aa7bd98b41ce912f06f9a5bf55139ebf71fbcd56d0b,screen_chart,high,C5,48124.00,47427.00,1.0147,13.802228,13.957714,0.9889,10.584997,11.396914,0.9288,0,1.0320,0.9521,0.8092
13f94f75d299c756d6190aa7bd98b41ce912f06f9a5bf55139ebf71fbcd56d0b,screen_chart,high,C6,48124.00,47427.00,1.0147,13.802228,13.957714,0.9889,10.584997,11.396914,0.9288,0,1.0320,0.9521,0.8092
14768480444_bc0a1b4a2e_o,screen_ui,low,C2,21328.33,20233.00,1.0541,67.031145,67.559944,0.9922,200.716769,206.542384,0.9718,0,1.1125,0.9689,0.8663
14768480444_bc0a1b4a2e_o,screen_ui,low,C3,21317.67,20233.00,1.0536,67.129360,67.559944,0.9936,203.875687,206.542384,0.9871,0,1.1119,0.9703,0.8799
14768480444_bc0a1b4a2e_o,screen_ui,low,C4,21317.67,20233.00,1.0536,67.129360,67.559944,0.9936,203.875687,206.542384,0.9871,0,1.1119,0.9703,0.8799
14768480444_bc0a1b4a2e_o,screen_ui,low,C5,21317.67,20233.00,1.0536,67.129360,67.559944,0.9936,203.875687,206.542384,0.9871,0,1.1119,0.9703,0.8799
14768480444_bc0a1b4a2e_o,screen_ui,low,C6,21317.67,20233.00,1.0536,67.129360,67.559944,0.9936,203.875687,206.542384,0.9871,0,1.1119,0.9703,0.8799
14768480444_bc0a1b4a2e_o,screen_ui,mid,C2,37836.50,35873.00,1.0547,44.799747,44.951017,0.9966,104.047752,107.515649,0.9677,0,1.1161,0.9777,0.8388
14768480444_bc0a1b4a2e_o,screen_ui,mid,C3,37810.00,35873.00,1.0540,44.865694,44.951017,0.9981,105.340319,107.515649,0.9798,0,1.1153,0.9792,0.8492
14768480444_bc0a1b4a2e_o,screen_ui,mid,C4,37810.00,35873.00,1.0540,44.865694,44.951017,0.9981,105.340319,107.515649,0.9798,0,1.1153,0.9792,0.8492
14768480444_bc0a1b4a2e_o,screen_ui,mid,C5,37810.00,35873.00,1.0540,44.865694,44.951017,0.9981,105.340319,107.515649,0.9798,0,1.1153,0.9792,0.8492
14768480444_bc0a1b4a2e_o,screen_ui,mid,C6,37810.00,35873.00,1.0540,44.865694,44.951017,0.9981,105.340319,107.515649,0.9798,0,1.1153,0.9792,0.8492
14768480444_bc0a1b4a2e_o,screen_ui,high,C2,79517.33,76984.33,1.0329,37.346136,37.293990,1.0014,54.957488,56.397770,0.9745,0,1.0733,0.9970,0.8928
14768480444_bc0a1b4a2e_o,screen_ui,high,C3,79525.00,76984.33,1.0330,37.360829,37.293990,1.0018,55.331318,56.397770,0.9811,0,1.0734,0.9974,0.8989
14768480444_bc0a1b4a2e_o,screen_ui,high,C4,79526.00,76984.33,1.0330,37.360369,37.293990,1.0018,55.331219,56.397770,0.9811,0,1.0734,0.9974,0.8989
14768480444_bc0a1b4a2e_o,screen_ui,high,C5,79526.00,76984.33,1.0330,37.360369,37.293990,1.0018,55.331219,56.397770,0.9811,0,1.0734,0.9974,0.8989
14768480444_bc0a1b4a2e_o,screen_ui,high,C6,79526.00,76984.33,1.0330,37.360369,37.293990,1.0018,55.331219,56.397770,0.9811,0,1.0734,0.9974,0.8989
15c01296a9666a79177118b95796acb156ad895ef5ce837a4e103fcf79c1fc90,screen_ui,low,C2,32245.00,29180.67,1.1050,71.678179,73.776557,0.9716,676.754517,707.325831,0.9568,0,1.2250,0.9237,0.8554
15c01296a9666a79177118b95796acb156ad895ef5ce837a4e103fcf79c1fc90,screen_ui,low,C3,32138.33,29180.67,1.1014,72.586148,73.776557,0.9839,690.813607,707.325831,0.9767,0,1.2210,0.9354,0.8732
15c01296a9666a79177118b95796acb156ad895ef5ce837a4e103fcf79c1fc90,screen_ui,low,C4,32138.33,29180.67,1.1014,72.586148,73.776557,0.9839,690.813607,707.325831,0.9767,0,1.2210,0.9354,0.8732
15c01296a9666a79177118b95796acb156ad895ef5ce837a4e103fcf79c1fc90,screen_ui,low,C5,32138.33,29180.67,1.1014,72.586148,73.776557,0.9839,690.813607,707.325831,0.9767,0,1.2210,0.9354,0.8732
15c01296a9666a79177118b95796acb156ad895ef5ce837a4e103fcf79c1fc90,screen_ui,low,C6,32138.33,29180.67,1.1014,72.586148,73.776557,0.9839,690.813607,707.325831,0.9767,0,1.2210,0.9354,0.8732
15c01296a9666a79177118b95796acb156ad895ef5ce837a4e103fcf79c1fc90,screen_ui,mid,C2,64316.50,58555.50,1.0984,44.471329,46.529067,0.9558,409.016126,439.018069,0.9317,0,1.2382,0.8779,0.7886
15c01296a9666a79177118b95796acb156ad895ef5ce837a4e103fcf79c1fc90,screen_ui,mid,C3,64443.50,58555.50,1.1006,45.098393,46.529067,0.9693,415.887963,439.018069,0.9473,0,1.2406,0.8902,0.8018
15c01296a9666a79177118b95796acb156ad895ef5ce837a4e103fcf79c1fc90,screen_ui,mid,C4,64443.50,58555.50,1.1006,45.098393,46.529067,0.9693,415.887963,439.018069,0.9473,0,1.2406,0.8902,0.8018
15c01296a9666a79177118b95796acb156ad895ef5ce837a4e103fcf79c1fc90,screen_ui,mid,C5,64443.50,58555.50,1.1006,45.098393,46.529067,0.9693,415.887963,439.018069,0.9473,0,1.2406,0.8902,0.8018
15c01296a9666a79177118b95796acb156ad895ef5ce837a4e103fcf79c1fc90,screen_ui,mid,C6,64443.50,58555.50,1.1006,45.098393,46.529067,0.9693,415.887963,439.018069,0.9473,0,1.2406,0.8902,0.8018
15c01296a9666a79177118b95796acb156ad895ef5ce837a4e103fcf79c1fc90,screen_ui,high,C2,129686.33,127238.33,1.0192,30.675498,31.236662,0.9820,280.374247,285.514388,0.9820,0,1.0654,0.9422,0.9151
15c01296a9666a79177118b95796acb156ad895ef5ce837a4e103fcf79c1fc90,screen_ui,high,C3,129768.33,127238.33,1.0199,30.695079,31.236662,0.9827,281.356040,285.514388,0.9854,0,1.0661,0.9428,0.9183
15c01296a9666a79177118b95796acb156ad895ef5ce837a4e103fcf79c1fc90,screen_ui,high,C4,129768.33,127238.33,1.0199,30.695079,31.236662,0.9827,281.356040,285.514388,0.9854,0,1.0661,0.9428,0.9183
15c01296a9666a79177118b95796acb156ad895ef5ce837a4e103fcf79c1fc90,screen_ui,high,C5,129768.33,127238.33,1.0199,30.695079,31.236662,0.9827,281.356040,285.514388,0.9854,0,1.0661,0.9428,0.9183
15c01296a9666a79177118b95796acb156ad895ef5ce837a4e103fcf79c1fc90,screen_ui,high,C6,129768.33,127238.33,1.0199,30.695079,31.236662,0.9827,281.356040,285.514388,0.9854,0,1.0661,0.9428,0.9183
2a760bf1ccea6998be3890dcc2371b23f35fe3006562884b45bc534a621d5c12,screen_ui,low,C2,3292.33,3201.67,1.0283,70.617028,70.768609,0.9979,11.259688,11.498673,0.9792,0,1.0397,0.9928,0.9329
2a760bf1ccea6998be3890dcc2371b23f35fe3006562884b45bc534a621d5c12,screen_ui,low,C3,3290.33,3201.67,1.0277,70.619508,70.768609,0.9979,11.278010,11.498673,0.9808,0,1.0391,0.9928,0.9344
2a760bf1ccea6998be3890dcc2371b23f35fe3006562884b45bc534a621d5c12,screen_ui,low,C4,3290.33,3201.67,1.0277,70.619508,70.768609,0.9979,11.278010,11.498673,0.9808,0,1.0391,0.9928,0.9344
2a760bf1ccea6998be3890dcc2371b23f35fe3006562884b45bc534a621d5c12,screen_ui,low,C5,3290.33,3201.67,1.0277,70.619508,70.768609,0.9979,11.278010,11.498673,0.9808,0,1.0391,0.9928,0.9344
2a760bf1ccea6998be3890dcc2371b23f35fe3006562884b45bc534a621d5c12,screen_ui,low,C6,3290.33,3201.67,1.0277,70.619508,70.768609,0.9979,11.278010,11.498673,0.9808,0,1.0391,0.9928,0.9344
2a760bf1ccea6998be3890dcc2371b23f35fe3006562884b45bc534a621d5c12,screen_ui,mid,C2,5454.50,5250.00,1.0390,36.585701,37.019174,0.9883,5.214689,5.377532,0.9697,0,1.0509,0.9787,0.9280
2a760bf1ccea6998be3890dcc2371b23f35fe3006562884b45bc534a621d5c12,screen_ui,mid,C3,5453.00,5250.00,1.0387,36.587676,37.019174,0.9883,5.216921,5.377532,0.9701,0,1.0506,0.9788,0.9284
2a760bf1ccea6998be3890dcc2371b23f35fe3006562884b45bc534a621d5c12,screen_ui,mid,C4,5453.00,5250.00,1.0387,36.587676,37.019174,0.9883,5.216921,5.377532,0.9701,0,1.0506,0.9788,0.9284
2a760bf1ccea6998be3890dcc2371b23f35fe3006562884b45bc534a621d5c12,screen_ui,mid,C5,5453.00,5250.00,1.0387,36.587676,37.019174,0.9883,5.216921,5.377532,0.9701,0,1.0506,0.9788,0.9284
2a760bf1ccea6998be3890dcc2371b23f35fe3006562884b45bc534a621d5c12,screen_ui,mid,C6,5453.00,5250.00,1.0387,36.587676,37.019174,0.9883,5.216921,5.377532,0.9701,0,1.0506,0.9788,0.9284
2a760bf1ccea6998be3890dcc2371b23f35fe3006562884b45bc534a621d5c12,screen_ui,high,C2,11980.33,11621.67,1.0309,20.612936,20.924397,0.9851,2.550891,2.662046,0.9582,0,1.0410,0.9758,0.9197
2a760bf1ccea6998be3890dcc2371b23f35fe3006562884b45bc534a621d5c12,screen_ui,high,C3,11979.00,11621.67,1.0307,20.612219,20.924397,0.9851,2.551753,2.662046,0.9586,0,1.0408,0.9758,0.9200
2a760bf1ccea6998be3890dcc2371b23f35fe3006562884b45bc534a621d5c12,screen_ui,high,C4,11979.00,11621.67,1.0307,20.612219,20.924397,0.9851,2.551753,2.662046,0.9586,0,1.0408,0.9758,0.9200
2a760bf1ccea6998be3890dcc2371b23f35fe3006562884b45bc534a621d5c12,screen_ui,high,C5,11979.00,11621.67,1.0307,20.612219,20.924397,0.9851,2.551753,2.662046,0.9586,0,1.0408,0.9758,0.9200
2a760bf1ccea6998be3890dcc2371b23f35fe3006562884b45bc534a621d5c12,screen_ui,high,C6,11979.00,11621.67,1.0307,20.612219,20.924397,0.9851,2.551753,2.662046,0.9586,0,1.0408,0.9758,0.9200
3227d50d587b8c7ea1e11c6f9549a9aa318d50a7d74bd21ab36fc6a6b4b8ac58,illustration,low,C2,11507.00,11139.33,1.0330,48.045074,48.318967,0.9943,43.707396,47.782640,0.9147,0,1.0512,0.9866,0.8540
3227d50d587b8c7ea1e11c6f9549a9aa318d50a7d74bd21ab36fc6a6b4b8ac58,illustration,low,C3,11507.00,11139.33,1.0330,48.045074,48.318967,0.9943,43.707396,47.782640,0.9147,0,1.0512,0.9866,0.8540
3227d50d587b8c7ea1e11c6f9549a9aa318d50a7d74bd21ab36fc6a6b4b8ac58,illustration,low,C4,11507.00,11139.33,1.0330,48.045074,48.318967,0.9943,43.707396,47.782640,0.9147,0,1.0512,0.9866,0.8540
3227d50d587b8c7ea1e11c6f9549a9aa318d50a7d74bd21ab36fc6a6b4b8ac58,illustration,low,C5,11507.00,11139.33,1.0330,48.045074,48.318967,0.9943,43.707396,47.782640,0.9147,0,1.0512,0.9866,0.8540
3227d50d587b8c7ea1e11c6f9549a9aa318d50a7d74bd21ab36fc6a6b4b8ac58,illustration,low,C6,11507.00,11139.33,1.0330,48.045074,48.318967,0.9943,43.707396,47.782640,0.9147,0,1.0512,0.9866,0.8540
3227d50d587b8c7ea1e11c6f9549a9aa318d50a7d74bd21ab36fc6a6b4b8ac58,illustration,mid,C2,18484.50,18012.50,1.0262,22.933525,23.025447,0.9960,16.659127,18.451687,0.9029,0,1.0358,0.9902,0.8578
3227d50d587b8c7ea1e11c6f9549a9aa318d50a7d74bd21ab36fc6a6b4b8ac58,illustration,mid,C3,18484.50,18012.50,1.0262,22.933525,23.025447,0.9960,16.659127,18.451687,0.9029,0,1.0358,0.9902,0.8578
3227d50d587b8c7ea1e11c6f9549a9aa318d50a7d74bd21ab36fc6a6b4b8ac58,illustration,mid,C4,18484.50,18012.50,1.0262,22.933525,23.025447,0.9960,16.659127,18.451687,0.9029,0,1.0358,0.9902,0.8578
3227d50d587b8c7ea1e11c6f9549a9aa318d50a7d74bd21ab36fc6a6b4b8ac58,illustration,mid,C5,18484.50,18012.50,1.0262,22.933525,23.025447,0.9960,16.659127,18.451687,0.9029,0,1.0358,0.9902,0.8578
3227d50d587b8c7ea1e11c6f9549a9aa318d50a7d74bd21ab36fc6a6b4b8ac58,illustration,mid,C6,18484.50,18012.50,1.0262,22.933525,23.025447,0.9960,16.659127,18.451687,0.9029,0,1.0358,0.9902,0.8578
3227d50d587b8c7ea1e11c6f9549a9aa318d50a7d74bd21ab36fc6a6b4b8ac58,illustration,high,C2,35243.67,34377.33,1.0252,12.469492,12.512746,0.9965,6.234694,6.744906,0.9244,0,1.0358,0.9889,0.8770
3227d50d587b8c7ea1e11c6f9549a9aa318d50a7d74bd21ab36fc6a6b4b8ac58,illustration,high,C3,35245.00,34377.33,1.0252,12.475282,12.512746,0.9970,6.234845,6.744906,0.9244,0,1.0358,0.9893,0.8770
3227d50d587b8c7ea1e11c6f9549a9aa318d50a7d74bd21ab36fc6a6b4b8ac58,illustration,high,C4,35245.00,34377.33,1.0252,12.475282,12.512746,0.9970,6.234845,6.744906,0.9244,0,1.0358,0.9893,0.8770
3227d50d587b8c7ea1e11c6f9549a9aa318d50a7d74bd21ab36fc6a6b4b8ac58,illustration,high,C5,35245.00,34377.33,1.0252,12.475282,12.512746,0.9970,6.234845,6.744906,0.9244,0,1.0358,0.9893,0.8770
3227d50d587b8c7ea1e11c6f9549a9aa318d50a7d74bd21ab36fc6a6b4b8ac58,illustration,high,C6,35245.00,34377.33,1.0252,12.475282,12.512746,0.9970,6.234845,6.744906,0.9244,0,1.0358,0.9893,0.8770
368099ebb80537a3623d07bd5ba02c9b550f4c594841b79cc6a787ee8dd17ccc,screen_chart,low,C2,16989.00,16054.00,1.0582,42.404514,42.927434,0.9878,107.454514,113.843429,0.9439,0,1.1128,0.9584,0.8513
368099ebb80537a3623d07bd5ba02c9b550f4c594841b79cc6a787ee8dd17ccc,screen_chart,low,C3,16989.00,16054.00,1.0582,42.410627,42.927434,0.9880,107.587420,113.843429,0.9450,0,1.1128,0.9586,0.8524
368099ebb80537a3623d07bd5ba02c9b550f4c594841b79cc6a787ee8dd17ccc,screen_chart,low,C4,16989.00,16054.00,1.0582,42.410627,42.927434,0.9880,107.587420,113.843429,0.9450,0,1.1128,0.9586,0.8524
368099ebb80537a3623d07bd5ba02c9b550f4c594841b79cc6a787ee8dd17ccc,screen_chart,low,C5,16989.00,16054.00,1.0582,42.410627,42.927434,0.9880,107.587420,113.843429,0.9450,0,1.1128,0.9586,0.8524
368099ebb80537a3623d07bd5ba02c9b550f4c594841b79cc6a787ee8dd17ccc,screen_chart,low,C6,16989.00,16054.00,1.0582,42.410627,42.927434,0.9880,107.587420,113.843429,0.9450,0,1.1128,0.9586,0.8524
368099ebb80537a3623d07bd5ba02c9b550f4c594841b79cc6a787ee8dd17ccc,screen_chart,mid,C2,29925.50,27989.00,1.0692,24.945587,25.468538,0.9795,53.580437,55.413563,0.9669,0,1.1342,0.9409,0.8541
368099ebb80537a3623d07bd5ba02c9b550f4c594841b79cc6a787ee8dd17ccc,screen_chart,mid,C3,29920.00,27989.00,1.0690,24.945307,25.468538,0.9795,53.626824,55.413563,0.9678,0,1.1340,0.9409,0.8548
368099ebb80537a3623d07bd5ba02c9b550f4c594841b79cc6a787ee8dd17ccc,screen_chart,mid,C4,29920.00,27989.00,1.0690,24.945307,25.468538,0.9795,53.626824,55.413563,0.9678,0,1.1340,0.9409,0.8548
368099ebb80537a3623d07bd5ba02c9b550f4c594841b79cc6a787ee8dd17ccc,screen_chart,mid,C5,29920.00,27989.00,1.0690,24.945307,25.468538,0.9795,53.626824,55.413563,0.9678,0,1.1340,0.9409,0.8548
368099ebb80537a3623d07bd5ba02c9b550f4c594841b79cc6a787ee8dd17ccc,screen_chart,mid,C6,29920.00,27989.00,1.0690,24.945307,25.468538,0.9795,53.626824,55.413563,0.9678,0,1.1340,0.9409,0.8548
368099ebb80537a3623d07bd5ba02c9b550f4c594841b79cc6a787ee8dd17ccc,screen_chart,high,C2,68369.67,65300.33,1.0470,13.060605,13.413371,0.9737,16.238494,17.522935,0.9267,0,1.1003,0.9204,0.7574
368099ebb80537a3623d07bd5ba02c9b550f4c594841b79cc6a787ee8dd17ccc,screen_chart,high,C3,68328.67,65300.33,1.0464,13.070712,13.413371,0.9745,16.267336,17.522935,0.9283,0,1.0997,0.9212,0.7588
368099ebb80537a3623d07bd5ba02c9b550f4c594841b79cc6a787ee8dd17ccc,screen_chart,high,C4,68328.67,65300.33,1.0464,13.070712,13.413371,0.9745,16.267336,17.522935,0.9283,0,1.0997,0.9212,0.7588
368099ebb80537a3623d07bd5ba02c9b550f4c594841b79cc6a787ee8dd17ccc,screen_chart,high,C5,68328.67,65300.33,1.0464,13.070712,13.413371,0.9745,16.267336,17.522935,0.9283,0,1.0997,0.9212,0.7588
368099ebb80537a3623d07bd5ba02c9b550f4c594841b79cc6a787ee8dd17ccc,screen_chart,high,C6,68328.67,65300.33,1.0464,13.070712,13.413371,0.9745,16.267336,17.522935,0.9283,0,1.0997,0.9212,0.7588
3fc4fcbad81b934ec614f7e6a19bf3dc840eed1779b860a2312359e0a57d9cf2,screen_document,low,C2,9245.00,8947.67,1.0332,48.039689,48.824906,0.9839,104.994580,110.321257,0.9517,0,1.0695,0.9567,0.8462
3fc4fcbad81b934ec614f7e6a19bf3dc840eed1779b860a2312359e0a57d9cf2,screen_document,low,C3,9227.00,8947.67,1.0312,48.250151,48.824906,0.9882,106.416503,110.321257,0.9646,0,1.0674,0.9609,0.8576
3fc4fcbad81b934ec614f7e6a19bf3dc840eed1779b860a2312359e0a57d9cf2,screen_document,low,C4,9227.00,8947.67,1.0312,48.250151,48.824906,0.9882,106.416503,110.321257,0.9646,0,1.0674,0.9609,0.8576
3fc4fcbad81b934ec614f7e6a19bf3dc840eed1779b860a2312359e0a57d9cf2,screen_document,low,C5,9227.00,8947.67,1.0312,48.250151,48.824906,0.9882,106.416503,110.321257,0.9646,0,1.0674,0.9609,0.8576
3fc4fcbad81b934ec614f7e6a19bf3dc840eed1779b860a2312359e0a57d9cf2,screen_document,low,C6,9227.00,8947.67,1.0312,48.250151,48.824906,0.9882,106.416503,110.321257,0.9646,0,1.0674,0.9609,0.8576
3fc4fcbad81b934ec614f7e6a19bf3dc840eed1779b860a2312359e0a57d9cf2,screen_document,mid,C2,14555.50,14273.00,1.0198,36.398801,36.659698,0.9929,67.580280,69.579444,0.9713,0,1.0511,0.9797,0.8984
3fc4fcbad81b934ec614f7e6a19bf3dc840eed1779b860a2312359e0a57d9cf2,screen_document,mid,C3,14548.00,14273.00,1.0193,36.420708,36.659698,0.9935,67.830118,69.579444,0.9749,0,1.0505,0.9803,0.9018
3fc4fcbad81b934ec614f7e6a19bf3dc840eed1779b860a2312359e0a57d9cf2,screen_document,mid,C4,14548.00,14273.00,1.0193,36.420708,36.659698,0.9935,67.830118,69.579444,0.9749,0,1.0505,0.9803,0.9018
3fc4fcbad81b934ec614f7e6a19bf3dc840eed1779b860a2312359e0a57d9cf2,screen_document,mid,C5,14548.00,14273.00,1.0193,36.420708,36.659698,0.9935,67.830118,69.579444,0.9749,0,1.0505,0.9803,0.9018
3fc4fcbad81b934ec614f7e6a19bf3dc840eed1779b860a2312359e0a57d9cf2,screen_document,mid,C6,14548.00,14273.00,1.0193,36.420708,36.659698,0.9935,67.830118,69.579444,0.9749,0,1.0505,0.9803,0.9018
3fc4fcbad81b934ec614f7e6a19bf3dc840eed1779b860a2312359e0a57d9cf2,screen_document,high,C2,24501.33,24277.33,1.0092,31.356630,31.503797,0.9953,53.860972,54.441574,0.9893,0,1.0200,0.9924,0.9696
3fc4fcbad81b934ec614f7e6a19bf3dc840eed1779b860a2312359e0a57d9cf2,screen_document,high,C3,24507.67,24277.33,1.0095,31.352973,31.503797,0.9952,53.889798,54.441574,0.9899,0,1.0202,0.9923,0.9701
3fc4fcbad81b934ec614f7e6a19bf3dc840eed1779b860a2312359e0a57d9cf2,screen_document,high,C4,24507.67,24277.33,1.0095,31.352031,31.503797,0.9952,53.889735,54.441574,0.9899,0,1.0202,0.9923,0.9701
3fc4fcbad81b934ec614f7e6a19bf3dc840eed1779b860a2312359e0a57d9cf2,screen_document,high,C5,24507.67,24277.33,1.0095,31.352031,31.503797,0.9952,53.889735,54.441574,0.9899,0,1.0202,0.9923,0.9701
3fc4fcbad81b934ec614f7e6a19bf3dc840eed1779b860a2312359e0a57d9cf2,screen_document,high,C6,24507.67,24277.33,1.0095,31.352031,31.503797,0.9952,53.889735,54.441574,0.9899,0,1.0202,0.9923,0.9701
4fcdb30eeacd7963d0631ec52fec5cfec5b250fb,screen_document,low,C2,11605.33,10922.33,1.0625,27.633874,27.910514,0.9901,73.063084,91.725361,0.7965,0,1.1372,0.9477,0.5967
4fcdb30eeacd7963d0631ec52fec5cfec5b250fb,screen_document,low,C3,11603.00,10922.33,1.0623,27.700948,27.910514,0.9925,74.352693,91.725361,0.8106,0,1.1370,0.9500,0.6072
4fcdb30eeacd7963d0631ec52fec5cfec5b250fb,screen_document,low,C4,11603.00,10922.33,1.0623,27.700948,27.910514,0.9925,74.352693,91.725361,0.8106,0,1.1370,0.9500,0.6072
4fcdb30eeacd7963d0631ec52fec5cfec5b250fb,screen_document,low,C5,11603.00,10922.33,1.0623,27.700948,27.910514,0.9925,74.352693,91.725361,0.8106,0,1.1370,0.9500,0.6072
4fcdb30eeacd7963d0631ec52fec5cfec5b250fb,screen_document,low,C6,11603.00,10922.33,1.0623,27.700948,27.910514,0.9925,74.352693,91.725361,0.8106,0,1.1370,0.9500,0.6072
4fcdb30eeacd7963d0631ec52fec5cfec5b250fb,screen_document,mid,C2,17737.50,17084.50,1.0382,16.871927,17.201991,0.9808,10.639341,15.169993,0.7013,0,1.0954,0.9174,0.4491
4fcdb30eeacd7963d0631ec52fec5cfec5b250fb,screen_document,mid,C3,17753.00,17084.50,1.0391,16.951401,17.201991,0.9854,10.890709,15.169993,0.7179,0,1.0964,0.9217,0.4597
4fcdb30eeacd7963d0631ec52fec5cfec5b250fb,screen_document,mid,C4,17753.00,17084.50,1.0391,16.951401,17.201991,0.9854,10.890709,15.169993,0.7179,0,1.0964,0.9217,0.4597
4fcdb30eeacd7963d0631ec52fec5cfec5b250fb,screen_document,mid,C5,17753.00,17084.50,1.0391,16.951401,17.201991,0.9854,10.890709,15.169993,0.7179,0,1.0964,0.9217,0.4597
4fcdb30eeacd7963d0631ec52fec5cfec5b250fb,screen_document,mid,C6,17753.00,17084.50,1.0391,16.951401,17.201991,0.9854,10.890709,15.169993,0.7179,0,1.0964,0.9217,0.4597
4fcdb30eeacd7963d0631ec52fec5cfec5b250fb,screen_document,high,C2,27581.67,27184.67,1.0146,8.621816,8.713323,0.9895,1.681193,2.203782,0.7629,0,1.0361,0.9361,0.4837
4fcdb30eeacd7963d0631ec52fec5cfec5b250fb,screen_document,high,C3,27585.00,27184.67,1.0147,8.704523,8.713323,0.9990,1.717971,2.203782,0.7796,0,1.0362,0.9451,0.4942
4fcdb30eeacd7963d0631ec52fec5cfec5b250fb,screen_document,high,C4,27585.00,27184.67,1.0147,8.704523,8.713323,0.9990,1.717971,2.203782,0.7796,0,1.0362,0.9451,0.4942
4fcdb30eeacd7963d0631ec52fec5cfec5b250fb,screen_document,high,C5,27585.00,27184.67,1.0147,8.704523,8.713323,0.9990,1.717971,2.203782,0.7796,0,1.0362,0.9451,0.4942
4fcdb30eeacd7963d0631ec52fec5cfec5b250fb,screen_document,high,C6,27585.00,27184.67,1.0147,8.704523,8.713323,0.9990,1.717971,2.203782,0.7796,0,1.0362,0.9451,0.4942
517296f26ab9189d4f3ca03d950e6c04b424b543255ebe6665a136f408f5b8f1,illustration,low,C2,6934.67,6685.00,1.0373,32.698069,32.460166,1.0073,41.255652,45.621207,0.9043,0,1.0713,1.0012,0.7792
517296f26ab9189d4f3ca03d950e6c04b424b543255ebe6665a136f408f5b8f1,illustration,low,C3,6927.00,6685.00,1.0362,32.732997,32.460166,1.0084,41.558191,45.621207,0.9109,0,1.0701,1.0023,0.7849
517296f26ab9189d4f3ca03d950e6c04b424b543255ebe6665a136f408f5b8f1,illustration,low,C4,6927.00,6685.00,1.0362,32.732997,32.460166,1.0084,41.558191,45.621207,0.9109,0,1.0701,1.0023,0.7849
517296f26ab9189d4f3ca03d950e6c04b424b543255ebe6665a136f408f5b8f1,illustration,low,C5,6927.00,6685.00,1.0362,32.732997,32.460166,1.0084,41.558191,45.621207,0.9109,0,1.0701,1.0023,0.7849
517296f26ab9189d4f3ca03d950e6c04b424b543255ebe6665a136f408f5b8f1,illustration,low,C6,6927.00,6685.00,1.0362,32.732997,32.460166,1.0084,41.558191,45.621207,0.9109,0,1.0701,1.0023,0.7849
517296f26ab9189d4f3ca03d950e6c04b424b543255ebe6665a136f408f5b8f1,illustration,mid,C2,10022.00,9668.50,1.0366,26.468192,26.357513,1.0042,13.594405,16.760017,0.8111,0,1.0711,0.9828,0.6509
517296f26ab9189d4f3ca03d950e6c04b424b543255ebe6665a136f408f5b8f1,illustration,mid,C3,10013.50,9668.50,1.0357,26.532290,26.357513,1.0066,13.694918,16.760017,0.8171,0,1.0702,0.9851,0.6557
517296f26ab9189d4f3ca03d950e6c04b424b543255ebe6665a136f408f5b8f1,illustration,mid,C4,10013.50,9668.50,1.0357,26.532290,26.357513,1.0066,13.694918,16.760017,0.8171,0,1.0702,0.9851,0.6557
517296f26ab9189d4f3ca03d950e6c04b424b543255ebe6665a136f408f5b8f1,illustration,mid,C5,10013.50,9668.50,1.0357,26.532290,26.357513,1.0066,13.694918,16.760017,0.8171,0,1.0702,0.9851,0.6557
517296f26ab9189d4f3ca03d950e6c04b424b543255ebe6665a136f408f5b8f1,illustration,mid,C6,10013.50,9668.50,1.0357,26.532290,26.357513,1.0066,13.694918,16.760017,0.8171,0,1.0702,0.9851,0.6557
517296f26ab9189d4f3ca03d950e6c04b424b543255ebe6665a136f408f5b8f1,illustration,high,C2,17567.33,16960.00,1.0358,13.728330,13.728278,1.0000,3.119077,3.743389,0.8332,0,1.0584,0.9660,0.6449
517296f26ab9189d4f3ca03d950e6c04b424b543255ebe6665a136f408f5b8f1,illustration,high,C3,17568.00,16960.00,1.0358,13.701415,13.728278,0.9980,3.133350,3.743389,0.8370,0,1.0584,0.9641,0.6479
517296f26ab9189d4f3ca03d950e6c04b424b543255ebe6665a136f408f5b8f1,illustration,high,C4,17568.00,16960.00,1.0358,13.701415,13.728278,0.9980,3.133350,3.743389,0.8370,0,1.0584,0.9641,0.6479
517296f26ab9189d4f3ca03d950e6c04b424b543255ebe6665a136f408f5b8f1,illustration,high,C5,17568.00,16960.00,1.0358,13.701415,13.728278,0.9980,3.133350,3.743389,0.8370,0,1.0584,0.9641,0.6479
517296f26ab9189d4f3ca03d950e6c04b424b543255ebe6665a136f408f5b8f1,illustration,high,C6,17568.00,16960.00,1.0358,13.701415,13.728278,0.9980,3.133350,3.743389,0.8370,0,1.0584,0.9641,0.6479
5ab27509d42893df51923532e5b8114141ddf7702da993df1f2b8cd5b6772038,screen_ui,low,C2,11958.33,11472.33,1.0424,51.149448,51.138749,1.0002,92.930273,104.773882,0.8870,0,1.0717,0.9968,0.7993
5ab27509d42893df51923532e5b8114141ddf7702da993df1f2b8cd5b6772038,screen_ui,low,C3,11957.33,11472.33,1.0423,51.162035,51.138749,1.0005,92.897690,104.773882,0.8866,0,1.0716,0.9971,0.7990
5ab27509d42893df51923532e5b8114141ddf7702da993df1f2b8cd5b6772038,screen_ui,low,C4,11957.33,11472.33,1.0423,51.162035,51.138749,1.0005,92.897690,104.773882,0.8866,0,1.0716,0.9971,0.7990
5ab27509d42893df51923532e5b8114141ddf7702da993df1f2b8cd5b6772038,screen_ui,low,C5,11957.33,11472.33,1.0423,51.162035,51.138749,1.0005,92.897690,104.773882,0.8866,0,1.0716,0.9971,0.7990
5ab27509d42893df51923532e5b8114141ddf7702da993df1f2b8cd5b6772038,screen_ui,low,C6,11957.33,11472.33,1.0423,51.162035,51.138749,1.0005,92.897690,104.773882,0.8866,0,1.0716,0.9971,0.7990
5ab27509d42893df51923532e5b8114141ddf7702da993df1f2b8cd5b6772038,screen_ui,mid,C2,19084.50,18501.50,1.0315,32.184438,32.120880,1.0020,31.186392,37.443839,0.8329,0,1.0549,0.9931,0.7085
5ab27509d42893df51923532e5b8114141ddf7702da993df1f2b8cd5b6772038,screen_ui,mid,C3,19085.00,18501.50,1.0315,32.140183,32.120880,1.0006,31.403671,37.443839,0.8387,0,1.0550,0.9918,0.7135
5ab27509d42893df51923532e5b8114141ddf7702da993df1f2b8cd5b6772038,screen_ui,mid,C4,19085.00,18501.50,1.0315,32.140183,32.120880,1.0006,31.403671,37.443839,0.8387,0,1.0550,0.9918,0.7135
5ab27509d42893df51923532e5b8114141ddf7702da993df1f2b8cd5b6772038,screen_ui,mid,C5,19085.00,18501.50,1.0315,32.140183,32.120880,1.0006,31.403671,37.443839,0.8387,0,1.0550,0.9918,0.7135
5ab27509d42893df51923532e5b8114141ddf7702da993df1f2b8cd5b6772038,screen_ui,mid,C6,19085.00,18501.50,1.0315,32.140183,32.120880,1.0006,31.403671,37.443839,0.8387,0,1.0550,0.9918,0.7135
5ab27509d42893df51923532e5b8114141ddf7702da993df1f2b8cd5b6772038,screen_ui,high,C2,33530.00,33176.67,1.0107,20.046680,20.146192,0.9951,14.116312,15.051731,0.9379,0,1.0206,0.9872,0.8706
5ab27509d42893df51923532e5b8114141ddf7702da993df1f2b8cd5b6772038,screen_ui,high,C3,33528.00,33176.67,1.0106,20.048593,20.146192,0.9952,14.117061,15.051731,0.9379,0,1.0205,0.9873,0.8706
5ab27509d42893df51923532e5b8114141ddf7702da993df1f2b8cd5b6772038,screen_ui,high,C4,33528.00,33176.67,1.0106,20.048593,20.146192,0.9952,14.117061,15.051731,0.9379,0,1.0205,0.9873,0.8706
5ab27509d42893df51923532e5b8114141ddf7702da993df1f2b8cd5b6772038,screen_ui,high,C5,33528.00,33176.67,1.0106,20.048593,20.146192,0.9952,14.117061,15.051731,0.9379,0,1.0205,0.9873,0.8706
5ab27509d42893df51923532e5b8114141ddf7702da993df1f2b8cd5b6772038,screen_ui,high,C6,33528.00,33176.67,1.0106,20.048593,20.146192,0.9952,14.117061,15.051731,0.9379,0,1.0205,0.9873,0.8706
61aa69b6f63a64b87361988fcd53afe13128e841e33d0eb2146a1a62d21509d5,screen_document,low,C2,14595.00,13913.00,1.0490,31.533162,33.801468,0.9329,145.399329,164.041431,0.8864,0,1.1090,0.8293,0.7169
61aa69b6f63a64b87361988fcd53afe13128e841e33d0eb2146a1a62d21509d5,screen_document,low,C3,14612.33,13913.00,1.0503,31.753512,33.801468,0.9394,149.046049,164.041431,0.9086,0,1.1104,0.8351,0.7349
61aa69b6f63a64b87361988fcd53afe13128e841e33d0eb2146a1a62d21509d5,screen_document,low,C4,14613.67,13913.00,1.0504,31.755107,33.801468,0.9395,149.086668,164.041431,0.9088,0,1.1105,0.8351,0.7351
61aa69b6f63a64b87361988fcd53afe13128e841e33d0eb2146a1a62d21509d5,screen_document,low,C5,14613.67,13913.00,1.0504,31.755107,33.801468,0.9395,149.086668,164.041431,0.9088,0,1.1105,0.8351,0.7351
61aa69b6f63a64b87361988fcd53afe13128e841e33d0eb2146a1a62d21509d5,screen_document,low,C6,14613.67,13913.00,1.0504,31.755107,33.801468,0.9395,149.086668,164.041431,0.9088,0,1.1105,0.8351,0.7351
61aa69b6f63a64b87361988fcd53afe13128e841e33d0eb2146a1a62d21509d5,screen_document,mid,C2,21866.50,21185.50,1.0321,19.530461,20.588027,0.9486,74.468482,79.835551,0.9328,0,1.0843,0.8279,0.8107
61aa69b6f63a64b87361988fcd53afe13128e841e33d0eb2146a1a62d21509d5,screen_document,mid,C3,21903.00,21185.50,1.0339,19.643479,20.588027,0.9541,75.052557,79.835551,0.9401,0,1.0861,0.8327,0.8170
61aa69b6f63a64b87361988fcd53afe13128e841e33d0eb2146a1a62d21509d5,screen_document,mid,C4,21902.50,21185.50,1.0338,19.620542,20.588027,0.9530,75.100285,79.835551,0.9407,0,1.0861,0.8317,0.8175
61aa69b6f63a64b87361988fcd53afe13128e841e33d0eb2146a1a62d21509d5,screen_document,mid,C5,21902.50,21185.50,1.0338,19.620542,20.588027,0.9530,75.100285,79.835551,0.9407,0,1.0861,0.8317,0.8175
61aa69b6f63a64b87361988fcd53afe13128e841e33d0eb2146a1a62d21509d5,screen_document,mid,C6,21901.50,21185.50,1.0338,19.612497,20.588027,0.9526,75.097587,79.835551,0.9407,0,1.0861,0.8314,0.8175
61aa69b6f63a64b87361988fcd53afe13128e841e33d0eb2146a1a62d21509d5,screen_document,high,C2,33970.00,33623.33,1.0103,13.882529,14.095255,0.9849,56.537058,57.262397,0.9873,0,1.0303,0.9316,0.9540
61aa69b6f63a64b87361988fcd53afe13128e841e33d0eb2146a1a62d21509d5,screen_document,high,C3,33987.33,33623.33,1.0108,13.891188,14.095255,0.9855,56.553471,57.262397,0.9876,0,1.0308,0.9322,0.9543
61aa69b6f63a64b87361988fcd53afe13128e841e33d0eb2146a1a62d21509d5,screen_document,high,C4,33996.67,33623.33,1.0111,13.879512,14.095255,0.9847,56.558900,57.262397,0.9877,0,1.0311,0.9314,0.9544
61aa69b6f63a64b87361988fcd53afe13128e841e33d0eb2146a1a62d21509d5,screen_document,high,C5,33996.67,33623.33,1.0111,13.879512,14.095255,0.9847,56.558900,57.262397,0.9877,0,1.0311,0.9314,0.9544
61aa69b6f63a64b87361988fcd53afe13128e841e33d0eb2146a1a62d21509d5,screen_document,high,C6,33992.67,33623.33,1.0110,13.909810,14.095255,0.9868,56.557467,57.262397,0.9877,0,1.0310,0.9334,0.9544
6b21c9d47c5958fc347f9cd7ca5f653d556b0dd845be3868cd3b40038103055f,screen_ui,low,C2,13372.67,13110.33,1.0200,49.906403,50.093959,0.9963,107.238856,110.659196,0.9691,0,1.0328,0.9891,0.9262
6b21c9d47c5958fc347f9cd7ca5f653d556b0dd845be3868cd3b40038103055f,screen_ui,low,C3,13372.67,13110.33,1.0200,49.906403,50.093959,0.9963,107.238856,110.659196,0.9691,0,1.0328,0.9891,0.9262
6b21c9d47c5958fc347f9cd7ca5f653d556b0dd845be3868cd3b40038103055f,screen_ui,low,C4,13372.67,13110.33,1.0200,49.906403,50.093959,0.9963,107.238856,110.659196,0.9691,0,1.0328,0.9891,0.9262
6b21c9d47c5958fc347f9cd7ca5f653d556b0dd845be3868cd3b40038103055f,screen_ui,low,C5,13372.67,13110.33,1.0200,49.906403,50.093959,0.9963,107.238856,110.659196,0.9691,0,1.0328,0.9891,0.9262
6b21c9d47c5958fc347f9cd7ca5f653d556b0dd845be3868cd3b40038103055f,screen_ui,low,C6,13372.67,13110.33,1.0200,49.906403,50.093959,0.9963,107.238856,110.659196,0.9691,0,1.0328,0.9891,0.9262
6b21c9d47c5958fc347f9cd7ca5f653d556b0dd845be3868cd3b40038103055f,screen_ui,mid,C2,21247.00,20807.50,1.0211,34.287602,34.686189,0.9885,63.265313,66.014759,0.9584,0,1.0318,0.9831,0.9324
6b21c9d47c5958fc347f9cd7ca5f653d556b0dd845be3868cd3b40038103055f,screen_ui,mid,C3,21247.00,20807.50,1.0211,34.287602,34.686189,0.9885,63.265313,66.014759,0.9584,0,1.0318,0.9831,0.9324
6b21c9d47c5958fc347f9cd7ca5f653d556b0dd845be3868cd3b40038103055f,screen_ui,mid,C4,21247.00,20807.50,1.0211,34.287602,34.686189,0.9885,63.265313,66.014759,0.9584,0,1.0318,0.9831,0.9324
6b21c9d47c5958fc347f9cd7ca5f653d556b0dd845be3868cd3b40038103055f,screen_ui,mid,C5,21247.00,20807.50,1.0211,34.287602,34.686189,0.9885,63.265313,66.014759,0.9584,0,1.0318,0.9831,0.9324
6b21c9d47c5958fc347f9cd7ca5f653d556b0dd845be3868cd3b40038103055f,screen_ui,mid,C6,21247.00,20807.50,1.0211,34.287602,34.686189,0.9885,63.265313,66.014759,0.9584,0,1.0318,0.9831,0.9324
6b21c9d47c5958fc347f9cd7ca5f653d556b0dd845be3868cd3b40038103055f,screen_ui,high,C2,39070.33,38585.67,1.0126,26.501438,26.811663,0.9884,40.720331,41.928320,0.9712,0,1.0201,0.9820,0.9519
6b21c9d47c5958fc347f9cd7ca5f653d556b0dd845be3868cd3b40038103055f,screen_ui,high,C3,39071.67,38585.67,1.0126,26.503109,26.811663,0.9885,40.721600,41.928320,0.9712,0,1.0201,0.9821,0.9519
6b21c9d47c5958fc347f9cd7ca5f653d556b0dd845be3868cd3b40038103055f,screen_ui,high,C4,39071.67,38585.67,1.0126,26.503109,26.811663,0.9885,40.721600,41.928320,0.9712,0,1.0201,0.9821,0.9519
6b21c9d47c5958fc347f9cd7ca5f653d556b0dd845be3868cd3b40038103055f,screen_ui,high,C5,39071.67,38585.67,1.0126,26.503109,26.811663,0.9885,40.721600,41.928320,0.9712,0,1.0201,0.9821,0.9519
6b21c9d47c5958fc347f9cd7ca5f653d556b0dd845be3868cd3b40038103055f,screen_ui,high,C6,39071.67,38585.67,1.0126,26.503109,26.811663,0.9885,40.721600,41.928320,0.9712,0,1.0201,0.9821,0.9519
718554ce736b5abeee0dcc45d72eff617d71f8cf,screen_document,low,C2,10848.33,10530.00,1.0302,42.163975,41.910854,1.0060,86.852532,95.871238,0.9059,0,1.0526,0.9995,0.8352
718554ce736b5abeee0dcc45d72eff617d71f8cf,screen_document,low,C3,10848.67,10530.00,1.0303,42.166819,41.910854,1.0061,86.781924,95.871238,0.9052,0,1.0526,0.9995,0.8345
718554ce736b5abeee0dcc45d72eff617d71f8cf,screen_document,low,C4,10848.67,10530.00,1.0303,42.166819,41.910854,1.0061,86.781924,95.871238,0.9052,0,1.0526,0.9995,0.8345
718554ce736b5abeee0dcc45d72eff617d71f8cf,screen_document,low,C5,10848.67,10530.00,1.0303,42.166819,41.910854,1.0061,86.781924,95.871238,0.9052,0,1.0526,0.9995,0.8345
718554ce736b5abeee0dcc45d72eff617d71f8cf,screen_document,low,C6,10848.67,10530.00,1.0303,42.166819,41.910854,1.0061,86.781924,95.871238,0.9052,0,1.0526,0.9995,0.8345
718554ce736b5abeee0dcc45d72eff617d71f8cf,screen_document,mid,C2,16899.00,16551.50,1.0210,28.713075,28.705365,1.0003,36.079394,39.748095,0.9077,0,1.0341,0.9903,0.8259
718554ce736b5abeee0dcc45d72eff617d71f8cf,screen_document,mid,C3,16897.00,16551.50,1.0209,28.714269,28.705365,1.0003,36.112070,39.748095,0.9085,0,1.0340,0.9903,0.8266
718554ce736b5abeee0dcc45d72eff617d71f8cf,screen_document,mid,C4,16897.00,16551.50,1.0209,28.714269,28.705365,1.0003,36.112070,39.748095,0.9085,0,1.0340,0.9903,0.8266
718554ce736b5abeee0dcc45d72eff617d71f8cf,screen_document,mid,C5,16897.00,16551.50,1.0209,28.714269,28.705365,1.0003,36.112070,39.748095,0.9085,0,1.0340,0.9903,0.8266
718554ce736b5abeee0dcc45d72eff617d71f8cf,screen_document,mid,C6,16897.00,16551.50,1.0209,28.714269,28.705365,1.0003,36.112070,39.748095,0.9085,0,1.0340,0.9903,0.8266
718554ce736b5abeee0dcc45d72eff617d71f8cf,screen_document,high,C2,27350.00,27241.00,1.0040,20.960694,20.981103,0.9990,24.822426,25.069941,0.9901,0,1.0077,0.9953,0.9696
718554ce736b5abeee0dcc45d72eff617d71f8cf,screen_document,high,C3,27348.33,27241.00,1.0039,20.960309,20.981103,0.9990,24.818004,25.069941,0.9900,0,1.0076,0.9952,0.9695
718554ce736b5abeee0dcc45d72eff617d71f8cf,screen_document,high,C4,27348.33,27241.00,1.0039,20.960309,20.981103,0.9990,24.818004,25.069941,0.9900,0,1.0076,0.9952,0.9695
718554ce736b5abeee0dcc45d72eff617d71f8cf,screen_document,high,C5,27348.33,27241.00,1.0039,20.960309,20.981103,0.9990,24.818004,25.069941,0.9900,0,1.0076,0.9952,0.9695
718554ce736b5abeee0dcc45d72eff617d71f8cf,screen_document,high,C6,27348.33,27241.00,1.0039,20.960309,20.981103,0.9990,24.818004,25.069941,0.9900,0,1.0076,0.9952,0.9695
7f6c0e0170a42ddcf69f1835d62ce0dfa70a3b39,illustration,low,C2,2311.00,2247.33,1.0283,25.303078,24.662714,1.0260,13.492332,15.667034,0.8612,0,1.0427,1.0195,0.7767
7f6c0e0170a42ddcf69f1835d62ce0dfa70a3b39,illustration,low,C3,2311.00,2247.33,1.0283,25.302358,24.662714,1.0259,13.509394,15.667034,0.8623,0,1.0427,1.0195,0.7777
7f6c0e0170a42ddcf69f1835d62ce0dfa70a3b39,illustration,low,C4,2311.00,2247.33,1.0283,25.302358,24.662714,1.0259,13.509394,15.667034,0.8623,0,1.0427,1.0195,0.7777
7f6c0e0170a42ddcf69f1835d62ce0dfa70a3b39,illustration,low,C5,2311.00,2247.33,1.0283,25.302358,24.662714,1.0259,13.509394,15.667034,0.8623,0,1.0427,1.0195,0.7777
7f6c0e0170a42ddcf69f1835d62ce0dfa70a3b39,illustration,low,C6,2311.00,2247.33,1.0283,25.302358,24.662714,1.0259,13.509394,15.667034,0.8623,0,1.0427,1.0195,0.7777
7f6c0e0170a42ddcf69f1835d62ce0dfa70a3b39,illustration,mid,C2,2960.50,2906.00,1.0188,17.697484,17.815359,0.9934,2.145144,3.125349,0.6864,0,1.0301,0.9696,0.5749
7f6c0e0170a42ddcf69f1835d62ce0dfa70a3b39,illustration,mid,C3,2961.00,2906.00,1.0189,17.694434,17.815359,0.9932,2.148244,3.125349,0.6874,0,1.0303,0.9694,0.5758
7f6c0e0170a42ddcf69f1835d62ce0dfa70a3b39,illustration,mid,C4,2961.00,2906.00,1.0189,17.694434,17.815359,0.9932,2.148244,3.125349,0.6874,0,1.0303,0.9694,0.5758
7f6c0e0170a42ddcf69f1835d62ce0dfa70a3b39,illustration,mid,C5,2961.00,2906.00,1.0189,17.694434,17.815359,0.9932,2.148244,3.125349,0.6874,0,1.0303,0.9694,0.5758
7f6c0e0170a42ddcf69f1835d62ce0dfa70a3b39,illustration,mid,C6,2961.00,2906.00,1.0189,17.694434,17.815359,0.9932,2.148244,3.125349,0.6874,0,1.0303,0.9694,0.5758
7f6c0e0170a42ddcf69f1835d62ce0dfa70a3b39,illustration,high,C2,3851.33,3843.00,1.0022,7.299614,7.394548,0.9872,0.301949,0.337410,0.8949,0,1.0058,0.9636,0.7139
7f6c0e0170a42ddcf69f1835d62ce0dfa70a3b39,illustration,high,C3,3851.67,3843.00,1.0023,7.310969,7.394548,0.9887,0.301479,0.337410,0.8935,0,1.0059,0.9651,0.7128
7f6c0e0170a42ddcf69f1835d62ce0dfa70a3b39,illustration,high,C4,3851.67,3843.00,1.0023,7.310969,7.394548,0.9887,0.301479,0.337410,0.8935,0,1.0059,0.9651,0.7128
7f6c0e0170a42ddcf69f1835d62ce0dfa70a3b39,illustration,high,C5,3851.67,3843.00,1.0023,7.310969,7.394548,0.9887,0.301479,0.337410,0.8935,0,1.0059,0.9651,0.7128
7f6c0e0170a42ddcf69f1835d62ce0dfa70a3b39,illustration,high,C6,3851.67,3843.00,1.0023,7.310969,7.394548,0.9887,0.301479,0.337410,0.8935,0,1.0059,0.9651,0.7128
85cd580d3f7435612ccb220aa107e9b6fa873ab0,screen_document,low,C2,4059.67,3960.33,1.0251,41.709274,41.680029,1.0007,26.263079,29.491908,0.8905,0,1.0397,1.0025,0.8026
85cd580d3f7435612ccb220aa107e9b6fa873ab0,screen_document,low,C3,4061.00,3960.33,1.0254,41.714140,41.680029,1.0008,26.263818,29.491908,0.8905,0,1.0400,1.0026,0.8026
85cd580d3f7435612ccb220aa107e9b6fa873ab0,screen_document,low,C4,4061.00,3960.33,1.0254,41.714140,41.680029,1.0008,26.263818,29.491908,0.8905,0,1.0400,1.0026,0.8026
85cd580d3f7435612ccb220aa107e9b6fa873ab0,screen_document,low,C5,4061.00,3960.33,1.0254,41.714140,41.680029,1.0008,26.263818,29.491908,0.8905,0,1.0400,1.0026,0.8026
85cd580d3f7435612ccb220aa107e9b6fa873ab0,screen_document,low,C6,4061.00,3960.33,1.0254,41.714140,41.680029,1.0008,26.263818,29.491908,0.8905,0,1.0400,1.0026,0.8026
85cd580d3f7435612ccb220aa107e9b6fa873ab0,screen_document,mid,C2,5984.50,5871.50,1.0192,30.843893,30.958860,0.9963,8.839527,9.635275,0.9174,0,1.0285,0.9934,0.8241
85cd580d3f7435612ccb220aa107e9b6fa873ab0,screen_document,mid,C3,5984.50,5871.50,1.0192,30.843893,30.958860,0.9963,8.839527,9.635275,0.9174,0,1.0285,0.9934,0.8241
85cd580d3f7435612ccb220aa107e9b6fa873ab0,screen_document,mid,C4,5984.50,5871.50,1.0192,30.843893,30.958860,0.9963,8.839527,9.635275,0.9174,0,1.0285,0.9934,0.8241
85cd580d3f7435612ccb220aa107e9b6fa873ab0,screen_document,mid,C5,5984.50,5871.50,1.0192,30.843893,30.958860,0.9963,8.839527,9.635275,0.9174,0,1.0285,0.9934,0.8241
85cd580d3f7435612ccb220aa107e9b6fa873ab0,screen_document,mid,C6,5984.50,5871.50,1.0192,30.843893,30.958860,0.9963,8.839527,9.635275,0.9174,0,1.0285,0.9934,0.8241
85cd580d3f7435612ccb220aa107e9b6fa873ab0,screen_document,high,C2,9594.67,9559.00,1.0037,22.902398,22.935670,0.9985,4.751115,4.835091,0.9826,0,1.0061,0.9946,0.9642
85cd580d3f7435612ccb220aa107e9b6fa873ab0,screen_document,high,C3,9594.67,9559.00,1.0037,22.902398,22.935670,0.9985,4.751115,4.835091,0.9826,0,1.0061,0.9946,0.9642
85cd580d3f7435612ccb220aa107e9b6fa873ab0,screen_document,high,C4,9594.67,9559.00,1.0037,22.902398,22.935670,0.9985,4.751115,4.835091,0.9826,0,1.0061,0.9946,0.9642
85cd580d3f7435612ccb220aa107e9b6fa873ab0,screen_document,high,C5,9594.67,9559.00,1.0037,22.902398,22.935670,0.9985,4.751115,4.835091,0.9826,0,1.0061,0.9946,0.9642
85cd580d3f7435612ccb220aa107e9b6fa873ab0,screen_document,high,C6,9594.67,9559.00,1.0037,22.902398,22.935670,0.9985,4.751115,4.835091,0.9826,0,1.0061,0.9946,0.9642
9c65d493d0a05fe6ee35784b5c912ae51d32562c7c41e31fd1179ff6e82e879a,screen_ui,low,C2,17738.33,16722.67,1.0607,50.653224,51.631267,0.9811,197.996996,210.106717,0.9424,0,1.1300,0.9485,0.8183
9c65d493d0a05fe6ee35784b5c912ae51d32562c7c41e31fd1179ff6e82e879a,screen_ui,low,C3,17726.00,16722.67,1.0600,50.719083,51.631267,0.9823,201.185231,210.106717,0.9575,0,1.1292,0.9498,0.8315
9c65d493d0a05fe6ee35784b5c912ae51d32562c7c41e31fd1179ff6e82e879a,screen_ui,low,C4,17726.00,16722.67,1.0600,50.719083,51.631267,0.9823,201.185231,210.106717,0.9575,0,1.1292,0.9498,0.8315
9c65d493d0a05fe6ee35784b5c912ae51d32562c7c41e31fd1179ff6e82e879a,screen_ui,low,C5,17726.00,16722.67,1.0600,50.719083,51.631267,0.9823,201.185231,210.106717,0.9575,0,1.1292,0.9498,0.8315
9c65d493d0a05fe6ee35784b5c912ae51d32562c7c41e31fd1179ff6e82e879a,screen_ui,low,C6,17726.00,16722.67,1.0600,50.719083,51.631267,0.9823,201.185231,210.106717,0.9575,0,1.1292,0.9498,0.8315
9c65d493d0a05fe6ee35784b5c912ae51d32562c7c41e31fd1179ff6e82e879a,screen_ui,mid,C2,30305.00,28846.00,1.0506,31.612483,32.433333,0.9747,109.994422,115.741579,0.9503,0,1.1129,0.9225,0.8380
9c65d493d0a05fe6ee35784b5c912ae51d32562c7c41e31fd1179ff6e82e879a,screen_ui,mid,C3,30341.00,28846.00,1.0518,31.600681,32.433333,0.9743,111.317435,115.741579,0.9618,0,1.1142,0.9221,0.8480
9c65d493d0a05fe6ee35784b5c912ae51d32562c7c41e31fd1179ff6e82e879a,screen_ui,mid,C4,30342.50,28846.00,1.0519,31.599962,32.433333,0.9743,111.323614,115.741579,0.9618,0,1.1142,0.9221,0.8481
9c65d493d0a05fe6ee35784b5c912ae51d32562c7c41e31fd1179ff6e82e879a,screen_ui,mid,C5,30342.50,28846.00,1.0519,31.599962,32.433333,0.9743,111.323614,115.741579,0.9618,0,1.1142,0.9221,0.8481
9c65d493d0a05fe6ee35784b5c912ae51d32562c7c41e31fd1179ff6e82e879a,screen_ui,mid,C6,30342.50,28846.00,1.0519,31.599962,32.433333,0.9743,111.323614,115.741579,0.9618,0,1.1142,0.9221,0.8481
9c65d493d0a05fe6ee35784b5c912ae51d32562c7c41e31fd1179ff6e82e879a,screen_ui,high,C2,59454.00,58114.33,1.0231,20.738105,21.102613,0.9827,69.213513,70.663387,0.9795,0,1.0581,0.9431,0.9226
9c65d493d0a05fe6ee35784b5c912ae51d32562c7c41e31fd1179ff6e82e879a,screen_ui,high,C3,59470.00,58114.33,1.0233,20.755989,21.102613,0.9836,69.460906,70.663387,0.9830,0,1.0584,0.9439,0.9259
9c65d493d0a05fe6ee35784b5c912ae51d32562c7c41e31fd1179ff6e82e879a,screen_ui,high,C4,59470.33,58114.33,1.0233,20.767104,21.102613,0.9841,69.462213,70.663387,0.9830,0,1.0584,0.9444,0.9259
9c65d493d0a05fe6ee35784b5c912ae51d32562c7c41e31fd1179ff6e82e879a,screen_ui,high,C5,59470.33,58114.33,1.0233,20.767104,21.102613,0.9841,69.462213,70.663387,0.9830,0,1.0584,0.9444,0.9259
9c65d493d0a05fe6ee35784b5c912ae51d32562c7c41e31fd1179ff6e82e879a,screen_ui,high,C6,59469.33,58114.33,1.0233,20.760233,21.102613,0.9838,69.462223,70.663387,0.9830,0,1.0584,0.9441,0.9259
Temperament-pie-chart-according-to-Eysenck,illustration,low,C2,19363.67,18403.67,1.0522,54.083788,54.540316,0.9916,215.030634,227.374702,0.9457,0,1.1176,0.9537,0.7844
Temperament-pie-chart-according-to-Eysenck,illustration,low,C3,19383.67,18403.67,1.0533,54.374369,54.540316,0.9970,219.002225,227.374702,0.9632,0,1.1188,0.9589,0.7989
Temperament-pie-chart-according-to-Eysenck,illustration,low,C4,19383.33,18403.67,1.0532,54.373025,54.540316,0.9969,219.011025,227.374702,0.9632,0,1.1187,0.9588,0.7989
Temperament-pie-chart-according-to-Eysenck,illustration,low,C5,19383.33,18403.67,1.0532,54.373025,54.540316,0.9969,219.011025,227.374702,0.9632,0,1.1187,0.9588,0.7989
Temperament-pie-chart-according-to-Eysenck,illustration,low,C6,19383.33,18403.67,1.0532,54.373025,54.540316,0.9969,219.011025,227.374702,0.9632,0,1.1187,0.9588,0.7989
Temperament-pie-chart-according-to-Eysenck,illustration,mid,C2,32400.00,31163.50,1.0397,36.152216,36.451497,0.9918,83.321191,91.439303,0.9112,0,1.0879,0.9591,0.7543
Temperament-pie-chart-according-to-Eysenck,illustration,mid,C3,32459.00,31163.50,1.0416,36.222395,36.451497,0.9937,84.368941,91.439303,0.9227,0,1.0899,0.9610,0.7638
Temperament-pie-chart-according-to-Eysenck,illustration,mid,C4,32457.50,31163.50,1.0415,36.225064,36.451497,0.9938,84.378863,91.439303,0.9228,0,1.0899,0.9610,0.7639
Temperament-pie-chart-according-to-Eysenck,illustration,mid,C5,32457.50,31163.50,1.0415,36.225064,36.451497,0.9938,84.378863,91.439303,0.9228,0,1.0899,0.9610,0.7639
Temperament-pie-chart-according-to-Eysenck,illustration,mid,C6,32457.50,31163.50,1.0415,36.225064,36.451497,0.9938,84.378863,91.439303,0.9228,0,1.0899,0.9610,0.7639
Temperament-pie-chart-according-to-Eysenck,illustration,high,C2,58632.00,57684.00,1.0164,24.833208,24.953880,0.9952,40.100746,41.896948,0.9571,0,1.0399,0.9757,0.8681
Temperament-pie-chart-according-to-Eysenck,illustration,high,C3,58670.00,57684.00,1.0171,24.841634,24.953880,0.9955,40.259530,41.896948,0.9609,0,1.0406,0.9760,0.8716
Temperament-pie-chart-according-to-Eysenck,illustration,high,C4,58672.00,57684.00,1.0171,24.846215,24.953880,0.9957,40.263706,41.896948,0.9610,0,1.0406,0.9762,0.8717
Temperament-pie-chart-according-to-Eysenck,illustration,high,C5,58672.00,57684.00,1.0171,24.846215,24.953880,0.9957,40.263706,41.896948,0.9610,0,1.0406,0.9762,0.8717
Temperament-pie-chart-according-to-Eysenck,illustration,high,C6,58668.33,57684.00,1.0171,24.843913,24.953880,0.9956,40.263894,41.896948,0.9610,0,1.0405,0.9761,0.8717
a24d6945ac8862ed,screen_document,low,C2,10690.00,10318.00,1.0361,29.417589,29.418850,1.0000,35.751631,41.186687,0.8680,0,1.0582,0.9918,0.7601
a24d6945ac8862ed,screen_document,low,C3,10687.33,10318.00,1.0358,29.440816,29.418850,1.0007,35.829425,41.186687,0.8699,0,1.0579,0.9926,0.7618
a24d6945ac8862ed,screen_document,low,C4,10687.33,10318.00,1.0358,29.440816,29.418850,1.0007,35.829425,41.186687,0.8699,0,1.0579,0.9926,0.7618
a24d6945ac8862ed,screen_document,low,C5,10687.33,10318.00,1.0358,29.440816,29.418850,1.0007,35.829425,41.186687,0.8699,0,1.0579,0.9926,0.7618
a24d6945ac8862ed,screen_document,low,C6,10687.33,10318.00,1.0358,29.440816,29.418850,1.0007,35.829425,41.186687,0.8699,0,1.0579,0.9926,0.7618
a24d6945ac8862ed,screen_document,mid,C2,15566.00,15019.00,1.0364,15.309183,15.346963,0.9975,12.562578,14.296388,0.8787,0,1.0578,0.9882,0.7694
a24d6945ac8862ed,screen_document,mid,C3,15566.00,15019.00,1.0364,15.319196,15.346963,0.9982,12.588488,14.296388,0.8805,0,1.0578,0.9888,0.7710
a24d6945ac8862ed,screen_document,mid,C4,15566.00,15019.00,1.0364,15.319196,15.346963,0.9982,12.588488,14.296388,0.8805,0,1.0578,0.9888,0.7710
a24d6945ac8862ed,screen_document,mid,C5,15566.00,15019.00,1.0364,15.319196,15.346963,0.9982,12.588488,14.296388,0.8805,0,1.0578,0.9888,0.7710
a24d6945ac8862ed,screen_document,mid,C6,15566.00,15019.00,1.0364,15.319196,15.346963,0.9982,12.588488,14.296388,0.8805,0,1.0578,0.9888,0.7710
a24d6945ac8862ed,screen_document,high,C2,29127.33,28165.33,1.0342,8.924436,9.011198,0.9904,4.250471,4.627770,0.9185,0,1.0571,0.9721,0.8056
a24d6945ac8862ed,screen_document,high,C3,29122.00,28165.33,1.0340,8.935759,9.011198,0.9916,4.262624,4.627770,0.9211,0,1.0569,0.9733,0.8079
a24d6945ac8862ed,screen_document,high,C4,29122.00,28165.33,1.0340,8.935759,9.011198,0.9916,4.262624,4.627770,0.9211,0,1.0569,0.9733,0.8079
a24d6945ac8862ed,screen_document,high,C5,29122.00,28165.33,1.0340,8.935759,9.011198,0.9916,4.262624,4.627770,0.9211,0,1.0569,0.9733,0.8079
a24d6945ac8862ed,screen_document,high,C6,29122.00,28165.33,1.0340,8.935759,9.011198,0.9916,4.262624,4.627770,0.9211,0,1.0569,0.9733,0.8079
a255a8dd3e71fb2925755f5015d2e915ec752f3318181e7aa2e280bc28ea22e2,screen_ui,low,C2,4073.00,3932.33,1.0358,29.558203,29.749566,0.9936,15.983243,18.192112,0.8786,0,1.0889,0.9341,0.6690
a255a8dd3e71fb2925755f5015d2e915ec752f3318181e7aa2e280bc28ea22e2,screen_ui,low,C3,4065.67,3932.33,1.0339,29.809247,29.749566,1.0020,16.479565,18.192112,0.9059,0,1.0870,0.9421,0.6898
a255a8dd3e71fb2925755f5015d2e915ec752f3318181e7aa2e280bc28ea22e2,screen_ui,low,C4,4065.67,3932.33,1.0339,29.809247,29.749566,1.0020,16.479565,18.192112,0.9059,0,1.0870,0.9421,0.6898
a255a8dd3e71fb2925755f5015d2e915ec752f3318181e7aa2e280bc28ea22e2,screen_ui,low,C5,4065.67,3932.33,1.0339,29.809247,29.749566,1.0020,16.479565,18.192112,0.9059,0,1.0870,0.9421,0.6898
a255a8dd3e71fb2925755f5015d2e915ec752f3318181e7aa2e280bc28ea22e2,screen_ui,low,C6,4065.67,3932.33,1.0339,29.809247,29.749566,1.0020,16.479565,18.192112,0.9059,0,1.0870,0.9421,0.6898
a255a8dd3e71fb2925755f5015d2e915ec752f3318181e7aa2e280bc28ea22e2,screen_ui,mid,C2,6018.50,5875.50,1.0243,16.219643,16.615869,0.9762,3.552892,4.144594,0.8572,0,1.0587,0.9290,0.6001
a255a8dd3e71fb2925755f5015d2e915ec752f3318181e7aa2e280bc28ea22e2,screen_ui,mid,C3,6029.00,5875.50,1.0261,16.250303,16.615869,0.9780,3.583789,4.144594,0.8647,0,1.0605,0.9307,0.6053
a255a8dd3e71fb2925755f5015d2e915ec752f3318181e7aa2e280bc28ea22e2,screen_ui,mid,C4,6029.00,5875.50,1.0261,16.250303,16.615869,0.9780,3.583789,4.144594,0.8647,0,1.0605,0.9307,0.6053
a255a8dd3e71fb2925755f5015d2e915ec752f3318181e7aa2e280bc28ea22e2,screen_ui,mid,C5,6029.00,5875.50,1.0261,16.250303,16.615869,0.9780,3.583789,4.144594,0.8647,0,1.0605,0.9307,0.6053
a255a8dd3e71fb2925755f5015d2e915ec752f3318181e7aa2e280bc28ea22e2,screen_ui,mid,C6,6029.00,5875.50,1.0261,16.250303,16.615869,0.9780,3.583789,4.144594,0.8647,0,1.0605,0.9307,0.6053
a255a8dd3e71fb2925755f5015d2e915ec752f3318181e7aa2e280bc28ea22e2,screen_ui,high,C2,9299.67,9216.33,1.0090,10.687954,10.665331,1.0021,0.767183,0.855219,0.8971,0,1.0231,0.9798,0.6674
a255a8dd3e71fb2925755f5015d2e915ec752f3318181e7aa2e280bc28ea22e2,screen_ui,high,C3,9300.67,9216.33,1.0092,10.615907,10.665331,0.9954,0.765128,0.855219,0.8947,0,1.0233,0.9732,0.6656
a255a8dd3e71fb2925755f5015d2e915ec752f3318181e7aa2e280bc28ea22e2,screen_ui,high,C4,9300.67,9216.33,1.0092,10.614254,10.665331,0.9952,0.765180,0.855219,0.8947,0,1.0233,0.9730,0.6657
a255a8dd3e71fb2925755f5015d2e915ec752f3318181e7aa2e280bc28ea22e2,screen_ui,high,C5,9300.67,9216.33,1.0092,10.614254,10.665331,0.9952,0.765180,0.855219,0.8947,0,1.0233,0.9730,0.6657
a255a8dd3e71fb2925755f5015d2e915ec752f3318181e7aa2e280bc28ea22e2,screen_ui,high,C6,9300.67,9216.33,1.0092,10.614254,10.665331,0.9952,0.765180,0.855219,0.8947,0,1.0233,0.9730,0.6657
af92100b4b710bec9a2001cc71d52a86e51c0df954882811ced8a9d3727efc0b,screen_chart,low,C2,1890.33,1879.33,1.0059,25.231798,25.299180,0.9973,0.354642,0.346721,1.0228,0,1.0062,0.9962,1.0030
af92100b4b710bec9a2001cc71d52a86e51c0df954882811ced8a9d3727efc0b,screen_chart,low,C3,1890.33,1879.33,1.0059,25.231798,25.299180,0.9973,0.354642,0.346721,1.0228,0,1.0062,0.9962,1.0030
af92100b4b710bec9a2001cc71d52a86e51c0df954882811ced8a9d3727efc0b,screen_chart,low,C4,1890.33,1879.33,1.0059,25.231798,25.299180,0.9973,0.354642,0.346721,1.0228,0,1.0062,0.9962,1.0030
af92100b4b710bec9a2001cc71d52a86e51c0df954882811ced8a9d3727efc0b,screen_chart,low,C5,1890.33,1879.33,1.0059,25.231798,25.299180,0.9973,0.354642,0.346721,1.0228,0,1.0062,0.9962,1.0030
af92100b4b710bec9a2001cc71d52a86e51c0df954882811ced8a9d3727efc0b,screen_chart,low,C6,1890.33,1879.33,1.0059,25.231798,25.299180,0.9973,0.354642,0.346721,1.0228,0,1.0062,0.9962,1.0030
af92100b4b710bec9a2001cc71d52a86e51c0df954882811ced8a9d3727efc0b,screen_chart,mid,C2,2539.00,2518.50,1.0081,9.018574,9.243504,0.9757,0.035722,0.041752,0.8556,1,1.0087,0.9697,0.8477
af92100b4b710bec9a2001cc71d52a86e51c0df954882811ced8a9d3727efc0b,screen_chart,mid,C3,2539.00,2518.50,1.0081,9.018574,9.243504,0.9757,0.035722,0.041752,0.8556,1,1.0087,0.9697,0.8477
af92100b4b710bec9a2001cc71d52a86e51c0df954882811ced8a9d3727efc0b,screen_chart,mid,C4,2539.00,2518.50,1.0081,9.018574,9.243504,0.9757,0.035722,0.041752,0.8556,1,1.0087,0.9697,0.8477
af92100b4b710bec9a2001cc71d52a86e51c0df954882811ced8a9d3727efc0b,screen_chart,mid,C5,2539.00,2518.50,1.0081,9.018574,9.243504,0.9757,0.035722,0.041752,0.8556,1,1.0087,0.9697,0.8477
af92100b4b710bec9a2001cc71d52a86e51c0df954882811ced8a9d3727efc0b,screen_chart,mid,C6,2539.00,2518.50,1.0081,9.018574,9.243504,0.9757,0.035722,0.041752,0.8556,1,1.0087,0.9697,0.8477
af92100b4b710bec9a2001cc71d52a86e51c0df954882811ced8a9d3727efc0b,screen_chart,high,C2,3152.67,3144.67,1.0025,6.658866,6.659099,1.0000,0.023577,0.031751,0.7426,0,1.0032,0.9944,0.7482
af92100b4b710bec9a2001cc71d52a86e51c0df954882811ced8a9d3727efc0b,screen_chart,high,C3,3152.67,3144.67,1.0025,6.658866,6.659099,1.0000,0.023577,0.031751,0.7426,0,1.0032,0.9944,0.7482
af92100b4b710bec9a2001cc71d52a86e51c0df954882811ced8a9d3727efc0b,screen_chart,high,C4,3152.67,3144.67,1.0025,6.658866,6.659099,1.0000,0.023577,0.031751,0.7426,0,1.0032,0.9944,0.7482
af92100b4b710bec9a2001cc71d52a86e51c0df954882811ced8a9d3727efc0b,screen_chart,high,C5,3152.67,3144.67,1.0025,6.658866,6.659099,1.0000,0.023577,0.031751,0.7426,0,1.0032,0.9944,0.7482
af92100b4b710bec9a2001cc71d52a86e51c0df954882811ced8a9d3727efc0b,screen_chart,high,C6,3152.67,3144.67,1.0025,6.658866,6.659099,1.0000,0.023577,0.031751,0.7426,0,1.0032,0.9944,0.7482
b97d593a28905323214ac4cb967cd4c4fe5f936c219798df983a234729d36561,illustration,low,C2,7297.00,6821.67,1.0697,64.684483,65.498343,0.9876,34.202052,36.365140,0.9405,0,1.1031,0.9725,0.8808
b97d593a28905323214ac4cb967cd4c4fe5f936c219798df983a234729d36561,illustration,low,C3,7300.00,6821.67,1.0701,64.723622,65.498343,0.9882,34.354564,36.365140,0.9447,0,1.1036,0.9731,0.8847
b97d593a28905323214ac4cb967cd4c4fe5f936c219798df983a234729d36561,illustration,low,C4,7300.00,6821.67,1.0701,64.723622,65.498343,0.9882,34.354564,36.365140,0.9447,0,1.1036,0.9731,0.8847
b97d593a28905323214ac4cb967cd4c4fe5f936c219798df983a234729d36561,illustration,low,C5,7300.00,6821.67,1.0701,64.723622,65.498343,0.9882,34.354564,36.365140,0.9447,0,1.1036,0.9731,0.8847
b97d593a28905323214ac4cb967cd4c4fe5f936c219798df983a234729d36561,illustration,low,C6,7300.00,6821.67,1.0701,64.723622,65.498343,0.9882,34.354564,36.365140,0.9447,0,1.1036,0.9731,0.8847
b97d593a28905323214ac4cb967cd4c4fe5f936c219798df983a234729d36561,illustration,mid,C2,14500.50,13610.00,1.0654,23.528522,24.460789,0.9619,9.217802,11.059401,0.8335,0,1.1177,0.8970,0.6619
b97d593a28905323214ac4cb967cd4c4fe5f936c219798df983a234729d36561,illustration,mid,C3,14501.50,13610.00,1.0655,23.525675,24.460789,0.9618,9.230656,11.059401,0.8346,0,1.1177,0.8969,0.6628
b97d593a28905323214ac4cb967cd4c4fe5f936c219798df983a234729d36561,illustration,mid,C4,14501.50,13610.00,1.0655,23.525675,24.460789,0.9618,9.230656,11.059401,0.8346,0,1.1177,0.8969,0.6628
b97d593a28905323214ac4cb967cd4c4fe5f936c219798df983a234729d36561,illustration,mid,C5,14501.50,13610.00,1.0655,23.525675,24.460789,0.9618,9.230656,11.059401,0.8346,0,1.1177,0.8969,0.6628
b97d593a28905323214ac4cb967cd4c4fe5f936c219798df983a234729d36561,illustration,mid,C6,14501.50,13610.00,1.0655,23.525675,24.460789,0.9618,9.230656,11.059401,0.8346,0,1.1177,0.8969,0.6628
b97d593a28905323214ac4cb967cd4c4fe5f936c219798df983a234729d36561,illustration,high,C2,21863.33,21825.00,1.0018,10.769268,10.797685,0.9974,2.117918,2.154802,0.9829,0,1.0037,0.9917,0.9487
b97d593a28905323214ac4cb967cd4c4fe5f936c219798df983a234729d36561,illustration,high,C3,21863.33,21825.00,1.0018,10.769268,10.797685,0.9974,2.117918,2.154802,0.9829,0,1.0037,0.9917,0.9487
b97d593a28905323214ac4cb967cd4c4fe5f936c219798df983a234729d36561,illustration,high,C4,21863.33,21825.00,1.0018,10.769268,10.797685,0.9974,2.117918,2.154802,0.9829,0,1.0037,0.9917,0.9487
b97d593a28905323214ac4cb967cd4c4fe5f936c219798df983a234729d36561,illustration,high,C5,21863.33,21825.00,1.0018,10.769268,10.797685,0.9974,2.117918,2.154802,0.9829,0,1.0037,0.9917,0.9487
b97d593a28905323214ac4cb967cd4c4fe5f936c219798df983a234729d36561,illustration,high,C6,21863.33,21825.00,1.0018,10.769268,10.797685,0.9974,2.117918,2.154802,0.9829,0,1.0037,0.9917,0.9487
bedc4c20d2b2ee72,screen_document,low,C2,6647.00,6401.00,1.0384,41.900133,42.105085,0.9951,29.917747,32.174877,0.9298,0,1.0639,0.9825,0.8300
bedc4c20d2b2ee72,screen_document,low,C3,6642.33,6401.00,1.0377,41.930858,42.105085,0.9959,30.046234,32.174877,0.9338,0,1.0632,0.9832,0.8335
bedc4c20d2b2ee72,screen_document,low,C4,6642.33,6401.00,1.0377,41.930858,42.105085,0.9959,30.046234,32.174877,0.9338,0,1.0632,0.9832,0.8335
bedc4c20d2b2ee72,screen_document,low,C5,6642.33,6401.00,1.0377,41.930858,42.105085,0.9959,30.046234,32.174877,0.9338,0,1.0632,0.9832,0.8335
bedc4c20d2b2ee72,screen_document,low,C6,6642.33,6401.00,1.0377,41.930858,42.105085,0.9959,30.046234,32.174877,0.9338,0,1.0632,0.9832,0.8335
bedc4c20d2b2ee72,screen_document,mid,C2,10557.00,10083.00,1.0470,21.852002,22.190783,0.9847,12.794561,13.543778,0.9447,0,1.0729,0.9603,0.8441
bedc4c20d2b2ee72,screen_document,mid,C3,10542.00,10083.00,1.0455,21.999338,22.190783,0.9914,12.896937,13.543778,0.9522,0,1.0714,0.9667,0.8508
bedc4c20d2b2ee72,screen_document,mid,C4,10542.00,10083.00,1.0455,21.999338,22.190783,0.9914,12.896937,13.543778,0.9522,0,1.0714,0.9667,0.8508
bedc4c20d2b2ee72,screen_document,mid,C5,10542.00,10083.00,1.0455,21.999338,22.190783,0.9914,12.896937,13.543778,0.9522,0,1.0714,0.9667,0.8508
bedc4c20d2b2ee72,screen_document,mid,C6,10542.00,10083.00,1.0455,21.999338,22.190783,0.9914,12.896937,13.543778,0.9522,0,1.0714,0.9667,0.8508
bedc4c20d2b2ee72,screen_document,high,C2,23028.00,22141.00,1.0401,11.496088,11.628589,0.9886,4.457138,4.796212,0.9293,0,1.0626,0.9481,0.8234
bedc4c20d2b2ee72,screen_document,high,C3,23034.67,22141.00,1.0404,11.521606,11.628589,0.9908,4.502189,4.796212,0.9387,0,1.0629,0.9502,0.8317
bedc4c20d2b2ee72,screen_document,high,C4,23034.67,22141.00,1.0404,11.521606,11.628589,0.9908,4.502189,4.796212,0.9387,0,1.0629,0.9502,0.8317
bedc4c20d2b2ee72,screen_document,high,C5,23034.67,22141.00,1.0404,11.521606,11.628589,0.9908,4.502189,4.796212,0.9387,0,1.0629,0.9502,0.8317
bedc4c20d2b2ee72,screen_document,high,C6,23034.67,22141.00,1.0404,11.521606,11.628589,0.9908,4.502189,4.796212,0.9387,0,1.0629,0.9502,0.8317
c4f70980ae8bc337876e1c8bafab2723c1acbe557226afe72483a7885cc8dc2b,screen_ui,low,C2,18021.67,16893.00,1.0668,47.587940,48.675990,0.9776,144.443147,165.983180,0.8702,0,1.1567,0.8679,0.6401
c4f70980ae8bc337876e1c8bafab2723c1acbe557226afe72483a7885cc8dc2b,screen_ui,low,C3,18045.00,16893.00,1.0682,47.886737,48.675990,0.9838,150.190021,165.983180,0.9049,0,1.1582,0.8733,0.6655
c4f70980ae8bc337876e1c8bafab2723c1acbe557226afe72483a7885cc8dc2b,screen_ui,low,C4,18043.00,16893.00,1.0681,47.888825,48.675990,0.9838,150.219095,165.983180,0.9050,0,1.1581,0.8734,0.6656
c4f70980ae8bc337876e1c8bafab2723c1acbe557226afe72483a7885cc8dc2b,screen_ui,low,C5,18043.00,16893.00,1.0681,47.888825,48.675990,0.9838,150.219095,165.983180,0.9050,0,1.1581,0.8734,0.6656
c4f70980ae8bc337876e1c8bafab2723c1acbe557226afe72483a7885cc8dc2b,screen_ui,low,C6,18043.00,16893.00,1.0681,47.888825,48.675990,0.9838,150.219095,165.983180,0.9050,0,1.1581,0.8734,0.6656
c4f70980ae8bc337876e1c8bafab2723c1acbe557226afe72483a7885cc8dc2b,screen_ui,mid,C2,28498.50,27537.50,1.0349,25.258564,25.506236,0.9903,28.144707,33.987470,0.8281,0,1.0987,0.9005,0.5192
c4f70980ae8bc337876e1c8bafab2723c1acbe557226afe72483a7885cc8dc2b,screen_ui,mid,C3,28587.00,27537.50,1.0381,25.387822,25.506236,0.9954,28.903886,33.987470,0.8504,0,1.1021,0.9051,0.5332
c4f70980ae8bc337876e1c8bafab2723c1acbe557226afe72483a7885cc8dc2b,screen_ui,mid,C4,28579.00,27537.50,1.0378,25.435083,25.506236,0.9972,28.946033,33.987470,0.8517,0,1.1018,0.9068,0.5340
c4f70980ae8bc337876e1c8bafab2723c1acbe557226afe72483a7885cc8dc2b,screen_ui,mid,C5,28579.00,27537.50,1.0378,25.435083,25.506236,0.9972,28.946033,33.987470,0.8517,0,1.1018,0.9068,0.5340
c4f70980ae8bc337876e1c8bafab2723c1acbe557226afe72483a7885cc8dc2b,screen_ui,mid,C6,28579.00,27537.50,1.0378,25.435083,25.506236,0.9972,28.946033,33.987470,0.8517,0,1.1018,0.9068,0.5340
c4f70980ae8bc337876e1c8bafab2723c1acbe557226afe72483a7885cc8dc2b,screen_ui,high,C2,45108.33,44495.67,1.0138,14.523106,14.664084,0.9904,5.950702,6.892524,0.8634,0,1.0392,0.9429,0.5847
c4f70980ae8bc337876e1c8bafab2723c1acbe557226afe72483a7885cc8dc2b,screen_ui,high,C3,45134.67,44495.67,1.0144,14.508382,14.664084,0.9894,6.055369,6.892524,0.8785,0,1.0398,0.9420,0.5950
c4f70980ae8bc337876e1c8bafab2723c1acbe557226afe72483a7885cc8dc2b,screen_ui,high,C4,45141.67,44495.67,1.0145,14.527931,14.664084,0.9907,6.057393,6.892524,0.8788,0,1.0400,0.9433,0.5952
c4f70980ae8bc337876e1c8bafab2723c1acbe557226afe72483a7885cc8dc2b,screen_ui,high,C5,45141.67,44495.67,1.0145,14.527931,14.664084,0.9907,6.057393,6.892524,0.8788,0,1.0400,0.9433,0.5952
c4f70980ae8bc337876e1c8bafab2723c1acbe557226afe72483a7885cc8dc2b,screen_ui,high,C6,45139.33,44495.67,1.0145,14.524996,14.664084,0.9905,6.058162,6.892524,0.8789,0,1.0399,0.9431,0.5952
dd467029248aead0,screen_document,low,C2,6144.67,5876.33,1.0457,40.858521,40.964502,0.9974,23.091162,24.627795,0.9376,0,1.0622,0.9942,0.8880
dd467029248aead0,screen_document,low,C3,6142.33,5876.33,1.0453,40.859525,40.964502,0.9974,23.138254,24.627795,0.9395,0,1.0618,0.9942,0.8899
dd467029248aead0,screen_document,low,C4,6142.33,5876.33,1.0453,40.859525,40.964502,0.9974,23.138254,24.627795,0.9395,0,1.0618,0.9942,0.8899
dd467029248aead0,screen_document,low,C5,6142.33,5876.33,1.0453,40.859525,40.964502,0.9974,23.138254,24.627795,0.9395,0,1.0618,0.9942,0.8899
dd467029248aead0,screen_document,low,C6,6142.33,5876.33,1.0453,40.859525,40.964502,0.9974,23.138254,24.627795,0.9395,0,1.0618,0.9942,0.8899
dd467029248aead0,screen_document,mid,C2,10739.00,10315.50,1.0411,21.141111,21.383583,0.9887,11.953927,12.309759,0.9711,0,1.0558,0.9810,0.9365
dd467029248aead0,screen_document,mid,C3,10734.50,10315.50,1.0406,21.142360,21.383583,0.9887,11.964855,12.309759,0.9720,0,1.0554,0.9810,0.9374
dd467029248aead0,screen_document,mid,C4,10734.50,10315.50,1.0406,21.142360,21.383583,0.9887,11.964855,12.309759,0.9720,0,1.0554,0.9810,0.9374
dd467029248aead0,screen_document,mid,C5,10734.50,10315.50,1.0406,21.142360,21.383583,0.9887,11.964855,12.309759,0.9720,0,1.0554,0.9810,0.9374
dd467029248aead0,screen_document,mid,C6,10734.50,10315.50,1.0406,21.142360,21.383583,0.9887,11.964855,12.309759,0.9720,0,1.0554,0.9810,0.9374
dd467029248aead0,screen_document,high,C2,26525.00,25356.33,1.0461,11.326493,11.541069,0.9814,5.340083,5.637960,0.9472,0,1.0599,0.9787,0.9101
dd467029248aead0,screen_document,high,C3,26526.33,25356.33,1.0461,11.339262,11.541069,0.9825,5.342015,5.637960,0.9475,0,1.0600,0.9798,0.9105
dd467029248aead0,screen_document,high,C4,26526.33,25356.33,1.0461,11.339262,11.541069,0.9825,5.342015,5.637960,0.9475,0,1.0600,0.9798,0.9105
dd467029248aead0,screen_document,high,C5,26526.33,25356.33,1.0461,11.339262,11.541069,0.9825,5.342015,5.637960,0.9475,0,1.0600,0.9798,0.9105
dd467029248aead0,screen_document,high,C6,26526.33,25356.33,1.0461,11.339262,11.541069,0.9825,5.342015,5.637960,0.9475,0,1.0600,0.9798,0.9105
dda6334e05f6e6b34ecd3700775157d87a2a7b28,screen_document,low,C2,9036.67,8680.00,1.0411,60.017533,60.397100,0.9937,39.093911,41.627342,0.9391,0,1.0631,0.9904,0.8694
dda6334e05f6e6b34ecd3700775157d87a2a7b28,screen_document,low,C3,9036.67,8680.00,1.0411,60.017184,60.397100,0.9937,39.111393,41.627342,0.9396,0,1.0631,0.9904,0.8698
dda6334e05f6e6b34ecd3700775157d87a2a7b28,screen_document,low,C4,9036.67,8680.00,1.0411,60.017184,60.397100,0.9937,39.111393,41.627342,0.9396,0,1.0631,0.9904,0.8698
dda6334e05f6e6b34ecd3700775157d87a2a7b28,screen_document,low,C5,9036.67,8680.00,1.0411,60.017184,60.397100,0.9937,39.111393,41.627342,0.9396,0,1.0631,0.9904,0.8698
dda6334e05f6e6b34ecd3700775157d87a2a7b28,screen_document,low,C6,9036.67,8680.00,1.0411,60.017184,60.397100,0.9937,39.111393,41.627342,0.9396,0,1.0631,0.9904,0.8698
dda6334e05f6e6b34ecd3700775157d87a2a7b28,screen_document,mid,C2,15478.50,14824.50,1.0441,30.065702,30.245473,0.9941,20.470220,21.138121,0.9684,0,1.0669,0.9847,0.9095
dda6334e05f6e6b34ecd3700775157d87a2a7b28,screen_document,mid,C3,15478.50,14824.50,1.0441,30.065702,30.245473,0.9941,20.470220,21.138121,0.9684,0,1.0669,0.9847,0.9095
dda6334e05f6e6b34ecd3700775157d87a2a7b28,screen_document,mid,C4,15478.50,14824.50,1.0441,30.065702,30.245473,0.9941,20.470220,21.138121,0.9684,0,1.0669,0.9847,0.9095
dda6334e05f6e6b34ecd3700775157d87a2a7b28,screen_document,mid,C5,15478.50,14824.50,1.0441,30.065702,30.245473,0.9941,20.470220,21.138121,0.9684,0,1.0669,0.9847,0.9095
dda6334e05f6e6b34ecd3700775157d87a2a7b28,screen_document,mid,C6,15478.50,14824.50,1.0441,30.065702,30.245473,0.9941,20.470220,21.138121,0.9684,0,1.0669,0.9847,0.9095
dda6334e05f6e6b34ecd3700775157d87a2a7b28,screen_document,high,C2,39442.67,38004.00,1.0379,16.498131,16.628115,0.9922,9.200399,9.524439,0.9660,0,1.0590,0.9799,0.9103
dda6334e05f6e6b34ecd3700775157d87a2a7b28,screen_document,high,C3,39434.33,38004.00,1.0376,16.499606,16.628115,0.9923,9.202973,9.524439,0.9662,0,1.0588,0.9800,0.9105
dda6334e05f6e6b34ecd3700775157d87a2a7b28,screen_document,high,C4,39434.33,38004.00,1.0376,16.499606,16.628115,0.9923,9.202973,9.524439,0.9662,0,1.0588,0.9800,0.9105
dda6334e05f6e6b34ecd3700775157d87a2a7b28,screen_document,high,C5,39434.33,38004.00,1.0376,16.499606,16.628115,0.9923,9.202973,9.524439,0.9662,0,1.0588,0.9800,0.9105
dda6334e05f6e6b34ecd3700775157d87a2a7b28,screen_document,high,C6,39434.33,38004.00,1.0376,16.499606,16.628115,0.9923,9.202973,9.524439,0.9662,0,1.0588,0.9800,0.9105
e0afa64e0c5bf4e42dc526f8d296bb91161c9110b80d9112943d407e95d77a3f,screen_chart,low,C2,6820.00,6602.67,1.0329,33.028865,33.073580,0.9986,39.794922,41.500892,0.9589,0,1.0672,0.9762,0.8655
e0afa64e0c5bf4e42dc526f8d296bb91161c9110b80d9112943d407e95d77a3f,screen_chart,low,C3,6811.00,6602.67,1.0316,33.066298,33.073580,0.9998,40.047219,41.500892,0.9650,0,1.0658,0.9773,0.8710
e0afa64e0c5bf4e42dc526f8d296bb91161c9110b80d9112943d407e95d77a3f,screen_chart,low,C4,6811.00,6602.67,1.0316,33.066298,33.073580,0.9998,40.047219,41.500892,0.9650,0,1.0658,0.9773,0.8710
e0afa64e0c5bf4e42dc526f8d296bb91161c9110b80d9112943d407e95d77a3f,screen_chart,low,C5,6811.00,6602.67,1.0316,33.066298,33.073580,0.9998,40.047219,41.500892,0.9650,0,1.0658,0.9773,0.8710
e0afa64e0c5bf4e42dc526f8d296bb91161c9110b80d9112943d407e95d77a3f,screen_chart,low,C6,6811.00,6602.67,1.0316,33.066298,33.073580,0.9998,40.047219,41.500892,0.9650,0,1.0658,0.9773,0.8710
e0afa64e0c5bf4e42dc526f8d296bb91161c9110b80d9112943d407e95d77a3f,screen_chart,mid,C2,10282.00,9962.50,1.0321,21.667423,21.906245,0.9891,20.232345,21.549699,0.9389,0,1.0600,0.9719,0.8576
e0afa64e0c5bf4e42dc526f8d296bb91161c9110b80d9112943d407e95d77a3f,screen_chart,mid,C3,10282.50,9962.50,1.0321,21.713343,21.906245,0.9912,20.335146,21.549699,0.9436,0,1.0601,0.9740,0.8619
e0afa64e0c5bf4e42dc526f8d296bb91161c9110b80d9112943d407e95d77a3f,screen_chart,mid,C4,10282.50,9962.50,1.0321,21.713343,21.906245,0.9912,20.335146,21.549699,0.9436,0,1.0601,0.9740,0.8619
e0afa64e0c5bf4e42dc526f8d296bb91161c9110b80d9112943d407e95d77a3f,screen_chart,mid,C5,10282.50,9962.50,1.0321,21.713343,21.906245,0.9912,20.335146,21.549699,0.9436,0,1.0601,0.9740,0.8619
e0afa64e0c5bf4e42dc526f8d296bb91161c9110b80d9112943d407e95d77a3f,screen_chart,mid,C6,10282.50,9962.50,1.0321,21.713343,21.906245,0.9912,20.335146,21.549699,0.9436,0,1.0601,0.9740,0.8619
e0afa64e0c5bf4e42dc526f8d296bb91161c9110b80d9112943d407e95d77a3f,screen_chart,high,C2,16393.33,16101.33,1.0181,16.415009,16.522397,0.9935,12.743049,13.004422,0.9799,0,1.0360,0.9827,0.9455
e0afa64e0c5bf4e42dc526f8d296bb91161c9110b80d9112943d407e95d77a3f,screen_chart,high,C3,16393.33,16101.33,1.0181,16.423428,16.522397,0.9940,12.753546,13.004422,0.9807,0,1.0360,0.9832,0.9463
e0afa64e0c5bf4e42dc526f8d296bb91161c9110b80d9112943d407e95d77a3f,screen_chart,high,C4,16393.33,16101.33,1.0181,16.423428,16.522397,0.9940,12.753546,13.004422,0.9807,0,1.0360,0.9832,0.9463
e0afa64e0c5bf4e42dc526f8d296bb91161c9110b80d9112943d407e95d77a3f,screen_chart,high,C5,16393.33,16101.33,1.0181,16.423428,16.522397,0.9940,12.753546,13.004422,0.9807,0,1.0360,0.9832,0.9463
e0afa64e0c5bf4e42dc526f8d296bb91161c9110b80d9112943d407e95d77a3f,screen_chart,high,C6,16393.33,16101.33,1.0181,16.423428,16.522397,0.9940,12.753546,13.004422,0.9807,0,1.0360,0.9832,0.9463
e6e9fa13c49fdca1a4dc41e6a4be1696fee612bd98ea30f498b92c5ebc9c77ec,illustration,low,C2,14103.67,12999.33,1.0850,75.962415,81.614467,0.9307,204.884408,253.246371,0.8090,0,1.1945,0.8067,0.6320
e6e9fa13c49fdca1a4dc41e6a4be1696fee612bd98ea30f498b92c5ebc9c77ec,illustration,low,C3,14044.33,12999.33,1.0804,77.857262,81.614467,0.9540,209.966828,253.246371,0.8291,0,1.1895,0.8268,0.6477
e6e9fa13c49fdca1a4dc41e6a4be1696fee612bd98ea30f498b92c5ebc9c77ec,illustration,low,C4,14044.33,12999.33,1.0804,77.857262,81.614467,0.9540,209.966828,253.246371,0.8291,0,1.1895,0.8268,0.6477
e6e9fa13c49fdca1a4dc41e6a4be1696fee612bd98ea30f498b92c5ebc9c77ec,illustration,low,C5,14044.33,12999.33,1.0804,77.857262,81.614467,0.9540,209.966828,253.246371,0.8291,0,1.1895,0.8268,0.6477
e6e9fa13c49fdca1a4dc41e6a4be1696fee612bd98ea30f498b92c5ebc9c77ec,illustration,low,C6,14044.33,12999.33,1.0804,77.857262,81.614467,0.9540,209.966828,253.246371,0.8291,0,1.1895,0.8268,0.6477
e6e9fa13c49fdca1a4dc41e6a4be1696fee612bd98ea30f498b92c5ebc9c77ec,illustration,mid,C2,24285.50,23381.50,1.0387,32.855846,34.159597,0.9618,31.222057,43.228410,0.7223,0,1.1034,0.8291,0.4302
e6e9fa13c49fdca1a4dc41e6a4be1696fee612bd98ea30f498b92c5ebc9c77ec,illustration,mid,C3,24286.00,23381.50,1.0387,33.064168,34.159597,0.9679,32.221166,43.228410,0.7454,0,1.1034,0.8344,0.4440
e6e9fa13c49fdca1a4dc41e6a4be1696fee612bd98ea30f498b92c5ebc9c77ec,illustration,mid,C4,24286.00,23381.50,1.0387,33.064168,34.159597,0.9679,32.221166,43.228410,0.7454,0,1.1034,0.8344,0.4440
e6e9fa13c49fdca1a4dc41e6a4be1696fee612bd98ea30f498b92c5ebc9c77ec,illustration,mid,C5,24286.00,23381.50,1.0387,33.064168,34.159597,0.9679,32.221166,43.228410,0.7454,0,1.1034,0.8344,0.4440
e6e9fa13c49fdca1a4dc41e6a4be1696fee612bd98ea30f498b92c5ebc9c77ec,illustration,mid,C6,24286.00,23381.50,1.0387,33.064168,34.159597,0.9679,32.221166,43.228410,0.7454,0,1.1034,0.8344,0.4440
e6e9fa13c49fdca1a4dc41e6a4be1696fee612bd98ea30f498b92c5ebc9c77ec,illustration,high,C2,39526.33,38991.33,1.0137,17.435665,17.567895,0.9925,6.278062,7.503384,0.8367,0,1.0338,0.9455,0.5882
e6e9fa13c49fdca1a4dc41e6a4be1696fee612bd98ea30f498b92c5ebc9c77ec,illustration,high,C3,39531.33,38991.33,1.0138,17.468031,17.567895,0.9943,6.357693,7.503384,0.8473,0,1.0339,0.9473,0.5956
e6e9fa13c49fdca1a4dc41e6a4be1696fee612bd98ea30f498b92c5ebc9c77ec,illustration,high,C4,39531.33,38991.33,1.0138,17.468031,17.567895,0.9943,6.357693,7.503384,0.8473,0,1.0339,0.9473,0.5956
e6e9fa13c49fdca1a4dc41e6a4be1696fee612bd98ea30f498b92c5ebc9c77ec,illustration,high,C5,39531.33,38991.33,1.0138,17.468031,17.567895,0.9943,6.357693,7.503384,0.8473,0,1.0339,0.9473,0.5956
e6e9fa13c49fdca1a4dc41e6a4be1696fee612bd98ea30f498b92c5ebc9c77ec,illustration,high,C6,39531.33,38991.33,1.0138,17.468031,17.567895,0.9943,6.357693,7.503384,0.8473,0,1.0339,0.9473,0.5956
e70742dcdf7d48ee6884ad588c6d595fd74b66bb90838956b398a18246163666,illustration,low,C2,1211.00,1211.00,1.0000,2.900636,2.900636,1.0000,0.000000,0.000000,NaN,0,1.0000,1.0000,NaN
e70742dcdf7d48ee6884ad588c6d595fd74b66bb90838956b398a18246163666,illustration,low,C3,1211.00,1211.00,1.0000,2.900636,2.900636,1.0000,0.000000,0.000000,NaN,0,1.0000,1.0000,NaN
e70742dcdf7d48ee6884ad588c6d595fd74b66bb90838956b398a18246163666,illustration,low,C4,1211.00,1211.00,1.0000,2.900636,2.900636,1.0000,0.000000,0.000000,NaN,0,1.0000,1.0000,NaN
e70742dcdf7d48ee6884ad588c6d595fd74b66bb90838956b398a18246163666,illustration,low,C5,1211.00,1211.00,1.0000,2.900636,2.900636,1.0000,0.000000,0.000000,NaN,0,1.0000,1.0000,NaN
e70742dcdf7d48ee6884ad588c6d595fd74b66bb90838956b398a18246163666,illustration,low,C6,1211.00,1211.00,1.0000,2.900636,2.900636,1.0000,0.000000,0.000000,NaN,0,1.0000,1.0000,NaN
e70742dcdf7d48ee6884ad588c6d595fd74b66bb90838956b398a18246163666,illustration,mid,C2,1211.00,1211.00,1.0000,4.350954,4.350954,1.0000,0.000000,0.000000,NaN,0,1.0000,1.0000,NaN
e70742dcdf7d48ee6884ad588c6d595fd74b66bb90838956b398a18246163666,illustration,mid,C3,1211.00,1211.00,1.0000,4.350954,4.350954,1.0000,0.000000,0.000000,NaN,0,1.0000,1.0000,NaN
e70742dcdf7d48ee6884ad588c6d595fd74b66bb90838956b398a18246163666,illustration,mid,C4,1211.00,1211.00,1.0000,4.350954,4.350954,1.0000,0.000000,0.000000,NaN,0,1.0000,1.0000,NaN
e70742dcdf7d48ee6884ad588c6d595fd74b66bb90838956b398a18246163666,illustration,mid,C5,1211.00,1211.00,1.0000,4.350954,4.350954,1.0000,0.000000,0.000000,NaN,0,1.0000,1.0000,NaN
e70742dcdf7d48ee6884ad588c6d595fd74b66bb90838956b398a18246163666,illustration,mid,C6,1211.00,1211.00,1.0000,4.350954,4.350954,1.0000,0.000000,0.000000,NaN,0,1.0000,1.0000,NaN
e70742dcdf7d48ee6884ad588c6d595fd74b66bb90838956b398a18246163666,illustration,high,C2,1212.00,1212.00,1.0000,0.000000,0.000000,NaN,0.000000,0.000000,NaN,0,1.0000,NaN,NaN
e70742dcdf7d48ee6884ad588c6d595fd74b66bb90838956b398a18246163666,illustration,high,C3,1212.00,1212.00,1.0000,0.000000,0.000000,NaN,0.000000,0.000000,NaN,0,1.0000,NaN,NaN
e70742dcdf7d48ee6884ad588c6d595fd74b66bb90838956b398a18246163666,illustration,high,C4,1212.00,1212.00,1.0000,0.000000,0.000000,NaN,0.000000,0.000000,NaN,0,1.0000,NaN,NaN
e70742dcdf7d48ee6884ad588c6d595fd74b66bb90838956b398a18246163666,illustration,high,C5,1212.00,1212.00,1.0000,0.000000,0.000000,NaN,0.000000,0.000000,NaN,0,1.0000,NaN,NaN
e70742dcdf7d48ee6884ad588c6d595fd74b66bb90838956b398a18246163666,illustration,high,C6,1212.00,1212.00,1.0000,0.000000,0.000000,NaN,0.000000,0.000000,NaN,0,1.0000,NaN,NaN
f94316fd3bc02c23fda9805dd02db6eda34e4cbce94b194aff2dd265629e36e7,screen_chart,low,C2,11877.00,11342.67,1.0471,44.482389,44.975520,0.9890,90.398952,97.068530,0.9313,0,1.0899,0.9672,0.8256
f94316fd3bc02c23fda9805dd02db6eda34e4cbce94b194aff2dd265629e36e7,screen_chart,low,C3,11895.33,11342.67,1.0487,44.484711,44.975520,0.9891,91.231146,97.068530,0.9399,0,1.0916,0.9673,0.8332
f94316fd3bc02c23fda9805dd02db6eda34e4cbce94b194aff2dd265629e36e7,screen_chart,low,C4,11895.33,11342.67,1.0487,44.484711,44.975520,0.9891,91.231146,97.068530,0.9399,0,1.0916,0.9673,0.8332
f94316fd3bc02c23fda9805dd02db6eda34e4cbce94b194aff2dd265629e36e7,screen_chart,low,C5,11895.33,11342.67,1.0487,44.484711,44.975520,0.9891,91.231146,97.068530,0.9399,0,1.0916,0.9673,0.8332
f94316fd3bc02c23fda9805dd02db6eda34e4cbce94b194aff2dd265629e36e7,screen_chart,low,C6,11895.33,11342.67,1.0487,44.484711,44.975520,0.9891,91.231146,97.068530,0.9399,0,1.0916,0.9673,0.8332
f94316fd3bc02c23fda9805dd02db6eda34e4cbce94b194aff2dd265629e36e7,screen_chart,mid,C2,18662.50,17888.50,1.0433,30.171335,30.428027,0.9916,41.549975,45.928853,0.9047,0,1.0910,0.9672,0.7646
f94316fd3bc02c23fda9805dd02db6eda34e4cbce94b194aff2dd265629e36e7,screen_chart,mid,C3,18725.00,17888.50,1.0468,30.110147,30.428027,0.9896,41.838546,45.928853,0.9109,0,1.0947,0.9652,0.7699
f94316fd3bc02c23fda9805dd02db6eda34e4cbce94b194aff2dd265629e36e7,screen_chart,mid,C4,18725.00,17888.50,1.0468,30.110147,30.428027,0.9896,41.838546,45.928853,0.9109,0,1.0947,0.9652,0.7699
f94316fd3bc02c23fda9805dd02db6eda34e4cbce94b194aff2dd265629e36e7,screen_chart,mid,C5,18725.00,17888.50,1.0468,30.110147,30.428027,0.9896,41.838546,45.928853,0.9109,0,1.0947,0.9652,0.7699
f94316fd3bc02c23fda9805dd02db6eda34e4cbce94b194aff2dd265629e36e7,screen_chart,mid,C6,18725.00,17888.50,1.0468,30.110147,30.428027,0.9896,41.838546,45.928853,0.9109,0,1.0947,0.9652,0.7699
f94316fd3bc02c23fda9805dd02db6eda34e4cbce94b194aff2dd265629e36e7,screen_chart,high,C2,30872.33,30132.33,1.0246,24.129927,24.291339,0.9934,23.822191,24.693969,0.9647,0,1.0590,0.9828,0.8916
f94316fd3bc02c23fda9805dd02db6eda34e4cbce94b194aff2dd265629e36e7,screen_chart,high,C3,30925.67,30132.33,1.0263,24.125207,24.291339,0.9932,23.897038,24.693969,0.9677,0,1.0608,0.9826,0.8944
f94316fd3bc02c23fda9805dd02db6eda34e4cbce94b194aff2dd265629e36e7,screen_chart,high,C4,30925.67,30132.33,1.0263,24.119482,24.291339,0.9929,23.897081,24.693969,0.9677,0,1.0608,0.9824,0.8944
f94316fd3bc02c23fda9805dd02db6eda34e4cbce94b194aff2dd265629e36e7,screen_chart,high,C5,30925.67,30132.33,1.0263,24.119482,24.291339,0.9929,23.897081,24.693969,0.9677,0,1.0608,0.9824,0.8944
f94316fd3bc02c23fda9805dd02db6eda34e4cbce94b194aff2dd265629e36e7,screen_chart,high,C6,30925.67,30132.33,1.0263,24.119482,24.291339,0.9929,23.897081,24.693969,0.9677,0,1.0608,0.9824,0.8944
web_mashable_com_64e9889c4efbe2c7,screen_ui,low,C2,12286.00,11933.00,1.0296,64.986094,65.556222,0.9913,103.404245,106.032779,0.9752,0,1.0528,0.9850,0.9233
web_mashable_com_64e9889c4efbe2c7,screen_ui,low,C3,12279.00,11933.00,1.0290,65.002448,65.556222,0.9916,103.836259,106.032779,0.9793,0,1.0522,0.9853,0.9271
web_mashable_com_64e9889c4efbe2c7,screen_ui,low,C4,12279.00,11933.00,1.0290,65.002448,65.556222,0.9916,103.836259,106.032779,0.9793,0,1.0522,0.9853,0.9271
web_mashable_com_64e9889c4efbe2c7,screen_ui,low,C5,12279.00,11933.00,1.0290,65.002448,65.556222,0.9916,103.836259,106.032779,0.9793,0,1.0522,0.9853,0.9271
web_mashable_com_64e9889c4efbe2c7,screen_ui,low,C6,12279.00,11933.00,1.0290,65.002448,65.556222,0.9916,103.836259,106.032779,0.9793,0,1.0522,0.9853,0.9271
web_mashable_com_64e9889c4efbe2c7,screen_ui,mid,C2,20495.00,19889.50,1.0304,41.678051,42.070831,0.9907,67.027803,68.885305,0.9730,0,1.0535,0.9840,0.9329
web_mashable_com_64e9889c4efbe2c7,screen_ui,mid,C3,20491.50,19889.50,1.0303,41.696055,42.070831,0.9911,67.279456,68.885305,0.9767,0,1.0533,0.9844,0.9364
web_mashable_com_64e9889c4efbe2c7,screen_ui,mid,C4,20491.50,19889.50,1.0303,41.696055,42.070831,0.9911,67.279456,68.885305,0.9767,0,1.0533,0.9844,0.9364
web_mashable_com_64e9889c4efbe2c7,screen_ui,mid,C5,20491.50,19889.50,1.0303,41.696055,42.070831,0.9911,67.279456,68.885305,0.9767,0,1.0533,0.9844,0.9364
web_mashable_com_64e9889c4efbe2c7,screen_ui,mid,C6,20491.50,19889.50,1.0303,41.696055,42.070831,0.9911,67.279456,68.885305,0.9767,0,1.0533,0.9844,0.9364
web_mashable_com_64e9889c4efbe2c7,screen_ui,high,C2,45658.33,43834.00,1.0416,29.464515,29.809399,0.9884,45.631055,46.656481,0.9780,0,1.0730,0.9789,0.9466
web_mashable_com_64e9889c4efbe2c7,screen_ui,high,C3,45667.33,43834.00,1.0418,29.469716,29.809399,0.9886,45.676025,46.656481,0.9790,0,1.0732,0.9790,0.9475
web_mashable_com_64e9889c4efbe2c7,screen_ui,high,C4,45667.33,43834.00,1.0418,29.469716,29.809399,0.9886,45.676025,46.656481,0.9790,0,1.0732,0.9790,0.9475
web_mashable_com_64e9889c4efbe2c7,screen_ui,high,C5,45667.33,43834.00,1.0418,29.469716,29.809399,0.9886,45.676025,46.656481,0.9790,0,1.0732,0.9790,0.9475
web_mashable_com_64e9889c4efbe2c7,screen_ui,high,C6,45667.33,43834.00,1.0418,29.469716,29.809399,0.9886,45.676025,46.656481,0.9790,0,1.0732,0.9790,0.9475
wm_upload_wikimedia_org_472abfac59351c60,screen_chart,low,C2,27948.67,25801.00,1.0832,95.862752,98.203465,0.9762,1181.422039,1344.180381,0.8789,0,1.2139,0.9110,0.7235
wm_upload_wikimedia_org_472abfac59351c60,screen_chart,low,C3,28036.33,25801.00,1.0866,96.041646,98.203465,0.9780,1189.401015,1344.180381,0.8849,0,1.2177,0.9127,0.7284
wm_upload_wikimedia_org_472abfac59351c60,screen_chart,low,C4,28043.33,25801.00,1.0869,96.040976,98.203465,0.9780,1189.505200,1344.180381,0.8849,0,1.2180,0.9127,0.7285
wm_upload_wikimedia_org_472abfac59351c60,screen_chart,low,C5,28043.33,25801.00,1.0869,96.040976,98.203465,0.9780,1189.505200,1344.180381,0.8849,0,1.2180,0.9127,0.7285
wm_upload_wikimedia_org_472abfac59351c60,screen_chart,low,C6,28043.33,25801.00,1.0869,96.041833,98.203465,0.9780,1189.510694,1344.180381,0.8849,0,1.2180,0.9127,0.7285
wm_upload_wikimedia_org_472abfac59351c60,screen_chart,mid,C2,48541.50,46776.00,1.0377,68.285570,68.782093,0.9928,784.060622,814.584185,0.9625,0,1.1170,0.9386,0.8663
wm_upload_wikimedia_org_472abfac59351c60,screen_chart,mid,C3,48661.50,46776.00,1.0403,68.433146,68.782093,0.9949,785.915618,814.584185,0.9648,0,1.1198,0.9406,0.8684
wm_upload_wikimedia_org_472abfac59351c60,screen_chart,mid,C4,48661.50,46776.00,1.0403,68.439906,68.782093,0.9950,786.081203,814.584185,0.9650,0,1.1198,0.9407,0.8686
wm_upload_wikimedia_org_472abfac59351c60,screen_chart,mid,C5,48661.50,46776.00,1.0403,68.439906,68.782093,0.9950,786.081203,814.584185,0.9650,0,1.1198,0.9407,0.8686
wm_upload_wikimedia_org_472abfac59351c60,screen_chart,mid,C6,48664.50,46776.00,1.0404,68.428590,68.782093,0.9949,786.017585,814.584185,0.9649,0,1.1199,0.9406,0.8685
wm_upload_wikimedia_org_472abfac59351c60,screen_chart,high,C2,83894.67,83195.00,1.0084,61.274916,61.532792,0.9958,697.829308,700.876563,0.9957,0,1.0306,0.9842,0.9813
wm_upload_wikimedia_org_472abfac59351c60,screen_chart,high,C3,83948.67,83195.00,1.0091,61.250305,61.532792,0.9954,697.949743,700.876563,0.9958,0,1.0312,0.9838,0.9815
wm_upload_wikimedia_org_472abfac59351c60,screen_chart,high,C4,83950.33,83195.00,1.0091,61.242522,61.532792,0.9953,697.980587,700.876563,0.9959,0,1.0312,0.9837,0.9815
wm_upload_wikimedia_org_472abfac59351c60,screen_chart,high,C5,83950.33,83195.00,1.0091,61.242522,61.532792,0.9953,697.980587,700.876563,0.9959,0,1.0312,0.9837,0.9815
wm_upload_wikimedia_org_472abfac59351c60,screen_chart,high,C6,83955.00,83195.00,1.0091,61.244224,61.532792,0.9953,697.985713,700.876563,0.9959,0,1.0313,0.9837,0.9815
wm_upload_wikimedia_org_54f20cee0ebfced0,illustration,low,C2,23242.00,21857.00,1.0634,50.890192,53.016556,0.9599,292.323804,335.887087,0.8703,0,1.1567,0.8997,0.6993
wm_upload_wikimedia_org_54f20cee0ebfced0,illustration,low,C3,23315.67,21857.00,1.0667,50.980166,53.016556,0.9616,297.819057,335.887087,0.8867,0,1.1604,0.9013,0.7125
wm_upload_wikimedia_org_54f20cee0ebfced0,illustration,low,C4,23315.67,21857.00,1.0667,50.981703,53.016556,0.9616,297.819781,335.887087,0.8867,0,1.1604,0.9013,0.7125
wm_upload_wikimedia_org_54f20cee0ebfced0,illustration,low,C5,23315.67,21857.00,1.0667,50.981703,53.016556,0.9616,297.819781,335.887087,0.8867,0,1.1604,0.9013,0.7125
wm_upload_wikimedia_org_54f20cee0ebfced0,illustration,low,C6,23315.67,21857.00,1.0667,50.981703,53.016556,0.9616,297.819781,335.887087,0.8867,0,1.1604,0.9013,0.7125
wm_upload_wikimedia_org_54f20cee0ebfced0,illustration,mid,C2,36400.50,35038.50,1.0389,32.689329,33.529263,0.9749,151.145921,165.182288,0.9150,0,1.1143,0.9052,0.7472
wm_upload_wikimedia_org_54f20cee0ebfced0,illustration,mid,C3,36505.00,35038.50,1.0419,32.727257,33.529263,0.9761,152.270727,165.182288,0.9218,0,1.1175,0.9063,0.7528
wm_upload_wikimedia_org_54f20cee0ebfced0,illustration,mid,C4,36497.50,35038.50,1.0416,32.727651,33.529263,0.9761,152.274162,165.182288,0.9219,0,1.1172,0.9063,0.7528
wm_upload_wikimedia_org_54f20cee0ebfced0,illustration,mid,C5,36497.50,35038.50,1.0416,32.727651,33.529263,0.9761,152.274162,165.182288,0.9219,0,1.1172,0.9063,0.7528
wm_upload_wikimedia_org_54f20cee0ebfced0,illustration,mid,C6,36497.50,35038.50,1.0416,32.727651,33.529263,0.9761,152.274162,165.182288,0.9219,0,1.1172,0.9063,0.7528
wm_upload_wikimedia_org_54f20cee0ebfced0,illustration,high,C2,58701.67,57919.00,1.0135,23.767226,23.901303,0.9944,122.831238,124.284354,0.9883,0,1.0435,0.9789,0.9494
wm_upload_wikimedia_org_54f20cee0ebfced0,illustration,high,C3,58713.00,57919.00,1.0137,23.786575,23.901303,0.9952,123.065308,124.284354,0.9902,0,1.0437,0.9797,0.9512
wm_upload_wikimedia_org_54f20cee0ebfced0,illustration,high,C4,58722.33,57919.00,1.0139,23.778670,23.901303,0.9949,123.068776,124.284354,0.9902,0,1.0439,0.9794,0.9513
wm_upload_wikimedia_org_54f20cee0ebfced0,illustration,high,C5,58722.33,57919.00,1.0139,23.778670,23.901303,0.9949,123.068776,124.284354,0.9902,0,1.0439,0.9794,0.9513
wm_upload_wikimedia_org_54f20cee0ebfced0,illustration,high,C6,58719.67,57919.00,1.0138,23.780353,23.901303,0.9949,123.068774,124.284354,0.9902,0,1.0438,0.9794,0.9513
wm_upload_wikimedia_org_622ac1674a76f8f8,screen_chart,low,C2,5939.33,5808.00,1.0226,40.329097,40.053532,1.0069,30.529774,33.025626,0.9244,0,1.0390,1.0043,0.8613
wm_upload_wikimedia_org_622ac1674a76f8f8,screen_chart,low,C3,5941.00,5808.00,1.0229,40.326786,40.053532,1.0068,30.547930,33.025626,0.9250,0,1.0393,1.0043,0.8618
wm_upload_wikimedia_org_622ac1674a76f8f8,screen_chart,low,C4,5941.00,5808.00,1.0229,40.326786,40.053532,1.0068,30.547930,33.025626,0.9250,0,1.0393,1.0043,0.8618
wm_upload_wikimedia_org_622ac1674a76f8f8,screen_chart,low,C5,5941.00,5808.00,1.0229,40.326786,40.053532,1.0068,30.547930,33.025626,0.9250,0,1.0393,1.0043,0.8618
wm_upload_wikimedia_org_622ac1674a76f8f8,screen_chart,low,C6,5941.00,5808.00,1.0229,40.326786,40.053532,1.0068,30.547930,33.025626,0.9250,0,1.0393,1.0043,0.8618
wm_upload_wikimedia_org_622ac1674a76f8f8,screen_chart,mid,C2,9324.00,9138.00,1.0204,23.201617,22.990575,1.0092,15.351573,16.134595,0.9515,0,1.0304,1.0066,0.9030
wm_upload_wikimedia_org_622ac1674a76f8f8,screen_chart,mid,C3,9325.00,9138.00,1.0205,23.184229,22.990575,1.0084,15.359959,16.134595,0.9520,0,1.0306,1.0058,0.9035
wm_upload_wikimedia_org_622ac1674a76f8f8,screen_chart,mid,C4,9325.00,9138.00,1.0205,23.184229,22.990575,1.0084,15.359959,16.134595,0.9520,0,1.0306,1.0058,0.9035
wm_upload_wikimedia_org_622ac1674a76f8f8,screen_chart,mid,C5,9325.00,9138.00,1.0205,23.184229,22.990575,1.0084,15.359959,16.134595,0.9520,0,1.0306,1.0058,0.9035
wm_upload_wikimedia_org_622ac1674a76f8f8,screen_chart,mid,C6,9325.00,9138.00,1.0205,23.184229,22.990575,1.0084,15.359959,16.134595,0.9520,0,1.0306,1.0058,0.9035
wm_upload_wikimedia_org_622ac1674a76f8f8,screen_chart,high,C2,17069.33,16788.00,1.0168,14.156914,14.127860,1.0021,6.879373,7.293434,0.9432,0,1.0236,0.9966,0.9112
wm_upload_wikimedia_org_622ac1674a76f8f8,screen_chart,high,C3,17070.33,16788.00,1.0168,14.123372,14.127860,0.9997,6.880994,7.293434,0.9435,0,1.0236,0.9942,0.9115
wm_upload_wikimedia_org_622ac1674a76f8f8,screen_chart,high,C4,17070.33,16788.00,1.0168,14.123372,14.127860,0.9997,6.880994,7.293434,0.9435,0,1.0236,0.9942,0.9115
wm_upload_wikimedia_org_622ac1674a76f8f8,screen_chart,high,C5,17070.33,16788.00,1.0168,14.123372,14.127860,0.9997,6.880994,7.293434,0.9435,0,1.0236,0.9942,0.9115
wm_upload_wikimedia_org_622ac1674a76f8f8,screen_chart,high,C6,17070.33,16788.00,1.0168,14.123372,14.127860,0.9997,6.880994,7.293434,0.9435,0,1.0236,0.9942,0.9115
wm_upload_wikimedia_org_7f61ee9ebb1883b8,illustration,low,C2,8394.67,8100.00,1.0364,76.217984,76.870453,0.9915,93.871247,99.126046,0.9470,0,1.0776,0.9848,0.8357
wm_upload_wikimedia_org_7f61ee9ebb1883b8,illustration,low,C3,8415.33,8100.00,1.0389,76.242665,76.870453,0.9918,95.096904,99.126046,0.9594,0,1.0803,0.9851,0.8466
wm_upload_wikimedia_org_7f61ee9ebb1883b8,illustration,low,C4,8415.33,8100.00,1.0389,76.242665,76.870453,0.9918,95.096904,99.126046,0.9594,0,1.0803,0.9851,0.8466
wm_upload_wikimedia_org_7f61ee9ebb1883b8,illustration,low,C5,8415.33,8100.00,1.0389,76.242665,76.870453,0.9918,95.096904,99.126046,0.9594,0,1.0803,0.9851,0.8466
wm_upload_wikimedia_org_7f61ee9ebb1883b8,illustration,low,C6,8415.33,8100.00,1.0389,76.242665,76.870453,0.9918,95.096904,99.126046,0.9594,0,1.0803,0.9851,0.8466
wm_upload_wikimedia_org_7f61ee9ebb1883b8,illustration,mid,C2,12955.00,12537.00,1.0333,67.457849,67.563454,0.9984,53.276148,56.367809,0.9452,0,1.0753,0.9935,0.8388
wm_upload_wikimedia_org_7f61ee9ebb1883b8,illustration,mid,C3,12994.00,12537.00,1.0365,67.460263,67.563454,0.9985,53.656074,56.367809,0.9519,0,1.0786,0.9935,0.8448
wm_upload_wikimedia_org_7f61ee9ebb1883b8,illustration,mid,C4,12992.00,12537.00,1.0363,67.454044,67.563454,0.9984,53.668062,56.367809,0.9521,0,1.0784,0.9935,0.8450
wm_upload_wikimedia_org_7f61ee9ebb1883b8,illustration,mid,C5,12992.00,12537.00,1.0363,67.454044,67.563454,0.9984,53.668062,56.367809,0.9521,0,1.0784,0.9935,0.8450
wm_upload_wikimedia_org_7f61ee9ebb1883b8,illustration,mid,C6,12992.00,12537.00,1.0363,67.454044,67.563454,0.9984,53.668062,56.367809,0.9521,0,1.0784,0.9935,0.8450
wm_upload_wikimedia_org_7f61ee9ebb1883b8,illustration,high,C2,22452.33,22055.33,1.0180,61.545615,61.682117,0.9978,37.851604,38.378135,0.9863,0,1.0462,0.9952,0.9434
wm_upload_wikimedia_org_7f61ee9ebb1883b8,illustration,high,C3,22482.33,22055.33,1.0194,61.546242,61.682117,0.9978,37.878066,38.378135,0.9870,0,1.0476,0.9952,0.9441
wm_upload_wikimedia_org_7f61ee9ebb1883b8,illustration,high,C4,22483.00,22055.33,1.0194,61.546245,61.682117,0.9978,37.879640,38.378135,0.9870,0,1.0477,0.9952,0.9441
wm_upload_wikimedia_org_7f61ee9ebb1883b8,illustration,high,C5,22483.00,22055.33,1.0194,61.546245,61.682117,0.9978,37.879640,38.378135,0.9870,0,1.0477,0.9952,0.9441
wm_upload_wikimedia_org_7f61ee9ebb1883b8,illustration,high,C6,22482.33,22055.33,1.0194,61.545913,61.682117,0.9978,37.879405,38.378135,0.9870,0,1.0476,0.9952,0.9441
wm_upload_wikimedia_org_8fba52fa835a0481,screen_chart,low,C2,19965.00,18904.33,1.0561,52.012630,51.606899,1.0079,273.100613,324.803209,0.8408,0,1.1392,0.9762,0.6560
wm_upload_wikimedia_org_8fba52fa835a0481,screen_chart,low,C3,19938.67,18904.33,1.0547,52.324704,51.606899,1.0139,279.793464,324.803209,0.8614,0,1.1377,0.9821,0.6721
wm_upload_wikimedia_org_8fba52fa835a0481,screen_chart,low,C4,19941.33,18904.33,1.0549,52.324050,51.606899,1.0139,279.792663,324.803209,0.8614,0,1.1379,0.9820,0.6721
wm_upload_wikimedia_org_8fba52fa835a0481,screen_chart,low,C5,19941.33,18904.33,1.0549,52.324050,51.606899,1.0139,279.792663,324.803209,0.8614,0,1.1379,0.9820,0.6721
wm_upload_wikimedia_org_8fba52fa835a0481,screen_chart,low,C6,19941.33,18904.33,1.0549,52.324050,51.606899,1.0139,279.792663,324.803209,0.8614,0,1.1379,0.9820,0.6721
wm_upload_wikimedia_org_8fba52fa835a0481,screen_chart,mid,C2,31304.00,30678.00,1.0204,41.209374,40.960637,1.0061,136.207526,143.019307,0.9524,0,1.0646,0.9888,0.8513
wm_upload_wikimedia_org_8fba52fa835a0481,screen_chart,mid,C3,31312.50,30678.00,1.0207,41.320560,40.960637,1.0088,136.688315,143.019307,0.9557,0,1.0649,0.9915,0.8543
wm_upload_wikimedia_org_8fba52fa835a0481,screen_chart,mid,C4,31316.50,30678.00,1.0208,41.318020,40.960637,1.0087,136.692349,143.019307,0.9558,0,1.0650,0.9914,0.8543
wm_upload_wikimedia_org_8fba52fa835a0481,screen_chart,mid,C5,31316.50,30678.00,1.0208,41.318020,40.960637,1.0087,136.692349,143.019307,0.9558,0,1.0650,0.9914,0.8543
wm_upload_wikimedia_org_8fba52fa835a0481,screen_chart,mid,C6,31316.50,30678.00,1.0208,41.318020,40.960637,1.0087,136.692349,143.019307,0.9558,0,1.0650,0.9914,0.8543
wm_upload_wikimedia_org_8fba52fa835a0481,screen_chart,high,C2,48380.00,48180.33,1.0041,36.597229,36.617463,0.9994,113.624583,113.956000,0.9971,0,1.0147,0.9974,0.9855
wm_upload_wikimedia_org_8fba52fa835a0481,screen_chart,high,C3,48389.33,48180.33,1.0043,36.609016,36.617463,0.9998,113.647893,113.956000,0.9973,0,1.0149,0.9977,0.9857
wm_upload_wikimedia_org_8fba52fa835a0481,screen_chart,high,C4,48392.33,48180.33,1.0044,36.600586,36.617463,0.9995,113.646896,113.956000,0.9973,0,1.0150,0.9975,0.9857
wm_upload_wikimedia_org_8fba52fa835a0481,screen_chart,high,C5,48392.33,48180.33,1.0044,36.600586,36.617463,0.9995,113.646896,113.956000,0.9973,0,1.0150,0.9975,0.9857
wm_upload_wikimedia_org_8fba52fa835a0481,screen_chart,high,C6,48392.00,48180.33,1.0044,36.600702,36.617463,0.9995,113.646890,113.956000,0.9973,0,1.0150,0.9975,0.9857
wm_upload_wikimedia_org_9a5e0653162dfcc7,screen_ui,low,C2,6026.33,5899.00,1.0216,39.208929,38.974289,1.0060,60.986098,65.703318,0.9282,0,1.0417,1.0050,0.8469
wm_upload_wikimedia_org_9a5e0653162dfcc7,screen_ui,low,C3,6026.33,5899.00,1.0216,39.208929,38.974289,1.0060,60.986098,65.703318,0.9282,0,1.0417,1.0050,0.8469
wm_upload_wikimedia_org_9a5e0653162dfcc7,screen_ui,low,C4,6026.33,5899.00,1.0216,39.208929,38.974289,1.0060,60.986098,65.703318,0.9282,0,1.0417,1.0050,0.8469
wm_upload_wikimedia_org_9a5e0653162dfcc7,screen_ui,low,C5,6026.33,5899.00,1.0216,39.208929,38.974289,1.0060,60.986098,65.703318,0.9282,0,1.0417,1.0050,0.8469
wm_upload_wikimedia_org_9a5e0653162dfcc7,screen_ui,low,C6,6026.33,5899.00,1.0216,39.208929,38.974289,1.0060,60.986098,65.703318,0.9282,0,1.0417,1.0050,0.8469
wm_upload_wikimedia_org_9a5e0653162dfcc7,screen_ui,mid,C2,8882.00,8739.50,1.0163,28.152046,27.958864,1.0069,25.036534,27.039723,0.9259,0,1.0291,0.9972,0.8456
wm_upload_wikimedia_org_9a5e0653162dfcc7,screen_ui,mid,C3,8882.00,8739.50,1.0163,28.152046,27.958864,1.0069,25.036534,27.039723,0.9259,0,1.0291,0.9972,0.8456
wm_upload_wikimedia_org_9a5e0653162dfcc7,screen_ui,mid,C4,8882.00,8739.50,1.0163,28.152046,27.958864,1.0069,25.036534,27.039723,0.9259,0,1.0291,0.9972,0.8456
wm_upload_wikimedia_org_9a5e0653162dfcc7,screen_ui,mid,C5,8882.00,8739.50,1.0163,28.152046,27.958864,1.0069,25.036534,27.039723,0.9259,0,1.0291,0.9972,0.8456
wm_upload_wikimedia_org_9a5e0653162dfcc7,screen_ui,mid,C6,8882.00,8739.50,1.0163,28.152046,27.958864,1.0069,25.036534,27.039723,0.9259,0,1.0291,0.9972,0.8456
wm_upload_wikimedia_org_9a5e0653162dfcc7,screen_ui,high,C2,13733.00,13689.67,1.0032,18.879000,18.934261,0.9971,18.484013,18.554097,0.9962,0,1.0058,0.9915,0.9799
wm_upload_wikimedia_org_9a5e0653162dfcc7,screen_ui,high,C3,13733.67,13689.67,1.0032,18.878092,18.934261,0.9970,18.484515,18.554097,0.9962,0,1.0058,0.9915,0.9799
wm_upload_wikimedia_org_9a5e0653162dfcc7,screen_ui,high,C4,13733.67,13689.67,1.0032,18.878092,18.934261,0.9970,18.484515,18.554097,0.9962,0,1.0058,0.9915,0.9799
wm_upload_wikimedia_org_9a5e0653162dfcc7,screen_ui,high,C5,13733.67,13689.67,1.0032,18.878092,18.934261,0.9970,18.484515,18.554097,0.9962,0,1.0058,0.9915,0.9799
wm_upload_wikimedia_org_9a5e0653162dfcc7,screen_ui,high,C6,13733.67,13689.67,1.0032,18.878092,18.934261,0.9970,18.484515,18.554097,0.9962,0,1.0058,0.9915,0.9799
wm_upload_wikimedia_org_b155e44657f2d77f,screen_document,low,C2,10600.33,10141.33,1.0453,41.421760,41.491654,0.9983,70.600812,77.032769,0.9165,0,1.1014,0.9502,0.7019
wm_upload_wikimedia_org_b155e44657f2d77f,screen_document,low,C3,10591.67,10141.33,1.0444,41.771678,41.491654,1.0067,71.869269,77.032769,0.9330,0,1.1005,0.9583,0.7145
wm_upload_wikimedia_org_b155e44657f2d77f,screen_document,low,C4,10591.67,10141.33,1.0444,41.771678,41.491654,1.0067,71.869269,77.032769,0.9330,0,1.1005,0.9583,0.7145
wm_upload_wikimedia_org_b155e44657f2d77f,screen_document,low,C5,10591.67,10141.33,1.0444,41.771678,41.491654,1.0067,71.869269,77.032769,0.9330,0,1.1005,0.9583,0.7145
wm_upload_wikimedia_org_b155e44657f2d77f,screen_document,low,C6,10591.67,10141.33,1.0444,41.771678,41.491654,1.0067,71.869269,77.032769,0.9330,0,1.1005,0.9583,0.7145
wm_upload_wikimedia_org_b155e44657f2d77f,screen_document,mid,C2,16655.50,16046.00,1.0380,22.831785,22.955802,0.9946,16.608581,19.664303,0.8446,0,1.0811,0.9581,0.6353
wm_upload_wikimedia_org_b155e44657f2d77f,screen_document,mid,C3,16631.00,16046.00,1.0365,22.978374,22.955802,1.0010,16.887540,19.664303,0.8588,0,1.0795,0.9643,0.6460
wm_upload_wikimedia_org_b155e44657f2d77f,screen_document,mid,C4,16631.00,16046.00,1.0365,22.978374,22.955802,1.0010,16.887540,19.664303,0.8588,0,1.0795,0.9643,0.6460
wm_upload_wikimedia_org_b155e44657f2d77f,screen_document,mid,C5,16631.00,16046.00,1.0365,22.978374,22.955802,1.0010,16.887540,19.664303,0.8588,0,1.0795,0.9643,0.6460
wm_upload_wikimedia_org_b155e44657f2d77f,screen_document,mid,C6,16631.00,16046.00,1.0365,22.978374,22.955802,1.0010,16.887540,19.664303,0.8588,0,1.0795,0.9643,0.6460
wm_upload_wikimedia_org_b155e44657f2d77f,screen_document,high,C2,26621.67,26270.67,1.0134,12.920246,13.018466,0.9925,3.847339,4.424918,0.8695,0,1.0308,0.9607,0.6928
wm_upload_wikimedia_org_b155e44657f2d77f,screen_document,high,C3,26637.33,26270.67,1.0140,12.888175,13.018466,0.9900,3.875635,4.424918,0.8759,0,1.0314,0.9583,0.6979
wm_upload_wikimedia_org_b155e44657f2d77f,screen_document,high,C4,26637.33,26270.67,1.0140,12.888175,13.018466,0.9900,3.875635,4.424918,0.8759,0,1.0314,0.9583,0.6979
wm_upload_wikimedia_org_b155e44657f2d77f,screen_document,high,C5,26637.33,26270.67,1.0140,12.888175,13.018466,0.9900,3.875635,4.424918,0.8759,0,1.0314,0.9583,0.6979
wm_upload_wikimedia_org_b155e44657f2d77f,screen_document,high,C6,26637.33,26270.67,1.0140,12.888175,13.018466,0.9900,3.875635,4.424918,0.8759,0,1.0314,0.9583,0.6979
wm_upload_wikimedia_org_fb6126ba0191dffc,screen_chart,low,C2,10411.33,9746.00,1.0683,66.767290,63.672038,1.0486,148.901490,155.247158,0.9591,0,1.1238,1.0605,0.8891
wm_upload_wikimedia_org_fb6126ba0191dffc,screen_chart,low,C3,10414.00,9746.00,1.0685,66.936822,63.672038,1.0513,149.397159,155.247158,0.9623,0,1.1241,1.0632,0.8921
wm_upload_wikimedia_org_fb6126ba0191dffc,screen_chart,low,C4,10414.00,9746.00,1.0685,66.936822,63.672038,1.0513,149.397159,155.247158,0.9623,0,1.1241,1.0632,0.8921
wm_upload_wikimedia_org_fb6126ba0191dffc,screen_chart,low,C5,10414.00,9746.00,1.0685,66.936822,63.672038,1.0513,149.397159,155.247158,0.9623,0,1.1241,1.0632,0.8921
wm_upload_wikimedia_org_fb6126ba0191dffc,screen_chart,low,C6,10414.00,9746.00,1.0685,66.936822,63.672038,1.0513,149.397159,155.247158,0.9623,0,1.1241,1.0632,0.8921
wm_upload_wikimedia_org_fb6126ba0191dffc,screen_chart,mid,C2,18639.50,17765.00,1.0492,58.524454,56.702947,1.0321,70.534207,76.680317,0.9198,0,1.0871,1.0553,0.8292
wm_upload_wikimedia_org_fb6126ba0191dffc,screen_chart,mid,C3,18633.00,17765.00,1.0489,58.434970,56.702947,1.0305,70.789986,76.680317,0.9232,0,1.0867,1.0537,0.8323
wm_upload_wikimedia_org_fb6126ba0191dffc,screen_chart,mid,C4,18633.00,17765.00,1.0489,58.434970,56.702947,1.0305,70.789986,76.680317,0.9232,0,1.0867,1.0537,0.8323
wm_upload_wikimedia_org_fb6126ba0191dffc,screen_chart,mid,C5,18633.00,17765.00,1.0489,58.434970,56.702947,1.0305,70.789986,76.680317,0.9232,0,1.0867,1.0537,0.8323
wm_upload_wikimedia_org_fb6126ba0191dffc,screen_chart,mid,C6,18633.00,17765.00,1.0489,58.434970,56.702947,1.0305,70.789986,76.680317,0.9232,0,1.0867,1.0537,0.8323
wm_upload_wikimedia_org_fb6126ba0191dffc,screen_chart,high,C2,32657.33,32252.33,1.0126,53.686079,53.616478,1.0013,42.874050,43.622727,0.9828,0,1.0228,1.0046,0.9522
wm_upload_wikimedia_org_fb6126ba0191dffc,screen_chart,high,C3,32654.67,32252.33,1.0125,53.707212,53.616478,1.0017,42.891502,43.622727,0.9832,0,1.0227,1.0050,0.9526
wm_upload_wikimedia_org_fb6126ba0191dffc,screen_chart,high,C4,32654.67,32252.33,1.0125,53.707212,53.616478,1.0017,42.891502,43.622727,0.9832,0,1.0227,1.0050,0.9526
wm_upload_wikimedia_org_fb6126ba0191dffc,screen_chart,high,C5,32654.67,32252.33,1.0125,53.707212,53.616478,1.0017,42.891502,43.622727,0.9832,0,1.0227,1.0050,0.9526
wm_upload_wikimedia_org_fb6126ba0191dffc,screen_chart,high,C6,32654.67,32252.33,1.0125,53.707212,53.616478,1.0017,42.891502,43.622727,0.9832,0,1.0227,1.0050,0.9526
