category,name,width,height,q,source,offset,base_distance,bytes,ssim2,butter,encode_ms
frymire,frymire,1118,1105,10,cjpegli,0.000,15.267,113992,1.4790,20.5298,16.59
frymire,frymire,1118,1105,10,zen,-0.400,15.267,118785,8.8152,20.5413,8.61
frymire,frymire,1118,1105,10,zen,-0.250,15.267,118106,8.7467,20.0576,8.49
frymire,frymire,1118,1105,10,zen,-0.150,15.267,117233,8.4864,20.0346,8.86
frymire,frymire,1118,1105,10,zen,-0.080,15.267,116724,8.3122,20.3601,8.17
frymire,frymire,1118,1105,10,zen,0.000,15.267,116513,8.1864,21.0192,8.33
frymire,frymire,1118,1105,10,zen,0.050,15.267,116291,7.9296,20.9634,8.46
frymire,frymire,1118,1105,10,zen,0.120,15.267,115907,7.8480,21.1647,8.45
frymire,frymire,1118,1105,10,zen,0.200,15.267,115297,7.6425,19.6080,8.47
frymire,frymire,1118,1105,10,zen,0.300,15.267,114828,7.4643,20.1034,8.34
frymire,frymire,1118,1105,10,zen,0.500,15.267,113659,7.0120,20.0576,8.28
frymire,frymire,1118,1105,10,zen,0.800,15.267,111916,5.9257,20.8928,8.41
frymire,frymire,1118,1105,10,zen,1.200,15.267,109929,5.5867,20.7675,9.28
frymire,frymire,1118,1105,10,zen,1.800,15.267,107041,3.9471,21.4886,8.26
frymire,frymire,1118,1105,10,zen,2.500,15.267,103827,2.7288,21.9801,8.70
frymire,frymire,1118,1105,30,cjpegli,0.000,6.400,216397,28.8339,17.6434,17.18
frymire,frymire,1118,1105,30,zen,-0.400,6.400,229919,36.3654,17.6572,9.46
frymire,frymire,1118,1105,30,zen,-0.250,6.400,226700,35.7964,18.3121,9.58
frymire,frymire,1118,1105,30,zen,-0.150,6.400,224376,35.4663,18.1528,9.60
frymire,frymire,1118,1105,30,zen,-0.080,6.400,221882,35.0694,18.7909,9.90
frymire,frymire,1118,1105,30,zen,0.000,6.400,219597,34.7414,18.4770,9.06
frymire,frymire,1118,1105,30,zen,0.050,6.400,218768,34.5781,18.5632,9.14
frymire,frymire,1118,1105,30,zen,0.120,6.400,216801,34.0857,18.3537,9.23
frymire,frymire,1118,1105,30,zen,0.200,6.400,215330,33.7816,18.1305,9.19
frymire,frymire,1118,1105,30,zen,0.300,6.400,213636,33.5395,17.8727,9.04
frymire,frymire,1118,1105,30,zen,0.500,6.400,208446,32.5991,18.0307,9.66
frymire,frymire,1118,1105,30,zen,0.800,6.400,202207,31.4057,18.1862,9.78
frymire,frymire,1118,1105,30,zen,1.200,6.400,194707,29.6886,17.4542,8.94
frymire,frymire,1118,1105,30,zen,1.800,6.400,184761,27.9270,17.5938,8.78
frymire,frymire,1118,1105,30,zen,2.500,6.400,173683,25.5654,18.4911,8.65
frymire,frymire,1118,1105,50,cjpegli,0.000,4.600,269545,36.6633,18.1987,18.48
frymire,frymire,1118,1105,50,zen,-0.400,4.600,288497,43.1712,17.4492,9.85
frymire,frymire,1118,1105,50,zen,-0.250,4.600,282459,42.4932,17.7309,9.80
frymire,frymire,1118,1105,50,zen,-0.150,4.600,277619,41.8846,17.8641,9.94
frymire,frymire,1118,1105,50,zen,-0.080,4.600,275382,41.6515,17.9824,9.61
frymire,frymire,1118,1105,50,zen,0.000,4.600,271843,41.3729,17.4448,10.60
frymire,frymire,1118,1105,50,zen,0.050,4.600,270469,41.1868,17.3796,10.08
frymire,frymire,1118,1105,50,zen,0.120,4.600,268293,40.8999,17.3047,9.97
frymire,frymire,1118,1105,50,zen,0.200,4.600,266160,40.7277,16.9834,9.72
frymire,frymire,1118,1105,50,zen,0.300,4.600,261444,40.2586,17.1357,9.70
frymire,frymire,1118,1105,50,zen,0.500,4.600,255708,39.5107,17.1924,9.68
frymire,frymire,1118,1105,50,zen,0.800,4.600,245797,38.5888,17.7741,9.81
frymire,frymire,1118,1105,50,zen,1.200,4.600,235279,36.9936,17.4829,9.50
frymire,frymire,1118,1105,50,zen,1.800,4.600,219597,34.7414,18.4770,9.34
frymire,frymire,1118,1105,50,zen,2.500,4.600,204561,31.8199,18.0130,9.12
frymire,frymire,1118,1105,70,cjpegli,0.000,2.800,362135,44.9485,16.8978,19.28
frymire,frymire,1118,1105,70,zen,-0.400,2.800,393094,50.7203,16.8262,10.35
frymire,frymire,1118,1105,70,zen,-0.250,2.800,382620,50.1340,16.6700,10.43
frymire,frymire,1118,1105,70,zen,-0.150,2.800,374742,49.5824,16.6936,10.67
frymire,frymire,1118,1105,70,zen,-0.080,2.800,370455,49.3266,17.1442,10.28
frymire,frymire,1118,1105,70,zen,0.000,2.800,363377,48.9252,17.0963,10.17
frymire,frymire,1118,1105,70,zen,0.050,2.800,360743,48.7659,17.1287,10.29
frymire,frymire,1118,1105,70,zen,0.120,2.800,355099,48.5729,17.3488,10.42
frymire,frymire,1118,1105,70,zen,0.200,2.800,348818,48.1705,17.1982,10.08
frymire,frymire,1118,1105,70,zen,0.300,2.800,343503,47.7558,17.2343,10.19
frymire,frymire,1118,1105,70,zen,0.500,2.800,332135,46.8538,16.8134,10.38
frymire,frymire,1118,1105,70,zen,0.800,2.800,314622,45.5077,16.9779,10.69
frymire,frymire,1118,1105,70,zen,1.200,2.800,296404,43.8708,17.0975,10.99
frymire,frymire,1118,1105,70,zen,1.800,2.800,271843,41.3729,17.4448,9.54
frymire,frymire,1118,1105,70,zen,2.500,2.800,249078,38.8794,17.7578,9.24
frymire,frymire,1118,1105,85,cjpegli,0.000,1.450,494382,50.4809,16.7527,21.22
frymire,frymire,1118,1105,85,zen,-0.400,1.450,570875,55.3833,16.3842,11.56
frymire,frymire,1118,1105,85,zen,-0.250,1.450,539311,54.8962,16.5875,11.63
frymire,frymire,1118,1105,85,zen,-0.150,1.450,519931,54.6272,16.9218,11.86
frymire,frymire,1118,1105,85,zen,-0.080,1.450,509023,54.4983,16.9451,11.33
frymire,frymire,1118,1105,85,zen,0.000,1.450,495136,54.1843,16.9024,11.33
frymire,frymire,1118,1105,85,zen,0.050,1.450,487811,54.0462,16.6697,11.01
frymire,frymire,1118,1105,85,zen,0.120,1.450,478034,53.7600,16.6787,11.02
frymire,frymire,1118,1105,85,zen,0.200,1.450,466700,53.4431,16.7452,10.97
frymire,frymire,1118,1105,85,zen,0.300,1.450,456018,53.1502,16.5939,11.75
frymire,frymire,1118,1105,85,zen,0.500,1.450,434473,52.4177,16.5492,11.65
frymire,frymire,1118,1105,85,zen,0.800,1.450,406690,51.3137,17.1344,11.15
frymire,frymire,1118,1105,85,zen,1.200,1.450,374742,49.5824,16.6936,10.14
frymire,frymire,1118,1105,85,zen,1.800,1.450,334575,47.0242,17.0420,9.96
frymire,frymire,1118,1105,85,zen,2.500,1.450,298109,44.0119,17.5014,9.92
frymire,frymire,1118,1105,95,cjpegli,0.000,0.550,743259,53.4264,16.7989,26.23
frymire,frymire,1118,1105,95,zen,-0.400,0.550,1079523,57.1572,16.4233,14.49
frymire,frymire,1118,1105,95,zen,-0.250,0.550,909571,56.9726,16.4494,14.38
frymire,frymire,1118,1105,95,zen,-0.150,0.550,833141,56.8746,16.3681,13.17
frymire,frymire,1118,1105,95,zen,-0.080,0.550,784788,56.7767,16.3504,12.95
frymire,frymire,1118,1105,95,zen,0.000,0.550,744230,56.5513,16.5895,12.99
frymire,frymire,1118,1105,95,zen,0.050,0.550,717310,56.4414,16.3525,12.56
frymire,frymire,1118,1105,95,zen,0.120,0.550,684824,56.3458,16.3455,12.72
frymire,frymire,1118,1105,95,zen,0.200,0.550,658016,56.2478,16.5105,12.10
frymire,frymire,1118,1105,95,zen,0.300,0.550,625165,55.9020,16.4110,12.14
frymire,frymire,1118,1105,95,zen,0.500,0.550,570875,55.3833,16.3842,11.53
frymire,frymire,1118,1105,95,zen,0.800,0.550,511031,54.5033,16.9312,11.92
frymire,frymire,1118,1105,95,zen,1.200,0.550,456018,53.1502,16.5939,10.79
frymire,frymire,1118,1105,95,zen,1.800,0.550,398117,50.9311,17.0545,11.03
frymire,frymire,1118,1105,95,zen,2.500,0.550,346399,47.8533,17.2588,10.05
photo,1001682,512,512,10,cjpegli,0.000,15.267,9860,21.0826,6.5295,5.67
photo,1001682,512,512,10,zen,-0.400,15.267,10099,22.6406,6.5816,1.44
photo,1001682,512,512,10,zen,-0.250,15.267,10038,21.2588,6.6451,1.94
photo,1001682,512,512,10,zen,-0.150,15.267,9936,20.9273,6.6262,1.44
photo,1001682,512,512,10,zen,-0.080,15.267,9886,21.0202,6.5302,1.60
photo,1001682,512,512,10,zen,0.000,15.267,9886,21.0146,6.5302,1.48
photo,1001682,512,512,10,zen,0.050,15.267,9874,21.4760,6.5408,1.44
photo,1001682,512,512,10,zen,0.120,15.267,9844,21.4822,6.2421,1.46
photo,1001682,512,512,10,zen,0.200,15.267,9809,20.5921,6.4593,1.45
photo,1001682,512,512,10,zen,0.300,15.267,9765,20.1267,6.2926,1.59
photo,1001682,512,512,10,zen,0.500,15.267,9641,19.2565,6.2794,1.69
photo,1001682,512,512,10,zen,0.800,15.267,9506,18.2534,6.5266,1.41
photo,1001682,512,512,10,zen,1.200,15.267,9321,16.6810,6.6768,1.65
photo,1001682,512,512,10,zen,1.800,15.267,9067,14.7056,6.7179,1.44
photo,1001682,512,512,10,zen,2.500,15.267,8830,12.0329,7.0135,1.43
photo,1001682,512,512,30,cjpegli,0.000,6.400,19215,53.6977,4.2857,6.07
photo,1001682,512,512,30,zen,-0.400,6.400,20187,54.8877,4.4668,1.58
photo,1001682,512,512,30,zen,-0.250,6.400,19935,54.6546,4.2984,1.58
photo,1001682,512,512,30,zen,-0.150,6.400,19744,54.4162,4.2785,1.53
photo,1001682,512,512,30,zen,-0.080,6.400,19437,53.5861,4.2581,1.55
photo,1001682,512,512,30,zen,0.000,6.400,19223,53.4343,4.2427,1.51
photo,1001682,512,512,30,zen,0.050,6.400,19134,53.2970,4.2427,1.56
photo,1001682,512,512,30,zen,0.120,6.400,18927,52.8432,4.2123,1.50
photo,1001682,512,512,30,zen,0.200,6.400,18825,52.6831,4.2140,1.57
photo,1001682,512,512,30,zen,0.300,6.400,18677,51.9828,4.2794,1.50
photo,1001682,512,512,30,zen,0.500,6.400,18108,51.4378,4.9046,1.52
photo,1001682,512,512,30,zen,0.800,6.400,17492,49.3547,4.8412,1.55
photo,1001682,512,512,30,zen,1.200,6.400,16750,48.0721,4.8620,1.48
photo,1001682,512,512,30,zen,1.800,6.400,15842,45.6702,4.9313,1.51
photo,1001682,512,512,30,zen,2.500,6.400,14868,43.0906,5.1715,1.51
photo,1001682,512,512,50,cjpegli,0.000,4.600,24273,61.0558,4.1875,5.89
photo,1001682,512,512,50,zen,-0.400,4.600,26136,62.8979,3.6103,1.67
photo,1001682,512,512,50,zen,-0.250,4.600,25518,62.1765,4.0357,1.59
photo,1001682,512,512,50,zen,-0.150,4.600,24850,61.3312,4.1677,1.57
photo,1001682,512,512,50,zen,-0.080,4.600,24670,61.1964,4.1602,1.61
photo,1001682,512,512,50,zen,0.000,4.600,24261,60.7886,4.1555,1.59
photo,1001682,512,512,50,zen,0.050,4.600,24107,60.6308,4.1609,1.64
photo,1001682,512,512,50,zen,0.120,4.600,23936,60.3323,4.2098,1.54
photo,1001682,512,512,50,zen,0.200,4.600,23691,59.8856,4.1306,1.59
photo,1001682,512,512,50,zen,0.300,4.600,23200,59.3114,3.9082,1.58
photo,1001682,512,512,50,zen,0.500,4.600,22729,58.4035,4.0164,1.58
photo,1001682,512,512,50,zen,0.800,4.600,21726,56.8716,3.9911,1.53
photo,1001682,512,512,50,zen,1.200,4.600,20751,55.6297,4.0212,1.54
photo,1001682,512,512,50,zen,1.800,4.600,19223,53.4343,4.2427,1.57
photo,1001682,512,512,50,zen,2.500,4.600,17779,50.5605,4.7394,1.55
photo,1001682,512,512,70,cjpegli,0.000,2.800,34832,70.5020,3.0087,6.17
photo,1001682,512,512,70,zen,-0.400,2.800,38449,72.7304,2.7427,1.83
photo,1001682,512,512,70,zen,-0.250,2.800,37195,72.0100,2.8156,1.70
photo,1001682,512,512,70,zen,-0.150,2.800,36169,71.1094,2.7374,1.69
photo,1001682,512,512,70,zen,-0.080,2.800,35659,70.8855,2.7123,1.71
photo,1001682,512,512,70,zen,0.000,2.800,34797,70.3754,2.8451,1.71
photo,1001682,512,512,70,zen,0.050,2.800,34561,70.1870,2.8632,1.62
photo,1001682,512,512,70,zen,0.120,2.800,33841,70.1050,2.9281,1.69
photo,1001682,512,512,70,zen,0.200,2.800,32913,69.5990,3.0940,1.62
photo,1001682,512,512,70,zen,0.300,2.800,32355,69.3666,2.9626,1.93
photo,1001682,512,512,70,zen,0.500,2.800,31014,67.8717,3.2179,1.66
photo,1001682,512,512,70,zen,0.800,2.800,29031,65.8356,3.2725,1.81
photo,1001682,512,512,70,zen,1.200,2.800,26880,63.5138,3.3854,1.60
photo,1001682,512,512,70,zen,1.800,2.800,24261,60.7886,4.1555,1.54
photo,1001682,512,512,70,zen,2.500,2.800,22045,57.2568,3.9822,1.78
photo,1001682,512,512,85,cjpegli,0.000,1.450,52521,79.2510,2.2255,6.87
photo,1001682,512,512,85,zen,-0.400,1.450,64647,82.5734,1.5100,1.88
photo,1001682,512,512,85,zen,-0.250,1.450,59533,81.5329,1.7824,1.87
photo,1001682,512,512,85,zen,-0.150,1.450,56374,80.3530,1.8602,1.88
photo,1001682,512,512,85,zen,-0.080,1.450,54621,79.7484,1.9407,1.80
photo,1001682,512,512,85,zen,0.000,1.450,52492,79.1426,2.2250,1.81
photo,1001682,512,512,85,zen,0.050,1.450,51211,78.5473,2.2429,1.82
photo,1001682,512,512,85,zen,0.120,1.450,49742,77.8312,2.3373,2.03
photo,1001682,512,512,85,zen,0.200,1.450,48049,77.3423,2.3751,1.79
photo,1001682,512,512,85,zen,0.300,1.450,46675,76.8172,2.2590,1.79
photo,1001682,512,512,85,zen,0.500,1.450,43795,75.4928,2.3777,2.20
photo,1001682,512,512,85,zen,0.800,1.450,40199,73.5453,2.6957,1.68
photo,1001682,512,512,85,zen,1.200,1.450,36169,71.1094,2.7374,1.70
photo,1001682,512,512,85,zen,1.800,1.450,31306,68.0526,3.2259,1.65
photo,1001682,512,512,85,zen,2.500,1.450,27141,63.9754,3.4522,1.64
photo,1001682,512,512,95,cjpegli,0.000,0.550,96937,87.6724,1.1778,8.01
photo,1001682,512,512,95,zen,-0.400,0.550,173421,90.1626,1.0088,2.97
photo,1001682,512,512,95,zen,-0.250,0.550,132057,89.3106,1.0589,2.68
photo,1001682,512,512,95,zen,-0.150,0.550,115295,88.5303,1.0149,2.25
photo,1001682,512,512,95,zen,-0.080,0.550,104949,87.9700,1.0951,2.50
photo,1001682,512,512,95,zen,0.000,0.550,96938,87.4963,1.1140,2.43
photo,1001682,512,512,95,zen,0.050,0.550,91679,86.8514,1.1778,2.06
photo,1001682,512,512,95,zen,0.120,0.550,85633,86.2762,1.2308,2.05
photo,1001682,512,512,95,zen,0.200,0.550,80704,85.6379,1.3327,1.99
photo,1001682,512,512,95,zen,0.300,0.550,74317,84.6500,1.5131,2.16
photo,1001682,512,512,95,zen,0.500,0.550,64647,82.5734,1.5100,1.88
photo,1001682,512,512,95,zen,0.800,0.550,54891,79.8568,1.9231,1.78
photo,1001682,512,512,95,zen,1.200,0.550,46675,76.8172,2.2590,1.75
photo,1001682,512,512,95,zen,1.800,0.550,39101,73.0734,2.7699,1.68
photo,1001682,512,512,95,zen,2.500,0.550,32718,69.3120,2.9636,1.64
photo,1028637,512,512,10,cjpegli,0.000,15.267,8976,20.9856,8.4003,5.84
photo,1028637,512,512,10,zen,-0.400,15.267,9088,19.3101,7.3698,1.40
photo,1028637,512,512,10,zen,-0.250,15.267,9154,21.4870,7.5826,1.51
photo,1028637,512,512,10,zen,-0.150,15.267,9071,20.7707,7.4513,1.55
photo,1028637,512,512,10,zen,-0.080,15.267,9025,20.8899,7.3913,1.40
photo,1028637,512,512,10,zen,0.000,15.267,9022,20.9074,7.3940,1.41
photo,1028637,512,512,10,zen,0.050,15.267,9008,20.6947,7.4892,1.85
photo,1028637,512,512,10,zen,0.120,15.267,8976,20.6554,7.6551,1.42
photo,1028637,512,512,10,zen,0.200,15.267,8834,21.2715,7.8036,1.42
photo,1028637,512,512,10,zen,0.300,15.267,8811,20.9190,7.8128,1.42
photo,1028637,512,512,10,zen,0.500,15.267,8724,20.2766,8.0113,1.40
photo,1028637,512,512,10,zen,0.800,15.267,8547,13.1491,7.9315,1.44
photo,1028637,512,512,10,zen,1.200,15.267,8489,19.2142,7.9838,1.41
photo,1028637,512,512,10,zen,1.800,15.267,8290,17.8232,7.4953,1.41
photo,1028637,512,512,10,zen,2.500,15.267,8053,16.5742,8.5895,1.43
photo,1028637,512,512,30,cjpegli,0.000,6.400,15935,49.0329,5.6963,6.30
photo,1028637,512,512,30,zen,-0.400,6.400,16650,52.7825,5.4595,1.49
photo,1028637,512,512,30,zen,-0.250,6.400,16462,52.2502,5.4619,1.50
photo,1028637,512,512,30,zen,-0.150,6.400,16345,51.8740,5.6665,1.48
photo,1028637,512,512,30,zen,-0.080,6.400,16083,49.7370,5.7377,1.76
photo,1028637,512,512,30,zen,0.000,6.400,15946,49.3328,5.6908,1.50
photo,1028637,512,512,30,zen,0.050,6.400,15877,48.8354,5.6690,1.56
photo,1028637,512,512,30,zen,0.120,6.400,15746,48.7468,5.6305,1.51
photo,1028637,512,512,30,zen,0.200,6.400,15652,48.5044,5.5881,1.51
photo,1028637,512,512,30,zen,0.300,6.400,15610,49.9667,5.5611,1.88
photo,1028637,512,512,30,zen,0.500,6.400,15220,49.1222,5.4643,1.46
photo,1028637,512,512,30,zen,0.800,6.400,14749,47.9226,5.3234,1.49
photo,1028637,512,512,30,zen,1.200,6.400,14168,44.4922,5.7080,1.55
photo,1028637,512,512,30,zen,1.800,6.400,13621,42.8125,6.1196,1.48
photo,1028637,512,512,30,zen,2.500,6.400,12917,39.5085,6.2573,1.48
photo,1028637,512,512,50,cjpegli,0.000,4.600,19784,55.9759,4.3113,6.08
photo,1028637,512,512,50,zen,-0.400,4.600,21172,60.0269,4.8385,1.52
photo,1028637,512,512,50,zen,-0.250,4.600,20709,59.3024,4.3539,1.57
photo,1028637,512,512,50,zen,-0.150,4.600,20232,57.1794,4.1508,1.52
photo,1028637,512,512,50,zen,-0.080,4.600,20094,56.9704,4.1449,1.51
photo,1028637,512,512,50,zen,0.000,4.600,19769,56.1925,4.4356,1.50
photo,1028637,512,512,50,zen,0.050,4.600,19658,56.0630,4.3717,1.56
photo,1028637,512,512,50,zen,0.120,4.600,19525,55.7051,4.5025,1.54
photo,1028637,512,512,50,zen,0.200,4.600,19414,56.9880,4.5495,1.53
photo,1028637,512,512,50,zen,0.300,4.600,19054,56.3023,4.9486,1.50
photo,1028637,512,512,50,zen,0.500,4.600,18692,55.9452,4.9577,1.50
photo,1028637,512,512,50,zen,0.800,4.600,17798,54.6724,5.0458,1.48
photo,1028637,512,512,50,zen,1.200,4.600,17055,51.4061,5.4340,1.46
photo,1028637,512,512,50,zen,1.800,4.600,15946,49.3328,5.6908,1.59
photo,1028637,512,512,50,zen,2.500,4.600,14941,48.4533,5.2777,1.45
photo,1028637,512,512,70,cjpegli,0.000,2.800,27551,66.8085,3.5544,5.83
photo,1028637,512,512,70,zen,-0.400,2.800,30356,69.6094,3.2923,1.72
photo,1028637,512,512,70,zen,-0.250,2.800,29257,69.0911,3.2676,1.62
photo,1028637,512,512,70,zen,-0.150,2.800,28503,68.4145,3.3998,1.56
photo,1028637,512,512,70,zen,-0.080,2.800,28116,68.0774,3.5273,1.62
photo,1028637,512,512,70,zen,0.000,2.800,27467,67.4960,3.3542,1.54
photo,1028637,512,512,70,zen,0.050,2.800,27291,67.3620,3.3652,1.54
photo,1028637,512,512,70,zen,0.120,2.800,26759,66.8547,3.5473,1.55
photo,1028637,512,512,70,zen,0.200,2.800,26212,66.3443,3.9658,1.55
photo,1028637,512,512,70,zen,0.300,2.800,25750,65.7739,3.8580,1.58
photo,1028637,512,512,70,zen,0.500,2.800,24782,64.9710,4.1445,1.98
photo,1028637,512,512,70,zen,0.800,2.800,23331,63.3478,4.1696,1.50
photo,1028637,512,512,70,zen,1.200,2.800,21716,60.9696,4.2157,1.59
photo,1028637,512,512,70,zen,1.800,2.800,19769,56.1925,4.4356,1.52
photo,1028637,512,512,70,zen,2.500,2.800,18071,55.0379,5.1806,1.50
photo,1028637,512,512,85,cjpegli,0.000,1.450,40545,75.4672,2.9417,6.15
photo,1028637,512,512,85,zen,-0.400,1.450,48898,79.7681,2.7597,1.77
photo,1028637,512,512,85,zen,-0.250,1.450,45307,78.4630,2.6281,2.02
photo,1028637,512,512,85,zen,-0.150,1.450,43160,77.4722,2.8111,1.97
photo,1028637,512,512,85,zen,-0.080,1.450,41963,76.9662,2.7481,1.68
photo,1028637,512,512,85,zen,0.000,1.450,40455,76.2468,2.8378,2.22
photo,1028637,512,512,85,zen,0.050,1.450,39624,75.6333,2.6529,1.75
photo,1028637,512,512,85,zen,0.120,1.450,38632,75.1282,2.9506,1.67
photo,1028637,512,512,85,zen,0.200,1.450,37422,74.5448,2.7799,1.62
photo,1028637,512,512,85,zen,0.300,1.450,36433,73.6871,2.8435,1.61
photo,1028637,512,512,85,zen,0.500,1.450,34284,72.4596,3.0964,1.69
photo,1028637,512,512,85,zen,0.800,1.450,31591,70.5514,3.2399,1.76
photo,1028637,512,512,85,zen,1.200,1.450,28503,68.4145,3.3998,1.94
photo,1028637,512,512,85,zen,1.800,1.450,24983,65.0621,4.1115,1.52
photo,1028637,512,512,85,zen,2.500,1.450,21867,59.8733,4.0079,1.49
photo,1028637,512,512,95,cjpegli,0.000,0.550,70900,83.5186,2.8498,6.87
photo,1028637,512,512,95,zen,-0.400,0.550,119154,86.1756,2.5726,2.24
photo,1028637,512,512,95,zen,-0.250,0.550,93831,85.7455,2.5666,2.11
photo,1028637,512,512,95,zen,-0.150,0.550,82951,85.2508,2.4939,2.01
photo,1028637,512,512,95,zen,-0.080,0.550,76164,84.8363,2.5220,2.34
photo,1028637,512,512,95,zen,0.000,0.550,70882,84.2806,2.5374,2.04
photo,1028637,512,512,95,zen,0.050,0.550,67201,83.8350,2.6259,1.88
photo,1028637,512,512,95,zen,0.120,0.550,63061,83.2035,2.5830,1.88
photo,1028637,512,512,95,zen,0.200,0.550,59776,82.6113,2.6351,1.84
photo,1028637,512,512,95,zen,0.300,0.550,55603,81.6669,2.7489,1.95
photo,1028637,512,512,95,zen,0.500,0.550,48898,79.7681,2.7597,2.04
photo,1028637,512,512,95,zen,0.800,0.550,42139,77.0166,2.7564,1.67
photo,1028637,512,512,95,zen,1.200,0.550,36433,73.6871,2.8435,1.65
photo,1028637,512,512,95,zen,1.800,0.550,30768,69.9993,3.2006,1.64
photo,1028637,512,512,95,zen,2.500,0.550,26046,66.0616,3.6766,1.56
photo,1029604,512,512,10,cjpegli,0.000,15.267,13010,40.7733,6.2363,5.40
photo,1029604,512,512,10,zen,-0.400,15.267,13247,41.4887,6.3919,1.49
photo,1029604,512,512,10,zen,-0.250,15.267,13185,40.9397,6.3854,1.54
photo,1029604,512,512,10,zen,-0.150,15.267,13033,40.6018,6.3275,1.45
photo,1029604,512,512,10,zen,-0.080,15.267,12999,40.6527,6.3159,1.63
photo,1029604,512,512,10,zen,0.000,15.267,12992,40.6557,6.3159,1.49
photo,1029604,512,512,10,zen,0.050,15.267,12992,40.4797,6.3201,1.51
photo,1029604,512,512,10,zen,0.120,15.267,12960,40.4264,6.3538,1.59
photo,1029604,512,512,10,zen,0.200,15.267,12895,40.1159,6.5579,1.48
photo,1029604,512,512,10,zen,0.300,15.267,12839,40.0362,6.5482,1.46
photo,1029604,512,512,10,zen,0.500,15.267,12689,39.8449,6.8310,1.47
photo,1029604,512,512,10,zen,0.800,15.267,12579,39.0801,6.9609,1.47
photo,1029604,512,512,10,zen,1.200,15.267,12391,38.6587,6.8151,1.51
photo,1029604,512,512,10,zen,1.800,15.267,12077,36.8557,6.9448,1.46
photo,1029604,512,512,10,zen,2.500,15.267,11777,35.1571,6.6622,1.45
photo,1029604,512,512,30,cjpegli,0.000,6.400,22549,62.0822,4.0805,6.58
photo,1029604,512,512,30,zen,-0.400,6.400,23355,62.6307,4.0936,1.91
photo,1029604,512,512,30,zen,-0.250,6.400,23161,62.2733,4.0906,1.59
photo,1029604,512,512,30,zen,-0.150,6.400,22958,62.1913,4.0798,1.69
photo,1029604,512,512,30,zen,-0.080,6.400,22643,62.0059,4.0715,1.59
photo,1029604,512,512,30,zen,0.000,6.400,22464,61.8700,4.0813,1.54
photo,1029604,512,512,30,zen,0.050,6.400,22381,61.7882,4.0812,1.57
photo,1029604,512,512,30,zen,0.120,6.400,22193,61.6800,4.1167,1.59
photo,1029604,512,512,30,zen,0.200,6.400,22093,61.4786,4.1160,1.65
photo,1029604,512,512,30,zen,0.300,6.400,21990,61.3341,4.2010,1.66
photo,1029604,512,512,30,zen,0.500,6.400,21377,59.9547,4.2686,1.54
photo,1029604,512,512,30,zen,0.800,6.400,20813,59.3470,4.4862,1.53
photo,1029604,512,512,30,zen,1.200,6.400,20142,58.1199,4.4653,1.54
photo,1029604,512,512,30,zen,1.800,6.400,19278,56.7134,5.1881,1.52
photo,1029604,512,512,30,zen,2.500,6.400,18373,55.0038,5.3876,1.56
photo,1029604,512,512,50,cjpegli,0.000,4.600,27255,66.9935,3.6178,6.54
photo,1029604,512,512,50,zen,-0.400,4.600,29071,68.6099,3.5017,1.66
photo,1029604,512,512,50,zen,-0.250,4.600,28390,67.7574,3.3569,1.59
photo,1029604,512,512,50,zen,-0.150,4.600,27731,67.2291,3.4952,1.60
photo,1029604,512,512,50,zen,-0.080,4.600,27620,67.1928,3.5051,1.89
photo,1029604,512,512,50,zen,0.000,4.600,27123,66.8448,3.5404,1.61
photo,1029604,512,512,50,zen,0.050,4.600,27047,66.7851,3.5434,1.65
photo,1029604,512,512,50,zen,0.120,4.600,26918,66.4574,3.5701,1.61
photo,1029604,512,512,50,zen,0.200,4.600,26711,66.2739,3.6140,1.77
photo,1029604,512,512,50,zen,0.300,4.600,26210,65.8476,3.7130,1.62
photo,1029604,512,512,50,zen,0.500,4.600,25779,65.3044,3.7593,1.63
photo,1029604,512,512,50,zen,0.800,4.600,24721,64.1772,3.9552,1.60
photo,1029604,512,512,50,zen,1.200,4.600,23941,63.2055,4.1101,1.56
photo,1029604,512,512,50,zen,1.800,4.600,22464,61.8700,4.0813,1.55
photo,1029604,512,512,50,zen,2.500,4.600,21096,59.4123,4.2282,1.58
photo,1029604,512,512,70,cjpegli,0.000,2.800,37556,73.9663,2.8327,6.96
photo,1029604,512,512,70,zen,-0.400,2.800,41204,75.9349,2.5880,1.71
photo,1029604,512,512,70,zen,-0.250,2.800,39887,75.1214,2.7654,1.72
photo,1029604,512,512,70,zen,-0.150,2.800,38993,74.4222,2.6876,1.71
photo,1029604,512,512,70,zen,-0.080,2.800,38338,74.1695,2.6748,1.72
photo,1029604,512,512,70,zen,0.000,2.800,37477,73.8895,2.8263,1.70
photo,1029604,512,512,70,zen,0.050,2.800,37269,73.7884,2.8385,1.77
photo,1029604,512,512,70,zen,0.120,2.800,36465,73.3805,2.7639,2.05
photo,1029604,512,512,70,zen,0.200,2.800,35509,73.0425,2.9527,1.69
photo,1029604,512,512,70,zen,0.300,2.800,35026,72.8390,2.9779,1.66
photo,1029604,512,512,70,zen,0.500,2.800,33693,72.1581,3.2760,1.65
photo,1029604,512,512,70,zen,0.800,2.800,31810,70.4713,3.3647,1.67
photo,1029604,512,512,70,zen,1.200,2.800,29746,69.1033,3.5010,1.67
photo,1029604,512,512,70,zen,1.800,2.800,27123,66.8448,3.5404,1.71
photo,1029604,512,512,70,zen,2.500,2.800,25127,64.4570,3.9363,1.57
photo,1029604,512,512,85,cjpegli,0.000,1.450,56802,81.1443,1.9607,6.23
photo,1029604,512,512,85,zen,-0.400,1.450,70453,84.3868,1.6356,1.89
photo,1029604,512,512,85,zen,-0.250,1.450,64604,83.2783,1.8279,1.87
photo,1029604,512,512,85,zen,-0.150,1.450,61131,82.2991,1.8670,1.88
photo,1029604,512,512,85,zen,-0.080,1.450,58969,81.8873,1.9630,1.89
photo,1029604,512,512,85,zen,0.000,1.450,56652,81.0830,2.0125,1.85
photo,1029604,512,512,85,zen,0.050,1.450,55123,80.6280,1.9587,1.88
photo,1029604,512,512,85,zen,0.120,1.450,53590,80.2736,2.0278,1.78
photo,1029604,512,512,85,zen,0.200,1.450,51730,79.8250,2.3752,1.84
photo,1029604,512,512,85,zen,0.300,1.450,50209,79.3683,2.3033,1.78
photo,1029604,512,512,85,zen,0.500,1.450,47126,78.2047,2.4072,1.73
photo,1029604,512,512,85,zen,0.800,1.450,43006,76.5871,2.4618,1.72
photo,1029604,512,512,85,zen,1.200,1.450,38993,74.4222,2.6876,1.66
photo,1029604,512,512,85,zen,1.800,1.450,34012,72.2940,3.2420,1.67
photo,1029604,512,512,85,zen,2.500,1.450,29972,69.3059,3.3234,1.65
photo,1029604,512,512,95,cjpegli,0.000,0.550,109765,89.7749,1.0997,7.66
photo,1029604,512,512,95,zen,-0.400,0.550,201542,93.4465,0.8082,3.51
photo,1029604,512,512,95,zen,-0.250,0.550,153778,92.1525,0.9700,2.63
photo,1029604,512,512,95,zen,-0.150,0.550,132959,91.1377,0.9604,2.39
photo,1029604,512,512,95,zen,-0.080,0.550,119767,90.3381,1.0016,2.29
photo,1029604,512,512,95,zen,0.000,0.550,109641,89.6951,1.1475,2.32
photo,1029604,512,512,95,zen,0.050,0.550,103160,89.0504,1.1188,2.19
photo,1029604,512,512,95,zen,0.120,0.550,95344,88.1102,1.2075,2.10
photo,1029604,512,512,95,zen,0.200,0.550,89373,87.4683,1.3297,2.10
photo,1029604,512,512,95,zen,0.300,0.550,81693,86.3944,1.5090,2.05
photo,1029604,512,512,95,zen,0.500,0.550,70453,84.3868,1.6356,1.96
photo,1029604,512,512,95,zen,0.800,0.550,59301,81.9419,1.9104,1.86
photo,1029604,512,512,95,zen,1.200,0.550,50209,79.3683,2.3033,1.79
photo,1029604,512,512,95,zen,1.800,0.550,41842,76.1327,2.6750,1.70
photo,1029604,512,512,95,zen,2.500,0.550,35289,72.6765,2.9575,2.00
photo,106399,512,512,10,cjpegli,0.000,15.267,10408,30.0744,7.6509,5.57
photo,106399,512,512,10,zen,-0.400,15.267,10602,31.1325,7.4833,1.45
photo,106399,512,512,10,zen,-0.250,15.267,10543,30.7728,7.5052,1.43
photo,106399,512,512,10,zen,-0.150,15.267,10451,30.6070,7.4612,1.45
photo,106399,512,512,10,zen,-0.080,15.267,10410,30.2247,7.5591,1.45
photo,106399,512,512,10,zen,0.000,15.267,10405,30.2238,7.5591,1.46
photo,106399,512,512,10,zen,0.050,15.267,10396,30.1623,7.5583,1.49
photo,106399,512,512,10,zen,0.120,15.267,10365,30.1561,7.6477,1.49
photo,106399,512,512,10,zen,0.200,15.267,10331,29.7884,7.6928,1.42
photo,106399,512,512,10,zen,0.300,15.267,10300,29.5201,7.6570,1.48
photo,106399,512,512,10,zen,0.500,15.267,10190,29.1843,7.6910,1.48
photo,106399,512,512,10,zen,0.800,15.267,10065,29.0979,7.8877,1.42
photo,106399,512,512,10,zen,1.200,15.267,9935,28.2225,7.7738,1.43
photo,106399,512,512,10,zen,1.800,15.267,9647,25.2215,8.1442,1.41
photo,106399,512,512,10,zen,2.500,15.267,9404,23.2338,8.5014,1.41
photo,106399,512,512,30,cjpegli,0.000,6.400,18480,57.0802,4.5095,5.81
photo,106399,512,512,30,zen,-0.400,6.400,19260,58.8952,4.2627,1.52
photo,106399,512,512,30,zen,-0.250,6.400,19029,58.6488,4.1476,1.58
photo,106399,512,512,30,zen,-0.150,6.400,18869,58.3667,4.2321,1.51
photo,106399,512,512,30,zen,-0.080,6.400,18538,57.2938,4.3887,1.51
photo,106399,512,512,30,zen,0.000,6.400,18430,57.1086,4.3860,1.51
photo,106399,512,512,30,zen,0.050,6.400,18367,56.9717,4.4352,1.57
photo,106399,512,512,30,zen,0.120,6.400,18211,56.6809,4.2723,1.51
photo,106399,512,512,30,zen,0.200,6.400,18129,56.5609,4.2858,1.52
photo,106399,512,512,30,zen,0.300,6.400,18035,56.1024,4.2484,1.55
photo,106399,512,512,30,zen,0.500,6.400,17539,55.2821,4.6764,1.54
photo,106399,512,512,30,zen,0.800,6.400,17107,54.2688,4.4806,1.58
photo,106399,512,512,30,zen,1.200,6.400,16486,52.7052,5.0210,1.53
photo,106399,512,512,30,zen,1.800,6.400,15774,51.3899,5.3990,1.50
photo,106399,512,512,30,zen,2.500,6.400,14953,49.2289,6.0707,1.54
photo,106399,512,512,50,cjpegli,0.000,4.600,22539,63.4291,3.6437,5.77
photo,106399,512,512,50,zen,-0.400,4.600,23880,64.9128,3.7069,1.56
photo,106399,512,512,50,zen,-0.250,4.600,23449,64.5129,3.6325,1.61
photo,106399,512,512,50,zen,-0.150,4.600,22837,63.9068,3.5834,1.57
photo,106399,512,512,50,zen,-0.080,4.600,22740,63.8093,3.9947,1.77
photo,106399,512,512,50,zen,0.000,4.600,22455,63.4405,4.0591,1.58
photo,106399,512,512,50,zen,0.050,4.600,22400,63.3794,3.7452,1.82
photo,106399,512,512,50,zen,0.120,4.600,22241,63.1511,3.7725,1.55
photo,106399,512,512,50,zen,0.200,4.600,22090,62.8205,4.1738,1.54
photo,106399,512,512,50,zen,0.300,4.600,21737,62.4042,4.2285,1.61
photo,106399,512,512,50,zen,0.500,4.600,21356,61.7515,4.3115,1.56
photo,106399,512,512,50,zen,0.800,4.600,20435,60.3821,4.1010,1.53
photo,106399,512,512,50,zen,1.200,4.600,19668,59.4906,4.4508,1.54
photo,106399,512,512,50,zen,1.800,4.600,18430,57.1086,4.3860,1.56
photo,106399,512,512,50,zen,2.500,4.600,17280,54.7123,4.6116,1.64
photo,106399,512,512,70,cjpegli,0.000,2.800,30044,71.1632,2.9404,5.98
photo,106399,512,512,70,zen,-0.400,2.800,32494,73.0787,2.7302,1.73
photo,106399,512,512,70,zen,-0.250,2.800,31661,72.4905,2.6869,1.72
photo,106399,512,512,70,zen,-0.150,2.800,30961,71.9365,2.7607,1.64
photo,106399,512,512,70,zen,-0.080,2.800,30646,71.7030,2.7910,1.63
photo,106399,512,512,70,zen,0.000,2.800,29968,71.1552,2.8732,1.72
photo,106399,512,512,70,zen,0.050,2.800,29827,71.0746,2.9133,1.64
photo,106399,512,512,70,zen,0.120,2.800,29237,70.7368,2.9250,1.76
photo,106399,512,512,70,zen,0.200,2.800,28638,70.2279,3.0061,1.63
photo,106399,512,512,70,zen,0.300,2.800,28237,69.8989,3.0554,1.59
photo,106399,512,512,70,zen,0.500,2.800,27300,69.0431,3.1596,1.56
photo,106399,512,512,70,zen,0.800,2.800,25867,67.2570,3.7106,1.64
photo,106399,512,512,70,zen,1.200,2.800,24370,65.3932,3.8728,1.63
photo,106399,512,512,70,zen,1.800,2.800,22455,63.4405,4.0591,1.58
photo,106399,512,512,70,zen,2.500,2.800,20797,60.9609,4.2007,1.62
photo,106399,512,512,85,cjpegli,0.000,1.450,42564,78.5462,2.3745,6.23
photo,106399,512,512,85,zen,-0.400,1.450,50964,81.9099,2.0672,1.79
photo,106399,512,512,85,zen,-0.250,1.450,47530,80.7029,2.1996,1.72
photo,106399,512,512,85,zen,-0.150,1.450,45209,79.8453,2.3629,2.17
photo,106399,512,512,85,zen,-0.080,1.450,44023,79.3834,2.3630,1.97
photo,106399,512,512,85,zen,0.000,1.450,42544,78.7509,2.2566,1.72
photo,106399,512,512,85,zen,0.050,1.450,41693,78.3067,2.3460,1.69
photo,106399,512,512,85,zen,0.120,1.450,40489,77.7864,2.2304,1.70
photo,106399,512,512,85,zen,0.200,1.450,39444,77.2706,2.3175,1.76
photo,106399,512,512,85,zen,0.300,1.450,38519,76.8163,2.3261,1.71
photo,106399,512,512,85,zen,0.500,1.450,36449,75.4267,2.8004,1.65
photo,106399,512,512,85,zen,0.800,1.450,33751,73.7711,2.6372,1.66
photo,106399,512,512,85,zen,1.200,1.450,30961,71.9365,2.7607,1.66
photo,106399,512,512,85,zen,1.800,1.450,27490,69.1803,3.0203,1.61
photo,106399,512,512,85,zen,2.500,1.450,24600,65.8977,3.7958,1.63
photo,106399,512,512,95,cjpegli,0.000,0.550,75530,86.3205,1.9285,6.90
photo,106399,512,512,95,zen,-0.400,0.550,147126,88.8881,1.8883,2.47
photo,106399,512,512,95,zen,-0.250,0.550,104869,88.3332,1.9262,2.14
photo,106399,512,512,95,zen,-0.150,0.550,90798,87.7269,1.9587,2.13
photo,106399,512,512,95,zen,-0.080,0.550,81761,87.2161,1.9082,2.02
photo,106399,512,512,95,zen,0.000,0.550,75479,86.6355,1.8905,1.98
photo,106399,512,512,95,zen,0.050,0.550,70840,86.1176,1.8999,1.89
photo,106399,512,512,95,zen,0.120,0.550,66281,85.5395,1.9114,1.89
photo,106399,512,512,95,zen,0.200,0.550,62659,84.9231,1.9815,1.87
photo,106399,512,512,95,zen,0.300,0.550,58032,83.9291,1.9671,1.79
photo,106399,512,512,95,zen,0.500,0.550,50964,81.9099,2.0672,2.15
photo,106399,512,512,95,zen,0.800,0.550,44160,79.4091,2.3395,1.72
photo,106399,512,512,95,zen,1.200,0.550,38519,76.8163,2.3261,1.73
photo,106399,512,512,95,zen,1.800,0.550,33018,73.3930,2.6318,1.67
photo,106399,512,512,95,zen,2.500,0.550,28437,69.9539,3.0583,1.64
photo,1080721,512,512,10,cjpegli,0.000,15.267,9308,38.0711,6.9085,5.38
photo,1080721,512,512,10,zen,-0.400,15.267,9529,40.4236,6.4343,1.46
photo,1080721,512,512,10,zen,-0.250,15.267,9457,38.3998,6.9385,1.44
photo,1080721,512,512,10,zen,-0.150,15.267,9362,38.1568,6.8596,1.42
photo,1080721,512,512,10,zen,-0.080,15.267,9327,38.1135,6.9078,1.43
photo,1080721,512,512,10,zen,0.000,15.267,9327,38.1171,6.9078,1.49
photo,1080721,512,512,10,zen,0.050,15.267,9331,37.8045,6.9068,1.47
photo,1080721,512,512,10,zen,0.120,15.267,9304,37.7404,6.8837,1.81
photo,1080721,512,512,10,zen,0.200,15.267,9282,36.5711,7.3794,1.42
photo,1080721,512,512,10,zen,0.300,15.267,9251,36.4948,7.3968,1.52
photo,1080721,512,512,10,zen,0.500,15.267,9141,35.8815,7.2652,1.52
photo,1080721,512,512,10,zen,0.800,15.267,9042,35.5868,6.4198,1.46
photo,1080721,512,512,10,zen,1.200,15.267,8911,34.7730,7.5073,1.43
photo,1080721,512,512,10,zen,1.800,15.267,8696,34.0068,7.0541,1.48
photo,1080721,512,512,10,zen,2.500,15.267,8466,30.2494,7.7384,1.46
photo,1080721,512,512,30,cjpegli,0.000,6.400,15963,65.2662,4.0670,5.90
photo,1080721,512,512,30,zen,-0.400,6.400,16619,66.1239,4.1219,1.57
photo,1080721,512,512,30,zen,-0.250,6.400,16503,65.8710,4.1580,1.51
photo,1080721,512,512,30,zen,-0.150,6.400,16348,65.7530,4.2245,1.54
photo,1080721,512,512,30,zen,-0.080,6.400,16055,65.3790,4.0748,1.52
photo,1080721,512,512,30,zen,0.000,6.400,15933,65.3184,4.2208,1.53
photo,1080721,512,512,30,zen,0.050,6.400,15903,65.1941,4.2585,1.54
photo,1080721,512,512,30,zen,0.120,6.400,15801,65.0224,4.2670,1.52
photo,1080721,512,512,30,zen,0.200,6.400,15728,64.8671,4.2963,1.51
photo,1080721,512,512,30,zen,0.300,6.400,15655,64.4613,4.3346,1.52
photo,1080721,512,512,30,zen,0.500,6.400,15220,63.8298,4.2485,1.49
photo,1080721,512,512,30,zen,0.800,6.400,14865,62.7745,4.5319,1.53
photo,1080721,512,512,30,zen,1.200,6.400,14362,61.1082,4.6155,1.48
photo,1080721,512,512,30,zen,1.800,6.400,13770,59.6670,5.2746,1.48
photo,1080721,512,512,30,zen,2.500,6.400,13089,57.7679,5.2510,1.49
photo,1080721,512,512,50,cjpegli,0.000,4.600,19137,71.2549,3.8557,5.97
photo,1080721,512,512,50,zen,-0.400,4.600,20342,72.6834,3.4854,1.56
photo,1080721,512,512,50,zen,-0.250,4.600,20002,72.1736,3.5122,1.56
photo,1080721,512,512,50,zen,-0.150,4.600,19478,71.7162,3.7427,1.54
photo,1080721,512,512,50,zen,-0.080,4.600,19426,71.6311,3.7704,1.55
photo,1080721,512,512,50,zen,0.000,4.600,19135,71.3541,3.9619,1.63
photo,1080721,512,512,50,zen,0.050,4.600,19076,71.3124,3.9657,1.61
photo,1080721,512,512,50,zen,0.120,4.600,18987,70.6220,3.8537,1.56
photo,1080721,512,512,50,zen,0.200,4.600,18832,70.2384,3.8829,1.57
photo,1080721,512,512,50,zen,0.300,4.600,18501,69.9406,3.9455,1.65
photo,1080721,512,512,50,zen,0.500,4.600,18244,69.3199,3.8406,1.52
photo,1080721,512,512,50,zen,0.800,4.600,17526,68.0709,4.0995,1.54
photo,1080721,512,512,50,zen,1.200,4.600,16973,67.1441,4.0109,1.56
photo,1080721,512,512,50,zen,1.800,4.600,15933,65.3184,4.2208,1.54
photo,1080721,512,512,50,zen,2.500,4.600,15033,63.2071,4.4993,1.53
photo,1080721,512,512,70,cjpegli,0.000,2.800,25286,77.3556,2.6944,5.82
photo,1080721,512,512,70,zen,-0.400,2.800,27427,79.0883,2.6338,1.65
photo,1080721,512,512,70,zen,-0.250,2.800,26737,78.6639,2.5891,1.61
photo,1080721,512,512,70,zen,-0.150,2.800,26089,77.9411,2.6971,1.58
photo,1080721,512,512,70,zen,-0.080,2.800,25851,77.7413,2.6241,1.57
photo,1080721,512,512,70,zen,0.000,2.800,25246,77.4572,2.7102,1.59
photo,1080721,512,512,70,zen,0.050,2.800,25149,77.3623,2.7124,1.62
photo,1080721,512,512,70,zen,0.120,2.800,24682,77.0486,2.8442,1.60
photo,1080721,512,512,70,zen,0.200,2.800,24229,76.8349,2.8345,1.57
photo,1080721,512,512,70,zen,0.300,2.800,23941,77.1101,2.8670,1.57
photo,1080721,512,512,70,zen,0.500,2.800,23150,76.2801,2.9499,1.56
photo,1080721,512,512,70,zen,0.800,2.800,21997,74.7152,3.2953,1.63
photo,1080721,512,512,70,zen,1.200,2.800,20722,73.1818,3.2740,1.61
photo,1080721,512,512,70,zen,1.800,2.800,19135,71.3541,3.9619,1.56
photo,1080721,512,512,70,zen,2.500,2.800,17825,68.5190,4.0261,1.53
photo,1080721,512,512,85,cjpegli,0.000,1.450,36025,82.7969,1.8454,6.31
photo,1080721,512,512,85,zen,-0.400,1.450,43388,85.4519,1.8231,1.84
photo,1080721,512,512,85,zen,-0.250,1.450,40530,84.8050,1.7864,1.72
photo,1080721,512,512,85,zen,-0.150,1.450,38390,83.9698,1.9211,1.78
photo,1080721,512,512,85,zen,-0.080,1.450,37339,83.6340,2.0223,1.71
photo,1080721,512,512,85,zen,0.000,1.450,36014,83.2296,1.8678,1.69
photo,1080721,512,512,85,zen,0.050,1.450,35273,82.5141,1.9938,1.70
photo,1080721,512,512,85,zen,0.120,1.450,34208,82.0749,2.0719,1.67
photo,1080721,512,512,85,zen,0.200,1.450,33311,81.7584,2.1750,1.67
photo,1080721,512,512,85,zen,0.300,1.450,32503,81.3837,2.3234,1.66
photo,1080721,512,512,85,zen,0.500,1.450,30788,80.6559,2.3752,1.62
photo,1080721,512,512,85,zen,0.800,1.450,28430,79.5647,2.7126,1.66
photo,1080721,512,512,85,zen,1.200,1.450,26089,77.9411,2.6971,1.95
photo,1080721,512,512,85,zen,1.800,1.450,23287,76.3837,2.8760,1.57
photo,1080721,512,512,85,zen,2.500,1.450,20913,73.6388,3.2808,1.56
photo,1080721,512,512,95,cjpegli,0.000,0.550,64268,88.5720,1.2903,6.24
photo,1080721,512,512,95,zen,-0.400,0.550,128350,91.0129,1.2194,2.59
photo,1080721,512,512,95,zen,-0.250,0.550,89950,90.2310,1.2709,2.05
photo,1080721,512,512,95,zen,-0.150,0.550,77552,89.6129,1.3043,2.05
photo,1080721,512,512,95,zen,-0.080,0.550,69590,89.2284,1.2813,1.93
photo,1080721,512,512,95,zen,0.000,0.550,64305,88.8284,1.2931,2.08
photo,1080721,512,512,95,zen,0.050,0.550,60412,88.3178,1.3054,1.86
photo,1080721,512,512,95,zen,0.120,0.550,56623,87.8745,1.5917,1.87
photo,1080721,512,512,95,zen,0.200,0.550,53337,87.4156,1.4532,1.83
photo,1080721,512,512,95,zen,0.300,0.550,49503,86.7117,1.6006,1.77
photo,1080721,512,512,95,zen,0.500,0.550,43388,85.4519,1.8231,1.76
photo,1080721,512,512,95,zen,0.800,0.550,37459,83.5896,2.0065,1.70
photo,1080721,512,512,95,zen,1.200,0.550,32503,81.3837,2.3234,1.88
photo,1080721,512,512,95,zen,1.800,0.550,27806,79.2592,2.6357,1.60
photo,1080721,512,512,95,zen,2.500,0.550,24097,76.7567,2.8377,1.59
photo,1082342,512,512,10,cjpegli,0.000,15.267,14306,39.2941,7.2442,6.28
photo,1082342,512,512,10,zen,-0.400,15.267,14590,41.3997,6.4553,1.55
photo,1082342,512,512,10,zen,-0.250,15.267,14529,40.6807,6.7279,1.54
photo,1082342,512,512,10,zen,-0.150,15.267,14365,40.2215,7.1488,1.54
photo,1082342,512,512,10,zen,-0.080,15.267,14299,40.1828,7.2072,1.52
photo,1082342,512,512,10,zen,0.000,15.267,14286,40.1597,7.1188,1.76
photo,1082342,512,512,10,zen,0.050,15.267,14284,39.9962,7.1104,1.53
photo,1082342,512,512,10,zen,0.120,15.267,14218,39.7812,7.0800,1.50
photo,1082342,512,512,10,zen,0.200,15.267,14161,38.2454,7.5192,1.56
photo,1082342,512,512,10,zen,0.300,15.267,14110,38.1781,7.5090,1.55
photo,1082342,512,512,10,zen,0.500,15.267,13915,37.9685,7.6275,1.67
photo,1082342,512,512,10,zen,0.800,15.267,13737,39.2211,7.1518,1.50
photo,1082342,512,512,10,zen,1.200,15.267,13466,34.6265,7.6832,1.83
photo,1082342,512,512,10,zen,1.800,15.267,13139,33.4614,7.9399,1.54
photo,1082342,512,512,10,zen,2.500,15.267,12754,32.0922,7.3589,1.51
photo,1082342,512,512,30,cjpegli,0.000,6.400,24837,61.1014,4.4006,5.85
photo,1082342,512,512,30,zen,-0.400,6.400,25687,63.6510,4.2644,1.69
photo,1082342,512,512,30,zen,-0.250,6.400,25455,63.4805,4.2956,1.87
photo,1082342,512,512,30,zen,-0.150,6.400,25259,63.2092,4.2854,1.79
photo,1082342,512,512,30,zen,-0.080,6.400,24938,62.6670,4.3035,1.67
photo,1082342,512,512,30,zen,0.000,6.400,24765,62.2859,4.3306,1.69
photo,1082342,512,512,30,zen,0.050,6.400,24675,62.1776,4.3416,1.73
photo,1082342,512,512,30,zen,0.120,6.400,24505,61.9770,4.2774,1.59
photo,1082342,512,512,30,zen,0.200,6.400,24358,61.5327,4.4529,1.67
photo,1082342,512,512,30,zen,0.300,6.400,24230,61.2592,4.4693,1.71
photo,1082342,512,512,30,zen,0.500,6.400,23702,61.0695,4.5141,1.84
photo,1082342,512,512,30,zen,0.800,6.400,23159,60.6768,4.9931,1.60
photo,1082342,512,512,30,zen,1.200,6.400,22430,59.6264,4.9659,1.71
photo,1082342,512,512,30,zen,1.800,6.400,21483,57.8730,5.3663,1.65
photo,1082342,512,512,30,zen,2.500,6.400,20391,55.7567,5.5594,1.62
photo,1082342,512,512,50,cjpegli,0.000,4.600,29593,66.5456,3.9349,6.95
photo,1082342,512,512,50,zen,-0.400,4.600,31193,69.1944,3.2187,1.63
photo,1082342,512,512,50,zen,-0.250,4.600,30661,68.9496,3.7805,1.65
photo,1082342,512,512,50,zen,-0.150,4.600,30010,68.4422,3.8825,1.65
photo,1082342,512,512,50,zen,-0.080,4.600,29839,68.2688,3.8629,1.63
photo,1082342,512,512,50,zen,0.000,4.600,29492,68.0328,3.7917,1.94
photo,1082342,512,512,50,zen,0.050,4.600,29377,68.0029,3.7191,1.80
photo,1082342,512,512,50,zen,0.120,4.600,29225,67.8134,3.9271,1.65
photo,1082342,512,512,50,zen,0.200,4.600,28998,67.2309,3.9811,1.65
photo,1082342,512,512,50,zen,0.300,4.600,28518,66.7422,4.1925,1.66
photo,1082342,512,512,50,zen,0.500,4.600,28055,66.3409,3.9695,1.61
photo,1082342,512,512,50,zen,0.800,4.600,27042,65.5672,4.0023,1.62
photo,1082342,512,512,50,zen,1.200,4.600,26234,64.4347,4.2061,1.62
photo,1082342,512,512,50,zen,1.800,4.600,24765,62.2859,4.3306,1.67
photo,1082342,512,512,50,zen,2.500,4.600,23412,61.0513,4.4853,1.74
photo,1082342,512,512,70,cjpegli,0.000,2.800,38745,72.5546,2.7891,6.31
photo,1082342,512,512,70,zen,-0.400,2.800,41837,75.8295,2.4546,2.41
photo,1082342,512,512,70,zen,-0.250,2.800,40764,75.1590,2.5910,1.81
photo,1082342,512,512,70,zen,-0.150,2.800,39934,74.6792,2.7612,1.73
photo,1082342,512,512,70,zen,-0.080,2.800,39366,74.4163,2.8178,1.73
photo,1082342,512,512,70,zen,0.000,2.800,38613,73.9675,2.8001,2.10
photo,1082342,512,512,70,zen,0.050,2.800,38399,73.9718,2.9259,1.75
photo,1082342,512,512,70,zen,0.120,2.800,37746,73.6178,2.9615,1.70
photo,1082342,512,512,70,zen,0.200,2.800,36942,73.0168,3.0311,1.85
photo,1082342,512,512,70,zen,0.300,2.800,36520,73.0292,3.0290,1.78
photo,1082342,512,512,70,zen,0.500,2.800,35357,72.2751,2.9633,1.74
photo,1082342,512,512,70,zen,0.800,2.800,33629,70.7708,3.0591,1.75
photo,1082342,512,512,70,zen,1.200,2.800,31827,69.7261,3.2405,1.65
photo,1082342,512,512,70,zen,1.800,2.800,29492,68.0328,3.7917,1.69
photo,1082342,512,512,70,zen,2.500,2.800,27423,66.2285,3.9459,2.10
photo,1082342,512,512,85,cjpegli,0.000,1.450,54820,78.4330,2.2404,6.26
photo,1082342,512,512,85,zen,-0.400,1.450,65545,81.8419,1.9517,1.98
photo,1082342,512,512,85,zen,-0.250,1.450,61093,81.0159,2.0137,1.91
photo,1082342,512,512,85,zen,-0.150,1.450,58110,80.4942,2.1622,2.23
photo,1082342,512,512,85,zen,-0.080,1.450,56449,80.0274,2.2094,1.89
photo,1082342,512,512,85,zen,0.000,1.450,54604,79.6173,2.1183,1.88
photo,1082342,512,512,85,zen,0.050,1.450,53363,79.1771,2.1326,1.85
photo,1082342,512,512,85,zen,0.120,1.450,52074,78.9663,2.1974,1.91
photo,1082342,512,512,85,zen,0.200,1.450,50624,78.5535,2.2305,1.87
photo,1082342,512,512,85,zen,0.300,1.450,49378,78.3880,2.3400,2.24
photo,1082342,512,512,85,zen,0.500,1.450,46715,77.4453,2.3131,1.77
photo,1082342,512,512,85,zen,0.800,1.450,43316,76.5968,2.4054,1.78
photo,1082342,512,512,85,zen,1.200,1.450,39934,74.6792,2.7612,1.75
photo,1082342,512,512,85,zen,1.800,1.450,35588,72.2959,3.0653,1.71
photo,1082342,512,512,85,zen,2.500,1.450,32042,69.8624,3.1065,1.74
photo,1082342,512,512,95,cjpegli,0.000,0.550,96126,83.7003,1.8667,7.37
photo,1082342,512,512,95,zen,-0.400,0.550,175688,85.8803,1.6836,3.10
photo,1082342,512,512,95,zen,-0.250,0.550,130983,85.6156,1.7340,2.55
photo,1082342,512,512,95,zen,-0.150,0.550,114217,85.2629,1.7206,2.82
photo,1082342,512,512,95,zen,-0.080,0.550,103579,84.8855,1.7626,2.16
photo,1082342,512,512,95,zen,0.000,0.550,95934,84.5858,1.7929,2.14
photo,1082342,512,512,95,zen,0.050,0.550,90660,84.4105,1.7984,2.08
photo,1082342,512,512,95,zen,0.120,0.550,85059,84.1496,1.7951,2.07
photo,1082342,512,512,95,zen,0.200,0.550,80371,83.7759,1.9566,2.22
photo,1082342,512,512,95,zen,0.300,0.550,74539,83.0660,1.9973,1.97
photo,1082342,512,512,95,zen,0.500,0.550,65545,81.8419,1.9517,2.18
photo,1082342,512,512,95,zen,0.800,0.550,56765,80.2198,2.1948,1.94
photo,1082342,512,512,95,zen,1.200,0.550,49378,78.3880,2.3400,1.81
photo,1082342,512,512,95,zen,1.800,0.550,42336,76.2259,2.4814,1.76
photo,1082342,512,512,95,zen,2.500,0.550,36728,73.0332,3.0374,1.86
photo,1089930,512,512,10,cjpegli,0.000,15.267,9825,42.5777,6.8693,5.90
photo,1089930,512,512,10,zen,-0.400,15.267,10043,43.3259,6.1301,1.62
photo,1089930,512,512,10,zen,-0.250,15.267,9977,43.4666,6.1575,1.47
photo,1089930,512,512,10,zen,-0.150,15.267,9868,43.0345,6.4808,1.45
photo,1089930,512,512,10,zen,-0.080,15.267,9843,42.7751,6.8667,1.51
photo,1089930,512,512,10,zen,0.000,15.267,9844,42.7766,6.8667,1.56
photo,1089930,512,512,10,zen,0.050,15.267,9822,42.6130,6.8491,1.50
photo,1089930,512,512,10,zen,0.120,15.267,9801,42.5923,6.9123,1.43
photo,1089930,512,512,10,zen,0.200,15.267,9761,40.5009,6.6699,1.43
photo,1089930,512,512,10,zen,0.300,15.267,9723,40.5604,6.6711,1.47
photo,1089930,512,512,10,zen,0.500,15.267,9608,39.9881,6.9342,1.45
photo,1089930,512,512,10,zen,0.800,15.267,9515,40.9601,6.9934,1.74
photo,1089930,512,512,10,zen,1.200,15.267,9368,39.9489,6.8562,1.43
photo,1089930,512,512,10,zen,1.800,15.267,9136,38.5587,7.0432,1.45
photo,1089930,512,512,10,zen,2.500,15.267,8919,35.5154,7.0133,1.46
photo,1089930,512,512,30,cjpegli,0.000,6.400,16396,64.4889,4.9140,6.73
photo,1089930,512,512,30,zen,-0.400,6.400,17031,65.5670,4.7980,1.50
photo,1089930,512,512,30,zen,-0.250,6.400,16915,65.4126,4.7022,1.52
photo,1089930,512,512,30,zen,-0.150,6.400,16798,65.2718,4.7436,1.53
photo,1089930,512,512,30,zen,-0.080,6.400,16517,64.6308,4.7023,1.61
photo,1089930,512,512,30,zen,0.000,6.400,16420,64.5168,4.7059,1.56
photo,1089930,512,512,30,zen,0.050,6.400,16390,64.4486,4.7063,1.55
photo,1089930,512,512,30,zen,0.120,6.400,16267,64.4232,4.6633,1.57
photo,1089930,512,512,30,zen,0.200,6.400,16192,64.3454,4.6716,1.56
photo,1089930,512,512,30,zen,0.300,6.400,16131,64.1635,4.6582,1.51
photo,1089930,512,512,30,zen,0.500,6.400,15684,63.3850,4.9657,1.53
photo,1089930,512,512,30,zen,0.800,6.400,15365,62.5198,5.4047,1.58
photo,1089930,512,512,30,zen,1.200,6.400,14863,61.6939,5.2895,1.52
photo,1089930,512,512,30,zen,1.800,6.400,14245,59.8628,5.4434,1.56
photo,1089930,512,512,30,zen,2.500,6.400,13598,58.4233,5.7068,1.55
photo,1089930,512,512,50,cjpegli,0.000,4.600,19346,69.4151,3.4548,5.75
photo,1089930,512,512,50,zen,-0.400,4.600,20589,71.1261,3.5193,1.53
photo,1089930,512,512,50,zen,-0.250,4.600,20243,70.4964,3.6342,1.65
photo,1089930,512,512,50,zen,-0.150,4.600,19710,69.6401,3.7210,1.59
photo,1089930,512,512,50,zen,-0.080,4.600,19651,69.6269,3.6951,1.52
photo,1089930,512,512,50,zen,0.000,4.600,19352,69.4952,3.6582,1.57
photo,1089930,512,512,50,zen,0.050,4.600,19331,69.4816,3.6281,1.52
photo,1089930,512,512,50,zen,0.120,4.600,19247,69.4235,3.6653,1.55
photo,1089930,512,512,50,zen,0.200,4.600,19099,68.9739,3.7567,1.51
photo,1089930,512,512,50,zen,0.300,4.600,18795,68.6877,3.7259,1.52
photo,1089930,512,512,50,zen,0.500,4.600,18600,68.0086,3.7089,1.57
photo,1089930,512,512,50,zen,0.800,4.600,17847,66.7291,4.1104,1.70
photo,1089930,512,512,50,zen,1.200,4.600,17383,66.3731,4.6340,1.54
photo,1089930,512,512,50,zen,1.800,4.600,16420,64.5168,4.7059,1.52
photo,1089930,512,512,50,zen,2.500,4.600,15490,62.4886,4.8684,1.55
photo,1089930,512,512,70,cjpegli,0.000,2.800,25216,75.4904,2.7464,6.10
photo,1089930,512,512,70,zen,-0.400,2.800,27302,77.2341,2.4934,1.65
photo,1089930,512,512,70,zen,-0.250,2.800,26597,76.7439,2.5454,1.58
photo,1089930,512,512,70,zen,-0.150,2.800,26005,76.3109,2.5206,1.60
photo,1089930,512,512,70,zen,-0.080,2.800,25700,76.1059,2.5562,1.74
photo,1089930,512,512,70,zen,0.000,2.800,25224,75.7397,2.7846,1.70
photo,1089930,512,512,70,zen,0.050,2.800,25138,75.7015,2.9008,1.59
photo,1089930,512,512,70,zen,0.120,2.800,24688,75.3877,2.8837,1.74
photo,1089930,512,512,70,zen,0.200,2.800,24180,75.0485,2.9219,1.60
photo,1089930,512,512,70,zen,0.300,2.800,23922,74.9826,2.9140,1.54
photo,1089930,512,512,70,zen,0.500,2.800,23198,74.1292,2.9362,1.55
photo,1089930,512,512,70,zen,0.800,2.800,22076,72.8468,3.2237,1.89
photo,1089930,512,512,70,zen,1.200,2.800,20928,71.3438,3.7369,1.60
photo,1089930,512,512,70,zen,1.800,2.800,19352,69.4952,3.6582,1.54
photo,1089930,512,512,70,zen,2.500,2.800,18189,67.2288,4.1708,1.49
photo,1089930,512,512,85,cjpegli,0.000,1.450,36289,81.4950,2.0462,6.48
photo,1089930,512,512,85,zen,-0.400,1.450,44733,84.3892,1.7405,1.95
photo,1089930,512,512,85,zen,-0.250,1.450,41303,83.4936,1.7540,1.70
photo,1089930,512,512,85,zen,-0.150,1.450,38927,82.6369,2.0713,1.78
photo,1089930,512,512,85,zen,-0.080,1.450,37724,82.1959,2.0605,1.68
photo,1089930,512,512,85,zen,0.000,1.450,36287,81.5719,1.9795,1.67
photo,1089930,512,512,85,zen,0.050,1.450,35449,81.2745,2.0572,1.67
photo,1089930,512,512,85,zen,0.120,1.450,34415,80.8528,2.2403,1.62
photo,1089930,512,512,85,zen,0.200,1.450,33423,80.3575,2.2134,1.79
photo,1089930,512,512,85,zen,0.300,1.450,32613,79.9125,2.2972,1.69
photo,1089930,512,512,85,zen,0.500,1.450,30853,79.4051,2.5039,1.62
photo,1089930,512,512,85,zen,0.800,1.450,28357,77.8437,2.7044,1.66
photo,1089930,512,512,85,zen,1.200,1.450,26005,76.3109,2.5206,1.95
photo,1089930,512,512,85,zen,1.800,1.450,23345,74.3124,2.8906,1.57
photo,1089930,512,512,85,zen,2.500,1.450,21098,71.4536,3.6954,1.56
photo,1089930,512,512,95,cjpegli,0.000,0.550,69458,88.1257,1.2046,7.10
photo,1089930,512,512,95,zen,-0.400,0.550,144934,90.7941,0.9593,2.51
photo,1089930,512,512,95,zen,-0.250,0.550,101423,90.1694,1.0451,2.31
photo,1089930,512,512,95,zen,-0.150,0.550,85650,89.4777,1.0795,1.99
photo,1089930,512,512,95,zen,-0.080,0.550,76186,88.9427,1.0882,2.03
photo,1089930,512,512,95,zen,0.000,0.550,69591,88.4434,1.1927,1.92
photo,1089930,512,512,95,zen,0.050,0.550,64868,87.8989,1.1844,1.88
photo,1089930,512,512,95,zen,0.120,0.550,60215,87.2641,1.2672,1.84
photo,1089930,512,512,95,zen,0.200,0.550,56450,86.7536,1.2814,1.88
photo,1089930,512,512,95,zen,0.300,0.550,51754,85.8085,1.4945,1.81
photo,1089930,512,512,95,zen,0.500,0.550,44733,84.3892,1.7405,1.75
photo,1089930,512,512,95,zen,0.800,0.550,37927,82.2352,2.0586,1.71
photo,1089930,512,512,95,zen,1.200,0.550,32613,79.9125,2.2972,1.72
photo,1089930,512,512,95,zen,1.800,0.550,27677,77.4699,2.6410,1.58
photo,1089930,512,512,95,zen,2.500,0.550,24052,74.9941,2.9158,1.58
photo,110472,512,512,10,cjpegli,0.000,15.267,10354,33.4679,11.2774,5.56
photo,110472,512,512,10,zen,-0.400,15.267,10632,34.4761,10.3226,1.55
photo,110472,512,512,10,zen,-0.250,15.267,10560,33.9699,10.7088,1.40
photo,110472,512,512,10,zen,-0.150,15.267,10442,33.6711,10.8906,1.51
photo,110472,512,512,10,zen,-0.080,15.267,10405,33.3219,11.2671,1.47
photo,110472,512,512,10,zen,0.000,15.267,10399,33.3022,11.2738,1.53
photo,110472,512,512,10,zen,0.050,15.267,10381,33.6439,11.2436,1.44
photo,110472,512,512,10,zen,0.120,15.267,10339,33.5022,11.6616,1.48
photo,110472,512,512,10,zen,0.200,15.267,10305,33.4316,12.1333,1.43
photo,110472,512,512,10,zen,0.300,15.267,10272,33.1725,11.6819,1.47
photo,110472,512,512,10,zen,0.500,15.267,10126,32.5466,10.0022,1.44
photo,110472,512,512,10,zen,0.800,15.267,10012,30.2045,9.3191,1.47
photo,110472,512,512,10,zen,1.200,15.267,9835,28.6743,9.1473,1.48
photo,110472,512,512,10,zen,1.800,15.267,9582,27.0366,9.8372,1.45
photo,110472,512,512,10,zen,2.500,15.267,9331,26.1070,10.7687,1.47
photo,110472,512,512,30,cjpegli,0.000,6.400,17886,59.0726,6.3186,6.05
photo,110472,512,512,30,zen,-0.400,6.400,18620,60.8314,6.9456,1.54
photo,110472,512,512,30,zen,-0.250,6.400,18432,60.6558,6.3141,1.54
photo,110472,512,512,30,zen,-0.150,6.400,18274,60.3270,6.2651,1.58
photo,110472,512,512,30,zen,-0.080,6.400,18020,59.1166,6.4360,1.50
photo,110472,512,512,30,zen,0.000,6.400,17898,58.8612,6.3298,1.52
photo,110472,512,512,30,zen,0.050,6.400,17860,58.8252,6.3532,1.71
photo,110472,512,512,30,zen,0.120,6.400,17741,58.5951,6.2284,1.52
photo,110472,512,512,30,zen,0.200,6.400,17666,58.5413,6.2558,1.57
photo,110472,512,512,30,zen,0.300,6.400,17597,58.2848,6.3832,1.60
photo,110472,512,512,30,zen,0.500,6.400,17192,57.6212,6.0749,1.69
photo,110472,512,512,30,zen,0.800,6.400,16827,56.5067,6.3470,1.51
photo,110472,512,512,30,zen,1.200,6.400,16261,55.2509,6.9786,1.50
photo,110472,512,512,30,zen,1.800,6.400,15590,53.5335,6.5651,1.51
photo,110472,512,512,30,zen,2.500,6.400,14890,51.4690,7.1023,1.51
photo,110472,512,512,50,cjpegli,0.000,4.600,21207,65.3692,6.4182,5.91
photo,110472,512,512,50,zen,-0.400,4.600,22547,66.5783,5.6493,1.59
photo,110472,512,512,50,zen,-0.250,4.600,22151,66.1216,6.3059,1.54
photo,110472,512,512,50,zen,-0.150,4.600,21603,65.5183,6.1451,1.92
photo,110472,512,512,50,zen,-0.080,4.600,21504,65.4726,6.0682,1.96
photo,110472,512,512,50,zen,0.000,4.600,21243,65.0705,6.0830,1.54
photo,110472,512,512,50,zen,0.050,4.600,21188,64.9736,6.0931,1.55
photo,110472,512,512,50,zen,0.120,4.600,21086,64.7935,6.4565,1.77
photo,110472,512,512,50,zen,0.200,4.600,20939,64.3277,6.3132,1.54
photo,110472,512,512,50,zen,0.300,4.600,20609,63.8089,6.9310,1.72
photo,110472,512,512,50,zen,0.500,4.600,20329,63.6324,6.7104,1.55
photo,110472,512,512,50,zen,0.800,4.600,19529,62.4095,6.4072,1.56
photo,110472,512,512,50,zen,1.200,4.600,18987,61.6516,6.6529,1.52
photo,110472,512,512,50,zen,1.800,4.600,17898,58.8612,6.3298,1.54
photo,110472,512,512,50,zen,2.500,4.600,16967,56.5505,6.4299,1.83
photo,110472,512,512,70,cjpegli,0.000,2.800,27737,72.2303,5.1664,5.83
photo,110472,512,512,70,zen,-0.400,2.800,30143,73.9235,4.6822,1.61
photo,110472,512,512,70,zen,-0.250,2.800,29412,73.5268,4.8139,1.61
photo,110472,512,512,70,zen,-0.150,2.800,28755,72.7904,4.6980,1.63
photo,110472,512,512,70,zen,-0.080,2.800,28427,72.6344,4.8253,1.59
photo,110472,512,512,70,zen,0.000,2.800,27813,72.1587,4.7612,1.60
photo,110472,512,512,70,zen,0.050,2.800,27658,72.1045,4.8729,1.58
photo,110472,512,512,70,zen,0.120,2.800,27201,71.6918,4.6116,1.65
photo,110472,512,512,70,zen,0.200,2.800,26662,71.3353,5.1216,1.61
photo,110472,512,512,70,zen,0.300,2.800,26323,71.0938,5.6336,1.61
photo,110472,512,512,70,zen,0.500,2.800,25507,70.3146,5.4625,1.56
photo,110472,512,512,70,zen,0.800,2.800,24254,69.3365,5.6734,1.64
photo,110472,512,512,70,zen,1.200,2.800,22937,67.1188,5.2917,1.74
photo,110472,512,512,70,zen,1.800,2.800,21243,65.0705,6.0830,1.56
photo,110472,512,512,70,zen,2.500,2.800,19879,62.9310,6.7629,1.72
photo,110472,512,512,85,cjpegli,0.000,1.450,39628,78.8012,4.5006,6.14
photo,110472,512,512,85,zen,-0.400,1.450,48326,80.8106,4.4935,1.76
photo,110472,512,512,85,zen,-0.250,1.450,44858,80.2598,4.2795,1.77
photo,110472,512,512,85,zen,-0.150,1.450,42359,79.5156,4.2989,1.71
photo,110472,512,512,85,zen,-0.080,1.450,41203,79.1729,4.3863,1.71
photo,110472,512,512,85,zen,0.000,1.450,39628,78.5471,4.3498,1.70
photo,110472,512,512,85,zen,0.050,1.450,38670,78.2399,4.5357,1.68
photo,110472,512,512,85,zen,0.120,1.450,37672,77.8393,4.7215,1.76
photo,110472,512,512,85,zen,0.200,1.450,36653,77.3841,4.8904,1.73
photo,110472,512,512,85,zen,0.300,1.450,35718,77.0335,4.7764,1.67
photo,110472,512,512,85,zen,0.500,1.450,33814,76.2340,4.6270,1.96
photo,110472,512,512,85,zen,0.800,1.450,31218,74.6729,4.6845,1.67
photo,110472,512,512,85,zen,1.200,1.450,28755,72.7904,4.6980,1.62
photo,110472,512,512,85,zen,1.800,1.450,25672,70.4982,5.4034,1.76
photo,110472,512,512,85,zen,2.500,1.450,23138,67.5375,5.1287,1.84
photo,110472,512,512,95,cjpegli,0.000,0.550,73083,83.4104,4.2393,6.97
photo,110472,512,512,95,zen,-0.400,0.550,147876,84.2957,4.0703,2.53
photo,110472,512,512,95,zen,-0.250,0.550,103920,84.0975,4.1020,2.30
photo,110472,512,512,95,zen,-0.150,0.550,88891,83.9417,4.1368,2.16
photo,110472,512,512,95,zen,-0.080,0.550,79663,83.6618,4.1164,1.99
photo,110472,512,512,95,zen,0.000,0.550,73134,83.4741,4.3573,1.95
photo,110472,512,512,95,zen,0.050,0.550,68372,83.2569,4.3049,1.97
photo,110472,512,512,95,zen,0.120,0.550,63898,82.9833,4.2664,1.94
photo,110472,512,512,95,zen,0.200,0.550,60079,82.6948,4.0908,1.84
photo,110472,512,512,95,zen,0.300,0.550,55435,82.1637,4.1306,1.82
photo,110472,512,512,95,zen,0.500,0.550,48326,80.8106,4.4935,1.88
photo,110472,512,512,95,zen,0.800,0.550,41371,79.2923,4.3682,2.14
photo,110472,512,512,95,zen,1.200,0.550,35718,77.0335,4.7764,1.72
photo,110472,512,512,95,zen,1.800,0.550,30581,74.2372,4.7238,1.67
photo,110472,512,512,95,zen,2.500,0.550,26469,71.1820,5.4590,1.56
photo,1129482,512,512,10,cjpegli,0.000,15.267,5196,61.2454,6.5390,5.23
photo,1129482,512,512,10,zen,-0.400,15.267,5404,63.1912,6.6863,1.79
photo,1129482,512,512,10,zen,-0.250,15.267,5366,61.8710,7.1387,1.45
photo,1129482,512,512,10,zen,-0.150,15.267,5328,61.7722,6.5090,1.42
photo,1129482,512,512,10,zen,-0.080,15.267,5317,61.6845,6.5053,1.46
photo,1129482,512,512,10,zen,0.000,15.267,5313,61.6292,6.5053,1.81
photo,1129482,512,512,10,zen,0.050,15.267,5303,61.7701,6.5053,1.44
photo,1129482,512,512,10,zen,0.120,15.267,5297,61.6725,6.5119,1.45
photo,1129482,512,512,10,zen,0.200,15.267,5288,62.3915,6.8198,1.81
photo,1129482,512,512,10,zen,0.300,15.267,5274,62.3739,6.8191,1.62
photo,1129482,512,512,10,zen,0.500,15.267,5237,62.5196,6.9164,1.47
photo,1129482,512,512,10,zen,0.800,15.267,5182,61.8547,7.2823,1.44
photo,1129482,512,512,10,zen,1.200,15.267,5142,62.2617,6.5809,1.46
photo,1129482,512,512,10,zen,1.800,15.267,5057,61.6425,7.1185,1.65
photo,1129482,512,512,10,zen,2.500,15.267,4966,60.6545,7.2420,1.41
photo,1129482,512,512,30,cjpegli,0.000,6.400,8079,71.4428,4.7142,5.88
photo,1129482,512,512,30,zen,-0.400,6.400,8438,74.3353,4.4079,1.48
photo,1129482,512,512,30,zen,-0.250,6.400,8356,73.9676,4.9639,1.46
photo,1129482,512,512,30,zen,-0.150,6.400,8300,73.8526,4.2814,1.78
photo,1129482,512,512,30,zen,-0.080,6.400,8191,74.1084,4.4847,1.45
photo,1129482,512,512,30,zen,0.000,6.400,8146,73.6105,4.4995,1.48
photo,1129482,512,512,30,zen,0.050,6.400,8116,73.5932,4.4928,1.48
photo,1129482,512,512,30,zen,0.120,6.400,8053,73.3688,4.6444,1.75
photo,1129482,512,512,30,zen,0.200,6.400,8021,73.1219,4.6564,1.46
photo,1129482,512,512,30,zen,0.300,6.400,7962,72.2224,4.5168,1.55
photo,1129482,512,512,30,zen,0.500,6.400,7838,72.2710,4.4770,1.47
photo,1129482,512,512,30,zen,0.800,6.400,7644,71.7008,4.9479,1.77
photo,1129482,512,512,30,zen,1.200,6.400,7454,71.5972,4.9019,1.58
photo,1129482,512,512,30,zen,1.800,6.400,7168,70.9117,4.7646,1.44
photo,1129482,512,512,30,zen,2.500,6.400,6886,69.6354,4.8193,1.67
photo,1129482,512,512,50,cjpegli,0.000,4.600,9477,75.3246,4.2038,5.47
photo,1129482,512,512,50,zen,-0.400,4.600,10011,78.5892,3.4516,1.49
photo,1129482,512,512,50,zen,-0.250,4.600,9822,78.0898,3.5031,1.52
photo,1129482,512,512,50,zen,-0.150,4.600,9690,78.0743,3.3858,1.50
photo,1129482,512,512,50,zen,-0.080,4.600,9637,78.0332,3.4309,1.57
photo,1129482,512,512,50,zen,0.000,4.600,9528,77.7645,3.6632,1.58
photo,1129482,512,512,50,zen,0.050,4.600,9492,77.3969,3.4512,1.54
photo,1129482,512,512,50,zen,0.120,4.600,9448,76.7926,3.5552,1.63
photo,1129482,512,512,50,zen,0.200,4.600,9378,76.7321,3.5437,1.56
photo,1129482,512,512,50,zen,0.300,4.600,9238,76.5964,3.6916,1.49
photo,1129482,512,512,50,zen,0.500,4.600,9106,75.9586,4.1549,1.51
photo,1129482,512,512,50,zen,0.800,4.600,8868,75.2354,4.0401,1.49
photo,1129482,512,512,50,zen,1.200,4.600,8581,74.7944,4.3626,1.53
photo,1129482,512,512,50,zen,1.800,4.600,8146,73.6105,4.4995,1.53
photo,1129482,512,512,50,zen,2.500,4.600,7752,72.3001,4.7559,1.49
photo,1129482,512,512,70,cjpegli,0.000,2.800,12033,80.6732,2.6787,5.42
photo,1129482,512,512,70,zen,-0.400,2.800,12888,83.1120,2.4198,1.91
photo,1129482,512,512,70,zen,-0.250,2.800,12599,82.7421,2.6513,1.83
photo,1129482,512,512,70,zen,-0.150,2.800,12350,82.1710,2.7449,1.56
photo,1129482,512,512,70,zen,-0.080,2.800,12232,81.9750,2.7465,1.72
photo,1129482,512,512,70,zen,0.000,2.800,12036,81.7765,2.7069,1.83
photo,1129482,512,512,70,zen,0.050,2.800,11977,81.6047,2.8499,1.53
photo,1129482,512,512,70,zen,0.120,2.800,11798,81.4253,3.1075,1.57
photo,1129482,512,512,70,zen,0.200,2.800,11607,81.2075,3.3414,1.50
photo,1129482,512,512,70,zen,0.300,2.800,11474,81.1021,3.3853,1.56
photo,1129482,512,512,70,zen,0.500,2.800,11181,80.6539,3.2360,1.84
photo,1129482,512,512,70,zen,0.800,2.800,10688,79.7971,3.0663,1.51
photo,1129482,512,512,70,zen,1.200,2.800,10181,79.0534,3.2997,1.53
photo,1129482,512,512,70,zen,1.800,2.800,9528,77.7645,3.6632,1.54
photo,1129482,512,512,70,zen,2.500,2.800,8953,75.2218,4.6729,1.54
photo,1129482,512,512,85,cjpegli,0.000,1.450,16136,85.5094,1.7874,5.66
photo,1129482,512,512,85,zen,-0.400,1.450,18772,87.6873,1.4729,1.62
photo,1129482,512,512,85,zen,-0.250,1.450,17675,86.9383,1.6376,1.52
photo,1129482,512,512,85,zen,-0.150,1.450,16980,86.5399,1.6068,1.91
photo,1129482,512,512,85,zen,-0.080,1.450,16588,86.2491,1.6959,1.56
photo,1129482,512,512,85,zen,0.000,1.450,16093,86.1771,1.7875,1.61
photo,1129482,512,512,85,zen,0.050,1.450,15819,85.8313,1.8614,1.55
photo,1129482,512,512,85,zen,0.120,1.450,15532,85.7400,2.0962,1.52
photo,1129482,512,512,85,zen,0.200,1.450,15139,85.4039,2.0618,1.80
photo,1129482,512,512,85,zen,0.300,1.450,14822,84.9400,2.0705,1.57
photo,1129482,512,512,85,zen,0.500,1.450,14164,84.2247,2.1338,1.59
photo,1129482,512,512,85,zen,0.800,1.450,13300,83.4843,2.4139,1.58
photo,1129482,512,512,85,zen,1.200,1.450,12350,82.1710,2.7449,1.50
photo,1129482,512,512,85,zen,1.800,1.450,11232,80.7400,3.3011,1.74
photo,1129482,512,512,85,zen,2.500,1.450,10252,79.1669,3.1647,1.54
photo,1129482,512,512,95,cjpegli,0.000,0.550,25595,90.0057,0.9712,5.70
photo,1129482,512,512,95,zen,-0.400,0.550,40896,91.3405,1.0320,1.72
photo,1129482,512,512,95,zen,-0.250,0.550,32768,91.0820,1.0156,1.66
photo,1129482,512,512,95,zen,-0.150,0.550,29428,90.8449,0.9799,1.60
photo,1129482,512,512,95,zen,-0.080,0.550,27327,90.4586,1.0201,1.60
photo,1129482,512,512,95,zen,0.000,0.550,25627,90.3616,1.0078,1.62
photo,1129482,512,512,95,zen,0.050,0.550,24437,89.8931,1.0854,1.60
photo,1129482,512,512,95,zen,0.120,0.550,23178,89.4198,1.0788,1.60
photo,1129482,512,512,95,zen,0.200,0.550,22132,89.0214,1.1592,1.56
photo,1129482,512,512,95,zen,0.300,0.550,20842,88.6435,1.3404,1.55
photo,1129482,512,512,95,zen,0.500,0.550,18772,87.6873,1.4729,1.58
photo,1129482,512,512,95,zen,0.800,0.550,16632,86.2842,1.6826,1.73
photo,1129482,512,512,95,zen,1.200,0.550,14822,84.9400,2.0705,1.52
photo,1129482,512,512,95,zen,1.800,0.550,13048,83.3449,2.5175,1.50
photo,1129482,512,512,95,zen,2.500,0.550,11573,81.0803,3.3128,1.80
photo,1130683,512,512,10,cjpegli,0.000,15.267,16334,32.9854,7.7840,5.68
photo,1130683,512,512,10,zen,-0.400,15.267,16624,34.4663,7.6006,1.50
photo,1130683,512,512,10,zen,-0.250,15.267,16536,33.7534,7.0403,1.50
photo,1130683,512,512,10,zen,-0.150,15.267,16401,33.5898,7.3055,1.53
photo,1130683,512,512,10,zen,-0.080,15.267,16324,33.3185,7.1012,1.53
photo,1130683,512,512,10,zen,0.000,15.267,16324,33.3140,7.1091,1.50
photo,1130683,512,512,10,zen,0.050,15.267,16301,33.1430,7.0831,1.53
photo,1130683,512,512,10,zen,0.120,15.267,16251,33.0517,7.7150,1.55
photo,1130683,512,512,10,zen,0.200,15.267,16170,32.8765,7.5158,1.51
photo,1130683,512,512,10,zen,0.300,15.267,16132,32.7538,7.4463,1.92
photo,1130683,512,512,10,zen,0.500,15.267,15933,32.2977,6.9584,1.69
photo,1130683,512,512,10,zen,0.800,15.267,15719,31.3667,7.0431,1.52
photo,1130683,512,512,10,zen,1.200,15.267,15425,30.6779,7.4746,1.92
photo,1130683,512,512,10,zen,1.800,15.267,15022,29.1515,8.0322,1.51
photo,1130683,512,512,10,zen,2.500,15.267,14579,28.2287,8.4713,1.48
photo,1130683,512,512,30,cjpegli,0.000,6.400,29917,55.9658,5.4807,6.18
photo,1130683,512,512,30,zen,-0.400,6.400,31168,57.8245,4.6021,1.69
photo,1130683,512,512,30,zen,-0.250,6.400,30757,57.4966,4.9253,1.67
photo,1130683,512,512,30,zen,-0.150,6.400,30472,57.1863,5.2118,1.72
photo,1130683,512,512,30,zen,-0.080,6.400,30079,56.5606,5.0242,1.73
photo,1130683,512,512,30,zen,0.000,6.400,29835,56.3815,4.8309,1.61
photo,1130683,512,512,30,zen,0.050,6.400,29729,56.2161,5.0077,1.66
photo,1130683,512,512,30,zen,0.120,6.400,29418,55.9378,4.9777,1.63
photo,1130683,512,512,30,zen,0.200,6.400,29243,55.8370,5.2252,1.62
photo,1130683,512,512,30,zen,0.300,6.400,29068,55.4039,5.3243,1.81
photo,1130683,512,512,30,zen,0.500,6.400,28312,54.7329,5.8382,1.63
photo,1130683,512,512,30,zen,0.800,6.400,27488,53.9873,5.6726,1.59
photo,1130683,512,512,30,zen,1.200,6.400,26494,52.9879,5.1739,1.59
photo,1130683,512,512,30,zen,1.800,6.400,25200,51.1359,5.6221,1.62
photo,1130683,512,512,30,zen,2.500,6.400,23787,48.9563,6.5221,1.56
photo,1130683,512,512,50,cjpegli,0.000,4.600,36988,62.1900,4.5615,6.00
photo,1130683,512,512,50,zen,-0.400,4.600,39491,64.4181,4.3978,1.69
photo,1130683,512,512,50,zen,-0.250,4.600,38599,63.7044,4.4884,1.82
photo,1130683,512,512,50,zen,-0.150,4.600,37732,63.1709,4.5746,1.67
photo,1130683,512,512,50,zen,-0.080,4.600,37459,63.0023,4.5776,1.69
photo,1130683,512,512,50,zen,0.000,4.600,36892,62.5438,4.6316,1.72
photo,1130683,512,512,50,zen,0.050,4.600,36673,62.3991,4.6148,1.77
photo,1130683,512,512,50,zen,0.120,4.600,36453,62.1880,4.4877,1.72
photo,1130683,512,512,50,zen,0.200,4.600,36131,61.9465,4.3418,1.65
photo,1130683,512,512,50,zen,0.300,4.600,35433,61.5745,4.3972,1.72
photo,1130683,512,512,50,zen,0.500,4.600,34714,61.0978,4.5163,2.06
photo,1130683,512,512,50,zen,0.800,4.600,33299,60.0449,4.6965,1.68
photo,1130683,512,512,50,zen,1.200,4.600,31937,58.5327,4.4210,1.89
photo,1130683,512,512,50,zen,1.800,4.600,29835,56.3815,4.8309,1.66
photo,1130683,512,512,50,zen,2.500,4.600,27852,54.2518,5.8519,1.62
photo,1130683,512,512,70,cjpegli,0.000,2.800,50625,70.0642,4.1544,6.26
photo,1130683,512,512,70,zen,-0.400,2.800,55244,72.6825,3.7628,1.85
photo,1130683,512,512,70,zen,-0.250,2.800,53505,71.8778,3.7790,1.80
photo,1130683,512,512,70,zen,-0.150,2.800,52245,71.2841,3.8969,2.00
photo,1130683,512,512,70,zen,-0.080,2.800,51608,70.9765,3.7560,1.76
photo,1130683,512,512,70,zen,0.000,2.800,50512,70.5721,3.8000,1.76
photo,1130683,512,512,70,zen,0.050,2.800,50188,70.4344,3.9100,1.93
photo,1130683,512,512,70,zen,0.120,2.800,49201,69.9032,3.8729,1.78
photo,1130683,512,512,70,zen,0.200,2.800,48184,69.5231,4.0825,1.81
photo,1130683,512,512,70,zen,0.300,2.800,47489,69.1353,3.9451,1.73
photo,1130683,512,512,70,zen,0.500,2.800,45729,68.1527,3.8902,1.74
photo,1130683,512,512,70,zen,0.800,2.800,43173,66.5996,3.6915,1.71
photo,1130683,512,512,70,zen,1.200,2.800,40483,65.0294,4.4453,1.69
photo,1130683,512,512,70,zen,1.800,2.800,36892,62.5438,4.6316,1.94
photo,1130683,512,512,70,zen,2.500,2.800,33780,60.2423,4.6523,1.65
photo,1130683,512,512,85,cjpegli,0.000,1.450,72743,77.1602,3.5247,7.14
photo,1130683,512,512,85,zen,-0.400,1.450,87198,80.6380,3.0123,2.01
photo,1130683,512,512,85,zen,-0.250,1.450,81204,79.6580,3.3078,2.10
photo,1130683,512,512,85,zen,-0.150,1.450,77228,78.8658,3.2627,1.97
photo,1130683,512,512,85,zen,-0.080,1.450,75164,78.3656,3.2896,1.95
photo,1130683,512,512,85,zen,0.000,1.450,72580,77.6342,3.3707,1.92
photo,1130683,512,512,85,zen,0.050,1.450,71046,77.3668,3.5526,1.91
photo,1130683,512,512,85,zen,0.120,1.450,69305,76.9027,3.4014,1.91
photo,1130683,512,512,85,zen,0.200,1.450,67292,76.4162,3.3473,1.91
photo,1130683,512,512,85,zen,0.300,1.450,65515,75.9778,3.3745,1.89
photo,1130683,512,512,85,zen,0.500,1.450,61916,75.0177,3.5276,1.87
photo,1130683,512,512,85,zen,0.800,1.450,57359,73.3827,3.6042,2.18
photo,1130683,512,512,85,zen,1.200,1.450,52245,71.2841,3.8969,1.83
photo,1130683,512,512,85,zen,1.800,1.450,46071,68.3209,3.8557,2.07
photo,1130683,512,512,85,zen,2.500,1.450,40796,65.2689,4.1551,1.76
photo,1130683,512,512,95,cjpegli,0.000,0.550,125874,84.3752,3.3142,7.74
photo,1130683,512,512,95,zen,-0.400,0.550,215606,87.1370,3.0161,2.89
photo,1130683,512,512,95,zen,-0.250,0.550,168271,86.7191,2.9670,2.58
photo,1130683,512,512,95,zen,-0.150,0.550,147799,86.1417,2.9976,2.48
photo,1130683,512,512,95,zen,-0.080,0.550,135338,85.6014,3.1434,2.74
photo,1130683,512,512,95,zen,0.000,0.550,125695,85.1185,3.0848,2.26
photo,1130683,512,512,95,zen,0.050,0.550,119131,84.6622,3.0200,2.25
photo,1130683,512,512,95,zen,0.120,0.550,111813,84.0582,3.0511,2.18
photo,1130683,512,512,95,zen,0.200,0.550,105809,83.4319,3.0077,2.20
photo,1130683,512,512,95,zen,0.300,0.550,98532,82.3599,3.2128,2.12
photo,1130683,512,512,95,zen,0.500,0.550,87198,80.6380,3.0123,2.02
photo,1130683,512,512,95,zen,0.800,0.550,75441,78.4736,3.2841,1.97
photo,1130683,512,512,95,zen,1.200,0.550,65515,75.9778,3.3745,1.99
photo,1130683,512,512,95,zen,1.800,0.550,56026,72.9419,3.5011,1.85
photo,1130683,512,512,95,zen,2.500,0.550,47887,69.3735,4.0248,1.76
photo,1147124,512,512,10,cjpegli,0.000,15.267,13612,31.5653,6.5399,5.65
photo,1147124,512,512,10,zen,-0.400,15.267,13910,30.7912,6.8505,1.93
photo,1147124,512,512,10,zen,-0.250,15.267,13827,31.7426,6.6969,1.54
photo,1147124,512,512,10,zen,-0.150,15.267,13667,31.3204,7.3256,1.49
photo,1147124,512,512,10,zen,-0.080,15.267,13609,31.4566,7.5689,1.53
photo,1147124,512,512,10,zen,0.000,15.267,13601,31.4270,7.5689,1.49
photo,1147124,512,512,10,zen,0.050,15.267,13585,30.1314,7.6021,1.48
photo,1147124,512,512,10,zen,0.120,15.267,13528,29.9941,7.6141,1.53
photo,1147124,512,512,10,zen,0.200,15.267,13440,29.2103,7.5615,1.64
photo,1147124,512,512,10,zen,0.300,15.267,13389,29.5491,7.4855,1.48
photo,1147124,512,512,10,zen,0.500,15.267,13197,28.0090,7.5991,1.54
photo,1147124,512,512,10,zen,0.800,15.267,13036,27.3175,7.0975,1.49
photo,1147124,512,512,10,zen,1.200,15.267,12780,26.4918,7.7653,1.51
photo,1147124,512,512,10,zen,1.800,15.267,12417,25.4412,7.5332,1.48
photo,1147124,512,512,10,zen,2.500,15.267,12018,20.8167,7.4714,1.46
photo,1147124,512,512,30,cjpegli,0.000,6.400,25632,59.4613,4.0214,6.17
photo,1147124,512,512,30,zen,-0.400,6.400,26800,61.2565,4.1328,1.61
photo,1147124,512,512,30,zen,-0.250,6.400,26500,60.9324,4.1348,1.99
photo,1147124,512,512,30,zen,-0.150,6.400,26249,60.6177,4.2007,1.59
photo,1147124,512,512,30,zen,-0.080,6.400,25855,59.9862,4.4947,1.67
photo,1147124,512,512,30,zen,0.000,6.400,25627,59.8304,4.2447,1.62
photo,1147124,512,512,30,zen,0.050,6.400,25548,59.7292,4.3233,1.62
photo,1147124,512,512,30,zen,0.120,6.400,25309,59.2721,4.2893,1.58
photo,1147124,512,512,30,zen,0.200,6.400,25172,59.2248,4.2956,1.60
photo,1147124,512,512,30,zen,0.300,6.400,25023,58.8848,4.4575,1.61
photo,1147124,512,512,30,zen,0.500,6.400,24333,57.4157,4.4742,1.67
photo,1147124,512,512,30,zen,0.800,6.400,23636,56.6464,4.4594,1.57
photo,1147124,512,512,30,zen,1.200,6.400,22740,54.6850,5.1990,1.74
photo,1147124,512,512,30,zen,1.800,6.400,21618,53.0432,5.1372,1.62
photo,1147124,512,512,30,zen,2.500,6.400,20404,50.7073,5.0576,1.58
photo,1147124,512,512,50,cjpegli,0.000,4.600,31744,66.0203,3.6725,6.13
photo,1147124,512,512,50,zen,-0.400,4.600,33922,68.1950,3.7611,1.68
photo,1147124,512,512,50,zen,-0.250,4.600,33186,67.3986,3.7795,1.68
photo,1147124,512,512,50,zen,-0.150,4.600,32375,66.7025,3.8067,1.77
photo,1147124,512,512,50,zen,-0.080,4.600,32159,66.5481,3.8936,1.68
photo,1147124,512,512,50,zen,0.000,4.600,31719,66.1579,3.6451,1.61
photo,1147124,512,512,50,zen,0.050,4.600,31570,66.0064,3.7231,1.68
photo,1147124,512,512,50,zen,0.120,4.600,31358,65.6698,3.7414,1.69
photo,1147124,512,512,50,zen,0.200,4.600,31068,65.3390,3.8130,1.98
photo,1147124,512,512,50,zen,0.300,4.600,30475,64.9377,4.2543,1.61
photo,1147124,512,512,50,zen,0.500,4.600,29882,64.2359,3.8410,1.73
photo,1147124,512,512,50,zen,0.800,4.600,28550,63.1990,3.9078,1.68
photo,1147124,512,512,50,zen,1.200,4.600,27499,61.8231,4.1480,1.64
photo,1147124,512,512,50,zen,1.800,4.600,25627,59.8304,4.2447,1.69
photo,1147124,512,512,50,zen,2.500,4.600,23936,56.7640,4.6175,1.62
photo,1147124,512,512,70,cjpegli,0.000,2.800,43589,73.6314,3.2169,6.44
photo,1147124,512,512,70,zen,-0.400,2.800,47741,76.0068,2.7741,1.79
photo,1147124,512,512,70,zen,-0.250,2.800,46307,75.4157,2.9666,1.75
photo,1147124,512,512,70,zen,-0.150,2.800,45240,74.6517,3.2941,1.78
photo,1147124,512,512,70,zen,-0.080,2.800,44566,74.4621,3.3442,1.89
photo,1147124,512,512,70,zen,0.000,2.800,43600,74.1643,3.2299,1.72
photo,1147124,512,512,70,zen,0.050,2.800,43307,74.0495,3.2166,1.80
photo,1147124,512,512,70,zen,0.120,2.800,42492,73.6310,3.3534,1.72
photo,1147124,512,512,70,zen,0.200,2.800,41511,73.1903,3.1523,1.72
photo,1147124,512,512,70,zen,0.300,2.800,40929,72.8403,2.9378,1.70
photo,1147124,512,512,70,zen,0.500,2.800,39382,72.0537,3.1492,1.66
photo,1147124,512,512,70,zen,0.800,2.800,37176,70.4120,3.6636,1.74
photo,1147124,512,512,70,zen,1.200,2.800,34736,68.8278,3.5071,1.79
photo,1147124,512,512,70,zen,1.800,2.800,31719,66.1579,3.6451,1.67
photo,1147124,512,512,70,zen,2.500,2.800,29025,63.4065,3.8144,1.60
photo,1147124,512,512,85,cjpegli,0.000,1.450,64048,80.6985,2.4064,6.52
photo,1147124,512,512,85,zen,-0.400,1.450,78241,83.7199,1.9330,2.01
photo,1147124,512,512,85,zen,-0.250,1.450,72391,82.8411,2.1966,1.96
photo,1147124,512,512,85,zen,-0.150,1.450,68683,82.2131,2.2211,2.07
photo,1147124,512,512,85,zen,-0.080,1.450,66585,81.7916,2.1998,1.88
photo,1147124,512,512,85,zen,0.000,1.450,64021,80.8945,2.1044,1.87
photo,1147124,512,512,85,zen,0.050,1.450,62481,80.4746,2.1035,1.88
photo,1147124,512,512,85,zen,0.120,1.450,60884,80.1983,2.1447,1.85
photo,1147124,512,512,85,zen,0.200,1.450,58945,79.7661,2.3335,1.87
photo,1147124,512,512,85,zen,0.300,1.450,57340,79.3660,2.2720,1.82
photo,1147124,512,512,85,zen,0.500,1.450,53987,78.2411,2.4264,1.80
photo,1147124,512,512,85,zen,0.800,1.450,49740,76.6680,2.5575,1.80
photo,1147124,512,512,85,zen,1.200,1.450,45240,74.6517,3.2941,1.84
photo,1147124,512,512,85,zen,1.800,1.450,39724,72.2123,3.2012,1.72
photo,1147124,512,512,85,zen,2.500,1.450,35011,68.9822,3.3876,1.71
photo,1147124,512,512,95,cjpegli,0.000,0.550,115229,87.0242,1.8081,7.42
photo,1147124,512,512,95,zen,-0.400,0.550,205750,89.0070,1.7335,3.17
photo,1147124,512,512,95,zen,-0.250,0.550,157300,88.5650,1.7158,2.71
photo,1147124,512,512,95,zen,-0.150,0.550,137462,88.1817,1.7951,2.45
photo,1147124,512,512,95,zen,-0.080,0.550,125083,87.6907,1.7216,2.40
photo,1147124,512,512,95,zen,0.000,0.550,115570,87.2511,1.7859,2.27
photo,1147124,512,512,95,zen,0.050,0.550,109332,86.9415,1.8062,2.27
photo,1147124,512,512,95,zen,0.120,0.550,102328,86.4425,1.7742,2.64
photo,1147124,512,512,95,zen,0.200,0.550,96457,86.0518,1.7843,2.17
photo,1147124,512,512,95,zen,0.300,0.550,89186,85.3638,1.8452,2.42
photo,1147124,512,512,95,zen,0.500,0.550,78241,83.7199,1.9330,2.01
photo,1147124,512,512,95,zen,0.800,0.550,66985,81.8750,2.1652,1.92
photo,1147124,512,512,95,zen,1.200,0.550,57340,79.3660,2.2720,1.89
photo,1147124,512,512,95,zen,1.800,0.550,48484,76.2766,2.5439,1.98
photo,1147124,512,512,95,zen,2.500,0.550,41278,72.9854,2.9190,1.88
photo,1173777,512,512,10,cjpegli,0.000,15.267,13569,11.2843,7.9975,5.83
photo,1173777,512,512,10,zen,-0.400,15.267,13904,12.8665,8.7335,1.85
photo,1173777,512,512,10,zen,-0.250,15.267,13828,11.9816,8.9130,1.64
photo,1173777,512,512,10,zen,-0.150,15.267,13632,11.5276,7.9514,1.80
photo,1173777,512,512,10,zen,-0.080,15.267,13558,11.1324,7.9300,1.58
photo,1173777,512,512,10,zen,0.000,15.267,13558,11.1377,7.9161,1.53
photo,1173777,512,512,10,zen,0.050,15.267,13544,11.2245,7.9628,1.75
photo,1173777,512,512,10,zen,0.120,15.267,13473,11.0539,8.0266,1.56
photo,1173777,512,512,10,zen,0.200,15.267,13388,10.7489,7.6904,1.50
photo,1173777,512,512,10,zen,0.300,15.267,13325,10.3521,7.1322,1.48
photo,1173777,512,512,10,zen,0.500,15.267,13132,9.7840,7.0922,1.48
photo,1173777,512,512,10,zen,0.800,15.267,12917,8.6975,7.7216,1.52
photo,1173777,512,512,10,zen,1.200,15.267,12640,8.0141,7.5725,1.54
photo,1173777,512,512,10,zen,1.800,15.267,12257,5.2521,7.5150,1.49
photo,1173777,512,512,10,zen,2.500,15.267,11843,4.2108,7.8882,1.52
photo,1173777,512,512,30,cjpegli,0.000,6.400,27642,42.6793,4.8199,6.29
photo,1173777,512,512,30,zen,-0.400,6.400,29035,44.3777,4.7190,1.96
photo,1173777,512,512,30,zen,-0.250,6.400,28659,43.8284,4.6914,1.63
photo,1173777,512,512,30,zen,-0.150,6.400,28335,43.3389,4.7151,1.75
photo,1173777,512,512,30,zen,-0.080,6.400,27860,42.7874,4.7552,1.62
photo,1173777,512,512,30,zen,0.000,6.400,27594,42.5029,4.7575,1.59
photo,1173777,512,512,30,zen,0.050,6.400,27445,42.3919,4.7539,2.05
photo,1173777,512,512,30,zen,0.120,6.400,27154,41.9284,4.8215,1.61
photo,1173777,512,512,30,zen,0.200,6.400,26997,41.6569,4.8220,1.75
photo,1173777,512,512,30,zen,0.300,6.400,26797,41.3297,4.7969,1.61
photo,1173777,512,512,30,zen,0.500,6.400,26005,40.5651,4.9538,1.89
photo,1173777,512,512,30,zen,0.800,6.400,25137,38.6249,5.4548,1.61
photo,1173777,512,512,30,zen,1.200,6.400,24142,37.1338,5.4162,1.61
photo,1173777,512,512,30,zen,1.800,6.400,22849,35.2218,5.4226,1.56
photo,1173777,512,512,30,zen,2.500,6.400,21308,32.1503,6.1748,1.90
photo,1173777,512,512,50,cjpegli,0.000,4.600,35537,50.8847,4.1953,6.32
photo,1173777,512,512,50,zen,-0.400,4.600,38606,53.2853,3.8874,1.70
photo,1173777,512,512,50,zen,-0.250,4.600,37555,52.2217,4.2950,1.73
photo,1173777,512,512,50,zen,-0.150,4.600,36489,51.3303,4.1849,1.82
photo,1173777,512,512,50,zen,-0.080,4.600,36217,51.1311,4.2749,1.69
photo,1173777,512,512,50,zen,0.000,4.600,35486,50.7053,4.1214,1.97
photo,1173777,512,512,50,zen,0.050,4.600,35295,50.5415,4.1819,1.79
photo,1173777,512,512,50,zen,0.120,4.600,35019,50.4643,4.2260,1.68
photo,1173777,512,512,50,zen,0.200,4.600,34621,50.1229,4.2939,1.80
photo,1173777,512,512,50,zen,0.300,4.600,33785,49.3368,4.3652,1.67
photo,1173777,512,512,50,zen,0.500,4.600,33001,48.3655,4.2636,1.65
photo,1173777,512,512,50,zen,0.800,4.600,31391,47.0032,4.5783,1.64
photo,1173777,512,512,50,zen,1.200,4.600,29927,45.4798,4.7945,1.66
photo,1173777,512,512,50,zen,1.800,4.600,27594,42.5029,4.7575,2.01
photo,1173777,512,512,50,zen,2.500,4.600,25509,39.3670,5.1815,1.60
photo,1173777,512,512,70,cjpegli,0.000,2.800,53111,61.9934,3.1239,6.72
photo,1173777,512,512,70,zen,-0.400,2.800,59608,64.9847,3.1758,1.87
photo,1173777,512,512,70,zen,-0.250,2.800,57179,63.9978,3.1697,1.82
photo,1173777,512,512,70,zen,-0.150,2.800,55483,62.9546,3.2009,1.87
photo,1173777,512,512,70,zen,-0.080,2.800,54447,62.5791,3.0506,1.85
photo,1173777,512,512,70,zen,0.000,2.800,53084,61.9135,3.1286,1.86
photo,1173777,512,512,70,zen,0.050,2.800,52597,61.6677,3.1590,1.78
photo,1173777,512,512,70,zen,0.120,2.800,51373,60.8897,3.1398,2.09
photo,1173777,512,512,70,zen,0.200,2.800,50037,60.1272,3.3093,1.76
photo,1173777,512,512,70,zen,0.300,2.800,49004,59.6382,3.4482,1.80
photo,1173777,512,512,70,zen,0.500,2.800,46725,58.3945,3.4384,1.78
photo,1173777,512,512,70,zen,0.800,2.800,43368,56.3303,3.6254,1.91
photo,1173777,512,512,70,zen,1.200,2.800,39939,54.0903,4.1206,2.07
photo,1173777,512,512,70,zen,1.800,2.800,35486,50.7053,4.1214,1.68
photo,1173777,512,512,70,zen,2.500,2.800,31927,47.2627,4.5515,2.01
photo,1173777,512,512,85,cjpegli,0.000,1.450,84556,72.7652,2.3245,7.94
photo,1173777,512,512,85,zen,-0.400,1.450,106007,77.0787,2.1210,2.23
photo,1173777,512,512,85,zen,-0.250,1.450,96835,75.3797,2.2226,2.13
photo,1173777,512,512,85,zen,-0.150,1.450,91429,74.1934,2.3128,2.49
photo,1173777,512,512,85,zen,-0.080,1.450,88403,73.5646,2.2914,2.07
photo,1173777,512,512,85,zen,0.000,1.450,84527,72.6745,2.4647,2.04
photo,1173777,512,512,85,zen,0.050,1.450,82342,72.1259,2.3384,2.07
photo,1173777,512,512,85,zen,0.120,1.450,80016,71.5748,2.4635,2.12
photo,1173777,512,512,85,zen,0.200,1.450,76956,70.7494,2.6418,2.02
photo,1173777,512,512,85,zen,0.300,1.450,74335,69.9669,2.5849,2.02
photo,1173777,512,512,85,zen,0.500,1.450,69242,68.3673,2.6283,1.95
photo,1173777,512,512,85,zen,0.800,1.450,62660,66.0413,2.8287,1.92
photo,1173777,512,512,85,zen,1.200,1.450,55483,62.9546,3.2009,1.83
photo,1173777,512,512,85,zen,1.800,1.450,47157,58.6623,3.4673,1.79
photo,1173777,512,512,85,zen,2.500,1.450,40330,54.3314,4.0330,1.75
photo,1173777,512,512,95,cjpegli,0.000,0.550,159436,83.3832,1.6608,9.22
photo,1173777,512,512,95,zen,-0.400,0.550,259962,86.3401,1.5687,3.31
photo,1173777,512,512,95,zen,-0.250,0.550,211084,85.6845,1.5581,3.33
photo,1173777,512,512,95,zen,-0.150,0.550,187361,84.8288,1.5711,2.85
photo,1173777,512,512,95,zen,-0.080,0.550,172159,84.1164,1.5933,2.84
photo,1173777,512,512,95,zen,0.000,0.550,159422,83.2914,1.6744,2.69
photo,1173777,512,512,95,zen,0.050,0.550,151172,82.6999,1.6587,2.60
photo,1173777,512,512,95,zen,0.120,0.550,140888,81.6655,1.8699,2.78
photo,1173777,512,512,95,zen,0.200,0.550,132558,80.8510,1.7625,2.44
photo,1173777,512,512,95,zen,0.300,0.550,122034,79.6157,2.0077,2.62
photo,1173777,512,512,95,zen,0.500,0.550,106007,77.0787,2.1210,2.22
photo,1173777,512,512,95,zen,0.800,0.550,88834,73.6900,2.2555,2.07
photo,1173777,512,512,95,zen,1.200,0.550,74335,69.9669,2.5849,2.17
photo,1173777,512,512,95,zen,1.800,0.550,60577,65.3422,3.1359,1.85
photo,1173777,512,512,95,zen,2.500,0.550,49530,59.8411,3.4372,2.20
photo,1183021,512,512,10,cjpegli,0.000,15.267,4966,19.9499,5.9519,5.74
photo,1183021,512,512,10,zen,-0.400,15.267,5109,25.4543,6.2544,1.38
photo,1183021,512,512,10,zen,-0.250,15.267,5107,20.6729,5.7283,1.36
photo,1183021,512,512,10,zen,-0.150,15.267,5024,20.2042,5.9209,1.57
photo,1183021,512,512,10,zen,-0.080,15.267,5017,20.0859,5.9496,1.34
photo,1183021,512,512,10,zen,0.000,15.267,5017,20.0711,5.9496,1.44
photo,1183021,512,512,10,zen,0.050,15.267,5015,19.8127,5.9494,1.53
photo,1183021,512,512,10,zen,0.120,15.267,4996,19.7643,6.0241,1.64
photo,1183021,512,512,10,zen,0.200,15.267,4948,22.7239,6.2910,1.35
photo,1183021,512,512,10,zen,0.300,15.267,4932,22.7343,6.1793,1.37
photo,1183021,512,512,10,zen,0.500,15.267,4870,22.5570,6.7936,1.40
photo,1183021,512,512,10,zen,0.800,15.267,4822,18.1322,6.5242,1.35
photo,1183021,512,512,10,zen,1.200,15.267,4717,19.8402,6.5332,1.47
photo,1183021,512,512,10,zen,1.800,15.267,4578,19.6439,6.9987,1.51
photo,1183021,512,512,10,zen,2.500,15.267,4454,15.5273,6.7783,1.34
photo,1183021,512,512,30,cjpegli,0.000,6.400,9536,52.4920,4.1929,5.54
photo,1183021,512,512,30,zen,-0.400,6.400,9990,53.9855,4.2459,1.43
photo,1183021,512,512,30,zen,-0.250,6.400,9917,53.8095,4.2454,1.47
photo,1183021,512,512,30,zen,-0.150,6.400,9838,53.6087,4.1592,1.46
photo,1183021,512,512,30,zen,-0.080,6.400,9629,53.0542,4.1187,1.41
photo,1183021,512,512,30,zen,0.000,6.400,9545,52.8650,4.1498,1.42
photo,1183021,512,512,30,zen,0.050,6.400,9512,52.7517,4.1844,1.44
photo,1183021,512,512,30,zen,0.120,6.400,9425,52.4474,4.2651,1.40
photo,1183021,512,512,30,zen,0.200,6.400,9401,52.3709,4.2771,1.43
photo,1183021,512,512,30,zen,0.300,6.400,9330,51.8516,4.2918,1.44
photo,1183021,512,512,30,zen,0.500,6.400,9053,51.0958,4.4673,1.42
photo,1183021,512,512,30,zen,0.800,6.400,8819,49.4007,4.8950,1.43
photo,1183021,512,512,30,zen,1.200,6.400,8482,48.2648,4.8984,1.54
photo,1183021,512,512,30,zen,1.800,6.400,8061,45.3647,4.5545,1.44
photo,1183021,512,512,30,zen,2.500,6.400,7577,44.3620,4.9450,1.45
photo,1183021,512,512,50,cjpegli,0.000,4.600,11755,59.6896,3.7214,6.38
photo,1183021,512,512,50,zen,-0.400,4.600,12709,60.9495,3.2641,1.67
photo,1183021,512,512,50,zen,-0.250,4.600,12388,60.3986,3.4558,1.42
photo,1183021,512,512,50,zen,-0.150,4.600,12045,60.4383,3.5778,1.76
photo,1183021,512,512,50,zen,-0.080,4.600,11988,60.3361,3.5771,1.40
photo,1183021,512,512,50,zen,0.000,4.600,11760,59.9303,3.7076,1.47
photo,1183021,512,512,50,zen,0.050,4.600,11731,59.8591,3.7075,1.43
photo,1183021,512,512,50,zen,0.120,4.600,11660,58.8428,3.6074,1.73
photo,1183021,512,512,50,zen,0.200,4.600,11580,57.5702,3.6649,1.42
photo,1183021,512,512,50,zen,0.300,4.600,11315,57.0595,3.7982,1.45
photo,1183021,512,512,50,zen,0.500,4.600,11141,55.4704,3.8485,1.88
photo,1183021,512,512,50,zen,0.800,4.600,10609,54.8291,3.9099,1.42
photo,1183021,512,512,50,zen,1.200,4.600,10260,55.6210,4.2746,1.42
photo,1183021,512,512,50,zen,1.800,4.600,9545,52.8650,4.1498,1.49
photo,1183021,512,512,50,zen,2.500,4.600,8967,50.1428,4.2707,1.42
photo,1183021,512,512,70,cjpegli,0.000,2.800,17028,69.2580,2.8489,5.74
photo,1183021,512,512,70,zen,-0.400,2.800,19149,71.4215,2.6102,1.60
photo,1183021,512,512,70,zen,-0.250,2.800,18360,70.6820,2.7640,1.57
photo,1183021,512,512,70,zen,-0.150,2.800,17858,69.8479,2.8431,1.55
photo,1183021,512,512,70,zen,-0.080,2.800,17501,69.5332,2.8431,1.52
photo,1183021,512,512,70,zen,0.000,2.800,17043,69.0869,2.8898,1.49
photo,1183021,512,512,70,zen,0.050,2.800,16930,68.9631,2.8899,1.47
photo,1183021,512,512,70,zen,0.120,2.800,16515,68.7944,2.9589,1.53
photo,1183021,512,512,70,zen,0.200,2.800,16045,68.2263,2.9588,1.46
photo,1183021,512,512,70,zen,0.300,2.800,15781,68.2953,3.0009,1.48
photo,1183021,512,512,70,zen,0.500,2.800,15024,65.9216,3.0857,1.48
photo,1183021,512,512,70,zen,0.800,2.800,14029,63.7062,3.0527,1.72
photo,1183021,512,512,70,zen,1.200,2.800,12993,61.5528,3.1510,1.59
photo,1183021,512,512,70,zen,1.800,2.800,11760,59.9303,3.7076,1.49
photo,1183021,512,512,70,zen,2.500,2.800,10815,54.8034,4.4522,1.49
photo,1183021,512,512,85,cjpegli,0.000,1.450,27704,77.4227,2.3874,6.54
photo,1183021,512,512,85,zen,-0.400,1.450,35655,80.9622,1.6976,1.85
photo,1183021,512,512,85,zen,-0.250,1.450,32331,79.7404,1.8972,1.63
photo,1183021,512,512,85,zen,-0.150,1.450,30376,78.8128,2.0957,1.55
photo,1183021,512,512,85,zen,-0.080,1.450,29085,78.2732,2.2997,1.62
photo,1183021,512,512,85,zen,0.000,1.450,27710,77.4393,2.3122,1.55
photo,1183021,512,512,85,zen,0.050,1.450,26866,76.9881,2.2943,1.65
photo,1183021,512,512,85,zen,0.120,1.450,26040,76.5635,2.1236,1.69
photo,1183021,512,512,85,zen,0.200,1.450,25064,75.9955,2.1463,1.53
photo,1183021,512,512,85,zen,0.300,1.450,24150,75.4223,2.1649,1.54
photo,1183021,512,512,85,zen,0.500,1.450,22415,74.2119,2.4308,1.57
photo,1183021,512,512,85,zen,0.800,1.450,20157,72.2784,2.4368,1.51
photo,1183021,512,512,85,zen,1.200,1.450,17858,69.8479,2.8431,1.49
photo,1183021,512,512,85,zen,1.800,1.450,15218,66.1238,3.1563,1.49
photo,1183021,512,512,85,zen,2.500,1.450,13142,62.5882,3.1892,1.52
photo,1183021,512,512,95,cjpegli,0.000,0.550,57735,86.3849,1.3248,7.20
photo,1183021,512,512,95,zen,-0.400,0.550,112758,90.8287,1.0577,2.65
photo,1183021,512,512,95,zen,-0.250,0.550,81571,89.4046,1.2495,2.06
photo,1183021,512,512,95,zen,-0.150,0.550,70480,88.4607,1.2620,1.91
photo,1183021,512,512,95,zen,-0.080,0.550,62948,87.6011,1.3046,1.95
photo,1183021,512,512,95,zen,0.000,0.550,57696,86.9625,1.3046,1.83
photo,1183021,512,512,95,zen,0.050,0.550,53943,86.1296,1.4188,1.81
photo,1183021,512,512,95,zen,0.120,0.550,49823,85.2974,1.4265,1.79
photo,1183021,512,512,95,zen,0.200,0.550,46256,84.2444,1.4347,2.09
photo,1183021,512,512,95,zen,0.300,0.550,42093,83.1344,1.5124,1.67
photo,1183021,512,512,95,zen,0.500,0.550,35655,80.9622,1.6976,1.59
photo,1183021,512,512,95,zen,0.800,0.550,29233,78.3316,2.2593,1.56
photo,1183021,512,512,95,zen,1.200,0.550,24150,75.4223,2.1649,1.54
photo,1183021,512,512,95,zen,1.800,0.550,19464,71.7209,2.5795,1.92
photo,1183021,512,512,95,zen,2.500,0.550,15928,68.0837,2.9804,1.48
photo,1200348,512,512,10,cjpegli,0.000,15.267,6216,35.9133,5.9181,6.20
photo,1200348,512,512,10,zen,-0.400,15.267,6447,34.3173,6.5753,1.48
photo,1200348,512,512,10,zen,-0.250,15.267,6370,36.2252,6.5821,1.44
photo,1200348,512,512,10,zen,-0.150,15.267,6304,35.8768,6.6794,1.41
photo,1200348,512,512,10,zen,-0.080,15.267,6270,35.8853,5.9150,1.42
photo,1200348,512,512,10,zen,0.000,15.267,6270,35.8541,5.9160,1.49
photo,1200348,512,512,10,zen,0.050,15.267,6263,35.7034,5.9207,1.65
photo,1200348,512,512,10,zen,0.120,15.267,6256,35.6785,5.9177,1.43
photo,1200348,512,512,10,zen,0.200,15.267,6255,30.6699,5.8372,1.44
photo,1200348,512,512,10,zen,0.300,15.267,6233,30.5945,5.7325,1.40
photo,1200348,512,512,10,zen,0.500,15.267,6141,30.0724,5.7691,1.40
photo,1200348,512,512,10,zen,0.800,15.267,6062,33.0907,6.8291,1.42
photo,1200348,512,512,10,zen,1.200,15.267,5995,27.1917,6.2802,1.40
photo,1200348,512,512,10,zen,1.800,15.267,5818,28.4023,6.4044,1.67
photo,1200348,512,512,10,zen,2.500,15.267,5666,25.6917,6.8370,1.40
photo,1200348,512,512,30,cjpegli,0.000,6.400,10717,63.8802,3.7504,5.64
photo,1200348,512,512,30,zen,-0.400,6.400,11223,66.5249,3.7356,1.46
photo,1200348,512,512,30,zen,-0.250,6.400,11165,66.2494,3.7825,1.92
photo,1200348,512,512,30,zen,-0.150,6.400,11079,66.1931,3.9651,1.53
photo,1200348,512,512,30,zen,-0.080,6.400,10819,63.5032,3.7385,1.45
photo,1200348,512,512,30,zen,0.000,6.400,10772,63.4521,3.7511,1.48
photo,1200348,512,512,30,zen,0.050,6.400,10750,63.4331,3.7557,1.48
photo,1200348,512,512,30,zen,0.120,6.400,10691,63.3580,4.0156,1.47
photo,1200348,512,512,30,zen,0.200,6.400,10655,63.2376,4.0130,1.76
photo,1200348,512,512,30,zen,0.300,6.400,10600,61.5464,4.1512,1.49
photo,1200348,512,512,30,zen,0.500,6.400,10297,60.5088,4.2766,1.49
photo,1200348,512,512,30,zen,0.800,6.400,10100,61.6233,3.9960,1.61
photo,1200348,512,512,30,zen,1.200,6.400,9739,60.3140,4.3608,1.41
photo,1200348,512,512,30,zen,1.800,6.400,9331,57.4998,4.3940,1.51
photo,1200348,512,512,30,zen,2.500,6.400,8888,56.0505,4.9516,1.68
photo,1200348,512,512,50,cjpegli,0.000,4.600,12591,70.8726,4.1386,6.59
photo,1200348,512,512,50,zen,-0.400,4.600,13278,72.8696,3.4524,1.52
photo,1200348,512,512,50,zen,-0.250,4.600,13112,72.6525,3.5581,1.47
photo,1200348,512,512,50,zen,-0.150,4.600,12761,71.2961,3.6306,1.48
photo,1200348,512,512,50,zen,-0.080,4.600,12732,71.2085,3.9303,1.56
photo,1200348,512,512,50,zen,0.000,4.600,12584,70.7348,4.0976,1.89
photo,1200348,512,512,50,zen,0.050,4.600,12571,70.7150,4.0764,1.47
photo,1200348,512,512,50,zen,0.120,4.600,12528,70.3572,4.0861,1.46
photo,1200348,512,512,50,zen,0.200,4.600,12446,70.1788,3.7823,1.47
photo,1200348,512,512,50,zen,0.300,4.600,12281,69.9063,3.6826,1.55
photo,1200348,512,512,50,zen,0.500,4.600,12146,69.4122,3.6555,1.51
photo,1200348,512,512,50,zen,0.800,4.600,11697,68.2093,3.6571,1.50
photo,1200348,512,512,50,zen,1.200,4.600,11427,67.5391,4.0948,1.52
photo,1200348,512,512,50,zen,1.800,4.600,10772,63.4521,3.7511,1.53
photo,1200348,512,512,50,zen,2.500,4.600,10167,62.0029,4.0227,1.44
photo,1200348,512,512,70,cjpegli,0.000,2.800,15851,77.6867,2.7993,6.01
photo,1200348,512,512,70,zen,-0.400,2.800,17058,78.9242,2.5846,1.60
photo,1200348,512,512,70,zen,-0.250,2.800,16666,78.1747,2.5762,1.53
photo,1200348,512,512,70,zen,-0.150,2.800,16342,78.2490,2.5844,1.53
photo,1200348,512,512,70,zen,-0.080,2.800,16217,77.9310,2.6204,1.58
photo,1200348,512,512,70,zen,0.000,2.800,15879,77.5134,2.7643,1.51
photo,1200348,512,512,70,zen,0.050,2.800,15824,77.4755,2.8656,1.54
photo,1200348,512,512,70,zen,0.120,2.800,15576,77.5164,2.8418,1.51
photo,1200348,512,512,70,zen,0.200,2.800,15300,77.2853,2.7987,1.49
photo,1200348,512,512,70,zen,0.300,2.800,15172,77.0818,2.7909,1.51
photo,1200348,512,512,70,zen,0.500,2.800,14802,74.9530,2.7915,1.48
photo,1200348,512,512,70,zen,0.800,2.800,14164,73.9100,3.0093,1.48
photo,1200348,512,512,70,zen,1.200,2.800,13453,73.1064,3.2740,1.51
photo,1200348,512,512,70,zen,1.800,2.800,12584,70.7348,4.0976,1.49
photo,1200348,512,512,70,zen,2.500,2.800,11919,68.5231,3.6897,1.47
photo,1200348,512,512,85,cjpegli,0.000,1.450,21572,83.2613,2.3908,5.69
photo,1200348,512,512,85,zen,-0.400,1.450,25791,85.4023,2.2119,1.60
photo,1200348,512,512,85,zen,-0.250,1.450,24305,85.0189,2.1074,1.56
photo,1200348,512,512,85,zen,-0.150,1.450,22909,83.9894,2.2606,1.55
photo,1200348,512,512,85,zen,-0.080,1.450,22288,83.8519,2.2292,1.60
photo,1200348,512,512,85,zen,0.000,1.450,21572,83.4259,2.1873,1.56
photo,1200348,512,512,85,zen,0.050,1.450,21122,83.0593,2.1324,1.53
photo,1200348,512,512,85,zen,0.120,1.450,20525,82.4195,2.3050,1.54
photo,1200348,512,512,85,zen,0.200,1.450,20107,82.1957,2.5009,1.53
photo,1200348,512,512,85,zen,0.300,1.450,19665,81.6693,2.3994,1.80
photo,1200348,512,512,85,zen,0.500,1.450,18766,80.9893,2.4415,1.54
photo,1200348,512,512,85,zen,0.800,1.450,17463,79.3461,2.4408,1.56
photo,1200348,512,512,85,zen,1.200,1.450,16342,78.2490,2.5844,1.48
photo,1200348,512,512,85,zen,1.800,1.450,14851,74.9997,2.7895,1.52
photo,1200348,512,512,85,zen,2.500,1.450,13581,74.1258,3.1062,1.55
photo,1200348,512,512,95,cjpegli,0.000,0.550,39170,88.6935,2.3880,5.98
photo,1200348,512,512,95,zen,-0.400,0.550,93643,90.8068,2.3462,2.12
photo,1200348,512,512,95,zen,-0.250,0.550,58496,90.2053,2.3768,1.84
photo,1200348,512,512,95,zen,-0.150,0.550,48554,89.7483,2.3592,1.78
photo,1200348,512,512,95,zen,-0.080,0.550,42445,89.1766,2.3080,1.70
photo,1200348,512,512,95,zen,0.000,0.550,39266,88.9949,2.3659,1.68
photo,1200348,512,512,95,zen,0.050,0.550,36108,88.5391,2.4044,1.61
photo,1200348,512,512,95,zen,0.120,0.550,34016,88.2640,2.4766,1.70
photo,1200348,512,512,95,zen,0.200,0.550,31885,87.5416,2.3175,1.63
photo,1200348,512,512,95,zen,0.300,0.550,29524,86.9467,2.2666,1.77
photo,1200348,512,512,95,zen,0.500,0.550,25791,85.4023,2.2119,1.56
photo,1200348,512,512,95,zen,0.800,0.550,22387,83.9165,2.2094,1.54
photo,1200348,512,512,95,zen,1.200,0.550,19665,81.6693,2.3994,1.53
photo,1200348,512,512,95,zen,1.800,0.550,17225,79.0940,2.4738,1.55
photo,1200348,512,512,95,zen,2.500,0.550,15240,77.1257,2.7882,1.68
photo,1248582,512,512,10,cjpegli,0.000,15.267,13282,37.6931,6.4862,6.01
photo,1248582,512,512,10,zen,-0.400,15.267,13550,38.9162,6.7321,1.52
photo,1248582,512,512,10,zen,-0.250,15.267,13477,38.3831,6.6123,1.49
photo,1248582,512,512,10,zen,-0.150,15.267,13332,38.0999,6.6659,1.52
photo,1248582,512,512,10,zen,-0.080,15.267,13284,37.7066,6.6316,1.49
photo,1248582,512,512,10,zen,0.000,15.267,13280,37.7137,6.6316,1.53
photo,1248582,512,512,10,zen,0.050,15.267,13273,37.7913,6.6316,1.52
photo,1248582,512,512,10,zen,0.120,15.267,13223,37.6827,6.8351,1.51
photo,1248582,512,512,10,zen,0.200,15.267,13157,36.7113,6.7603,1.59
photo,1248582,512,512,10,zen,0.300,15.267,13095,36.8048,6.6233,1.58
photo,1248582,512,512,10,zen,0.500,15.267,12933,36.0546,6.8826,1.64
photo,1248582,512,512,10,zen,0.800,15.267,12805,36.1243,6.9549,1.66
photo,1248582,512,512,10,zen,1.200,15.267,12559,34.8951,6.9625,1.51
photo,1248582,512,512,10,zen,1.800,15.267,12257,33.9662,7.2650,1.50
photo,1248582,512,512,10,zen,2.500,15.267,11920,31.5904,8.6120,1.48
photo,1248582,512,512,30,cjpegli,0.000,6.400,22736,62.9925,4.5885,5.78
photo,1248582,512,512,30,zen,-0.400,6.400,23571,63.7086,4.3136,1.85
photo,1248582,512,512,30,zen,-0.250,6.400,23354,63.6395,4.3845,2.04
photo,1248582,512,512,30,zen,-0.150,6.400,23149,63.3539,4.5512,1.56
photo,1248582,512,512,30,zen,-0.080,6.400,22870,62.9509,4.6689,1.52
photo,1248582,512,512,30,zen,0.000,6.400,22659,62.8083,4.6500,1.72
photo,1248582,512,512,30,zen,0.050,6.400,22617,62.7501,4.6487,1.57
photo,1248582,512,512,30,zen,0.120,6.400,22411,62.4896,4.5681,1.53
photo,1248582,512,512,30,zen,0.200,6.400,22307,62.3308,4.6019,1.62
photo,1248582,512,512,30,zen,0.300,6.400,22208,62.0317,4.6286,1.53
photo,1248582,512,512,30,zen,0.500,6.400,21675,61.3618,4.9861,1.58
photo,1248582,512,512,30,zen,0.800,6.400,21164,60.6778,4.7468,1.54
photo,1248582,512,512,30,zen,1.200,6.400,20499,59.4284,4.6880,1.54
photo,1248582,512,512,30,zen,1.800,6.400,19614,57.3701,4.8459,1.85
photo,1248582,512,512,30,zen,2.500,6.400,18651,55.8049,5.1710,1.51
photo,1248582,512,512,50,cjpegli,0.000,4.600,27172,68.1743,4.2992,6.10
photo,1248582,512,512,50,zen,-0.400,4.600,28805,69.6494,3.7006,1.73
photo,1248582,512,512,50,zen,-0.250,4.600,28282,68.8707,3.8189,1.65
photo,1248582,512,512,50,zen,-0.150,4.600,27645,68.3098,3.7249,2.01
photo,1248582,512,512,50,zen,-0.080,4.600,27503,68.2231,3.7370,1.67
photo,1248582,512,512,50,zen,0.000,4.600,27111,68.1433,3.9866,1.62
photo,1248582,512,512,50,zen,0.050,4.600,27025,68.0840,3.9870,1.84
photo,1248582,512,512,50,zen,0.120,4.600,26908,67.6279,3.9894,1.62
photo,1248582,512,512,50,zen,0.200,4.600,26663,67.3952,3.9400,1.62
photo,1248582,512,512,50,zen,0.300,4.600,26221,67.0694,4.0594,1.59
photo,1248582,512,512,50,zen,0.500,4.600,25856,66.4835,4.0483,2.00
photo,1248582,512,512,50,zen,0.800,4.600,24852,65.5767,4.3360,1.77
photo,1248582,512,512,50,zen,1.200,4.600,24052,64.3195,4.4053,1.59
photo,1248582,512,512,50,zen,1.800,4.600,22659,62.8083,4.6500,1.55
photo,1248582,512,512,50,zen,2.500,4.600,21425,61.0249,4.6785,1.54
photo,1248582,512,512,70,cjpegli,0.000,2.800,35948,74.9093,2.7988,6.46
photo,1248582,512,512,70,zen,-0.400,2.800,38977,76.3938,2.6264,1.84
photo,1248582,512,512,70,zen,-0.250,2.800,37919,75.6050,2.7664,1.71
photo,1248582,512,512,70,zen,-0.150,2.800,37090,75.3566,2.7736,1.67
photo,1248582,512,512,70,zen,-0.080,2.800,36618,75.1664,2.7704,1.82
photo,1248582,512,512,70,zen,0.000,2.800,35884,74.8412,2.8083,1.68
photo,1248582,512,512,70,zen,0.050,2.800,35703,74.7733,2.9166,1.68
photo,1248582,512,512,70,zen,0.120,2.800,35130,74.5001,3.0143,1.78
photo,1248582,512,512,70,zen,0.200,2.800,34347,74.0326,3.0227,1.66
photo,1248582,512,512,70,zen,0.300,2.800,33954,73.6525,3.0389,1.73
photo,1248582,512,512,70,zen,0.500,2.800,32868,72.9441,3.3743,1.71
photo,1248582,512,512,70,zen,0.800,2.800,31202,71.4773,3.5752,1.69
photo,1248582,512,512,70,zen,1.200,2.800,29398,70.0519,3.5663,1.60
photo,1248582,512,512,70,zen,1.800,2.800,27111,68.1433,3.9866,1.62
photo,1248582,512,512,70,zen,2.500,2.800,25257,65.8372,4.1496,1.85
photo,1248582,512,512,85,cjpegli,0.000,1.450,51174,81.2101,2.1141,6.88
photo,1248582,512,512,85,zen,-0.400,1.450,61777,83.9987,1.7415,1.83
photo,1248582,512,512,85,zen,-0.250,1.450,57367,82.9061,1.8994,2.05
photo,1248582,512,512,85,zen,-0.150,1.450,54553,82.1349,1.9567,2.02
photo,1248582,512,512,85,zen,-0.080,1.450,52906,81.7052,1.9450,2.49
photo,1248582,512,512,85,zen,0.000,1.450,51076,81.1729,2.0972,1.85
photo,1248582,512,512,85,zen,0.050,1.450,49913,80.7755,2.1997,1.80
photo,1248582,512,512,85,zen,0.120,1.450,48701,80.4323,2.2988,1.72
photo,1248582,512,512,85,zen,0.200,1.450,47262,80.0396,2.1419,1.72
photo,1248582,512,512,85,zen,0.300,1.450,46095,79.6360,2.2941,1.75
photo,1248582,512,512,85,zen,0.500,1.450,43710,78.6905,2.4508,1.70
photo,1248582,512,512,85,zen,0.800,1.450,40440,76.9493,2.7312,1.69
photo,1248582,512,512,85,zen,1.200,1.450,37090,75.3566,2.7736,1.78
photo,1248582,512,512,85,zen,1.800,1.450,33105,73.0243,3.2167,1.70
photo,1248582,512,512,85,zen,2.500,1.450,29626,70.3376,3.5151,1.81
photo,1248582,512,512,95,cjpegli,0.000,0.550,92290,88.4311,1.6493,7.10
photo,1248582,512,512,95,zen,-0.400,0.550,177708,90.9448,1.5777,3.10
photo,1248582,512,512,95,zen,-0.250,0.550,129700,90.1900,1.5729,2.42
photo,1248582,512,512,95,zen,-0.150,0.550,111355,89.4028,1.6765,2.32
photo,1248582,512,512,95,zen,-0.080,0.550,100313,88.8399,1.6128,2.12
photo,1248582,512,512,95,zen,0.000,0.550,92319,88.3972,1.5818,2.10
photo,1248582,512,512,95,zen,0.050,0.550,86941,87.7503,1.6464,2.02
photo,1248582,512,512,95,zen,0.120,0.550,81077,87.2438,1.6751,2.01
photo,1248582,512,512,95,zen,0.200,0.550,76388,86.4206,1.6407,1.99
photo,1248582,512,512,95,zen,0.300,0.550,70570,85.6919,1.7688,1.93
photo,1248582,512,512,95,zen,0.500,0.550,61777,83.9987,1.7415,2.27
photo,1248582,512,512,95,zen,0.800,0.550,53202,81.8205,1.9460,1.96
photo,1248582,512,512,95,zen,1.200,0.550,46095,79.6360,2.2941,1.86
photo,1248582,512,512,95,zen,1.800,0.550,39498,76.5744,2.6508,1.74
photo,1248582,512,512,95,zen,2.500,0.550,34193,73.7453,2.9803,1.66
photo,1277396,512,512,10,cjpegli,0.000,15.267,7660,23.2471,6.3243,5.51
photo,1277396,512,512,10,zen,-0.400,15.267,7849,24.7273,6.2900,1.47
photo,1277396,512,512,10,zen,-0.250,15.267,7803,22.7955,6.4749,1.46
photo,1277396,512,512,10,zen,-0.150,15.267,7699,22.3812,6.3905,1.44
photo,1277396,512,512,10,zen,-0.080,15.267,7678,22.8800,6.3160,1.48
photo,1277396,512,512,10,zen,0.000,15.267,7684,22.8726,6.3150,1.41
photo,1277396,512,512,10,zen,0.050,15.267,7681,22.8137,6.2677,1.43
photo,1277396,512,512,10,zen,0.120,15.267,7649,22.7835,6.3369,1.45
photo,1277396,512,512,10,zen,0.200,15.267,7627,22.4565,6.3404,1.42
photo,1277396,512,512,10,zen,0.300,15.267,7608,21.6779,6.3394,1.44
photo,1277396,512,512,10,zen,0.500,15.267,7495,20.1408,6.2982,1.48
photo,1277396,512,512,10,zen,0.800,15.267,7373,19.8225,6.4346,1.55
photo,1277396,512,512,10,zen,1.200,15.267,7220,19.7566,6.8145,1.52
photo,1277396,512,512,10,zen,1.800,15.267,7008,17.8190,7.1393,1.79
photo,1277396,512,512,10,zen,2.500,15.267,6822,15.3666,6.9637,1.44
photo,1277396,512,512,30,cjpegli,0.000,6.400,13830,57.1652,4.2481,5.90
photo,1277396,512,512,30,zen,-0.400,6.400,14428,58.5554,4.8446,1.56
photo,1277396,512,512,30,zen,-0.250,6.400,14329,58.1723,4.3123,1.50
photo,1277396,512,512,30,zen,-0.150,6.400,14226,57.9830,4.2435,1.50
photo,1277396,512,512,30,zen,-0.080,6.400,13924,56.9140,4.2031,1.63
photo,1277396,512,512,30,zen,0.000,6.400,13816,56.8012,4.2267,2.06
photo,1277396,512,512,30,zen,0.050,6.400,13788,56.7129,4.2206,1.50
photo,1277396,512,512,30,zen,0.120,6.400,13676,56.6619,4.2469,1.60
photo,1277396,512,512,30,zen,0.200,6.400,13630,56.5842,4.2506,1.59
photo,1277396,512,512,30,zen,0.300,6.400,13520,55.9265,4.2178,1.47
photo,1277396,512,512,30,zen,0.500,6.400,13177,54.1851,4.4735,1.53
photo,1277396,512,512,30,zen,0.800,6.400,12836,53.1810,4.3454,2.04
photo,1277396,512,512,30,zen,1.200,6.400,12367,52.2189,4.8405,1.46
photo,1277396,512,512,30,zen,1.800,6.400,11791,49.6812,4.9521,1.47
photo,1277396,512,512,30,zen,2.500,6.400,11180,46.5222,5.1970,1.47
photo,1277396,512,512,50,cjpegli,0.000,4.600,16837,63.7624,3.8085,6.93
photo,1277396,512,512,50,zen,-0.400,4.600,17948,65.8718,3.7017,1.56
photo,1277396,512,512,50,zen,-0.250,4.600,17623,65.1714,3.7278,1.49
photo,1277396,512,512,50,zen,-0.150,4.600,17106,63.8738,3.6667,1.54
photo,1277396,512,512,50,zen,-0.080,4.600,17043,63.7751,3.7127,1.59
photo,1277396,512,512,50,zen,0.000,4.600,16800,63.3724,3.5028,1.48
photo,1277396,512,512,50,zen,0.050,4.600,16776,63.3043,3.5948,1.54
photo,1277396,512,512,50,zen,0.120,4.600,16687,63.0452,3.5755,1.62
photo,1277396,512,512,50,zen,0.200,4.600,16542,62.4471,3.6797,1.53
photo,1277396,512,512,50,zen,0.300,4.600,16226,61.9943,3.7949,1.54
photo,1277396,512,512,50,zen,0.500,4.600,15999,62.1550,3.8147,1.56
photo,1277396,512,512,50,zen,0.800,4.600,15276,60.2200,3.7980,1.51
photo,1277396,512,512,50,zen,1.200,4.600,14781,59.8437,4.3817,1.55
photo,1277396,512,512,50,zen,1.800,4.600,13816,56.8012,4.2267,1.72
photo,1277396,512,512,50,zen,2.500,4.600,12988,53.5935,4.5583,1.47
photo,1277396,512,512,70,cjpegli,0.000,2.800,22498,72.0744,2.9368,6.11
photo,1277396,512,512,70,zen,-0.400,2.800,24549,73.9725,2.5029,1.59
photo,1277396,512,512,70,zen,-0.250,2.800,23855,73.1110,2.6686,1.56
photo,1277396,512,512,70,zen,-0.150,2.800,23337,72.5564,2.9047,1.56
photo,1277396,512,512,70,zen,-0.080,2.800,23022,72.3522,3.1692,1.59
photo,1277396,512,512,70,zen,0.000,2.800,22477,71.7293,3.1602,1.58
photo,1277396,512,512,70,zen,0.050,2.800,22394,71.6462,3.1684,1.54
photo,1277396,512,512,70,zen,0.120,2.800,21948,71.3104,2.9631,1.74
photo,1277396,512,512,70,zen,0.200,2.800,21503,71.1010,3.0668,1.56
photo,1277396,512,512,70,zen,0.300,2.800,21213,70.7048,2.9384,1.53
photo,1277396,512,512,70,zen,0.500,2.800,20518,69.6670,3.0628,1.52
photo,1277396,512,512,70,zen,0.800,2.800,19374,68.1059,3.3521,1.63
photo,1277396,512,512,70,zen,1.200,2.800,18273,66.1858,3.4430,1.51
photo,1277396,512,512,70,zen,1.800,2.800,16800,63.3724,3.5028,1.48
photo,1277396,512,512,70,zen,2.500,2.800,15592,61.2149,3.7373,1.64
photo,1277396,512,512,85,cjpegli,0.000,1.450,32615,79.5059,2.0719,6.04
photo,1277396,512,512,85,zen,-0.400,1.450,39501,82.0907,1.7007,1.73
photo,1277396,512,512,85,zen,-0.250,1.450,36791,81.2152,1.8579,1.70
photo,1277396,512,512,85,zen,-0.150,1.450,34815,80.1430,1.9231,1.70
photo,1277396,512,512,85,zen,-0.080,1.450,33741,79.7529,1.9130,1.65
photo,1277396,512,512,85,zen,0.000,1.450,32550,79.0461,2.0154,1.78
photo,1277396,512,512,85,zen,0.050,1.450,31770,78.6130,1.9402,1.69
photo,1277396,512,512,85,zen,0.120,1.450,30847,78.0909,2.0624,1.73
photo,1277396,512,512,85,zen,0.200,1.450,30009,77.6896,2.2186,1.66
photo,1277396,512,512,85,zen,0.300,1.450,29249,77.2342,2.2422,1.64
photo,1277396,512,512,85,zen,0.500,1.450,27634,76.1732,2.1665,1.60
photo,1277396,512,512,85,zen,0.800,1.450,25433,74.4590,2.4734,1.73
photo,1277396,512,512,85,zen,1.200,1.450,23337,72.5564,2.9047,1.67
photo,1277396,512,512,85,zen,1.800,1.450,20696,69.7884,2.9930,1.54
photo,1277396,512,512,85,zen,2.500,1.450,18431,66.7418,3.4952,1.54
photo,1277396,512,512,95,cjpegli,0.000,0.550,60521,87.2887,1.0578,6.50
photo,1277396,512,512,95,zen,-0.400,0.550,125989,90.3918,1.0237,2.30
photo,1277396,512,512,95,zen,-0.250,0.550,87085,89.1884,1.0632,2.03
photo,1277396,512,512,95,zen,-0.150,0.550,73728,87.8185,1.0700,1.96
photo,1277396,512,512,95,zen,-0.080,0.550,65656,87.2030,1.1433,2.35
photo,1277396,512,512,95,zen,0.000,0.550,60550,86.6316,1.1096,2.21
photo,1277396,512,512,95,zen,0.050,0.550,56370,86.0657,1.1137,1.84
photo,1277396,512,512,95,zen,0.120,0.550,52557,85.4501,1.1400,1.94
photo,1277396,512,512,95,zen,0.200,0.550,49259,84.5913,1.3355,1.77
photo,1277396,512,512,95,zen,0.300,0.550,45521,83.8925,1.3709,1.72
photo,1277396,512,512,95,zen,0.500,0.550,39501,82.0907,1.7007,1.80
photo,1277396,512,512,95,zen,0.800,0.550,33899,79.7717,1.9402,1.67
photo,1277396,512,512,95,zen,1.200,0.550,29249,77.2342,2.2422,1.70
photo,1277396,512,512,95,zen,1.800,0.550,24845,74.1047,2.6577,1.75
photo,1277396,512,512,95,zen,2.500,0.550,21386,70.8154,3.0885,1.53
photo,1287145,512,512,10,cjpegli,0.000,15.267,7908,18.9618,7.1293,5.57
photo,1287145,512,512,10,zen,-0.400,15.267,8113,18.1433,6.8462,1.45
photo,1287145,512,512,10,zen,-0.250,15.267,8062,19.1461,7.0269,1.41
photo,1287145,512,512,10,zen,-0.150,15.267,7981,18.9611,6.9647,1.49
photo,1287145,512,512,10,zen,-0.080,15.267,7959,18.9401,6.8423,1.40
photo,1287145,512,512,10,zen,0.000,15.267,7959,18.9409,6.8423,1.45
photo,1287145,512,512,10,zen,0.050,15.267,7946,18.0853,6.8372,1.46
photo,1287145,512,512,10,zen,0.120,15.267,7920,18.0895,6.9199,1.42
photo,1287145,512,512,10,zen,0.200,15.267,7870,16.4377,7.2064,1.41
photo,1287145,512,512,10,zen,0.300,15.267,7845,16.2909,7.1469,1.44
photo,1287145,512,512,10,zen,0.500,15.267,7733,14.8205,7.2252,1.54
photo,1287145,512,512,10,zen,0.800,15.267,7618,14.6689,7.0330,1.59
photo,1287145,512,512,10,zen,1.200,15.267,7483,13.9080,7.3451,1.42
photo,1287145,512,512,10,zen,1.800,15.267,7233,12.4449,6.9741,1.45
photo,1287145,512,512,10,zen,2.500,15.267,7056,8.7837,7.9067,1.43
photo,1287145,512,512,30,cjpegli,0.000,6.400,14970,48.3068,4.3601,6.47
photo,1287145,512,512,30,zen,-0.400,6.400,15646,49.3650,4.4549,1.49
photo,1287145,512,512,30,zen,-0.250,6.400,15479,49.4540,4.3149,1.50
photo,1287145,512,512,30,zen,-0.150,6.400,15311,49.1309,4.3122,1.48
photo,1287145,512,512,30,zen,-0.080,6.400,15067,48.3404,4.4646,1.47
photo,1287145,512,512,30,zen,0.000,6.400,14922,48.1138,4.6085,1.56
photo,1287145,512,512,30,zen,0.050,6.400,14848,47.9438,4.5023,1.47
photo,1287145,512,512,30,zen,0.120,6.400,14686,47.3693,4.5197,1.46
photo,1287145,512,512,30,zen,0.200,6.400,14642,47.2701,4.5879,1.46
photo,1287145,512,512,30,zen,0.300,6.400,14507,46.8428,4.5454,1.46
photo,1287145,512,512,30,zen,0.500,6.400,14083,45.8014,4.6513,1.44
photo,1287145,512,512,30,zen,0.800,6.400,13605,45.0161,5.0135,1.47
photo,1287145,512,512,30,zen,1.200,6.400,13100,42.1800,4.8598,1.52
photo,1287145,512,512,30,zen,1.800,6.400,12461,41.7620,4.9137,1.46
photo,1287145,512,512,30,zen,2.500,6.400,11746,39.2665,5.6076,1.45
photo,1287145,512,512,50,cjpegli,0.000,4.600,18914,55.8549,3.9169,5.47
photo,1287145,512,512,50,zen,-0.400,4.600,20339,58.1886,3.9215,1.50
photo,1287145,512,512,50,zen,-0.250,4.600,19874,56.9196,3.9512,1.54
photo,1287145,512,512,50,zen,-0.150,4.600,19375,56.0017,3.9924,1.55
photo,1287145,512,512,50,zen,-0.080,4.600,19258,55.8758,4.0054,1.52
photo,1287145,512,512,50,zen,0.000,4.600,18882,55.6916,3.9128,1.52
photo,1287145,512,512,50,zen,0.050,4.600,18810,55.5760,3.9818,1.55
photo,1287145,512,512,50,zen,0.120,4.600,18685,55.7719,4.0412,1.47
photo,1287145,512,512,50,zen,0.200,4.600,18470,55.0955,4.2119,1.51
photo,1287145,512,512,50,zen,0.300,4.600,18068,54.4503,4.0409,1.54
photo,1287145,512,512,50,zen,0.500,4.600,17721,53.3539,4.0488,1.52
photo,1287145,512,512,50,zen,0.800,4.600,16893,52.4409,4.1567,1.52
photo,1287145,512,512,50,zen,1.200,4.600,16165,50.2324,4.2188,1.47
photo,1287145,512,512,50,zen,1.800,4.600,14922,48.1138,4.6085,1.48
photo,1287145,512,512,50,zen,2.500,4.600,13821,45.3248,4.5369,1.52
photo,1287145,512,512,70,cjpegli,0.000,2.800,27368,66.5080,3.3570,6.79
photo,1287145,512,512,70,zen,-0.400,2.800,30477,69.1493,2.8073,1.67
photo,1287145,512,512,70,zen,-0.250,2.800,29320,68.1596,2.8679,1.68
photo,1287145,512,512,70,zen,-0.150,2.800,28519,67.4763,3.0181,1.61
photo,1287145,512,512,70,zen,-0.080,2.800,28056,67.1873,3.0462,1.59
photo,1287145,512,512,70,zen,0.000,2.800,27351,66.5639,3.1155,1.69
photo,1287145,512,512,70,zen,0.050,2.800,27153,66.4552,3.3094,1.63
photo,1287145,512,512,70,zen,0.120,2.800,26521,65.9634,3.4784,1.61
photo,1287145,512,512,70,zen,0.200,2.800,25810,65.4150,3.4519,1.57
photo,1287145,512,512,70,zen,0.300,2.800,25330,65.3995,3.5551,1.78
photo,1287145,512,512,70,zen,0.500,2.800,24203,63.8950,3.3172,1.56
photo,1287145,512,512,70,zen,0.800,2.800,22610,61.6847,3.5013,1.76
photo,1287145,512,512,70,zen,1.200,2.800,20942,59.0084,3.5822,1.55
photo,1287145,512,512,70,zen,1.800,2.800,18882,55.6916,3.9128,1.51
photo,1287145,512,512,70,zen,2.500,2.800,17164,52.6318,4.0090,1.49
photo,1287145,512,512,85,cjpegli,0.000,1.450,42784,76.1798,2.4809,7.16
photo,1287145,512,512,85,zen,-0.400,1.450,52909,80.3289,1.7831,1.91
photo,1287145,512,512,85,zen,-0.250,1.450,48620,79.0049,1.8023,1.77
photo,1287145,512,512,85,zen,-0.150,1.450,46043,77.8477,2.0120,1.71
photo,1287145,512,512,85,zen,-0.080,1.450,44434,77.1671,2.2834,1.95
photo,1287145,512,512,85,zen,0.000,1.450,42693,76.1157,2.4796,1.75
photo,1287145,512,512,85,zen,0.050,1.450,41606,75.4853,2.5073,1.71
photo,1287145,512,512,85,zen,0.120,1.450,40463,75.0070,2.5230,1.71
photo,1287145,512,512,85,zen,0.200,1.450,39057,74.3718,2.6484,1.71
photo,1287145,512,512,85,zen,0.300,1.450,37772,73.7200,2.4595,1.66
photo,1287145,512,512,85,zen,0.500,1.450,35272,72.5594,2.6161,1.68
photo,1287145,512,512,85,zen,0.800,1.450,32040,70.1561,2.6911,1.60
photo,1287145,512,512,85,zen,1.200,1.450,28519,67.4763,3.0181,1.56
photo,1287145,512,512,85,zen,1.800,1.450,24433,64.0840,3.2421,1.55
photo,1287145,512,512,85,zen,2.500,1.450,21123,59.4266,3.4828,1.52
photo,1287145,512,512,95,cjpegli,0.000,0.550,80128,86.1642,1.2676,7.99
photo,1287145,512,512,95,zen,-0.400,0.550,154603,91.2035,0.7859,2.67
photo,1287145,512,512,95,zen,-0.250,0.550,111049,89.9388,0.9344,2.29
photo,1287145,512,512,95,zen,-0.150,0.550,95764,88.1964,1.2057,2.15
photo,1287145,512,512,95,zen,-0.080,0.550,86703,87.1225,1.3270,2.04
photo,1287145,512,512,95,zen,0.000,0.550,80046,86.2795,1.2620,2.10
photo,1287145,512,512,95,zen,0.050,0.550,75302,85.3407,1.2866,2.00
photo,1287145,512,512,95,zen,0.120,0.550,70162,84.4707,1.2631,2.06
photo,1287145,512,512,95,zen,0.200,0.550,66001,83.5445,1.3347,1.93
photo,1287145,512,512,95,zen,0.300,0.550,60808,82.1810,1.4744,1.88
photo,1287145,512,512,95,zen,0.500,0.550,52909,80.3289,1.7831,1.82
photo,1287145,512,512,95,zen,0.800,0.550,44624,77.2185,2.3054,1.75
photo,1287145,512,512,95,zen,1.200,0.550,37772,73.7200,2.4595,1.76
photo,1287145,512,512,95,zen,1.800,0.550,31011,69.5531,2.7419,1.68
photo,1287145,512,512,95,zen,2.500,0.550,25657,65.2174,3.5064,1.59
photo,1292115,512,512,10,cjpegli,0.000,15.267,4422,18.4296,6.3829,5.63
photo,1292115,512,512,10,zen,-0.400,15.267,4556,21.8650,5.2612,1.42
photo,1292115,512,512,10,zen,-0.250,15.267,4552,18.5973,6.2263,1.40
photo,1292115,512,512,10,zen,-0.150,15.267,4474,18.0737,6.3862,1.37
photo,1292115,512,512,10,zen,-0.080,15.267,4464,18.0558,6.3862,1.39
photo,1292115,512,512,10,zen,0.000,15.267,4464,18.0558,6.3862,1.40
photo,1292115,512,512,10,zen,0.050,15.267,4465,18.0551,6.3862,1.42
photo,1292115,512,512,10,zen,0.120,15.267,4456,18.0018,6.3913,1.46
photo,1292115,512,512,10,zen,0.200,15.267,4445,18.4693,6.2204,1.43
photo,1292115,512,512,10,zen,0.300,15.267,4430,18.2407,6.2425,1.35
photo,1292115,512,512,10,zen,0.500,15.267,4371,17.7527,6.4421,1.40
photo,1292115,512,512,10,zen,0.800,15.267,4327,15.0976,5.9674,1.36
photo,1292115,512,512,10,zen,1.200,15.267,4243,14.2660,5.7050,1.39
photo,1292115,512,512,10,zen,1.800,15.267,4139,12.3800,5.6165,1.44
photo,1292115,512,512,10,zen,2.500,15.267,4024,10.9423,5.8345,1.36
photo,1292115,512,512,30,cjpegli,0.000,6.400,7923,50.4157,3.9060,6.23
photo,1292115,512,512,30,zen,-0.400,6.400,8337,52.3838,3.8076,1.42
photo,1292115,512,512,30,zen,-0.250,6.400,8314,52.1915,3.8080,1.46
photo,1292115,512,512,30,zen,-0.150,6.400,8247,51.9568,3.7458,1.42
photo,1292115,512,512,30,zen,-0.080,6.400,8050,50.3877,3.7347,1.42
photo,1292115,512,512,30,zen,0.000,6.400,7964,50.2157,3.9061,1.46
photo,1292115,512,512,30,zen,0.050,6.400,7960,50.1468,3.9078,1.42
photo,1292115,512,512,30,zen,0.120,6.400,7882,49.8461,3.9294,1.43
photo,1292115,512,512,30,zen,0.200,6.400,7864,49.8276,3.9294,1.42
photo,1292115,512,512,30,zen,0.300,6.400,7822,49.1780,3.8752,1.43
photo,1292115,512,512,30,zen,0.500,6.400,7557,48.3011,3.9114,1.41
photo,1292115,512,512,30,zen,0.800,6.400,7357,47.9086,3.9696,1.47
photo,1292115,512,512,30,zen,1.200,6.400,7090,45.9286,4.2007,1.46
photo,1292115,512,512,30,zen,1.800,6.400,6798,44.1986,4.3280,1.47
photo,1292115,512,512,30,zen,2.500,6.400,6450,41.9388,4.5516,1.43
photo,1292115,512,512,50,cjpegli,0.000,4.600,9701,58.0361,3.3326,5.59
photo,1292115,512,512,50,zen,-0.400,4.600,10463,60.1091,3.2308,1.45
photo,1292115,512,512,50,zen,-0.250,4.600,10256,59.6423,3.3507,1.45
photo,1292115,512,512,50,zen,-0.150,4.600,9906,58.5834,3.3153,1.47
photo,1292115,512,512,50,zen,-0.080,4.600,9882,58.5496,3.3113,1.44
photo,1292115,512,512,50,zen,0.000,4.600,9710,57.9071,3.3337,1.45
photo,1292115,512,512,50,zen,0.050,4.600,9694,57.8706,3.3375,1.44
photo,1292115,512,512,50,zen,0.120,4.600,9656,57.2705,3.3393,1.45
photo,1292115,512,512,50,zen,0.200,4.600,9565,56.7890,3.3933,1.50
photo,1292115,512,512,50,zen,0.300,4.600,9352,56.2120,3.6480,1.46
photo,1292115,512,512,50,zen,0.500,4.600,9269,55.7581,3.6112,1.48
photo,1292115,512,512,50,zen,0.800,4.600,8830,54.2367,3.6639,1.42
photo,1292115,512,512,50,zen,1.200,4.600,8584,53.3179,3.6970,1.44
photo,1292115,512,512,50,zen,1.800,4.600,7964,50.2157,3.9061,1.41
photo,1292115,512,512,50,zen,2.500,4.600,7479,48.0185,3.9885,1.43
photo,1292115,512,512,70,cjpegli,0.000,2.800,13714,67.2008,2.8613,6.47
photo,1292115,512,512,70,zen,-0.400,2.800,15363,69.3847,2.7069,1.54
photo,1292115,512,512,70,zen,-0.250,2.800,14839,68.5804,2.6285,1.84
photo,1292115,512,512,70,zen,-0.150,2.800,14454,68.0440,2.7185,1.52
photo,1292115,512,512,70,zen,-0.080,2.800,14191,67.7468,2.7474,1.48
photo,1292115,512,512,70,zen,0.000,2.800,13710,67.1144,2.8588,1.60
photo,1292115,512,512,70,zen,0.050,2.800,13682,67.0288,2.8582,1.57
photo,1292115,512,512,70,zen,0.120,2.800,13294,66.6292,2.7661,1.82
photo,1292115,512,512,70,zen,0.200,2.800,12907,66.0211,2.9339,1.47
photo,1292115,512,512,70,zen,0.300,2.800,12786,65.9561,2.9380,1.46
photo,1292115,512,512,70,zen,0.500,2.800,12248,64.5037,3.0228,1.46
photo,1292115,512,512,70,zen,0.800,2.800,11456,62.8143,3.0353,1.47
photo,1292115,512,512,70,zen,1.200,2.800,10656,60.3479,3.0557,1.45
photo,1292115,512,512,70,zen,1.800,2.800,9710,57.9071,3.3337,1.77
photo,1292115,512,512,70,zen,2.500,2.800,9063,54.6903,3.6908,1.43
photo,1292115,512,512,85,cjpegli,0.000,1.450,22391,76.3543,2.1104,5.81
photo,1292115,512,512,85,zen,-0.400,1.450,29011,80.3057,1.8280,2.29
photo,1292115,512,512,85,zen,-0.250,1.450,26387,79.0045,1.8757,1.79
photo,1292115,512,512,85,zen,-0.150,1.450,24523,77.7530,2.1257,1.54
photo,1292115,512,512,85,zen,-0.080,1.450,23399,77.0740,2.2000,1.62
photo,1292115,512,512,85,zen,0.000,1.450,22371,76.3244,2.1670,1.59
photo,1292115,512,512,85,zen,0.050,1.450,21660,75.7018,2.3210,1.54
photo,1292115,512,512,85,zen,0.120,1.450,20835,75.1114,2.4157,1.67
photo,1292115,512,512,85,zen,0.200,1.450,20053,74.5298,2.4439,1.57
photo,1292115,512,512,85,zen,0.300,1.450,19386,73.8225,2.3337,1.89
photo,1292115,512,512,85,zen,0.500,1.450,18043,72.4743,2.3576,1.64
photo,1292115,512,512,85,zen,0.800,1.450,16185,70.4052,2.5322,1.50
photo,1292115,512,512,85,zen,1.200,1.450,14454,68.0440,2.7185,1.51
photo,1292115,512,512,85,zen,1.800,1.450,12386,64.6873,3.0052,1.47
photo,1292115,512,512,85,zen,2.500,1.450,10795,60.8292,3.1669,1.63
photo,1292115,512,512,95,cjpegli,0.000,0.550,49462,86.7442,1.0215,6.39
photo,1292115,512,512,95,zen,-0.400,0.550,117696,91.4070,0.6153,2.39
photo,1292115,512,512,95,zen,-0.250,0.550,76710,89.9277,0.7708,2.31
photo,1292115,512,512,95,zen,-0.150,0.550,63222,88.6558,0.8788,1.89
photo,1292115,512,512,95,zen,-0.080,0.550,54762,87.7825,1.0908,1.83
photo,1292115,512,512,95,zen,0.000,0.550,49523,86.7413,1.0938,1.79
photo,1292115,512,512,95,zen,0.050,0.550,45686,85.8244,1.0962,1.75
photo,1292115,512,512,95,zen,0.120,0.550,41627,84.6451,1.1916,1.73
photo,1292115,512,512,95,zen,0.200,0.550,38516,83.9446,1.2834,1.67
photo,1292115,512,512,95,zen,0.300,0.550,34777,82.4809,1.3606,1.67
photo,1292115,512,512,95,zen,0.500,0.550,29011,80.3057,1.8280,1.60
photo,1292115,512,512,95,zen,0.800,0.550,23540,77.1460,2.1968,1.55
photo,1292115,512,512,95,zen,1.200,0.550,19386,73.8225,2.3337,1.51
photo,1292115,512,512,95,zen,1.800,0.550,15659,69.7806,2.5027,1.48
photo,1292115,512,512,95,zen,2.500,0.550,12859,65.9106,2.9601,1.48
photo,1370704,512,512,10,cjpegli,0.000,15.267,10683,22.7991,7.4705,6.27
photo,1370704,512,512,10,zen,-0.400,15.267,10870,24.4688,7.5107,1.52
photo,1370704,512,512,10,zen,-0.250,15.267,10821,23.8975,7.4309,1.84
photo,1370704,512,512,10,zen,-0.150,15.267,10729,23.7878,7.4356,1.46
photo,1370704,512,512,10,zen,-0.080,15.267,10680,22.8843,7.4666,1.74
photo,1370704,512,512,10,zen,0.000,15.267,10688,22.8688,7.4666,1.45
photo,1370704,512,512,10,zen,0.050,15.267,10662,22.9643,7.4610,1.49
photo,1370704,512,512,10,zen,0.120,15.267,10646,22.9514,7.4417,1.44
photo,1370704,512,512,10,zen,0.200,15.267,10579,22.1444,7.8227,1.44
photo,1370704,512,512,10,zen,0.300,15.267,10555,22.0165,7.7823,1.49
photo,1370704,512,512,10,zen,0.500,15.267,10452,21.3502,7.2563,1.43
photo,1370704,512,512,10,zen,0.800,15.267,10289,21.8569,7.4521,1.57
photo,1370704,512,512,10,zen,1.200,15.267,10119,18.5588,7.1252,1.52
photo,1370704,512,512,10,zen,1.800,15.267,9872,18.1267,7.7995,1.52
photo,1370704,512,512,10,zen,2.500,15.267,9588,16.5945,7.9392,1.46
photo,1370704,512,512,30,cjpegli,0.000,6.400,19700,52.4676,4.7440,6.54
photo,1370704,512,512,30,zen,-0.400,6.400,20597,54.3667,4.7791,1.53
photo,1370704,512,512,30,zen,-0.250,6.400,20299,53.7426,4.7209,1.57
photo,1370704,512,512,30,zen,-0.150,6.400,20110,53.3348,4.7247,1.53
photo,1370704,512,512,30,zen,-0.080,6.400,19820,53.0463,4.5739,1.55
photo,1370704,512,512,30,zen,0.000,6.400,19641,52.8166,4.7285,1.76
photo,1370704,512,512,30,zen,0.050,6.400,19556,52.7126,4.7744,1.55
photo,1370704,512,512,30,zen,0.120,6.400,19366,52.3278,4.6917,1.55
photo,1370704,512,512,30,zen,0.200,6.400,19255,52.1261,4.6426,1.50
photo,1370704,512,512,30,zen,0.300,6.400,19082,51.2891,4.7276,1.55
photo,1370704,512,512,30,zen,0.500,6.400,18581,50.5235,4.7455,1.53
photo,1370704,512,512,30,zen,0.800,6.400,17952,48.7497,5.0360,1.52
photo,1370704,512,512,30,zen,1.200,6.400,17245,47.9326,5.1307,1.65
photo,1370704,512,512,30,zen,1.800,6.400,16369,45.8183,5.4260,1.50
photo,1370704,512,512,30,zen,2.500,6.400,15434,43.6091,5.3565,1.48
photo,1370704,512,512,50,cjpegli,0.000,4.600,24530,59.7868,4.0231,6.06
photo,1370704,512,512,50,zen,-0.400,4.600,26148,62.0270,3.8184,1.61
photo,1370704,512,512,50,zen,-0.250,4.600,25651,61.5408,3.9804,1.56
photo,1370704,512,512,50,zen,-0.150,4.600,25009,60.6543,4.1300,1.67
photo,1370704,512,512,50,zen,-0.080,4.600,24869,60.5293,4.0689,1.56
photo,1370704,512,512,50,zen,0.000,4.600,24474,59.9290,4.0980,1.87
photo,1370704,512,512,50,zen,0.050,4.600,24344,59.7933,4.0840,1.54
photo,1370704,512,512,50,zen,0.120,4.600,24192,59.6940,4.0580,1.56
photo,1370704,512,512,50,zen,0.200,4.600,23936,59.0592,4.0322,1.62
photo,1370704,512,512,50,zen,0.300,4.600,23511,58.6478,4.0483,1.54
photo,1370704,512,512,50,zen,0.500,4.600,23061,58.1727,4.0702,1.54
photo,1370704,512,512,50,zen,0.800,4.600,22023,56.7199,4.9917,1.83
photo,1370704,512,512,50,zen,1.200,4.600,21093,55.0988,4.6962,1.91
photo,1370704,512,512,50,zen,1.800,4.600,19641,52.8166,4.7285,1.51
photo,1370704,512,512,50,zen,2.500,4.600,18231,49.5421,4.7614,1.54
photo,1370704,512,512,70,cjpegli,0.000,2.800,33867,68.8945,2.9764,6.15
photo,1370704,512,512,70,zen,-0.400,2.800,37000,71.2130,2.8834,1.72
photo,1370704,512,512,70,zen,-0.250,2.800,35855,70.4726,3.3333,1.61
photo,1370704,512,512,70,zen,-0.150,2.800,35038,70.1644,3.2038,1.85
photo,1370704,512,512,70,zen,-0.080,2.800,34613,69.8970,2.9259,1.71
photo,1370704,512,512,70,zen,0.000,2.800,33811,69.3306,2.9877,1.68
photo,1370704,512,512,70,zen,0.050,2.800,33579,69.1302,2.8974,1.63
photo,1370704,512,512,70,zen,0.120,2.800,32906,69.0243,2.9881,1.75
photo,1370704,512,512,70,zen,0.200,2.800,32228,68.5942,3.1311,1.62
photo,1370704,512,512,70,zen,0.300,2.800,31737,68.2103,3.0452,1.65
photo,1370704,512,512,70,zen,0.500,2.800,30502,66.5530,3.4135,1.81
photo,1370704,512,512,70,zen,0.800,2.800,28685,64.6642,3.7028,1.61
photo,1370704,512,512,70,zen,1.200,2.800,26838,62.5860,3.6540,1.68
photo,1370704,512,512,70,zen,1.800,2.800,24474,59.9290,4.0980,1.55
photo,1370704,512,512,70,zen,2.500,2.800,22380,57.2275,4.3663,1.52
photo,1370704,512,512,85,cjpegli,0.000,1.450,48766,77.1230,2.0930,6.62
photo,1370704,512,512,85,zen,-0.400,1.450,58291,81.2685,1.5698,1.86
photo,1370704,512,512,85,zen,-0.250,1.450,54333,80.1035,1.7945,1.78
photo,1370704,512,512,85,zen,-0.150,1.450,51756,78.9908,1.7611,1.81
photo,1370704,512,512,85,zen,-0.080,1.450,50338,78.3714,1.8886,1.75
photo,1370704,512,512,85,zen,0.000,1.450,48628,77.7307,2.0997,1.80
photo,1370704,512,512,85,zen,0.050,1.450,47634,77.0467,2.2061,1.74
photo,1370704,512,512,85,zen,0.120,1.450,46446,76.3756,2.1117,1.75
photo,1370704,512,512,85,zen,0.200,1.450,45136,75.8172,2.2992,2.11
photo,1370704,512,512,85,zen,0.300,1.450,43961,75.2086,2.2129,1.72
photo,1370704,512,512,85,zen,0.500,1.450,41609,74.2557,2.5011,1.71
photo,1370704,512,512,85,zen,0.800,1.450,38352,71.9561,2.7915,1.69
photo,1370704,512,512,85,zen,1.200,1.450,35038,70.1644,3.2038,1.63
photo,1370704,512,512,85,zen,1.800,1.450,30715,66.7561,3.5541,1.68
photo,1370704,512,512,85,zen,2.500,1.450,27062,63.1899,3.5986,1.57
photo,1370704,512,512,95,cjpegli,0.000,0.550,84256,85.6358,1.0096,7.22
photo,1370704,512,512,95,zen,-0.400,0.550,155702,89.4740,0.8809,2.50
photo,1370704,512,512,95,zen,-0.250,0.550,114431,88.6153,0.8955,2.27
photo,1370704,512,512,95,zen,-0.150,0.550,99874,87.6848,1.0620,2.18
photo,1370704,512,512,95,zen,-0.080,0.550,90593,86.9941,1.1152,2.07
photo,1370704,512,512,95,zen,0.000,0.550,84188,86.3011,1.1619,2.01
photo,1370704,512,512,95,zen,0.050,0.550,79446,85.7383,1.1763,2.06
photo,1370704,512,512,95,zen,0.120,0.550,74668,85.0844,1.3445,1.98
photo,1370704,512,512,95,zen,0.200,0.550,70769,84.2072,1.2066,1.90
photo,1370704,512,512,95,zen,0.300,0.550,65898,83.1993,1.4591,1.93
photo,1370704,512,512,95,zen,0.500,0.550,58291,81.2685,1.5698,1.85
photo,1370704,512,512,95,zen,0.800,0.550,50530,78.4318,1.9366,1.76
photo,1370704,512,512,95,zen,1.200,0.550,43961,75.2086,2.2129,1.73
photo,1370704,512,512,95,zen,1.800,0.550,37516,71.6223,2.8732,1.68
photo,1370704,512,512,95,zen,2.500,0.550,32008,68.4019,3.0961,1.75
photo,1391487,512,512,10,cjpegli,0.000,15.267,10015,20.6707,7.7645,5.88
photo,1391487,512,512,10,zen,-0.400,15.267,10233,22.0071,7.5185,1.50
photo,1391487,512,512,10,zen,-0.250,15.267,10194,21.1096,7.3904,1.48
photo,1391487,512,512,10,zen,-0.150,15.267,10074,20.5879,8.0209,1.49
photo,1391487,512,512,10,zen,-0.080,15.267,10037,20.5948,8.7596,1.48
photo,1391487,512,512,10,zen,0.000,15.267,10030,20.5887,8.7875,1.46
photo,1391487,512,512,10,zen,0.050,15.267,10018,20.5476,8.7405,1.48
photo,1391487,512,512,10,zen,0.120,15.267,9967,20.3820,8.7172,1.48
photo,1391487,512,512,10,zen,0.200,15.267,9925,19.5168,7.6529,1.52
photo,1391487,512,512,10,zen,0.300,15.267,9880,19.2957,8.2782,1.47
photo,1391487,512,512,10,zen,0.500,15.267,9731,18.6159,8.4239,1.54
photo,1391487,512,512,10,zen,0.800,15.267,9617,18.2844,7.6633,1.46
photo,1391487,512,512,10,zen,1.200,15.267,9426,16.9718,7.6210,1.76
photo,1391487,512,512,10,zen,1.800,15.267,9162,14.8470,7.6469,1.46
photo,1391487,512,512,10,zen,2.500,15.267,8879,12.3992,8.5696,1.50
photo,1391487,512,512,30,cjpegli,0.000,6.400,18861,52.4512,4.7836,5.98
photo,1391487,512,512,30,zen,-0.400,6.400,19738,53.7800,4.5053,1.60
photo,1391487,512,512,30,zen,-0.250,6.400,19545,53.4553,4.7590,1.61
photo,1391487,512,512,30,zen,-0.150,6.400,19405,53.0885,4.9182,1.58
photo,1391487,512,512,30,zen,-0.080,6.400,19030,52.4939,4.8535,1.56
photo,1391487,512,512,30,zen,0.000,6.400,18876,52.3141,4.7732,1.62
photo,1391487,512,512,30,zen,0.050,6.400,18826,52.2216,4.7828,1.55
photo,1391487,512,512,30,zen,0.120,6.400,18646,51.6713,4.7467,1.81
photo,1391487,512,512,30,zen,0.200,6.400,18563,51.5516,4.8407,1.53
photo,1391487,512,512,30,zen,0.300,6.400,18458,51.1109,5.1369,1.57
photo,1391487,512,512,30,zen,0.500,6.400,17908,50.2891,5.2813,1.52
photo,1391487,512,512,30,zen,0.800,6.400,17443,48.7194,5.5593,1.52
photo,1391487,512,512,30,zen,1.200,6.400,16769,47.2627,5.8861,1.53
photo,1391487,512,512,30,zen,1.800,6.400,15936,45.1403,6.4790,1.56
photo,1391487,512,512,30,zen,2.500,6.400,14990,42.9184,6.5041,1.60
photo,1391487,512,512,50,cjpegli,0.000,4.600,23136,59.8933,5.0804,5.93
photo,1391487,512,512,50,zen,-0.400,4.600,24699,61.8468,4.0747,1.61
photo,1391487,512,512,50,zen,-0.250,4.600,24187,61.3293,4.2287,1.59
photo,1391487,512,512,50,zen,-0.150,4.600,23581,60.4183,4.6165,1.59
photo,1391487,512,512,50,zen,-0.080,4.600,23494,60.3421,4.6480,1.56
photo,1391487,512,512,50,zen,0.000,4.600,23096,59.7642,4.5132,1.58
photo,1391487,512,512,50,zen,0.050,4.600,23042,59.6241,4.4885,1.58
photo,1391487,512,512,50,zen,0.120,4.600,22894,59.2785,4.4809,1.56
photo,1391487,512,512,50,zen,0.200,4.600,22752,58.9337,4.6795,1.56
photo,1391487,512,512,50,zen,0.300,4.600,22310,58.4254,4.9010,1.63
photo,1391487,512,512,50,zen,0.500,4.600,21961,57.9096,4.8007,1.71
photo,1391487,512,512,50,zen,0.800,4.600,20941,56.1069,4.9036,1.62
photo,1391487,512,512,50,zen,1.200,4.600,20248,54.7595,4.6044,1.67
photo,1391487,512,512,50,zen,1.800,4.600,18876,52.3141,4.7732,1.60
photo,1391487,512,512,50,zen,2.500,4.600,17671,49.3940,5.5978,1.55
photo,1391487,512,512,70,cjpegli,0.000,2.800,32010,69.5045,3.9213,5.99
photo,1391487,512,512,70,zen,-0.400,2.800,35355,72.1118,3.0558,1.74
photo,1391487,512,512,70,zen,-0.250,2.800,34225,71.2006,3.2561,1.70
photo,1391487,512,512,70,zen,-0.150,2.800,33318,70.3994,3.4080,1.70
photo,1391487,512,512,70,zen,-0.080,2.800,32751,70.0450,3.7745,1.67
photo,1391487,512,512,70,zen,0.000,2.800,31989,69.3814,3.9391,1.65
photo,1391487,512,512,70,zen,0.050,2.800,31833,69.2024,3.8901,1.67
photo,1391487,512,512,70,zen,0.120,2.800,31192,68.6283,3.7449,1.62
photo,1391487,512,512,70,zen,0.200,2.800,30416,68.0458,3.7689,1.68
photo,1391487,512,512,70,zen,0.300,2.800,29981,67.7668,3.7887,1.86
photo,1391487,512,512,70,zen,0.500,2.800,28756,66.6695,3.4377,1.60
photo,1391487,512,512,70,zen,0.800,2.800,27015,64.8880,4.1410,1.58
photo,1391487,512,512,70,zen,1.200,2.800,25257,62.6598,4.3723,1.70
photo,1391487,512,512,70,zen,1.800,2.800,23096,59.7642,4.5132,1.58
photo,1391487,512,512,70,zen,2.500,2.800,21352,56.8855,5.3080,1.55
photo,1391487,512,512,85,cjpegli,0.000,1.450,49238,78.6286,2.7842,6.32
photo,1391487,512,512,85,zen,-0.400,1.450,61527,82.2490,2.7288,1.96
photo,1391487,512,512,85,zen,-0.250,1.450,56399,81.0186,2.8308,1.80
photo,1391487,512,512,85,zen,-0.150,1.450,53196,79.9856,2.7565,1.92
photo,1391487,512,512,85,zen,-0.080,1.450,51310,79.4820,2.7243,2.24
photo,1391487,512,512,85,zen,0.000,1.450,49170,78.5163,2.9361,1.84
photo,1391487,512,512,85,zen,0.050,1.450,47798,78.0426,2.9261,1.78
photo,1391487,512,512,85,zen,0.120,1.450,46343,77.4869,2.8814,1.77
photo,1391487,512,512,85,zen,0.200,1.450,44751,76.8971,3.0293,2.03
photo,1391487,512,512,85,zen,0.300,1.450,43386,76.3049,2.7753,1.75
photo,1391487,512,512,85,zen,0.500,1.450,40602,74.8497,2.8044,1.75
photo,1391487,512,512,85,zen,0.800,1.450,36935,72.9691,3.0376,1.71
photo,1391487,512,512,85,zen,1.200,1.450,33318,70.3994,3.4080,1.70
photo,1391487,512,512,85,zen,1.800,1.450,29079,66.8283,3.4980,2.01
photo,1391487,512,512,85,zen,2.500,1.450,25478,63.0274,4.4435,1.60
photo,1391487,512,512,95,cjpegli,0.000,0.550,96874,87.4216,2.3037,7.46
photo,1391487,512,512,95,zen,-0.400,0.550,186833,90.2413,2.1270,2.85
photo,1391487,512,512,95,zen,-0.250,0.550,138831,89.5168,2.1731,2.59
photo,1391487,512,512,95,zen,-0.150,0.550,118926,88.6997,2.1332,2.74
photo,1391487,512,512,95,zen,-0.080,0.550,106195,88.0075,2.1791,2.25
photo,1391487,512,512,95,zen,0.000,0.550,96844,87.2842,2.2986,2.36
photo,1391487,512,512,95,zen,0.050,0.550,90860,86.8379,2.2012,2.10
photo,1391487,512,512,95,zen,0.120,0.550,84079,86.0901,2.2258,2.04
photo,1391487,512,512,95,zen,0.200,0.550,78595,85.4296,2.2453,2.07
photo,1391487,512,512,95,zen,0.300,0.550,71803,84.2741,2.2485,2.08
photo,1391487,512,512,95,zen,0.500,0.550,61527,82.2490,2.7288,1.94
photo,1391487,512,512,95,zen,0.800,0.550,51604,79.5393,2.7230,1.85
photo,1391487,512,512,95,zen,1.200,0.550,43386,76.3049,2.7753,1.76
photo,1391487,512,512,95,zen,1.800,0.550,35941,72.4104,3.0966,1.70
photo,1391487,512,512,95,zen,2.500,0.550,30228,67.9558,3.7801,1.99
photo,1424246,512,512,10,cjpegli,0.000,15.267,9377,21.7641,7.1660,5.71
photo,1424246,512,512,10,zen,-0.400,15.267,9634,23.2933,7.3230,1.84
photo,1424246,512,512,10,zen,-0.250,15.267,9582,22.0908,7.4691,1.49
photo,1424246,512,512,10,zen,-0.150,15.267,9445,21.6760,7.3688,1.57
photo,1424246,512,512,10,zen,-0.080,15.267,9408,21.7938,7.2990,1.52
photo,1424246,512,512,10,zen,0.000,15.267,9396,21.7281,7.2702,1.50
photo,1424246,512,512,10,zen,0.050,15.267,9385,21.3644,7.1721,1.52
photo,1424246,512,512,10,zen,0.120,15.267,9342,21.2019,7.1024,1.56
photo,1424246,512,512,10,zen,0.200,15.267,9294,20.8520,7.4173,1.75
photo,1424246,512,512,10,zen,0.300,15.267,9276,20.4596,7.5313,1.49
photo,1424246,512,512,10,zen,0.500,15.267,9144,20.1230,7.5243,1.44
photo,1424246,512,512,10,zen,0.800,15.267,9014,19.6468,7.8622,1.50
photo,1424246,512,512,10,zen,1.200,15.267,8801,18.5781,8.3056,1.47
photo,1424246,512,512,10,zen,1.800,15.267,8525,16.7489,8.8222,1.46
photo,1424246,512,512,10,zen,2.500,15.267,8240,15.0046,8.2992,1.60
photo,1424246,512,512,30,cjpegli,0.000,6.400,17612,49.3396,4.8753,5.81
photo,1424246,512,512,30,zen,-0.400,6.400,18455,50.1508,4.8021,1.52
photo,1424246,512,512,30,zen,-0.250,6.400,18270,50.0850,4.8142,1.52
photo,1424246,512,512,30,zen,-0.150,6.400,18128,49.7850,5.1143,1.52
photo,1424246,512,512,30,zen,-0.080,6.400,17834,49.4889,4.8682,1.53
photo,1424246,512,512,30,zen,0.000,6.400,17682,49.3071,4.8851,1.51
photo,1424246,512,512,30,zen,0.050,6.400,17628,49.1419,4.8957,1.55
photo,1424246,512,512,30,zen,0.120,6.400,17474,48.5509,4.7663,1.51
photo,1424246,512,512,30,zen,0.200,6.400,17390,48.1230,4.8952,1.70
photo,1424246,512,512,30,zen,0.300,6.400,17285,47.8032,5.0550,1.51
photo,1424246,512,512,30,zen,0.500,6.400,16805,47.3646,5.1631,1.56
photo,1424246,512,512,30,zen,0.800,6.400,16334,45.6409,5.1850,1.55
photo,1424246,512,512,30,zen,1.200,6.400,15710,45.1053,5.0740,1.50
photo,1424246,512,512,30,zen,1.800,6.400,14942,43.3218,5.3900,1.50
photo,1424246,512,512,30,zen,2.500,6.400,14159,42.0381,5.7191,1.48
photo,1424246,512,512,50,cjpegli,0.000,4.600,21614,55.4820,4.4499,5.75
photo,1424246,512,512,50,zen,-0.400,4.600,23102,57.7893,4.4333,1.59
photo,1424246,512,512,50,zen,-0.250,4.600,22650,57.2510,4.3742,1.61
photo,1424246,512,512,50,zen,-0.150,4.600,22049,56.3700,4.3623,1.55
photo,1424246,512,512,50,zen,-0.080,4.600,21939,56.0151,4.4885,1.62
photo,1424246,512,512,50,zen,0.000,4.600,21601,55.5769,4.5276,1.59
photo,1424246,512,512,50,zen,0.050,4.600,21521,55.4134,4.4936,1.56
photo,1424246,512,512,50,zen,0.120,4.600,21409,55.3023,4.5660,1.57
photo,1424246,512,512,50,zen,0.200,4.600,21225,55.1148,4.7187,1.66
photo,1424246,512,512,50,zen,0.300,4.600,20818,54.6402,4.7444,1.56
photo,1424246,512,512,50,zen,0.500,4.600,20460,53.9805,4.8765,1.52
photo,1424246,512,512,50,zen,0.800,4.600,19583,52.4903,4.6664,1.57
photo,1424246,512,512,50,zen,1.200,4.600,18932,51.6280,4.8498,1.80
photo,1424246,512,512,50,zen,1.800,4.600,17682,49.3071,4.8851,1.50
photo,1424246,512,512,50,zen,2.500,4.600,16519,46.5779,4.9558,1.54
photo,1424246,512,512,70,cjpegli,0.000,2.800,30034,64.4568,3.7064,6.12
photo,1424246,512,512,70,zen,-0.400,2.800,33136,66.5231,3.5089,1.63
photo,1424246,512,512,70,zen,-0.250,2.800,32116,65.7671,3.6227,1.76
photo,1424246,512,512,70,zen,-0.150,2.800,31258,65.1902,3.5274,1.73
photo,1424246,512,512,70,zen,-0.080,2.800,30715,64.8020,3.6058,1.65
photo,1424246,512,512,70,zen,0.000,2.800,30062,64.3262,3.7832,1.69
photo,1424246,512,512,70,zen,0.050,2.800,29861,64.0283,3.7947,1.84
photo,1424246,512,512,70,zen,0.120,2.800,29216,63.5844,3.7965,1.59
photo,1424246,512,512,70,zen,0.200,2.800,28470,63.0825,3.9099,1.65
photo,1424246,512,512,70,zen,0.300,2.800,28030,62.9024,4.0029,1.65
photo,1424246,512,512,70,zen,0.500,2.800,26911,61.9931,3.7900,1.66
photo,1424246,512,512,70,zen,0.800,2.800,25350,60.5001,3.9394,1.57
photo,1424246,512,512,70,zen,1.200,2.800,23639,58.1462,4.4133,1.56
photo,1424246,512,512,70,zen,1.800,2.800,21601,55.5769,4.5276,1.56
photo,1424246,512,512,70,zen,2.500,2.800,19944,53.0981,4.6744,1.55
photo,1424246,512,512,85,cjpegli,0.000,1.450,46543,73.3152,3.4904,6.03
photo,1424246,512,512,85,zen,-0.400,1.450,58861,76.7245,3.4220,2.00
photo,1424246,512,512,85,zen,-0.250,1.450,53751,75.1445,3.4901,1.84
photo,1424246,512,512,85,zen,-0.150,1.450,50472,74.4077,3.5271,1.90
photo,1424246,512,512,85,zen,-0.080,1.450,48654,73.8061,3.5630,1.78
photo,1424246,512,512,85,zen,0.000,1.450,46502,73.2118,3.5520,1.85
photo,1424246,512,512,85,zen,0.050,1.450,45233,72.8276,3.5609,1.73
photo,1424246,512,512,85,zen,0.120,1.450,43817,72.0900,3.4727,1.83
photo,1424246,512,512,85,zen,0.200,1.450,42307,71.5176,3.5570,1.80
photo,1424246,512,512,85,zen,0.300,1.450,40953,71.0314,3.5232,1.71
photo,1424246,512,512,85,zen,0.500,1.450,38183,69.5183,3.5612,1.69
photo,1424246,512,512,85,zen,0.800,1.450,34666,67.4680,3.5296,1.82
photo,1424246,512,512,85,zen,1.200,1.450,31258,65.1902,3.5274,1.61
photo,1424246,512,512,85,zen,1.800,1.450,27201,62.2019,3.7492,1.58
photo,1424246,512,512,85,zen,2.500,1.450,23853,58.6512,4.2782,1.63
photo,1424246,512,512,95,cjpegli,0.000,0.550,93613,82.1099,3.3966,7.57
photo,1424246,512,512,95,zen,-0.400,0.550,186093,84.6817,3.3704,2.88
photo,1424246,512,512,95,zen,-0.250,0.550,136340,84.1199,3.3918,2.75
photo,1424246,512,512,95,zen,-0.150,0.550,115637,83.3624,3.3990,2.29
photo,1424246,512,512,95,zen,-0.080,0.550,103232,82.8019,3.3420,2.24
photo,1424246,512,512,95,zen,0.000,0.550,93793,81.8682,3.3368,2.18
photo,1424246,512,512,95,zen,0.050,0.550,87735,81.2817,3.3926,2.35
photo,1424246,512,512,95,zen,0.120,0.550,80811,80.5598,3.4398,2.04
photo,1424246,512,512,95,zen,0.200,0.550,75494,80.0659,3.3187,2.06
photo,1424246,512,512,95,zen,0.300,0.550,68697,79.1170,3.3520,1.96
photo,1424246,512,512,95,zen,0.500,0.550,58861,76.7245,3.4220,1.86
photo,1424246,512,512,95,zen,0.800,0.550,48989,73.9878,3.5540,1.81
photo,1424246,512,512,95,zen,1.200,0.550,40953,71.0314,3.5232,1.73
photo,1424246,512,512,95,zen,1.800,0.550,33733,66.9153,3.5314,1.68
photo,1424246,512,512,95,zen,2.500,0.550,28241,63.0073,4.0147,1.62
photo,1428647,512,512,10,cjpegli,0.000,15.267,9755,36.4639,6.9282,5.71
photo,1428647,512,512,10,zen,-0.400,15.267,9942,38.3697,6.0767,1.48
photo,1428647,512,512,10,zen,-0.250,15.267,9900,37.4837,6.7473,1.42
photo,1428647,512,512,10,zen,-0.150,15.267,9790,37.2240,6.9416,1.42
photo,1428647,512,512,10,zen,-0.080,15.267,9756,36.9516,6.9211,1.43
photo,1428647,512,512,10,zen,0.000,15.267,9755,36.9501,6.9211,1.43
photo,1428647,512,512,10,zen,0.050,15.267,9750,36.7489,6.9194,1.42
photo,1428647,512,512,10,zen,0.120,15.267,9732,36.6704,6.9046,1.45
photo,1428647,512,512,10,zen,0.200,15.267,9669,35.0906,6.8771,1.42
photo,1428647,512,512,10,zen,0.300,15.267,9649,35.0024,6.8638,1.43
photo,1428647,512,512,10,zen,0.500,15.267,9531,34.7257,6.4076,1.45
photo,1428647,512,512,10,zen,0.800,15.267,9439,34.7379,6.7469,1.84
photo,1428647,512,512,10,zen,1.200,15.267,9289,33.8701,6.7393,1.45
photo,1428647,512,512,10,zen,1.800,15.267,9070,32.9967,6.7023,1.75
photo,1428647,512,512,10,zen,2.500,15.267,8850,29.4510,6.9596,1.57
photo,1428647,512,512,30,cjpegli,0.000,6.400,16132,61.5447,4.2876,6.39
photo,1428647,512,512,30,zen,-0.400,6.400,16675,63.1515,4.2990,1.52
photo,1428647,512,512,30,zen,-0.250,6.400,16566,62.8747,4.3239,1.72
photo,1428647,512,512,30,zen,-0.150,6.400,16449,62.7813,4.1241,1.52
photo,1428647,512,512,30,zen,-0.080,6.400,16187,62.1079,4.2642,1.52
photo,1428647,512,512,30,zen,0.000,6.400,16084,61.9744,4.2710,1.53
photo,1428647,512,512,30,zen,0.050,6.400,16067,61.9025,4.3273,1.52
photo,1428647,512,512,30,zen,0.120,6.400,15919,61.5194,4.2890,1.95
photo,1428647,512,512,30,zen,0.200,6.400,15843,61.5925,4.2764,1.52
photo,1428647,512,512,30,zen,0.300,6.400,15744,60.7921,4.3436,1.82
photo,1428647,512,512,30,zen,0.500,6.400,15396,59.9243,4.3141,1.64
photo,1428647,512,512,30,zen,0.800,6.400,15054,59.1467,4.4100,1.48
photo,1428647,512,512,30,zen,1.200,6.400,14574,57.9678,4.3531,1.49
photo,1428647,512,512,30,zen,1.800,6.400,14018,55.8016,4.7209,1.55
photo,1428647,512,512,30,zen,2.500,6.400,13390,54.8788,5.2742,1.49
photo,1428647,512,512,50,cjpegli,0.000,4.600,18989,66.8605,3.4828,5.60
photo,1428647,512,512,50,zen,-0.400,4.600,20019,68.7657,3.3154,1.78
photo,1428647,512,512,50,zen,-0.250,4.600,19721,68.1117,3.4402,1.63
photo,1428647,512,512,50,zen,-0.150,4.600,19264,67.7298,3.8222,1.54
photo,1428647,512,512,50,zen,-0.080,4.600,19195,67.5490,3.9332,1.51
photo,1428647,512,512,50,zen,0.000,4.600,18931,67.3525,4.0034,1.59
photo,1428647,512,512,50,zen,0.050,4.600,18896,67.3556,4.0258,1.86
photo,1428647,512,512,50,zen,0.120,4.600,18810,67.3691,4.0090,1.52
photo,1428647,512,512,50,zen,0.200,4.600,18687,66.8817,3.9806,1.57
photo,1428647,512,512,50,zen,0.300,4.600,18402,66.6159,3.9917,1.54
photo,1428647,512,512,50,zen,0.500,4.600,18164,65.8755,3.8126,1.53
photo,1428647,512,512,50,zen,0.800,4.600,17515,64.7646,3.8604,1.49
photo,1428647,512,512,50,zen,1.200,4.600,17050,63.9983,4.0057,1.51
photo,1428647,512,512,50,zen,1.800,4.600,16084,61.9744,4.2710,1.47
photo,1428647,512,512,50,zen,2.500,4.600,15197,59.3030,4.5432,1.49
photo,1428647,512,512,70,cjpegli,0.000,2.800,24615,73.5484,2.7379,5.97
photo,1428647,512,512,70,zen,-0.400,2.800,26644,75.7516,2.7533,1.73
photo,1428647,512,512,70,zen,-0.250,2.800,25956,75.1423,2.7156,1.65
photo,1428647,512,512,70,zen,-0.150,2.800,25400,74.9473,2.7875,1.77
photo,1428647,512,512,70,zen,-0.080,2.800,25112,74.7375,2.7314,1.82
photo,1428647,512,512,70,zen,0.000,2.800,24592,74.3759,2.7886,1.61
photo,1428647,512,512,70,zen,0.050,2.800,24485,74.3172,2.8245,1.59
photo,1428647,512,512,70,zen,0.120,2.800,24051,74.1600,2.9532,2.02
photo,1428647,512,512,70,zen,0.200,2.800,23606,73.9247,2.9267,1.56
photo,1428647,512,512,70,zen,0.300,2.800,23320,73.6827,3.0892,1.63
photo,1428647,512,512,70,zen,0.500,2.800,22616,72.6013,2.9563,1.91
photo,1428647,512,512,70,zen,0.800,2.800,21541,71.0049,3.0325,1.62
photo,1428647,512,512,70,zen,1.200,2.800,20373,69.1717,3.0832,1.82
photo,1428647,512,512,70,zen,1.800,2.800,18931,67.3525,4.0034,1.56
photo,1428647,512,512,70,zen,2.500,2.800,17787,64.8429,3.9443,1.51
photo,1428647,512,512,85,cjpegli,0.000,1.450,34819,79.6952,2.1357,6.64
photo,1428647,512,512,85,zen,-0.400,1.450,42282,83.3113,1.7860,1.73
photo,1428647,512,512,85,zen,-0.250,1.450,39270,82.5875,1.9703,1.81
photo,1428647,512,512,85,zen,-0.150,1.450,37168,81.8926,2.0467,1.65
photo,1428647,512,512,85,zen,-0.080,1.450,36048,81.4562,1.9621,1.62
photo,1428647,512,512,85,zen,0.000,1.450,34746,80.5285,2.0920,1.61
photo,1428647,512,512,85,zen,0.050,1.450,33940,80.1031,2.2704,1.73
photo,1428647,512,512,85,zen,0.120,1.450,32991,79.5014,2.3202,1.61
photo,1428647,512,512,85,zen,0.200,1.450,32067,79.0013,2.3551,1.64
photo,1428647,512,512,85,zen,0.300,1.450,31281,78.7211,2.2555,1.62
photo,1428647,512,512,85,zen,0.500,1.450,29734,78.2832,2.2733,1.64
photo,1428647,512,512,85,zen,0.800,1.450,27539,76.3261,2.7516,1.57
photo,1428647,512,512,85,zen,1.200,1.450,25400,74.9473,2.7875,1.95
photo,1428647,512,512,85,zen,1.800,1.450,22776,72.6819,2.8627,1.66
photo,1428647,512,512,85,zen,2.500,1.450,20534,69.4458,3.1056,1.95
photo,1428647,512,512,95,cjpegli,0.000,0.550,65535,87.0267,1.5506,7.28
photo,1428647,512,512,95,zen,-0.400,0.550,136431,90.3251,1.1648,2.50
photo,1428647,512,512,95,zen,-0.250,0.550,94942,89.4437,1.1673,2.36
photo,1428647,512,512,95,zen,-0.150,0.550,80405,88.7367,1.2604,2.07
photo,1428647,512,512,95,zen,-0.080,0.550,71794,88.2203,1.3939,2.24
photo,1428647,512,512,95,zen,0.000,0.550,65614,87.6832,1.3705,1.92
photo,1428647,512,512,95,zen,0.050,0.550,61112,87.1565,1.4443,1.99
photo,1428647,512,512,95,zen,0.120,0.550,56728,86.4780,1.5053,1.84
photo,1428647,512,512,95,zen,0.200,0.550,53223,85.8595,1.5431,1.78
photo,1428647,512,512,95,zen,0.300,0.550,48893,85.1368,1.5675,1.78
photo,1428647,512,512,95,zen,0.500,0.550,42282,83.3113,1.7860,1.85
photo,1428647,512,512,95,zen,0.800,0.550,36217,81.4946,1.8751,1.87
photo,1428647,512,512,95,zen,1.200,0.550,31281,78.7211,2.2555,1.68
photo,1428647,512,512,95,zen,1.800,0.550,27025,75.9181,2.8644,1.76
photo,1428647,512,512,95,zen,2.500,0.550,23470,73.8023,3.0725,1.56
photo,144200,512,512,10,cjpegli,0.000,15.267,4946,35.4505,6.0616,5.58
photo,144200,512,512,10,zen,-0.400,15.267,5068,34.0988,7.1302,1.44
photo,144200,512,512,10,zen,-0.250,15.267,5042,36.1356,6.0377,1.36
photo,144200,512,512,10,zen,-0.150,15.267,4998,35.9309,6.2345,1.44
photo,144200,512,512,10,zen,-0.080,15.267,4984,35.6433,6.1360,1.40
photo,144200,512,512,10,zen,0.000,15.267,4984,35.6470,6.1360,1.37
photo,144200,512,512,10,zen,0.050,15.267,4971,35.2999,6.0371,1.35
photo,144200,512,512,10,zen,0.120,15.267,4967,35.2649,6.0447,1.38
photo,144200,512,512,10,zen,0.200,15.267,4949,34.3264,6.5178,1.61
photo,144200,512,512,10,zen,0.300,15.267,4933,34.2808,6.4719,1.36
photo,144200,512,512,10,zen,0.500,15.267,4893,33.6981,6.8108,1.38
photo,144200,512,512,10,zen,0.800,15.267,4853,30.3602,6.3543,1.41
photo,144200,512,512,10,zen,1.200,15.267,4745,32.9980,5.8113,1.59
photo,144200,512,512,10,zen,1.800,15.267,4663,28.6563,6.4359,1.35
photo,144200,512,512,10,zen,2.500,15.267,4569,27.9845,7.3877,1.44
photo,144200,512,512,30,cjpegli,0.000,6.400,8467,60.7435,4.0956,5.59
photo,144200,512,512,30,zen,-0.400,6.400,8872,62.1618,4.0314,1.40
photo,144200,512,512,30,zen,-0.250,6.400,8813,62.0691,4.0404,1.61
photo,144200,512,512,30,zen,-0.150,6.400,8729,61.9262,4.0890,1.47
photo,144200,512,512,30,zen,-0.080,6.400,8561,60.8536,4.0947,1.46
photo,144200,512,512,30,zen,0.000,6.400,8506,60.7313,4.0811,1.39
photo,144200,512,512,30,zen,0.050,6.400,8495,60.6628,4.0927,1.36
photo,144200,512,512,30,zen,0.120,6.400,8448,59.9844,4.1593,1.63
photo,144200,512,512,30,zen,0.200,6.400,8401,59.8592,4.1603,1.55
photo,144200,512,512,30,zen,0.300,6.400,8327,60.1281,4.2129,1.51
photo,144200,512,512,30,zen,0.500,6.400,8051,59.7377,4.3832,1.41
photo,144200,512,512,30,zen,0.800,6.400,7891,55.9969,4.2722,1.41
photo,144200,512,512,30,zen,1.200,6.400,7629,55.1490,4.4427,1.42
photo,144200,512,512,30,zen,1.800,6.400,7285,53.4850,4.7839,1.72
photo,144200,512,512,30,zen,2.500,6.400,6986,53.1044,4.6765,1.46
photo,144200,512,512,50,cjpegli,0.000,4.600,10268,66.7996,3.5482,5.79
photo,144200,512,512,50,zen,-0.400,4.600,10964,67.9097,3.4710,1.45
photo,144200,512,512,50,zen,-0.250,4.600,10778,67.2768,3.4957,1.50
photo,144200,512,512,50,zen,-0.150,4.600,10488,66.7395,3.5417,1.44
photo,144200,512,512,50,zen,-0.080,4.600,10451,66.7456,3.5878,1.60
photo,144200,512,512,50,zen,0.000,4.600,10318,66.6814,3.5493,1.42
photo,144200,512,512,50,zen,0.050,4.600,10312,66.6253,3.5494,1.45
photo,144200,512,512,50,zen,0.120,4.600,10259,65.9738,3.7918,1.42
photo,144200,512,512,50,zen,0.200,4.600,10132,65.9647,3.7512,1.50
photo,144200,512,512,50,zen,0.300,4.600,9964,65.5268,3.8104,1.42
photo,144200,512,512,50,zen,0.500,4.600,9835,65.6711,4.0465,1.73
photo,144200,512,512,50,zen,0.800,4.600,9373,65.0806,3.9062,1.41
photo,144200,512,512,50,zen,1.200,4.600,9079,62.9320,3.9030,1.39
photo,144200,512,512,50,zen,1.800,4.600,8506,60.7313,4.0811,1.46
photo,144200,512,512,50,zen,2.500,4.600,7953,57.9508,4.1286,1.53
photo,144200,512,512,70,cjpegli,0.000,2.800,13868,74.0702,2.8644,5.66
photo,144200,512,512,70,zen,-0.400,2.800,15149,76.0564,2.4175,1.48
photo,144200,512,512,70,zen,-0.250,2.800,14697,75.2248,2.3844,1.75
photo,144200,512,512,70,zen,-0.150,2.800,14384,74.7332,2.4843,1.53
photo,144200,512,512,70,zen,-0.080,2.800,14198,74.3882,2.6140,1.64
photo,144200,512,512,70,zen,0.000,2.800,13853,73.9312,2.8751,1.48
photo,144200,512,512,70,zen,0.050,2.800,13802,73.9517,2.8782,1.46
photo,144200,512,512,70,zen,0.120,2.800,13502,74.1603,2.8661,1.66
photo,144200,512,512,70,zen,0.200,2.800,13230,73.8399,2.8892,1.44
photo,144200,512,512,70,zen,0.300,2.800,13037,73.8891,3.0975,1.73
photo,144200,512,512,70,zen,0.500,2.800,12562,72.6383,2.9842,1.48
photo,144200,512,512,70,zen,0.800,2.800,11858,70.9702,3.2758,1.47
photo,144200,512,512,70,zen,1.200,2.800,11140,68.3238,3.5127,1.74
photo,144200,512,512,70,zen,1.800,2.800,10318,66.6814,3.5493,1.46
photo,144200,512,512,70,zen,2.500,2.800,9589,65.1947,4.0221,1.48
photo,144200,512,512,85,cjpegli,0.000,1.450,20626,80.9786,1.8042,6.29
photo,144200,512,512,85,zen,-0.400,1.450,25611,83.1009,1.7362,1.79
photo,144200,512,512,85,zen,-0.250,1.450,23749,82.4131,1.7348,1.53
photo,144200,512,512,85,zen,-0.150,1.450,22378,81.6338,1.7496,1.85
photo,144200,512,512,85,zen,-0.080,1.450,21566,81.2196,1.7298,1.57
photo,144200,512,512,85,zen,0.000,1.450,20692,80.9925,1.7338,1.51
photo,144200,512,512,85,zen,0.050,1.450,20154,80.6546,1.8060,1.52
photo,144200,512,512,85,zen,0.120,1.450,19515,80.0767,1.8452,1.48
photo,144200,512,512,85,zen,0.200,1.450,18915,79.6374,1.9156,1.53
photo,144200,512,512,85,zen,0.300,1.450,18318,79.0250,2.0585,1.54
photo,144200,512,512,85,zen,0.500,1.450,17236,78.2023,2.0524,1.49
photo,144200,512,512,85,zen,0.800,1.450,15728,76.7017,2.2172,1.47
photo,144200,512,512,85,zen,1.200,1.450,14384,74.7332,2.4843,1.66
photo,144200,512,512,85,zen,1.800,1.450,12666,72.7278,2.9860,1.52
photo,144200,512,512,85,zen,2.500,1.450,11238,69.1952,3.4765,1.44
photo,144200,512,512,95,cjpegli,0.000,0.550,41118,86.8309,1.4220,6.28
photo,144200,512,512,95,zen,-0.400,0.550,96440,90.2989,1.0352,2.56
photo,144200,512,512,95,zen,-0.250,0.550,61340,89.1274,1.1035,1.87
photo,144200,512,512,95,zen,-0.150,0.550,51071,88.1846,1.3468,1.86
photo,144200,512,512,95,zen,-0.080,0.550,44830,87.2661,1.3173,1.87
photo,144200,512,512,95,zen,0.000,0.550,40947,86.8181,1.3227,1.70
photo,144200,512,512,95,zen,0.050,0.550,37821,86.2726,1.6742,1.70
photo,144200,512,512,95,zen,0.120,0.550,34955,85.8244,1.6741,1.65
photo,144200,512,512,95,zen,0.200,0.550,32597,85.2236,1.6921,1.58
photo,144200,512,512,95,zen,0.300,0.550,29944,84.6003,1.7142,1.59
photo,144200,512,512,95,zen,0.500,0.550,25611,83.1009,1.7362,1.52
photo,144200,512,512,95,zen,0.800,0.550,21688,81.3006,1.7700,1.53
photo,144200,512,512,95,zen,1.200,0.550,18318,79.0250,2.0585,1.50
photo,144200,512,512,95,zen,1.800,0.550,15376,76.2487,2.3121,1.46
photo,144200,512,512,95,zen,2.500,0.550,13154,73.7354,2.8959,1.76
photo,144428,512,512,10,cjpegli,0.000,15.267,9837,32.3254,7.8528,5.70
photo,144428,512,512,10,zen,-0.400,15.267,10097,32.3394,7.6108,1.45
photo,144428,512,512,10,zen,-0.250,15.267,10065,32.9581,7.5843,1.54
photo,144428,512,512,10,zen,-0.150,15.267,9918,32.4795,7.8827,1.62
photo,144428,512,512,10,zen,-0.080,15.267,9903,32.2277,7.8552,1.61
photo,144428,512,512,10,zen,0.000,15.267,9882,32.2057,7.8521,1.44
photo,144428,512,512,10,zen,0.050,15.267,9879,32.2131,7.6754,1.47
photo,144428,512,512,10,zen,0.120,15.267,9853,32.0874,7.7127,1.46
photo,144428,512,512,10,zen,0.200,15.267,9809,30.1035,7.4077,1.47
photo,144428,512,512,10,zen,0.300,15.267,9772,30.0760,7.4425,1.43
photo,144428,512,512,10,zen,0.500,15.267,9658,29.6484,7.5172,1.44
photo,144428,512,512,10,zen,0.800,15.267,9513,29.0462,8.0177,1.45
photo,144428,512,512,10,zen,1.200,15.267,9367,28.0311,7.4429,1.43
photo,144428,512,512,10,zen,1.800,15.267,9102,25.9091,7.7191,1.46
photo,144428,512,512,10,zen,2.500,15.267,8859,24.5545,7.8477,1.45
photo,144428,512,512,30,cjpegli,0.000,6.400,17092,56.2562,5.5991,5.78
photo,144428,512,512,30,zen,-0.400,6.400,17787,57.5766,5.0092,1.51
photo,144428,512,512,30,zen,-0.250,6.400,17646,57.2704,4.9888,1.52
photo,144428,512,512,30,zen,-0.150,6.400,17517,57.1391,5.0006,1.53
photo,144428,512,512,30,zen,-0.080,6.400,17207,56.2788,5.2520,1.53
photo,144428,512,512,30,zen,0.000,6.400,17111,56.1485,5.2510,1.53
photo,144428,512,512,30,zen,0.050,6.400,17052,56.0400,5.3851,1.59
photo,144428,512,512,30,zen,0.120,6.400,16922,55.6708,5.2936,1.51
photo,144428,512,512,30,zen,0.200,6.400,16852,55.6317,5.2811,1.52
photo,144428,512,512,30,zen,0.300,6.400,16769,55.2961,5.1951,1.73
photo,144428,512,512,30,zen,0.500,6.400,16325,54.2039,5.1358,1.53
photo,144428,512,512,30,zen,0.800,6.400,15961,53.5230,5.2100,1.48
photo,144428,512,512,30,zen,1.200,6.400,15401,51.7985,5.9222,1.48
photo,144428,512,512,30,zen,1.800,6.400,14796,50.4576,6.0538,1.55
photo,144428,512,512,30,zen,2.500,6.400,14059,48.5128,6.0244,1.83
photo,144428,512,512,50,cjpegli,0.000,4.600,20409,61.7734,4.8597,5.82
photo,144428,512,512,50,zen,-0.400,4.600,21577,63.2292,4.7787,1.58
photo,144428,512,512,50,zen,-0.250,4.600,21231,62.6369,4.8671,1.56
photo,144428,512,512,50,zen,-0.150,4.600,20710,61.9530,4.8399,1.54
photo,144428,512,512,50,zen,-0.080,4.600,20635,61.8628,4.8201,1.84
photo,144428,512,512,50,zen,0.000,4.600,20342,61.5211,4.7916,1.54
photo,144428,512,512,50,zen,0.050,4.600,20296,61.4608,4.7950,1.53
photo,144428,512,512,50,zen,0.120,4.600,20200,60.9481,4.9214,1.55
photo,144428,512,512,50,zen,0.200,4.600,20063,60.8187,4.9229,1.64
photo,144428,512,512,50,zen,0.300,4.600,19719,60.4062,4.9293,1.57
photo,144428,512,512,50,zen,0.500,4.600,19449,60.0325,5.0166,1.70
photo,144428,512,512,50,zen,0.800,4.600,18692,58.7063,5.1598,1.55
photo,144428,512,512,50,zen,1.200,4.600,18163,58.0410,5.0676,1.54
photo,144428,512,512,50,zen,1.800,4.600,17111,56.1485,5.2510,1.51
photo,144428,512,512,50,zen,2.500,4.600,16110,53.7389,5.2628,1.54
photo,144428,512,512,70,cjpegli,0.000,2.800,26794,69.1196,3.8996,6.08
photo,144428,512,512,70,zen,-0.400,2.800,29002,70.8676,3.8358,1.65
photo,144428,512,512,70,zen,-0.250,2.800,28274,70.2599,3.8585,1.67
photo,144428,512,512,70,zen,-0.150,2.800,27709,69.6305,3.9052,1.68
photo,144428,512,512,70,zen,-0.080,2.800,27307,69.4103,3.8219,1.65
photo,144428,512,512,70,zen,0.000,2.800,26798,68.9774,3.8826,1.59
photo,144428,512,512,70,zen,0.050,2.800,26654,68.7048,4.0242,1.62
photo,144428,512,512,70,zen,0.120,2.800,26183,68.4538,4.2358,1.70
photo,144428,512,512,70,zen,0.200,2.800,25557,67.9377,4.3021,1.71
photo,144428,512,512,70,zen,0.300,2.800,25274,67.8845,4.3301,1.60
photo,144428,512,512,70,zen,0.500,2.800,24470,66.7282,4.5250,1.85
photo,144428,512,512,70,zen,0.800,2.800,23266,65.1956,4.5999,1.87
photo,144428,512,512,70,zen,1.200,2.800,21943,63.7343,4.6325,1.55
photo,144428,512,512,70,zen,1.800,2.800,20342,61.5211,4.7916,1.54
photo,144428,512,512,70,zen,2.500,2.800,19026,59.1507,5.5117,1.52
photo,144428,512,512,85,cjpegli,0.000,1.450,38824,76.1754,2.9418,6.00
photo,144428,512,512,85,zen,-0.400,1.450,47602,79.4384,2.4424,2.27
photo,144428,512,512,85,zen,-0.250,1.450,43957,78.2221,2.4613,1.69
photo,144428,512,512,85,zen,-0.150,1.450,41486,77.1525,2.8966,1.74
photo,144428,512,512,85,zen,-0.080,1.450,40111,76.6623,2.8600,1.71
photo,144428,512,512,85,zen,0.000,1.450,38667,75.9896,3.0129,1.76
photo,144428,512,512,85,zen,0.050,1.450,37672,75.2487,3.2794,1.71
photo,144428,512,512,85,zen,0.120,1.450,36666,74.9844,3.3660,1.73
photo,144428,512,512,85,zen,0.200,1.450,35589,74.4125,3.4096,1.67
photo,144428,512,512,85,zen,0.300,1.450,34614,74.0988,3.2108,1.69
photo,144428,512,512,85,zen,0.500,1.450,32775,73.0445,3.5045,1.70
photo,144428,512,512,85,zen,0.800,1.450,30136,71.4978,3.7436,1.67
photo,144428,512,512,85,zen,1.200,1.450,27709,69.6305,3.9052,1.65
photo,144428,512,512,85,zen,1.800,1.450,24645,66.9889,4.3343,1.58
photo,144428,512,512,85,zen,2.500,1.450,22100,63.9918,4.7588,1.54
photo,144428,512,512,95,cjpegli,0.000,0.550,73221,83.6191,2.2431,7.15
photo,144428,512,512,95,zen,-0.400,0.550,145260,86.2291,1.9062,2.46
photo,144428,512,512,95,zen,-0.250,0.550,103941,85.3428,1.9341,2.23
photo,144428,512,512,95,zen,-0.150,0.550,88879,84.9233,1.9190,2.07
photo,144428,512,512,95,zen,-0.080,0.550,79576,84.4912,1.9026,1.97
photo,144428,512,512,95,zen,0.000,0.550,73126,83.5518,1.8826,1.93
photo,144428,512,512,95,zen,0.050,0.550,68285,83.3386,1.9100,1.94
photo,144428,512,512,95,zen,0.120,0.550,63746,82.8558,1.9922,1.86
photo,144428,512,512,95,zen,0.200,0.550,59676,82.1847,2.0832,1.88
photo,144428,512,512,95,zen,0.300,0.550,54885,81.3416,2.1588,1.77
photo,144428,512,512,95,zen,0.500,0.550,47602,79.4384,2.4424,1.76
photo,144428,512,512,95,zen,0.800,0.550,40395,76.7060,2.8975,1.73
photo,144428,512,512,95,zen,1.200,0.550,34614,74.0988,3.2108,1.79
photo,144428,512,512,95,zen,1.800,0.550,29462,71.1015,3.7369,1.65
photo,144428,512,512,95,zen,2.500,0.550,25418,67.6783,4.3613,1.81
photo,1454613116,512,512,10,cjpegli,0.000,15.267,9849,60.7575,8.6894,5.51
photo,1454613116,512,512,10,zen,-0.400,15.267,10226,69.4959,7.9727,1.58
photo,1454613116,512,512,10,zen,-0.250,15.267,10198,70.6430,7.6418,1.58
photo,1454613116,512,512,10,zen,-0.150,15.267,10158,70.3182,8.1443,1.64
photo,1454613116,512,512,10,zen,-0.080,15.267,10132,70.0398,8.3254,1.63
photo,1454613116,512,512,10,zen,0.000,15.267,10095,70.0268,8.3191,1.84
photo,1454613116,512,512,10,zen,0.050,15.267,10087,69.8674,8.3500,1.86
photo,1454613116,512,512,10,zen,0.120,15.267,10086,69.6493,8.3628,1.61
photo,1454613116,512,512,10,zen,0.200,15.267,10060,68.3815,8.9666,1.63
photo,1454613116,512,512,10,zen,0.300,15.267,10028,68.4161,8.9411,1.89
photo,1454613116,512,512,10,zen,0.500,15.267,9885,68.9918,8.1356,1.91
photo,1454613116,512,512,10,zen,0.800,15.267,9817,69.6083,8.3250,1.60
photo,1454613116,512,512,10,zen,1.200,15.267,9723,67.9736,8.9395,1.58
photo,1454613116,512,512,10,zen,1.800,15.267,9594,67.0729,8.2454,1.58
photo,1454613116,512,512,10,zen,2.500,15.267,9399,66.5984,8.7549,1.56
photo,1454613116,512,512,30,cjpegli,0.000,6.400,14318,72.1113,5.3199,6.11
photo,1454613116,512,512,30,zen,-0.400,6.400,14781,80.4543,5.0864,1.62
photo,1454613116,512,512,30,zen,-0.250,6.400,14657,80.2484,5.3239,1.83
photo,1454613116,512,512,30,zen,-0.150,6.400,14599,80.0638,5.2470,1.67
photo,1454613116,512,512,30,zen,-0.080,6.400,14465,80.1485,5.2134,1.63
photo,1454613116,512,512,30,zen,0.000,6.400,14404,79.7752,5.6169,1.71
photo,1454613116,512,512,30,zen,0.050,6.400,14356,79.6373,5.6345,1.73
photo,1454613116,512,512,30,zen,0.120,6.400,14309,79.6912,5.6309,1.57
photo,1454613116,512,512,30,zen,0.200,6.400,14261,79.6003,5.7656,1.62
photo,1454613116,512,512,30,zen,0.300,6.400,14182,78.6669,6.1796,1.58
photo,1454613116,512,512,30,zen,0.500,6.400,14021,77.8539,5.4137,1.67
photo,1454613116,512,512,30,zen,0.800,6.400,13796,77.8879,6.1749,1.86
photo,1454613116,512,512,30,zen,1.200,6.400,13513,78.1779,6.1337,1.65
photo,1454613116,512,512,30,zen,1.800,6.400,13057,76.8685,5.8724,1.66
photo,1454613116,512,512,30,zen,2.500,6.400,12611,76.1636,7.2045,1.60
photo,1454613116,512,512,50,cjpegli,0.000,4.600,16215,77.6969,4.9477,5.52
photo,1454613116,512,512,50,zen,-0.400,4.600,16881,83.4102,3.8128,1.70
photo,1454613116,512,512,50,zen,-0.250,4.600,16673,83.4990,3.8586,1.62
photo,1454613116,512,512,50,zen,-0.150,4.600,16541,83.6900,4.0514,1.73
photo,1454613116,512,512,50,zen,-0.080,4.600,16483,83.5890,4.1146,1.60
photo,1454613116,512,512,50,zen,0.000,4.600,16313,83.2995,3.8063,1.60
photo,1454613116,512,512,50,zen,0.050,4.600,16256,83.1282,3.7592,1.64
photo,1454613116,512,512,50,zen,0.120,4.600,16199,82.9642,3.9496,1.71
photo,1454613116,512,512,50,zen,0.200,4.600,16150,82.8859,4.2832,1.61
photo,1454613116,512,512,50,zen,0.300,4.600,15999,82.5198,3.9464,1.59
photo,1454613116,512,512,50,zen,0.500,4.600,15816,82.1420,4.0570,1.61
photo,1454613116,512,512,50,zen,0.800,4.600,15421,81.2027,4.1673,1.76
photo,1454613116,512,512,50,zen,1.200,4.600,14990,81.0813,4.5795,1.58
photo,1454613116,512,512,50,zen,1.800,4.600,14404,79.7752,5.6169,1.62
photo,1454613116,512,512,50,zen,2.500,4.600,13900,77.8406,5.7197,1.65
photo,1454613116,512,512,70,cjpegli,0.000,2.800,19558,84.2478,2.3674,5.70
photo,1454613116,512,512,70,zen,-0.400,2.800,20620,87.8012,1.9965,1.68
photo,1454613116,512,512,70,zen,-0.250,2.800,20223,87.4063,2.1109,1.71
photo,1454613116,512,512,70,zen,-0.150,2.800,19865,87.1783,2.0971,1.74
photo,1454613116,512,512,70,zen,-0.080,2.800,19742,86.8840,2.0761,1.68
photo,1454613116,512,512,70,zen,0.000,2.800,19467,86.7398,2.2092,1.67
photo,1454613116,512,512,70,zen,0.050,2.800,19395,86.4734,2.8340,1.65
photo,1454613116,512,512,70,zen,0.120,2.800,19136,86.5801,2.5540,1.62
photo,1454613116,512,512,70,zen,0.200,2.800,18949,86.4526,2.7080,1.67
photo,1454613116,512,512,70,zen,0.300,2.800,18792,86.3033,2.6060,1.75
photo,1454613116,512,512,70,zen,0.500,2.800,18402,86.0915,2.8681,1.67
photo,1454613116,512,512,70,zen,0.800,2.800,17793,85.2741,3.5386,1.60
photo,1454613116,512,512,70,zen,1.200,2.800,17136,84.1004,3.8324,1.62
photo,1454613116,512,512,70,zen,1.800,2.800,16313,83.2995,3.8063,1.65
photo,1454613116,512,512,70,zen,2.500,2.800,15554,81.3826,4.1891,1.71
photo,1454613116,512,512,85,cjpegli,0.000,1.450,24231,89.2211,1.4106,5.77
photo,1454613116,512,512,85,zen,-0.400,1.450,26751,91.6332,0.8593,1.69
photo,1454613116,512,512,85,zen,-0.250,1.450,25690,91.1865,1.0236,1.72
photo,1454613116,512,512,85,zen,-0.150,1.450,25079,90.9344,1.2338,1.68
photo,1454613116,512,512,85,zen,-0.080,1.450,24582,90.7189,1.1264,1.69
photo,1454613116,512,512,85,zen,0.000,1.450,24164,90.2722,1.1402,1.73
photo,1454613116,512,512,85,zen,0.050,1.450,23928,90.1819,1.2527,1.66
photo,1454613116,512,512,85,zen,0.120,1.450,23571,90.0748,1.2518,1.68
photo,1454613116,512,512,85,zen,0.200,1.450,23160,89.5952,1.2822,1.69
photo,1454613116,512,512,85,zen,0.300,1.450,22791,89.5405,1.4937,1.66
photo,1454613116,512,512,85,zen,0.500,1.450,22060,88.9278,1.5583,1.66
photo,1454613116,512,512,85,zen,0.800,1.450,21074,88.2725,1.8452,1.67
photo,1454613116,512,512,85,zen,1.200,1.450,19865,87.1783,2.0971,1.72
photo,1454613116,512,512,85,zen,1.800,1.450,18468,86.1107,2.7493,2.06
photo,1454613116,512,512,85,zen,2.500,1.450,17226,84.5689,4.1191,1.62
photo,1454613116,512,512,95,cjpegli,0.000,0.550,32702,93.2760,0.7235,5.91
photo,1454613116,512,512,95,zen,-0.400,0.550,43899,94.9611,0.1940,1.76
photo,1454613116,512,512,95,zen,-0.250,0.550,38235,94.4545,0.3220,1.82
photo,1454613116,512,512,95,zen,-0.150,0.550,35708,94.1936,0.4654,1.75
photo,1454613116,512,512,95,zen,-0.080,0.550,33784,93.9330,0.4792,1.71
photo,1454613116,512,512,95,zen,0.000,0.550,32639,93.6072,0.5462,1.71
photo,1454613116,512,512,95,zen,0.050,0.550,31646,93.5161,0.6912,1.73
photo,1454613116,512,512,95,zen,0.120,0.550,30620,92.9559,0.7341,1.82
photo,1454613116,512,512,95,zen,0.200,0.550,29668,92.6849,0.7386,1.72
photo,1454613116,512,512,95,zen,0.300,0.550,28664,92.4402,0.7516,1.76
photo,1454613116,512,512,95,zen,0.500,0.550,26751,91.6332,0.8593,1.72
photo,1454613116,512,512,95,zen,0.800,0.550,24660,90.7401,1.1303,1.68
photo,1454613116,512,512,95,zen,1.200,0.550,22791,89.5405,1.4937,1.71
photo,1454613116,512,512,95,zen,1.800,0.550,20782,87.8709,1.7727,1.71
photo,1454613116,512,512,95,zen,2.500,0.550,18883,86.4048,2.6418,1.94
graphic,codec_wiki,2560,1664,10,cjpegli,0.000,15.267,62234,59.8531,10.7621,36.03
graphic,codec_wiki,2560,1664,10,zen,-0.400,15.267,63503,60.1508,11.6256,23.32
graphic,codec_wiki,2560,1664,10,zen,-0.250,15.267,63325,59.5512,11.0305,23.10
graphic,codec_wiki,2560,1664,10,zen,-0.150,15.267,63039,59.5519,10.4641,23.41
graphic,codec_wiki,2560,1664,10,zen,-0.080,15.267,62877,60.2525,10.6740,24.42
graphic,codec_wiki,2560,1664,10,zen,0.000,15.267,62872,60.2063,10.6603,22.73
graphic,codec_wiki,2560,1664,10,zen,0.050,15.267,62818,58.0301,10.8300,25.60
graphic,codec_wiki,2560,1664,10,zen,0.120,15.267,62702,57.8987,10.9676,23.03
graphic,codec_wiki,2560,1664,10,zen,0.200,15.267,62695,56.9323,11.8236,23.51
graphic,codec_wiki,2560,1664,10,zen,0.300,15.267,62224,56.1252,11.7721,22.95
graphic,codec_wiki,2560,1664,10,zen,0.500,15.267,61841,55.2558,11.3041,24.42
graphic,codec_wiki,2560,1664,10,zen,0.800,15.267,61306,54.3979,10.8857,23.93
graphic,codec_wiki,2560,1664,10,zen,1.200,15.267,60423,57.7943,11.1672,24.41
graphic,codec_wiki,2560,1664,10,zen,1.800,15.267,59619,58.6878,11.4824,23.12
graphic,codec_wiki,2560,1664,10,zen,2.500,15.267,58828,56.0588,12.2594,23.74
graphic,codec_wiki,2560,1664,30,cjpegli,0.000,6.400,89521,70.6875,8.1833,38.74
graphic,codec_wiki,2560,1664,30,zen,-0.400,6.400,92344,71.0696,8.0668,24.00
graphic,codec_wiki,2560,1664,30,zen,-0.250,6.400,91475,70.8225,8.2826,24.02
graphic,codec_wiki,2560,1664,30,zen,-0.150,6.400,90665,70.7392,8.1783,24.87
graphic,codec_wiki,2560,1664,30,zen,-0.080,6.400,89995,71.5381,7.3303,24.90
graphic,codec_wiki,2560,1664,30,zen,0.000,6.400,89572,71.4368,7.2636,23.96
graphic,codec_wiki,2560,1664,30,zen,0.050,6.400,89392,71.3513,7.2983,23.38
graphic,codec_wiki,2560,1664,30,zen,0.120,6.400,88922,70.5320,7.1895,23.43
graphic,codec_wiki,2560,1664,30,zen,0.200,6.400,88633,70.5570,7.1576,24.01
graphic,codec_wiki,2560,1664,30,zen,0.300,6.400,88137,70.2021,7.5925,23.29
graphic,codec_wiki,2560,1664,30,zen,0.500,6.400,86802,68.9151,8.6826,23.02
graphic,codec_wiki,2560,1664,30,zen,0.800,6.400,85083,68.5483,9.2047,23.28
graphic,codec_wiki,2560,1664,30,zen,1.200,6.400,83546,69.0376,10.0967,23.04
graphic,codec_wiki,2560,1664,30,zen,1.800,6.400,81128,68.1974,8.5685,23.08
graphic,codec_wiki,2560,1664,30,zen,2.500,6.400,78087,66.7180,9.1968,22.94
graphic,codec_wiki,2560,1664,50,cjpegli,0.000,4.600,104293,73.4758,8.0774,38.52
graphic,codec_wiki,2560,1664,50,zen,-0.400,4.600,108269,75.1333,6.2112,23.52
graphic,codec_wiki,2560,1664,50,zen,-0.250,4.600,106860,74.4015,6.5183,24.02
graphic,codec_wiki,2560,1664,50,zen,-0.150,4.600,105613,74.3001,6.5687,24.50
graphic,codec_wiki,2560,1664,50,zen,-0.080,4.600,104954,74.2578,6.5522,23.25
graphic,codec_wiki,2560,1664,50,zen,0.000,4.600,103661,74.0113,6.5050,27.06
graphic,codec_wiki,2560,1664,50,zen,0.050,4.600,103262,74.0399,6.4884,23.55
graphic,codec_wiki,2560,1664,50,zen,0.120,4.600,102747,73.3571,6.9066,23.87
graphic,codec_wiki,2560,1664,50,zen,0.200,4.600,102166,73.2671,6.8685,23.99
graphic,codec_wiki,2560,1664,50,zen,0.300,4.600,100982,73.0564,6.6186,24.00
graphic,codec_wiki,2560,1664,50,zen,0.500,4.600,99716,72.4283,6.5946,29.05
graphic,codec_wiki,2560,1664,50,zen,0.800,4.600,96894,72.2692,6.8890,23.23
graphic,codec_wiki,2560,1664,50,zen,1.200,4.600,93887,71.9972,7.2098,22.89
graphic,codec_wiki,2560,1664,50,zen,1.800,4.600,89572,71.4368,7.2636,22.82
graphic,codec_wiki,2560,1664,50,zen,2.500,4.600,86088,67.9584,9.0174,23.13
graphic,codec_wiki,2560,1664,70,cjpegli,0.000,2.800,127942,77.4768,7.0784,39.16
graphic,codec_wiki,2560,1664,70,zen,-0.400,2.800,135549,79.1800,6.1184,23.28
graphic,codec_wiki,2560,1664,70,zen,-0.250,2.800,132535,79.0577,6.2465,23.93
graphic,codec_wiki,2560,1664,70,zen,-0.150,2.800,130614,78.1010,6.4105,23.42
graphic,codec_wiki,2560,1664,70,zen,-0.080,2.800,129604,77.8993,6.3161,23.10
graphic,codec_wiki,2560,1664,70,zen,0.000,2.800,127962,77.8114,6.3057,23.88
graphic,codec_wiki,2560,1664,70,zen,0.050,2.800,127428,77.7238,6.4995,23.09
graphic,codec_wiki,2560,1664,70,zen,0.120,2.800,125672,77.5618,6.3817,22.97
graphic,codec_wiki,2560,1664,70,zen,0.200,2.800,123753,77.3420,6.2873,23.82
graphic,codec_wiki,2560,1664,70,zen,0.300,2.800,122610,77.4748,6.2512,23.78
graphic,codec_wiki,2560,1664,70,zen,0.500,2.800,119581,77.0534,6.5850,23.58
graphic,codec_wiki,2560,1664,70,zen,0.800,2.800,114694,76.5652,6.2728,23.26
graphic,codec_wiki,2560,1664,70,zen,1.200,2.800,110060,75.4916,5.9528,24.54
graphic,codec_wiki,2560,1664,70,zen,1.800,2.800,103661,74.0113,6.5050,22.97
graphic,codec_wiki,2560,1664,70,zen,2.500,2.800,97706,72.2502,6.1375,24.84
graphic,codec_wiki,2560,1664,85,cjpegli,0.000,1.450,161867,80.8812,7.1683,38.85
graphic,codec_wiki,2560,1664,85,zen,-0.400,1.450,180482,82.3263,6.1166,24.33
graphic,codec_wiki,2560,1664,85,zen,-0.250,1.450,172773,81.9866,6.2114,23.82
graphic,codec_wiki,2560,1664,85,zen,-0.150,1.450,167857,81.6897,6.0216,24.57
graphic,codec_wiki,2560,1664,85,zen,-0.080,1.450,165240,81.5354,6.1513,25.10
graphic,codec_wiki,2560,1664,85,zen,0.000,1.450,161455,81.6330,6.5579,24.66
graphic,codec_wiki,2560,1664,85,zen,0.050,1.450,159634,81.5610,6.5432,24.87
graphic,codec_wiki,2560,1664,85,zen,0.120,1.450,157082,81.3224,6.7160,23.67
graphic,codec_wiki,2560,1664,85,zen,0.200,1.450,154354,81.2414,6.5750,24.14
graphic,codec_wiki,2560,1664,85,zen,0.300,1.450,151784,80.9170,6.5815,23.89
graphic,codec_wiki,2560,1664,85,zen,0.500,1.450,146558,79.9162,6.1887,23.54
graphic,codec_wiki,2560,1664,85,zen,0.800,1.450,139146,79.5722,5.9701,23.80
graphic,codec_wiki,2560,1664,85,zen,1.200,1.450,130614,78.1010,6.4105,23.35
graphic,codec_wiki,2560,1664,85,zen,1.800,1.450,120188,77.0747,6.5306,23.14
graphic,codec_wiki,2560,1664,85,zen,2.500,1.450,110530,75.6502,6.0583,23.00
graphic,codec_wiki,2560,1664,95,cjpegli,0.000,0.550,225447,82.8224,6.9714,40.05
graphic,codec_wiki,2560,1664,95,zen,-0.400,0.550,323587,83.5211,6.1252,24.61
graphic,codec_wiki,2560,1664,95,zen,-0.250,0.550,269752,83.3475,6.0250,24.07
graphic,codec_wiki,2560,1664,95,zen,-0.150,0.550,250069,83.1968,6.0370,23.93
graphic,codec_wiki,2560,1664,95,zen,-0.080,0.550,236221,83.1359,6.1433,23.83
graphic,codec_wiki,2560,1664,95,zen,0.000,0.550,225218,83.1083,6.1019,25.67
graphic,codec_wiki,2560,1664,95,zen,0.050,0.550,217377,82.9932,6.0958,23.78
graphic,codec_wiki,2560,1664,95,zen,0.120,0.550,209731,83.0978,6.1039,25.89
graphic,codec_wiki,2560,1664,95,zen,0.200,0.550,203046,83.0422,6.0725,23.83
graphic,codec_wiki,2560,1664,95,zen,0.300,0.550,195068,82.8312,6.0320,24.61
graphic,codec_wiki,2560,1664,95,zen,0.500,0.550,180482,82.3263,6.1166,24.29
graphic,codec_wiki,2560,1664,95,zen,0.800,0.550,165560,81.5963,6.1129,24.02
graphic,codec_wiki,2560,1664,95,zen,1.200,0.550,151784,80.9170,6.5815,20.62
graphic,codec_wiki,2560,1664,95,zen,1.800,0.550,136779,79.4135,6.1917,23.27
graphic,codec_wiki,2560,1664,95,zen,2.500,0.550,123282,77.3245,6.0870,23.89
graphic,gmessages,1440,3088,10,cjpegli,0.000,15.267,63054,60.2882,6.8884,38.43
graphic,gmessages,1440,3088,10,zen,-0.400,15.267,63650,60.5126,7.1961,24.42
graphic,gmessages,1440,3088,10,zen,-0.250,15.267,63482,60.2014,7.3300,25.40
graphic,gmessages,1440,3088,10,zen,-0.150,15.267,63240,60.3264,6.7889,24.43
graphic,gmessages,1440,3088,10,zen,-0.080,15.267,63017,60.2952,6.8091,24.55
graphic,gmessages,1440,3088,10,zen,0.000,15.267,63029,60.2872,6.8091,24.57
graphic,gmessages,1440,3088,10,zen,0.050,15.267,62930,59.9384,6.8060,24.71
graphic,gmessages,1440,3088,10,zen,0.120,15.267,62857,59.8900,6.9867,24.12
graphic,gmessages,1440,3088,10,zen,0.200,15.267,62575,61.3873,7.0761,24.30
graphic,gmessages,1440,3088,10,zen,0.300,15.267,62324,61.4331,7.2226,26.53
graphic,gmessages,1440,3088,10,zen,0.500,15.267,61858,61.0167,7.9647,24.17
graphic,gmessages,1440,3088,10,zen,0.800,15.267,61590,55.7576,7.4160,24.65
graphic,gmessages,1440,3088,10,zen,1.200,15.267,60890,59.4044,7.6940,24.75
graphic,gmessages,1440,3088,10,zen,1.800,15.267,60192,59.6387,7.1270,24.44
graphic,gmessages,1440,3088,10,zen,2.500,15.267,59533,53.2930,7.6182,25.47
graphic,gmessages,1440,3088,30,cjpegli,0.000,6.400,90096,71.4186,4.6668,40.00
graphic,gmessages,1440,3088,30,zen,-0.400,6.400,92503,72.8293,4.5705,24.58
graphic,gmessages,1440,3088,30,zen,-0.250,6.400,91786,72.6856,4.4727,24.51
graphic,gmessages,1440,3088,30,zen,-0.150,6.400,91379,72.6308,4.4909,25.85
graphic,gmessages,1440,3088,30,zen,-0.080,6.400,90297,70.6353,4.5998,24.49
graphic,gmessages,1440,3088,30,zen,0.000,6.400,89799,70.4775,4.8818,24.31
graphic,gmessages,1440,3088,30,zen,0.050,6.400,89610,70.4576,4.8909,24.65
graphic,gmessages,1440,3088,30,zen,0.120,6.400,89080,70.2083,5.0928,24.81
graphic,gmessages,1440,3088,30,zen,0.200,6.400,88830,70.1341,5.1134,26.35
graphic,gmessages,1440,3088,30,zen,0.300,6.400,88333,71.7875,4.5777,25.24
graphic,gmessages,1440,3088,30,zen,0.500,6.400,87088,72.9512,4.9360,27.27
graphic,gmessages,1440,3088,30,zen,0.800,6.400,85680,71.5928,5.3460,35.22
graphic,gmessages,1440,3088,30,zen,1.200,6.400,84067,71.2062,5.4012,24.87
graphic,gmessages,1440,3088,30,zen,1.800,6.400,81479,70.0944,5.8456,25.90
graphic,gmessages,1440,3088,30,zen,2.500,6.400,78589,69.0673,6.2720,24.60
graphic,gmessages,1440,3088,50,cjpegli,0.000,4.600,104295,75.7682,4.2999,39.08
graphic,gmessages,1440,3088,50,zen,-0.400,4.600,108799,77.2448,4.1323,25.92
graphic,gmessages,1440,3088,50,zen,-0.250,4.600,107266,75.5229,4.2132,25.25
graphic,gmessages,1440,3088,50,zen,-0.150,4.600,105681,76.0702,4.2063,24.97
graphic,gmessages,1440,3088,50,zen,-0.080,4.600,105132,75.9799,4.3273,25.52
graphic,gmessages,1440,3088,50,zen,0.000,4.600,103893,75.8094,4.2637,24.52
graphic,gmessages,1440,3088,50,zen,0.050,4.600,103637,75.8014,4.2641,25.08
graphic,gmessages,1440,3088,50,zen,0.120,4.600,103295,76.8907,4.4763,24.79
graphic,gmessages,1440,3088,50,zen,0.200,4.600,102630,77.3346,4.4233,26.66
graphic,gmessages,1440,3088,50,zen,0.300,4.600,101047,77.1145,4.3316,33.96
graphic,gmessages,1440,3088,50,zen,0.500,4.600,99810,76.5545,4.4957,25.16
graphic,gmessages,1440,3088,50,zen,0.800,4.600,96929,75.2394,4.6534,25.10
graphic,gmessages,1440,3088,50,zen,1.200,4.600,94009,74.2667,4.9491,26.56
graphic,gmessages,1440,3088,50,zen,1.800,4.600,89799,70.4775,4.8818,24.89
graphic,gmessages,1440,3088,50,zen,2.500,4.600,86290,71.8761,5.2120,24.52
graphic,gmessages,1440,3088,70,cjpegli,0.000,2.800,130371,82.2057,3.2736,40.86
graphic,gmessages,1440,3088,70,zen,-0.400,2.800,138117,83.3164,2.8286,25.71
graphic,gmessages,1440,3088,70,zen,-0.250,2.800,135046,82.8246,3.0461,25.74
graphic,gmessages,1440,3088,70,zen,-0.150,2.800,132880,82.4982,3.0095,24.92
graphic,gmessages,1440,3088,70,zen,-0.080,2.800,131798,82.3306,3.1172,25.11
graphic,gmessages,1440,3088,70,zen,0.000,2.800,129879,82.0117,3.2121,26.69
graphic,gmessages,1440,3088,70,zen,0.050,2.800,129219,81.9640,3.1911,25.70
graphic,gmessages,1440,3088,70,zen,0.120,2.800,127269,81.6984,3.1737,24.82
graphic,gmessages,1440,3088,70,zen,0.200,2.800,125802,81.5196,3.3248,24.40
graphic,gmessages,1440,3088,70,zen,0.300,2.800,124421,81.4426,3.3193,26.74
graphic,gmessages,1440,3088,70,zen,0.500,2.800,121120,80.9671,3.4798,24.77
graphic,gmessages,1440,3088,70,zen,0.800,2.800,116369,78.0159,3.6424,26.90
graphic,gmessages,1440,3088,70,zen,1.200,2.800,110833,77.7747,3.6776,24.70
graphic,gmessages,1440,3088,70,zen,1.800,2.800,103893,75.8094,4.2637,24.71
graphic,gmessages,1440,3088,70,zen,2.500,2.800,97644,75.0401,4.8709,24.55
graphic,gmessages,1440,3088,85,cjpegli,0.000,1.450,166187,86.8419,2.0585,42.55
graphic,gmessages,1440,3088,85,zen,-0.400,1.450,186145,88.8750,1.6501,25.78
graphic,gmessages,1440,3088,85,zen,-0.250,1.450,178225,88.1418,1.8631,25.54
graphic,gmessages,1440,3088,85,zen,-0.150,1.450,172942,87.6827,2.1407,30.07
graphic,gmessages,1440,3088,85,zen,-0.080,1.450,169596,87.3866,2.0896,25.16
graphic,gmessages,1440,3088,85,zen,0.000,1.450,165951,87.0930,2.0685,26.24
graphic,gmessages,1440,3088,85,zen,0.050,1.450,164044,86.7964,2.0938,27.69
graphic,gmessages,1440,3088,85,zen,0.120,1.450,161258,86.5384,2.3015,26.56
graphic,gmessages,1440,3088,85,zen,0.200,1.450,157888,86.1541,2.4236,22.19
graphic,gmessages,1440,3088,85,zen,0.300,1.450,155219,85.7714,2.4044,25.76
graphic,gmessages,1440,3088,85,zen,0.500,1.450,149188,84.8515,2.5675,26.41
graphic,gmessages,1440,3088,85,zen,0.800,1.450,141596,83.6625,2.6526,24.92
graphic,gmessages,1440,3088,85,zen,1.200,1.450,132880,82.4982,3.0095,25.39
graphic,gmessages,1440,3088,85,zen,1.800,1.450,121770,80.9581,3.2901,24.61
graphic,gmessages,1440,3088,85,zen,2.500,1.450,111328,78.7383,3.9710,27.04
graphic,gmessages,1440,3088,95,cjpegli,0.000,0.550,235195,91.9617,1.0039,40.78
graphic,gmessages,1440,3088,95,zen,-0.400,0.550,330194,94.2154,0.4053,26.60
graphic,gmessages,1440,3088,95,zen,-0.250,0.550,280354,93.3665,0.6663,25.82
graphic,gmessages,1440,3088,95,zen,-0.150,0.550,258925,92.6351,0.7625,25.45
graphic,gmessages,1440,3088,95,zen,-0.080,0.550,244680,92.3135,0.8846,25.56
graphic,gmessages,1440,3088,95,zen,0.000,0.550,234483,91.9526,1.0912,25.60
graphic,gmessages,1440,3088,95,zen,0.050,0.550,226422,91.6081,1.0443,25.74
graphic,gmessages,1440,3088,95,zen,0.120,0.550,217731,91.1545,1.2062,25.56
graphic,gmessages,1440,3088,95,zen,0.200,0.550,210480,90.7711,1.2467,25.87
graphic,gmessages,1440,3088,95,zen,0.300,0.550,201564,90.0106,1.4419,25.78
graphic,gmessages,1440,3088,95,zen,0.500,0.550,186145,88.8750,1.6501,27.48
graphic,gmessages,1440,3088,95,zen,0.800,0.550,170053,87.4592,2.0939,25.33
graphic,gmessages,1440,3088,95,zen,1.200,0.550,155219,85.7714,2.4044,28.96
graphic,gmessages,1440,3088,95,zen,1.800,0.550,139342,83.3550,2.7538,25.65
graphic,gmessages,1440,3088,95,zen,2.500,0.550,125200,81.4186,3.3631,25.30
graphic,graph,796,481,10,cjpegli,0.000,15.267,7967,5.0717,8.9199,6.58
graphic,graph,796,481,10,zen,-0.400,15.267,8520,20.4920,8.8659,2.19
graphic,graph,796,481,10,zen,-0.250,15.267,8408,6.4440,9.0179,2.19
graphic,graph,796,481,10,zen,-0.150,15.267,8368,6.2892,8.9171,2.50
graphic,graph,796,481,10,zen,-0.080,15.267,8226,6.3274,8.8908,2.27
graphic,graph,796,481,10,zen,0.000,15.267,8225,6.3262,8.8802,2.43
graphic,graph,796,481,10,zen,0.050,15.267,8210,6.2306,8.8800,2.22
graphic,graph,796,481,10,zen,0.120,15.267,8196,6.9079,8.8497,2.24
graphic,graph,796,481,10,zen,0.200,15.267,8199,11.5366,8.7329,2.25
graphic,graph,796,481,10,zen,0.300,15.267,8172,11.5007,8.6794,2.25
graphic,graph,796,481,10,zen,0.500,15.267,8075,6.8241,8.9056,2.27
graphic,graph,796,481,10,zen,0.800,15.267,8039,18.6871,9.0004,2.29
graphic,graph,796,481,10,zen,1.200,15.267,7858,6.4462,9.2222,2.27
graphic,graph,796,481,10,zen,1.800,15.267,7807,15.7483,9.3928,2.27
graphic,graph,796,481,10,zen,2.500,15.267,7435,-6.2148,9.4495,2.52
graphic,graph,796,481,30,cjpegli,0.000,6.400,14041,54.5932,6.0786,7.16
graphic,graph,796,481,30,zen,-0.400,6.400,14753,56.8594,6.0965,2.29
graphic,graph,796,481,30,zen,-0.250,6.400,14591,56.6846,6.2402,2.39
graphic,graph,796,481,30,zen,-0.150,6.400,14491,56.4467,6.0705,2.47
graphic,graph,796,481,30,zen,-0.080,6.400,14411,55.8092,6.0959,2.29
graphic,graph,796,481,30,zen,0.000,6.400,14329,55.6542,6.1141,2.25
graphic,graph,796,481,30,zen,0.050,6.400,14295,55.4824,6.2127,2.29
graphic,graph,796,481,30,zen,0.120,6.400,14210,55.6252,6.2398,2.28
graphic,graph,796,481,30,zen,0.200,6.400,14143,55.6024,6.2966,2.28
graphic,graph,796,481,30,zen,0.300,6.400,13989,51.5473,6.5094,2.33
graphic,graph,796,481,30,zen,0.500,6.400,13814,50.3891,6.4751,2.29
graphic,graph,796,481,30,zen,0.800,6.400,13494,57.3773,6.6671,2.31
graphic,graph,796,481,30,zen,1.200,6.400,13164,54.0609,6.8898,2.29
graphic,graph,796,481,30,zen,1.800,6.400,12586,52.1314,7.1398,2.69
graphic,graph,796,481,30,zen,2.500,6.400,12053,51.5309,7.3797,2.49
graphic,graph,796,481,50,cjpegli,0.000,4.600,16678,64.2238,5.3495,6.98
graphic,graph,796,481,50,zen,-0.400,4.600,17681,64.8883,5.3615,2.32
graphic,graph,796,481,50,zen,-0.250,4.600,17383,66.0205,5.2907,2.30
graphic,graph,796,481,50,zen,-0.150,4.600,17156,65.9660,5.5480,2.27
graphic,graph,796,481,50,zen,-0.080,4.600,17063,65.8238,5.6296,2.35
graphic,graph,796,481,50,zen,0.000,4.600,16927,64.4442,5.7449,2.35
graphic,graph,796,481,50,zen,0.050,4.600,16858,64.3386,5.7286,2.28
graphic,graph,796,481,50,zen,0.120,4.600,16785,63.7547,5.6606,2.34
graphic,graph,796,481,50,zen,0.200,4.600,16687,61.7350,5.7504,2.28
graphic,graph,796,481,50,zen,0.300,4.600,16407,61.3603,5.5753,2.70
graphic,graph,796,481,50,zen,0.500,4.600,16119,60.5201,5.7832,2.28
graphic,graph,796,481,50,zen,0.800,4.600,15494,62.0102,5.9560,2.42
graphic,graph,796,481,50,zen,1.200,4.600,15059,60.2615,5.8893,2.25
graphic,graph,796,481,50,zen,1.800,4.600,14329,55.6542,6.1141,2.52
graphic,graph,796,481,50,zen,2.500,4.600,13635,54.0268,6.4976,2.30
graphic,graph,796,481,70,cjpegli,0.000,2.800,20726,71.3979,3.8809,7.10
graphic,graph,796,481,70,zen,-0.400,2.800,22348,73.2608,3.7594,2.43
graphic,graph,796,481,70,zen,-0.250,2.800,21826,72.4240,4.1027,2.35
graphic,graph,796,481,70,zen,-0.150,2.800,21522,72.3972,4.0703,2.87
graphic,graph,796,481,70,zen,-0.080,2.800,21376,72.3165,4.0532,2.36
graphic,graph,796,481,70,zen,0.000,2.800,20944,71.9802,3.9836,2.33
graphic,graph,796,481,70,zen,0.050,2.800,20849,71.8115,4.1507,2.29
graphic,graph,796,481,70,zen,0.120,2.800,20557,71.3636,4.0786,2.30
graphic,graph,796,481,70,zen,0.200,2.800,20277,70.9670,4.1358,2.33
graphic,graph,796,481,70,zen,0.300,2.800,20006,70.5813,4.1353,2.36
graphic,graph,796,481,70,zen,0.500,2.800,19558,69.6381,4.1375,2.27
graphic,graph,796,481,70,zen,0.800,2.800,18826,67.9733,4.4367,2.52
graphic,graph,796,481,70,zen,1.200,2.800,18015,65.2013,5.0914,2.29
graphic,graph,796,481,70,zen,1.800,2.800,16927,64.4442,5.7449,2.27
graphic,graph,796,481,70,zen,2.500,2.800,15762,62.3254,5.8544,2.30
graphic,graph,796,481,85,cjpegli,0.000,1.450,26864,77.9424,3.1291,6.77
graphic,graph,796,481,85,zen,-0.400,1.450,30750,80.4760,2.7297,2.38
graphic,graph,796,481,85,zen,-0.250,1.450,29229,79.4891,2.9610,2.32
graphic,graph,796,481,85,zen,-0.150,1.450,28267,79.0571,3.0883,2.40
graphic,graph,796,481,85,zen,-0.080,1.450,27728,78.6844,3.1416,2.35
graphic,graph,796,481,85,zen,0.000,1.450,27086,77.7953,3.0287,2.31
graphic,graph,796,481,85,zen,0.050,1.450,26767,77.4911,3.1139,2.40
graphic,graph,796,481,85,zen,0.120,1.450,26212,77.1408,3.2213,2.42
graphic,graph,796,481,85,zen,0.200,1.450,25671,76.4713,3.0669,2.40
graphic,graph,796,481,85,zen,0.300,1.450,25286,76.2303,3.1557,2.34
graphic,graph,796,481,85,zen,0.500,1.450,24312,75.0116,3.3956,2.40
graphic,graph,796,481,85,zen,0.800,1.450,23047,73.8312,3.6584,2.33
graphic,graph,796,481,85,zen,1.200,1.450,21522,72.3972,4.0703,2.64
graphic,graph,796,481,85,zen,1.800,1.450,19658,69.7496,4.1306,2.30
graphic,graph,796,481,85,zen,2.500,1.450,18162,65.3634,5.1727,2.29
graphic,graph,796,481,95,cjpegli,0.000,0.550,38662,82.2420,2.6049,7.20
graphic,graph,796,481,95,zen,-0.400,0.550,55744,84.5442,2.4578,2.49
graphic,graph,796,481,95,zen,-0.250,0.550,47410,84.2312,2.4764,2.47
graphic,graph,796,481,95,zen,-0.150,0.550,43350,83.8794,2.4403,2.53
graphic,graph,796,481,95,zen,-0.080,0.550,41056,83.5698,2.4668,2.42
graphic,graph,796,481,95,zen,0.000,0.550,38950,83.3738,2.6094,2.41
graphic,graph,796,481,95,zen,0.050,0.550,37430,83.0640,2.6693,2.47
graphic,graph,796,481,95,zen,0.120,0.550,36027,82.8171,2.6213,2.48
graphic,graph,796,481,95,zen,0.200,0.550,34703,82.3306,2.6383,2.40
graphic,graph,796,481,95,zen,0.300,0.550,33132,81.8158,2.8131,2.37
graphic,graph,796,481,95,zen,0.500,0.550,30750,80.4760,2.7297,2.45
graphic,graph,796,481,95,zen,0.800,0.550,27829,78.7667,3.0849,2.33
graphic,graph,796,481,95,zen,1.200,0.550,25286,76.2303,3.1557,2.41
graphic,graph,796,481,95,zen,1.800,0.550,22628,73.4603,3.8883,2.43
graphic,graph,796,481,95,zen,2.500,0.550,20179,70.6870,4.0650,2.36
graphic,gui,1356,1132,10,cjpegli,0.000,15.267,20221,64.0057,6.1600,15.64
graphic,gui,1356,1132,10,zen,-0.400,15.267,20383,64.6960,6.5192,8.45
graphic,gui,1356,1132,10,zen,-0.250,15.267,20448,63.8422,6.3382,8.07
graphic,gui,1356,1132,10,zen,-0.150,15.267,20367,63.9053,6.2147,9.34
graphic,gui,1356,1132,10,zen,-0.080,15.267,20342,63.9340,6.1604,8.08
graphic,gui,1356,1132,10,zen,0.000,15.267,20343,63.9265,6.1604,9.54
graphic,gui,1356,1132,10,zen,0.050,15.267,20337,63.5744,6.1604,8.20
graphic,gui,1356,1132,10,zen,0.120,15.267,20158,63.1252,6.3286,9.17
graphic,gui,1356,1132,10,zen,0.200,15.267,20063,57.5061,6.5419,10.37
graphic,gui,1356,1132,10,zen,0.300,15.267,20054,57.1118,6.5369,10.01
graphic,gui,1356,1132,10,zen,0.500,15.267,19950,56.3669,7.1452,9.00
graphic,gui,1356,1132,10,zen,0.800,15.267,19940,58.3758,6.8592,9.14
graphic,gui,1356,1132,10,zen,1.200,15.267,19437,61.0736,7.7790,8.64
graphic,gui,1356,1132,10,zen,1.800,15.267,19230,58.6615,7.2212,9.13
graphic,gui,1356,1132,10,zen,2.500,15.267,18750,49.2602,7.8642,8.23
graphic,gui,1356,1132,30,cjpegli,0.000,6.400,27072,76.8841,4.3635,16.40
graphic,gui,1356,1132,30,zen,-0.400,6.400,28159,79.5506,4.5005,8.21
graphic,gui,1356,1132,30,zen,-0.250,6.400,27815,79.6428,4.3625,8.20
graphic,gui,1356,1132,30,zen,-0.150,6.400,27640,79.4216,4.4591,8.28
graphic,gui,1356,1132,30,zen,-0.080,6.400,27323,77.2046,4.4356,8.10
graphic,gui,1356,1132,30,zen,0.000,6.400,27196,76.8332,4.4515,9.46
graphic,gui,1356,1132,30,zen,0.050,6.400,27154,76.7724,4.4966,8.59
graphic,gui,1356,1132,30,zen,0.120,6.400,27051,76.6214,4.5685,8.45
graphic,gui,1356,1132,30,zen,0.200,6.400,26977,76.4979,4.4971,8.15
graphic,gui,1356,1132,30,zen,0.300,6.400,26825,78.5209,4.4518,8.21
graphic,gui,1356,1132,30,zen,0.500,6.400,26577,78.2829,4.6304,8.16
graphic,gui,1356,1132,30,zen,0.800,6.400,26280,75.8799,4.7681,8.31
graphic,gui,1356,1132,30,zen,1.200,6.400,25678,74.6322,4.9843,8.89
graphic,gui,1356,1132,30,zen,1.800,6.400,25252,75.8502,4.6628,8.50
graphic,gui,1356,1132,30,zen,2.500,6.400,24541,71.6609,5.5022,8.38
graphic,gui,1356,1132,50,cjpegli,0.000,4.600,31295,77.5291,3.8367,16.22
graphic,gui,1356,1132,50,zen,-0.400,4.600,32530,83.0864,3.5365,8.25
graphic,gui,1356,1132,50,zen,-0.250,4.600,32129,82.8648,4.0822,8.28
graphic,gui,1356,1132,50,zen,-0.150,4.600,31654,79.1197,3.8527,8.31
graphic,gui,1356,1132,50,zen,-0.080,4.600,31586,79.0928,3.9686,9.47
graphic,gui,1356,1132,50,zen,0.000,4.600,31245,78.2178,3.7632,8.52
graphic,gui,1356,1132,50,zen,0.050,4.600,31162,78.1589,3.8057,8.36
graphic,gui,1356,1132,50,zen,0.120,4.600,31060,78.1544,4.0497,8.19
graphic,gui,1356,1132,50,zen,0.200,4.600,30900,78.3014,4.0055,8.28
graphic,gui,1356,1132,50,zen,0.300,4.600,30565,77.8325,4.0746,8.30
graphic,gui,1356,1132,50,zen,0.500,4.600,30359,77.8087,4.1990,8.86
graphic,gui,1356,1132,50,zen,0.800,4.600,29736,77.2640,4.5939,8.26
graphic,gui,1356,1132,50,zen,1.200,4.600,28596,76.5948,4.2395,8.18
graphic,gui,1356,1132,50,zen,1.800,4.600,27196,76.8332,4.4515,8.23
graphic,gui,1356,1132,50,zen,2.500,4.600,26457,75.6435,4.5682,8.89
graphic,gui,1356,1132,70,cjpegli,0.000,2.800,36841,86.1213,3.1034,16.64
graphic,gui,1356,1132,70,zen,-0.400,2.800,38757,87.0591,2.7244,10.19
graphic,gui,1356,1132,70,zen,-0.250,2.800,38152,86.7250,2.8069,8.77
graphic,gui,1356,1132,70,zen,-0.150,2.800,37657,86.2578,2.8993,9.18
graphic,gui,1356,1132,70,zen,-0.080,2.800,37429,85.9601,3.0816,8.34
graphic,gui,1356,1132,70,zen,0.000,2.800,36881,85.9791,3.1823,8.28
graphic,gui,1356,1132,70,zen,0.050,2.800,36802,85.9434,3.1535,8.38
graphic,gui,1356,1132,70,zen,0.120,2.800,36285,85.4007,3.0680,9.26
graphic,gui,1356,1132,70,zen,0.200,2.800,35941,85.5866,3.2296,8.26
graphic,gui,1356,1132,70,zen,0.300,2.800,35722,85.3591,3.1101,10.70
graphic,gui,1356,1132,70,zen,0.500,2.800,35036,85.2272,3.4030,8.65
graphic,gui,1356,1132,70,zen,0.800,2.800,34071,84.4253,3.5227,8.19
graphic,gui,1356,1132,70,zen,1.200,2.800,32876,83.4636,3.7857,8.41
graphic,gui,1356,1132,70,zen,1.800,2.800,31245,78.2178,3.7632,9.59
graphic,gui,1356,1132,70,zen,2.500,2.800,30062,77.4225,4.5427,8.30
graphic,gui,1356,1132,85,cjpegli,0.000,1.450,46845,90.6837,1.8451,15.85
graphic,gui,1356,1132,85,zen,-0.400,1.450,53801,91.7373,1.5592,8.38
graphic,gui,1356,1132,85,zen,-0.250,1.450,51036,91.3363,1.7039,10.52
graphic,gui,1356,1132,85,zen,-0.150,1.450,49363,91.1978,1.8407,8.28
graphic,gui,1356,1132,85,zen,-0.080,1.450,48162,90.6652,1.9249,10.72
graphic,gui,1356,1132,85,zen,0.000,1.450,46957,90.3453,1.8584,8.51
graphic,gui,1356,1132,85,zen,0.050,1.450,46394,90.0656,2.1416,8.87
graphic,gui,1356,1132,85,zen,0.120,1.450,45490,89.8397,2.0315,8.96
graphic,gui,1356,1132,85,zen,0.200,1.450,44537,89.6070,2.2662,8.68
graphic,gui,1356,1132,85,zen,0.300,1.450,43426,89.2256,2.1947,8.96
graphic,gui,1356,1132,85,zen,0.500,1.450,41768,88.5264,2.2558,10.00
graphic,gui,1356,1132,85,zen,0.800,1.450,39633,87.3762,2.6140,8.45
graphic,gui,1356,1132,85,zen,1.200,1.450,37657,86.2578,2.8993,8.36
graphic,gui,1356,1132,85,zen,1.800,1.450,35162,85.3791,3.4714,8.64
graphic,gui,1356,1132,85,zen,2.500,1.450,33263,81.7633,3.5332,8.85
graphic,gui,1356,1132,95,cjpegli,0.000,0.550,67829,94.5461,0.9490,17.24
graphic,gui,1356,1132,95,zen,-0.400,0.550,95124,95.6907,0.7179,8.72
graphic,gui,1356,1132,95,zen,-0.250,0.550,81023,95.3755,0.7694,10.17
graphic,gui,1356,1132,95,zen,-0.150,0.550,75113,95.0150,0.9127,8.93
graphic,gui,1356,1132,95,zen,-0.080,0.550,70327,94.5898,0.9560,8.55
graphic,gui,1356,1132,95,zen,0.000,0.550,67835,94.2448,0.9496,8.73
graphic,gui,1356,1132,95,zen,0.050,0.550,65240,94.0740,0.9882,9.56
graphic,gui,1356,1132,95,zen,0.120,0.550,62667,93.6285,1.1396,8.54
graphic,gui,1356,1132,95,zen,0.200,0.550,60467,93.4170,1.1619,10.51
graphic,gui,1356,1132,95,zen,0.300,0.550,58145,92.9086,1.3077,8.66
graphic,gui,1356,1132,95,zen,0.500,0.550,53801,91.7373,1.5592,8.43
graphic,gui,1356,1132,95,zen,0.800,0.550,48251,90.8522,2.0134,9.63
graphic,gui,1356,1132,95,zen,1.200,0.550,43426,89.2256,2.1947,8.42
graphic,gui,1356,1132,95,zen,1.800,0.550,39168,87.1345,2.5673,10.28
graphic,gui,1356,1132,95,zen,2.500,0.550,35833,85.4905,3.2552,8.55
graphic,imac_dark,2940,1912,10,cjpegli,0.000,15.267,191953,35.7688,9.0652,53.51
graphic,imac_dark,2940,1912,10,zen,-0.400,15.267,194521,33.9978,8.6682,35.17
graphic,imac_dark,2940,1912,10,zen,-0.250,15.267,194109,31.7813,9.0061,41.09
graphic,imac_dark,2940,1912,10,zen,-0.150,15.267,193110,31.4791,9.2152,31.68
graphic,imac_dark,2940,1912,10,zen,-0.080,15.267,192337,30.8226,9.1186,40.30
graphic,imac_dark,2940,1912,10,zen,0.000,15.267,192294,30.8147,9.1186,40.13
graphic,imac_dark,2940,1912,10,zen,0.050,15.267,191838,40.4120,9.2038,31.01
graphic,imac_dark,2940,1912,10,zen,0.120,15.267,191538,40.3946,9.2403,35.54
graphic,imac_dark,2940,1912,10,zen,0.200,15.267,190405,38.4589,9.2667,35.93
graphic,imac_dark,2940,1912,10,zen,0.300,15.267,189811,38.4842,9.3176,36.16
graphic,imac_dark,2940,1912,10,zen,0.500,15.267,188346,41.4023,8.9914,36.83
graphic,imac_dark,2940,1912,10,zen,0.800,15.267,187047,41.3750,8.1562,35.40
graphic,imac_dark,2940,1912,10,zen,1.200,15.267,183941,39.7501,8.9492,34.82
graphic,imac_dark,2940,1912,10,zen,1.800,15.267,180850,39.5431,8.7282,37.98
graphic,imac_dark,2940,1912,10,zen,2.500,15.267,177337,36.5916,8.8532,35.32
graphic,imac_dark,2940,1912,30,cjpegli,0.000,6.400,306695,59.2171,5.7871,55.71
graphic,imac_dark,2940,1912,30,zen,-0.400,6.400,317622,60.8646,5.8281,40.76
graphic,imac_dark,2940,1912,30,zen,-0.250,6.400,314139,60.5622,5.8254,37.00
graphic,imac_dark,2940,1912,30,zen,-0.150,6.400,311640,60.4937,5.8781,37.60
graphic,imac_dark,2940,1912,30,zen,-0.080,6.400,308482,59.6755,5.7370,36.36
graphic,imac_dark,2940,1912,30,zen,0.000,6.400,306265,59.6172,5.4136,39.02
graphic,imac_dark,2940,1912,30,zen,0.050,6.400,305209,59.6141,5.4099,36.83
graphic,imac_dark,2940,1912,30,zen,0.120,6.400,302933,59.4250,5.3124,41.16
graphic,imac_dark,2940,1912,30,zen,0.200,6.400,301274,59.3727,5.3992,40.41
graphic,imac_dark,2940,1912,30,zen,0.300,6.400,299508,59.3052,5.4369,38.32
graphic,imac_dark,2940,1912,30,zen,0.500,6.400,293518,59.2788,5.6360,38.62
graphic,imac_dark,2940,1912,30,zen,0.800,6.400,286322,57.6404,5.9084,39.62
graphic,imac_dark,2940,1912,30,zen,1.200,6.400,277788,57.1219,6.1183,31.65
graphic,imac_dark,2940,1912,30,zen,1.800,6.400,266935,54.8172,5.8846,36.03
graphic,imac_dark,2940,1912,30,zen,2.500,6.400,255767,54.0770,6.2395,32.67
graphic,imac_dark,2940,1912,50,cjpegli,0.000,4.600,368167,63.7549,4.7414,54.43
graphic,imac_dark,2940,1912,50,zen,-0.400,4.600,388568,66.2051,4.1990,36.50
graphic,imac_dark,2940,1912,50,zen,-0.250,4.600,381538,65.6272,4.4516,37.57
graphic,imac_dark,2940,1912,50,zen,-0.150,4.600,374709,64.7547,4.6809,41.83
graphic,imac_dark,2940,1912,50,zen,-0.080,4.600,372398,64.6099,4.7424,36.73
graphic,imac_dark,2940,1912,50,zen,0.000,4.600,367742,64.3236,4.7396,33.90
graphic,imac_dark,2940,1912,50,zen,0.050,4.600,366153,64.1908,4.7411,36.74
graphic,imac_dark,2940,1912,50,zen,0.120,4.600,364005,63.7488,4.7428,39.20
graphic,imac_dark,2940,1912,50,zen,0.200,4.600,360666,62.5800,4.4674,36.23
graphic,imac_dark,2940,1912,50,zen,0.300,4.600,355258,62.2756,4.6855,35.98
graphic,imac_dark,2940,1912,50,zen,0.500,4.600,349010,62.9001,4.9246,38.51
graphic,imac_dark,2940,1912,50,zen,0.800,4.600,337029,62.6989,5.4765,35.95
graphic,imac_dark,2940,1912,50,zen,1.200,4.600,324498,61.3936,5.8067,36.64
graphic,imac_dark,2940,1912,50,zen,1.800,4.600,306265,59.6172,5.4136,31.23
graphic,imac_dark,2940,1912,50,zen,2.500,4.600,289180,58.0037,5.7807,36.91
graphic,imac_dark,2940,1912,70,cjpegli,0.000,2.800,478192,70.9844,3.3524,59.65
graphic,imac_dark,2940,1912,70,zen,-0.400,2.800,513801,73.9114,3.1052,37.48
graphic,imac_dark,2940,1912,70,zen,-0.250,2.800,500774,73.3150,3.1366,40.13
graphic,imac_dark,2940,1912,70,zen,-0.150,2.800,491263,71.8132,3.9770,36.41
graphic,imac_dark,2940,1912,70,zen,-0.080,2.800,486742,71.6074,4.0697,37.68
graphic,imac_dark,2940,1912,70,zen,0.000,2.800,477589,71.2658,3.6599,37.58
graphic,imac_dark,2940,1912,70,zen,0.050,2.800,474809,71.1023,3.7380,37.91
graphic,imac_dark,2940,1912,70,zen,0.120,2.800,466937,70.7592,3.5014,38.55
graphic,imac_dark,2940,1912,70,zen,0.200,2.800,459802,70.5459,3.5363,37.37
graphic,imac_dark,2940,1912,70,zen,0.300,2.800,454133,71.0082,3.6754,40.22
graphic,imac_dark,2940,1912,70,zen,0.500,2.800,440439,70.1122,3.7433,36.85
graphic,imac_dark,2940,1912,70,zen,0.800,2.800,419919,68.7945,3.8821,32.19
graphic,imac_dark,2940,1912,70,zen,1.200,2.800,397770,66.5114,4.2422,36.89
graphic,imac_dark,2940,1912,70,zen,1.800,2.800,367742,64.3236,4.7396,34.53
graphic,imac_dark,2940,1912,70,zen,2.500,2.800,340858,63.5606,5.2186,35.78
graphic,imac_dark,2940,1912,85,cjpegli,0.000,1.450,632991,78.4915,2.4662,56.91
graphic,imac_dark,2940,1912,85,zen,-0.400,1.450,717568,82.7262,1.8765,37.03
graphic,imac_dark,2940,1912,85,zen,-0.250,1.450,683625,81.5764,1.9927,33.98
graphic,imac_dark,2940,1912,85,zen,-0.150,1.450,660863,80.8252,2.3198,39.17
graphic,imac_dark,2940,1912,85,zen,-0.080,1.450,647884,80.3975,2.4774,38.81
graphic,imac_dark,2940,1912,85,zen,0.000,1.450,632865,78.4512,2.4808,41.17
graphic,imac_dark,2940,1912,85,zen,0.050,1.450,624445,78.1470,2.5154,41.42
graphic,imac_dark,2940,1912,85,zen,0.120,1.450,611997,77.6815,2.3753,38.34
graphic,imac_dark,2940,1912,85,zen,0.200,1.450,598114,77.2275,2.4904,37.48
graphic,imac_dark,2940,1912,85,zen,0.300,1.450,586450,76.5262,2.7093,38.36
graphic,imac_dark,2940,1912,85,zen,0.500,1.450,561276,75.4313,2.9681,40.44
graphic,imac_dark,2940,1912,85,zen,0.800,1.450,529447,74.5778,2.8519,37.16
graphic,imac_dark,2940,1912,85,zen,1.200,1.450,491263,71.8132,3.9770,38.13
graphic,imac_dark,2940,1912,85,zen,1.800,1.450,442916,70.2286,3.6869,37.08
graphic,imac_dark,2940,1912,85,zen,2.500,1.450,400104,65.7480,4.2241,36.13
graphic,imac_dark,2940,1912,95,cjpegli,0.000,0.550,919193,85.1265,1.5723,63.14
graphic,imac_dark,2940,1912,95,zen,-0.400,0.550,1304133,89.2413,1.5892,37.40
graphic,imac_dark,2940,1912,95,zen,-0.250,0.550,1106264,88.6715,1.6437,41.00
graphic,imac_dark,2940,1912,95,zen,-0.150,0.550,1021211,88.0255,1.6503,35.14
graphic,imac_dark,2940,1912,95,zen,-0.080,0.550,960728,87.5334,1.6091,39.99
graphic,imac_dark,2940,1912,95,zen,0.000,0.550,920018,86.8549,1.5853,34.69
graphic,imac_dark,2940,1912,95,zen,0.050,0.550,887281,86.4618,1.5930,40.02
graphic,imac_dark,2940,1912,95,zen,0.120,0.550,850051,85.3602,1.6342,41.66
graphic,imac_dark,2940,1912,95,zen,0.200,0.550,818235,84.8059,1.5542,34.75
graphic,imac_dark,2940,1912,95,zen,0.300,0.550,780912,83.8905,1.5913,38.71
graphic,imac_dark,2940,1912,95,zen,0.500,0.550,717568,82.7262,1.8765,38.90
graphic,imac_dark,2940,1912,95,zen,0.800,0.550,649827,80.4550,2.5186,41.88
graphic,imac_dark,2940,1912,95,zen,1.200,0.550,586450,76.5262,2.7093,37.33
graphic,imac_dark,2940,1912,95,zen,1.800,0.550,519556,74.1544,3.0514,39.25
graphic,imac_dark,2940,1912,95,zen,2.500,0.550,457466,70.1646,3.6126,37.00
graphic,imac_g3,2940,1912,10,cjpegli,0.000,15.267,191657,53.8635,10.0338,54.10
graphic,imac_g3,2940,1912,10,zen,-0.400,15.267,200660,58.5611,10.6057,37.96
graphic,imac_g3,2940,1912,10,zen,-0.250,15.267,199554,59.9086,9.3518,38.99
graphic,imac_g3,2940,1912,10,zen,-0.150,15.267,198528,59.8222,9.3383,39.42
graphic,imac_g3,2940,1912,10,zen,-0.080,15.267,197700,59.7080,9.5188,38.89
graphic,imac_g3,2940,1912,10,zen,0.000,15.267,197586,59.6853,9.5081,37.98
graphic,imac_g3,2940,1912,10,zen,0.050,15.267,197369,59.7787,9.5209,37.77
graphic,imac_g3,2940,1912,10,zen,0.120,15.267,197167,59.8040,9.2496,38.65
graphic,imac_g3,2940,1912,10,zen,0.200,15.267,196429,59.5700,9.7740,39.20
graphic,imac_g3,2940,1912,10,zen,0.300,15.267,196004,59.5398,9.7138,37.83
graphic,imac_g3,2940,1912,10,zen,0.500,15.267,194333,58.9388,9.5218,41.11
graphic,imac_g3,2940,1912,10,zen,0.800,15.267,192648,57.6074,9.6885,38.27
graphic,imac_g3,2940,1912,10,zen,1.200,15.267,190879,58.1303,9.5984,38.42
graphic,imac_g3,2940,1912,10,zen,1.800,15.267,187772,57.4166,9.9649,41.12
graphic,imac_g3,2940,1912,10,zen,2.500,15.267,183968,56.6006,10.5185,41.47
graphic,imac_g3,2940,1912,30,cjpegli,0.000,6.400,301486,64.5530,6.1374,54.63
graphic,imac_g3,2940,1912,30,zen,-0.400,6.400,321570,71.5621,5.5182,39.27
graphic,imac_g3,2940,1912,30,zen,-0.250,6.400,318303,71.4002,5.6013,37.33
graphic,imac_g3,2940,1912,30,zen,-0.150,6.400,315695,71.2324,5.6098,38.91
graphic,imac_g3,2940,1912,30,zen,-0.080,6.400,312264,71.0191,5.6571,39.67
graphic,imac_g3,2940,1912,30,zen,0.000,6.400,309946,70.8717,5.5832,38.92
graphic,imac_g3,2940,1912,30,zen,0.050,6.400,309012,70.8390,5.5232,34.35
graphic,imac_g3,2940,1912,30,zen,0.120,6.400,306692,70.7043,5.5675,41.09
graphic,imac_g3,2940,1912,30,zen,0.200,6.400,305136,70.5593,5.6117,39.99
graphic,imac_g3,2940,1912,30,zen,0.300,6.400,302946,70.2996,5.6814,38.67
graphic,imac_g3,2940,1912,30,zen,0.500,6.400,297419,70.0301,5.9573,40.17
graphic,imac_g3,2940,1912,30,zen,0.800,6.400,289826,68.8589,6.1184,35.65
graphic,imac_g3,2940,1912,30,zen,1.200,6.400,282352,69.5700,6.2008,39.66
graphic,imac_g3,2940,1912,30,zen,1.800,6.400,271315,67.9563,6.3658,38.64
graphic,imac_g3,2940,1912,30,zen,2.500,6.400,260044,67.0701,7.0925,38.41
graphic,imac_g3,2940,1912,50,cjpegli,0.000,4.600,360826,70.3419,4.5326,53.50
graphic,imac_g3,2940,1912,50,zen,-0.400,4.600,385341,75.8962,3.9937,39.16
graphic,imac_g3,2940,1912,50,zen,-0.250,4.600,378437,75.5538,4.0443,39.87
graphic,imac_g3,2940,1912,50,zen,-0.150,4.600,373541,75.2748,4.0731,39.10
graphic,imac_g3,2940,1912,50,zen,-0.080,4.600,371259,75.1383,4.0573,39.09
graphic,imac_g3,2940,1912,50,zen,0.000,4.600,366943,74.9942,4.3875,40.56
graphic,imac_g3,2940,1912,50,zen,0.050,4.600,365146,74.9180,4.3891,35.75
graphic,imac_g3,2940,1912,50,zen,0.120,4.600,363199,73.8445,4.4296,39.09
graphic,imac_g3,2940,1912,50,zen,0.200,4.600,360820,73.8256,4.5622,38.93
graphic,imac_g3,2940,1912,50,zen,0.300,4.600,355938,73.6104,4.6624,39.23
graphic,imac_g3,2940,1912,50,zen,0.500,4.600,349417,73.0928,5.0892,40.29
graphic,imac_g3,2940,1912,50,zen,0.800,4.600,338966,72.3086,5.1335,39.12
graphic,imac_g3,2940,1912,50,zen,1.200,4.600,327442,71.9148,5.4334,39.48
graphic,imac_g3,2940,1912,50,zen,1.800,4.600,309946,70.8717,5.5832,55.72
graphic,imac_g3,2940,1912,50,zen,2.500,4.600,292960,69.1445,6.0952,39.71
graphic,imac_g3,2940,1912,70,cjpegli,0.000,2.800,464868,76.7311,3.3145,55.64
graphic,imac_g3,2940,1912,70,zen,-0.400,2.800,499976,80.3325,3.1172,40.33
graphic,imac_g3,2940,1912,70,zen,-0.250,2.800,488173,79.9695,3.1204,39.90
graphic,imac_g3,2940,1912,70,zen,-0.150,2.800,479691,79.8884,3.1375,41.29
graphic,imac_g3,2940,1912,70,zen,-0.080,2.800,475493,79.7542,3.4249,43.62
graphic,imac_g3,2940,1912,70,zen,0.000,2.800,467858,79.5015,3.5935,35.80
graphic,imac_g3,2940,1912,70,zen,0.050,2.800,465456,79.3421,3.6060,43.41
graphic,imac_g3,2940,1912,70,zen,0.120,2.800,459412,79.1288,3.4738,42.61
graphic,imac_g3,2940,1912,70,zen,0.200,2.800,453052,78.8816,3.5165,40.35
graphic,imac_g3,2940,1912,70,zen,0.300,2.800,447184,78.7387,3.3658,39.60
graphic,imac_g3,2940,1912,70,zen,0.500,2.800,435198,78.2373,3.4329,42.51
graphic,imac_g3,2940,1912,70,zen,0.800,2.800,414879,77.2939,3.8635,40.46
graphic,imac_g3,2940,1912,70,zen,1.200,2.800,394589,76.4339,3.8844,40.27
graphic,imac_g3,2940,1912,70,zen,1.800,2.800,366943,74.9942,4.3875,40.77
graphic,imac_g3,2940,1912,70,zen,2.500,2.800,342467,72.5081,5.0923,39.45
graphic,imac_g3,2940,1912,85,cjpegli,0.000,1.450,606640,82.2621,2.3930,57.14
graphic,imac_g3,2940,1912,85,zen,-0.400,1.450,686153,85.3793,2.0029,45.23
graphic,imac_g3,2940,1912,85,zen,-0.250,1.450,655086,84.7451,2.1382,42.74
graphic,imac_g3,2940,1912,85,zen,-0.150,1.450,634589,84.3878,2.4144,40.97
graphic,imac_g3,2940,1912,85,zen,-0.080,1.450,622554,84.2352,2.3577,41.77
graphic,imac_g3,2940,1912,85,zen,0.000,1.450,607877,83.8276,2.2607,40.90
graphic,imac_g3,2940,1912,85,zen,0.050,1.450,600084,83.6655,2.3893,40.76
graphic,imac_g3,2940,1912,85,zen,0.120,1.450,589277,83.2730,2.4306,43.79
graphic,imac_g3,2940,1912,85,zen,0.200,1.450,577692,82.9956,2.4003,43.69
graphic,imac_g3,2940,1912,85,zen,0.300,1.450,566131,82.8044,2.9172,41.67
graphic,imac_g3,2940,1912,85,zen,0.500,1.450,543197,82.0793,2.7730,50.13
graphic,imac_g3,2940,1912,85,zen,0.800,1.450,514728,80.7044,2.9138,63.18
graphic,imac_g3,2940,1912,85,zen,1.200,1.450,479691,79.8884,3.1375,68.61
graphic,imac_g3,2940,1912,85,zen,1.800,1.450,437418,78.3374,3.4932,69.13
graphic,imac_g3,2940,1912,85,zen,2.500,1.450,396558,76.4483,3.8914,49.23
graphic,imac_g3,2940,1912,95,cjpegli,0.000,0.550,861807,86.4206,1.7183,86.33
graphic,imac_g3,2940,1912,95,zen,-0.400,0.550,1193124,88.4662,1.6474,57.75
graphic,imac_g3,2940,1912,95,zen,-0.250,0.550,1023693,88.1306,1.6816,53.13
graphic,imac_g3,2940,1912,95,zen,-0.150,0.550,951885,87.8048,1.6547,38.56
graphic,imac_g3,2940,1912,95,zen,-0.080,0.550,899990,87.6876,1.6771,45.98
graphic,imac_g3,2940,1912,95,zen,0.000,0.550,863794,87.3565,1.7071,46.27
graphic,imac_g3,2940,1912,95,zen,0.050,0.550,835448,87.2914,1.6478,45.35
graphic,imac_g3,2940,1912,95,zen,0.120,0.550,803124,86.9536,1.6908,45.39
graphic,imac_g3,2940,1912,95,zen,0.200,0.550,774988,86.7010,1.7341,42.68
graphic,imac_g3,2940,1912,95,zen,0.300,0.550,742866,86.2132,1.8350,61.85
graphic,imac_g3,2940,1912,95,zen,0.500,0.550,686153,85.3793,2.0029,47.90
graphic,imac_g3,2940,1912,95,zen,0.800,0.550,624229,84.2753,2.3601,44.88
graphic,imac_g3,2940,1912,95,zen,1.200,0.550,566131,82.8044,2.9172,51.75
graphic,imac_g3,2940,1912,95,zen,1.800,0.550,505191,80.5165,2.9472,39.02
graphic,imac_g3,2940,1912,95,zen,2.500,0.550,450282,78.7799,3.3757,42.91
graphic,imessage,1206,2622,10,cjpegli,0.000,15.267,61821,47.3724,7.5254,37.80
graphic,imessage,1206,2622,10,zen,-0.400,15.267,64865,48.7196,8.2527,26.23
graphic,imessage,1206,2622,10,zen,-0.250,15.267,64665,48.8766,8.0207,23.06
graphic,imessage,1206,2622,10,zen,-0.150,15.267,64285,48.8164,7.7797,21.67
graphic,imessage,1206,2622,10,zen,-0.080,15.267,64127,48.0002,7.8873,21.33
graphic,imessage,1206,2622,10,zen,0.000,15.267,64073,47.9732,7.8786,19.23
graphic,imessage,1206,2622,10,zen,0.050,15.267,63993,48.0114,7.7843,20.89
graphic,imessage,1206,2622,10,zen,0.120,15.267,63867,47.9093,7.9001,18.16
graphic,imessage,1206,2622,10,zen,0.200,15.267,63660,45.6704,8.1221,18.10
graphic,imessage,1206,2622,10,zen,0.300,15.267,63469,45.6179,8.1433,18.15
graphic,imessage,1206,2622,10,zen,0.500,15.267,62840,45.5462,7.8573,17.99
graphic,imessage,1206,2622,10,zen,0.800,15.267,62285,45.2978,7.9529,18.09
graphic,imessage,1206,2622,10,zen,1.200,15.267,61629,44.9496,8.3931,20.27
graphic,imessage,1206,2622,10,zen,1.800,15.267,60455,42.6688,9.7903,17.81
graphic,imessage,1206,2622,10,zen,2.500,15.267,59210,41.4981,9.8443,17.85
graphic,imessage,1206,2622,30,cjpegli,0.000,6.400,95112,65.7355,5.4242,30.37
graphic,imessage,1206,2622,30,zen,-0.400,6.400,101262,67.9162,5.1172,18.04
graphic,imessage,1206,2622,30,zen,-0.250,6.400,100342,67.7299,5.5841,17.99
graphic,imessage,1206,2622,30,zen,-0.150,6.400,99658,67.5773,5.3052,18.32
graphic,imessage,1206,2622,30,zen,-0.080,6.400,98379,66.6433,5.3486,18.02
graphic,imessage,1206,2622,30,zen,0.000,6.400,97873,66.6034,5.5562,18.05
graphic,imessage,1206,2622,30,zen,0.050,6.400,97511,66.5707,5.5740,17.83
graphic,imessage,1206,2622,30,zen,0.120,6.400,96885,66.3108,5.3611,17.96
graphic,imessage,1206,2622,30,zen,0.200,6.400,96455,66.1226,5.5700,17.81
graphic,imessage,1206,2622,30,zen,0.300,6.400,95898,66.0129,5.5236,18.12
graphic,imessage,1206,2622,30,zen,0.500,6.400,94100,65.8380,6.0081,19.22
graphic,imessage,1206,2622,30,zen,0.800,6.400,92132,65.2200,6.0505,18.88
graphic,imessage,1206,2622,30,zen,1.200,6.400,89741,63.4811,5.6814,19.11
graphic,imessage,1206,2622,30,zen,1.800,6.400,86719,62.4187,5.9385,17.64
graphic,imessage,1206,2622,30,zen,2.500,6.400,83171,60.9501,6.4177,17.64
graphic,imessage,1206,2622,50,cjpegli,0.000,4.600,112089,69.8460,4.4849,30.36
graphic,imessage,1206,2622,50,zen,-0.400,4.600,119497,71.8337,4.4526,18.31
graphic,imessage,1206,2622,50,zen,-0.250,4.600,117759,71.7770,4.3376,18.09
graphic,imessage,1206,2622,50,zen,-0.150,4.600,116071,71.2466,4.1943,18.74
graphic,imessage,1206,2622,50,zen,-0.080,4.600,115469,71.0823,4.4662,18.40
graphic,imessage,1206,2622,50,zen,0.000,4.600,114353,70.8966,4.7124,19.22
graphic,imessage,1206,2622,50,zen,0.050,4.600,113907,70.8519,4.7410,19.96
graphic,imessage,1206,2622,50,zen,0.120,4.600,113276,70.1728,4.6547,19.49
graphic,imessage,1206,2622,50,zen,0.200,4.600,112685,70.4221,4.4340,20.25
graphic,imessage,1206,2622,50,zen,0.300,4.600,110897,70.1225,4.7181,18.04
graphic,imessage,1206,2622,50,zen,0.500,4.600,109264,69.7586,4.8024,19.05
graphic,imessage,1206,2622,50,zen,0.800,4.600,106021,69.1352,4.7770,17.95
graphic,imessage,1206,2622,50,zen,1.200,4.600,102979,67.8778,4.8735,17.99
graphic,imessage,1206,2622,50,zen,1.800,4.600,97873,66.6034,5.5562,18.83
graphic,imessage,1206,2622,50,zen,2.500,4.600,92887,65.5419,6.1267,17.83
graphic,imessage,1206,2622,70,cjpegli,0.000,2.800,140538,75.0937,3.6717,34.41
graphic,imessage,1206,2622,70,zen,-0.400,2.800,151602,77.2691,3.4088,18.11
graphic,imessage,1206,2622,70,zen,-0.250,2.800,148106,76.7454,3.3335,18.88
graphic,imessage,1206,2622,70,zen,-0.150,2.800,145690,76.4801,3.1887,18.47
graphic,imessage,1206,2622,70,zen,-0.080,2.800,144391,76.4304,3.3408,19.52
graphic,imessage,1206,2622,70,zen,0.000,2.800,142040,76.3038,3.3070,19.27
graphic,imessage,1206,2622,70,zen,0.050,2.800,141414,76.2061,3.2581,18.19
graphic,imessage,1206,2622,70,zen,0.120,2.800,139641,76.2817,3.3871,18.26
graphic,imessage,1206,2622,70,zen,0.200,2.800,137548,76.0890,3.5324,18.02
graphic,imessage,1206,2622,70,zen,0.300,2.800,136147,75.8936,3.6007,18.10
graphic,imessage,1206,2622,70,zen,0.500,2.800,132795,74.7002,3.4386,17.86
graphic,imessage,1206,2622,70,zen,0.800,2.800,127616,73.6318,3.7815,19.11
graphic,imessage,1206,2622,70,zen,1.200,2.800,121865,72.4254,4.3816,18.74
graphic,imessage,1206,2622,70,zen,1.800,2.800,114353,70.8966,4.7124,17.96
graphic,imessage,1206,2622,70,zen,2.500,2.800,106935,69.4439,4.6136,17.64
graphic,imessage,1206,2622,85,cjpegli,0.000,1.450,184566,79.7362,2.6323,30.43
graphic,imessage,1206,2622,85,zen,-0.400,1.450,210822,82.2769,2.3459,18.71
graphic,imessage,1206,2622,85,zen,-0.250,1.450,201396,81.8633,2.3770,18.34
graphic,imessage,1206,2622,85,zen,-0.150,1.450,194345,81.3865,2.3893,18.59
graphic,imessage,1206,2622,85,zen,-0.080,1.450,190431,80.9895,2.3966,18.62
graphic,imessage,1206,2622,85,zen,0.000,1.450,185726,80.8722,2.5449,19.44
graphic,imessage,1206,2622,85,zen,0.050,1.450,183000,80.7322,2.5643,18.20
graphic,imessage,1206,2622,85,zen,0.120,1.450,179263,80.1523,2.5441,19.44
graphic,imessage,1206,2622,85,zen,0.200,1.450,175740,79.6702,2.5260,19.16
graphic,imessage,1206,2622,85,zen,0.300,1.450,171836,79.3020,2.7349,19.36
graphic,imessage,1206,2622,85,zen,0.500,1.450,165116,78.8068,2.8640,19.56
graphic,imessage,1206,2622,85,zen,0.800,1.450,155600,77.7302,3.1663,18.40
graphic,imessage,1206,2622,85,zen,1.200,1.450,145690,76.4801,3.1887,18.09
graphic,imessage,1206,2622,85,zen,1.800,1.450,133404,74.7619,3.5045,18.01
graphic,imessage,1206,2622,85,zen,2.500,1.450,122461,72.2826,4.3885,18.01
graphic,imessage,1206,2622,95,cjpegli,0.000,0.550,271613,83.1513,2.4987,32.08
graphic,imessage,1206,2622,95,zen,-0.400,0.550,420985,84.9530,2.1639,20.51
graphic,imessage,1206,2622,95,zen,-0.250,0.550,337062,84.6558,2.1584,19.21
graphic,imessage,1206,2622,95,zen,-0.150,0.550,308602,84.5455,2.1340,19.77
graphic,imessage,1206,2622,95,zen,-0.080,0.550,287704,84.3955,2.1640,19.08
graphic,imessage,1206,2622,95,zen,0.000,0.550,273989,84.2224,2.1433,19.06
graphic,imessage,1206,2622,95,zen,0.050,0.550,262190,84.1310,2.3212,20.37
graphic,imessage,1206,2622,95,zen,0.120,0.550,251721,83.7791,2.2357,19.71
graphic,imessage,1206,2622,95,zen,0.200,0.550,241659,83.5400,2.2882,18.57
graphic,imessage,1206,2622,95,zen,0.300,0.550,230504,83.2695,2.2561,18.56
graphic,imessage,1206,2622,95,zen,0.500,0.550,210822,82.2769,2.3459,19.59
graphic,imessage,1206,2622,95,zen,0.800,0.550,190975,81.0254,2.4081,18.87
graphic,imessage,1206,2622,95,zen,1.200,0.550,171836,79.3020,2.7349,18.05
graphic,imessage,1206,2622,95,zen,1.800,0.550,152925,77.4469,3.1124,17.88
graphic,imessage,1206,2622,95,zen,2.500,0.550,136886,75.9623,3.5486,17.79
graphic,terminal,1646,1062,10,cjpegli,0.000,15.267,40337,57.3064,7.4495,18.42
graphic,terminal,1646,1062,10,zen,-0.400,15.267,41851,57.1342,6.7500,11.11
graphic,terminal,1646,1062,10,zen,-0.250,15.267,41897,58.0121,7.3375,11.28
graphic,terminal,1646,1062,10,zen,-0.150,15.267,41603,58.0669,7.1489,9.59
graphic,terminal,1646,1062,10,zen,-0.080,15.267,41501,58.0499,7.2191,9.51
graphic,terminal,1646,1062,10,zen,0.000,15.267,41508,58.0357,7.2163,9.84
graphic,terminal,1646,1062,10,zen,0.050,15.267,41466,57.9198,7.2412,10.60
graphic,terminal,1646,1062,10,zen,0.120,15.267,41408,57.8249,7.1298,9.71
graphic,terminal,1646,1062,10,zen,0.200,15.267,41090,56.1376,7.0291,10.06
graphic,terminal,1646,1062,10,zen,0.300,15.267,41006,56.1939,6.9487,10.12
graphic,terminal,1646,1062,10,zen,0.500,15.267,40740,56.2250,7.0469,9.58
graphic,terminal,1646,1062,10,zen,0.800,15.267,40445,54.7807,7.2907,9.94
graphic,terminal,1646,1062,10,zen,1.200,15.267,40083,56.2420,7.6852,10.40
graphic,terminal,1646,1062,10,zen,1.800,15.267,39076,56.1139,7.8697,10.16
graphic,terminal,1646,1062,10,zen,2.500,15.267,38395,51.7684,7.9603,10.80
graphic,terminal,1646,1062,30,cjpegli,0.000,6.400,62979,68.3404,5.3585,18.47
graphic,terminal,1646,1062,30,zen,-0.400,6.400,66415,70.8277,4.9766,10.05
graphic,terminal,1646,1062,30,zen,-0.250,6.400,65848,70.6531,5.2333,9.79
graphic,terminal,1646,1062,30,zen,-0.150,6.400,65390,70.4626,5.1935,10.56
graphic,terminal,1646,1062,30,zen,-0.080,6.400,64807,69.0642,5.2645,9.89
graphic,terminal,1646,1062,30,zen,0.000,6.400,64371,68.9386,5.0324,10.70
graphic,terminal,1646,1062,30,zen,0.050,6.400,64130,68.9108,5.0634,11.13
graphic,terminal,1646,1062,30,zen,0.120,6.400,63728,68.7697,4.9395,10.29
graphic,terminal,1646,1062,30,zen,0.200,6.400,63466,68.3810,4.9072,11.17
graphic,terminal,1646,1062,30,zen,0.300,6.400,62896,68.5640,4.9461,9.90
graphic,terminal,1646,1062,30,zen,0.500,6.400,61659,68.1799,5.1592,9.88
graphic,terminal,1646,1062,30,zen,0.800,6.400,60333,66.4883,5.2659,9.99
graphic,terminal,1646,1062,30,zen,1.200,6.400,59239,65.7514,5.7666,9.71
graphic,terminal,1646,1062,30,zen,1.800,6.400,56784,65.6589,6.2185,9.72
graphic,terminal,1646,1062,30,zen,2.500,6.400,54250,63.5254,6.1028,9.63
graphic,terminal,1646,1062,50,cjpegli,0.000,4.600,74649,72.1435,4.6877,20.75
graphic,terminal,1646,1062,50,zen,-0.400,4.600,79551,73.6838,4.4428,9.91
graphic,terminal,1646,1062,50,zen,-0.250,4.600,78257,73.4038,4.1990,9.81
graphic,terminal,1646,1062,50,zen,-0.150,4.600,77102,71.9900,4.4241,10.26
graphic,terminal,1646,1062,50,zen,-0.080,4.600,76652,71.9058,4.4632,12.23
graphic,terminal,1646,1062,50,zen,0.000,4.600,75771,72.5765,4.6740,9.74
graphic,terminal,1646,1062,50,zen,0.050,4.600,75475,72.4193,4.5094,9.77
graphic,terminal,1646,1062,50,zen,0.120,4.600,75099,70.5006,4.6701,9.79
graphic,terminal,1646,1062,50,zen,0.200,4.600,74655,71.4057,4.6205,10.04
graphic,terminal,1646,1062,50,zen,0.300,4.600,73593,71.0859,4.5809,10.20
graphic,terminal,1646,1062,50,zen,0.500,4.600,72427,71.5588,4.3750,11.64
graphic,terminal,1646,1062,50,zen,0.800,4.600,70032,70.5358,5.0220,12.24
graphic,terminal,1646,1062,50,zen,1.200,4.600,67636,70.1937,5.0272,10.46
graphic,terminal,1646,1062,50,zen,1.800,4.600,64371,68.9386,5.0324,10.65
graphic,terminal,1646,1062,50,zen,2.500,4.600,60932,67.9488,5.3912,9.69
graphic,terminal,1646,1062,70,cjpegli,0.000,2.800,96403,78.1541,3.5092,19.64
graphic,terminal,1646,1062,70,zen,-0.400,2.800,104241,80.4814,3.0149,10.41
graphic,terminal,1646,1062,70,zen,-0.250,2.800,101420,79.9587,3.2656,10.15
graphic,terminal,1646,1062,70,zen,-0.150,2.800,99662,79.1017,3.2607,10.01
graphic,terminal,1646,1062,70,zen,-0.080,2.800,98624,78.9287,3.6734,10.11
graphic,terminal,1646,1062,70,zen,0.000,2.800,96942,78.6211,3.4810,10.04
graphic,terminal,1646,1062,70,zen,0.050,2.800,96386,78.5520,3.5892,9.92
graphic,terminal,1646,1062,70,zen,0.120,2.800,95028,78.1654,3.6457,11.39
graphic,terminal,1646,1062,70,zen,0.200,2.800,93457,77.7197,3.6435,10.02
graphic,terminal,1646,1062,70,zen,0.300,2.800,92197,77.4262,3.8965,10.06
graphic,terminal,1646,1062,70,zen,0.500,2.800,89481,77.3008,3.7932,9.95
graphic,terminal,1646,1062,70,zen,0.800,2.800,85443,74.1674,3.6136,10.04
graphic,terminal,1646,1062,70,zen,1.200,2.800,81244,75.2252,4.3675,10.46
graphic,terminal,1646,1062,70,zen,1.800,2.800,75771,72.5765,4.6740,9.90
graphic,terminal,1646,1062,70,zen,2.500,2.800,70786,70.7233,4.8177,10.09
graphic,terminal,1646,1062,85,cjpegli,0.000,1.450,129448,84.6169,2.5105,19.50
graphic,terminal,1646,1062,85,zen,-0.400,1.450,148396,87.3387,2.1807,10.42
graphic,terminal,1646,1062,85,zen,-0.250,1.450,140941,86.3714,2.1908,11.33
graphic,terminal,1646,1062,85,zen,-0.150,1.450,136325,85.7292,2.2956,10.31
graphic,terminal,1646,1062,85,zen,-0.080,1.450,133523,85.3205,2.4433,10.99
graphic,terminal,1646,1062,85,zen,0.000,1.450,130132,84.8419,2.3769,10.11
graphic,terminal,1646,1062,85,zen,0.050,1.450,128130,84.5634,2.3259,10.16
graphic,terminal,1646,1062,85,zen,0.120,1.450,125776,84.2607,2.5207,10.04
graphic,terminal,1646,1062,85,zen,0.200,1.450,122843,83.8239,2.5996,10.30
graphic,terminal,1646,1062,85,zen,0.300,1.450,120169,83.2257,2.8367,10.42
graphic,terminal,1646,1062,85,zen,0.500,1.450,114760,82.2497,2.7540,10.01
graphic,terminal,1646,1062,85,zen,0.800,1.450,107713,81.1122,2.9372,10.51
graphic,terminal,1646,1062,85,zen,1.200,1.450,99662,79.1017,3.2607,11.40
graphic,terminal,1646,1062,85,zen,1.800,1.450,90007,77.3364,4.0868,10.92
graphic,terminal,1646,1062,85,zen,2.500,1.450,81627,74.0995,4.2339,9.79
graphic,terminal,1646,1062,95,cjpegli,0.000,0.550,189943,90.5584,2.2008,20.29
graphic,terminal,1646,1062,95,zen,-0.400,0.550,272016,92.2762,1.8945,11.02
graphic,terminal,1646,1062,95,zen,-0.250,0.550,231454,92.0196,1.8726,10.86
graphic,terminal,1646,1062,95,zen,-0.150,0.550,213302,91.5357,1.8725,10.85
graphic,terminal,1646,1062,95,zen,-0.080,0.550,201080,91.1636,2.2237,10.72
graphic,terminal,1646,1062,95,zen,0.000,0.550,191021,90.5931,2.2150,10.60
graphic,terminal,1646,1062,95,zen,0.050,0.550,184317,90.4631,2.2376,10.61
graphic,terminal,1646,1062,95,zen,0.120,0.550,176490,89.6693,2.1844,12.09
graphic,terminal,1646,1062,95,zen,0.200,0.550,170095,89.2962,2.2169,10.68
graphic,terminal,1646,1062,95,zen,0.300,0.550,162008,88.6046,2.1599,10.76
graphic,terminal,1646,1062,95,zen,0.500,0.550,148396,87.3387,2.1807,10.53
graphic,terminal,1646,1062,95,zen,0.800,0.550,133901,85.3893,2.4819,10.51
graphic,terminal,1646,1062,95,zen,1.200,0.550,120169,83.2257,2.8367,10.24
graphic,terminal,1646,1062,95,zen,1.800,0.550,105545,80.7225,3.2503,10.02
graphic,terminal,1646,1062,95,zen,2.500,0.550,92957,77.5713,3.6931,10.05
graphic,windows,2560,1392,10,cjpegli,0.000,15.267,108216,36.3498,12.2922,33.47
graphic,windows,2560,1392,10,zen,-0.400,15.267,116831,45.3082,12.8452,20.76
graphic,windows,2560,1392,10,zen,-0.250,15.267,115846,45.6473,12.0387,19.46
graphic,windows,2560,1392,10,zen,-0.150,15.267,115056,44.8546,12.3697,19.27
graphic,windows,2560,1392,10,zen,-0.080,15.267,114550,44.8692,12.3167,19.91
graphic,windows,2560,1392,10,zen,0.000,15.267,114415,44.8227,12.3165,19.86
graphic,windows,2560,1392,10,zen,0.050,15.267,114026,45.0768,12.2826,20.78
graphic,windows,2560,1392,10,zen,0.120,15.267,113775,45.1199,12.3590,19.34
graphic,windows,2560,1392,10,zen,0.200,15.267,113440,43.1594,14.7747,20.03
graphic,windows,2560,1392,10,zen,0.300,15.267,112999,43.2351,14.1802,20.51
graphic,windows,2560,1392,10,zen,0.500,15.267,112018,42.8524,14.0953,19.37
graphic,windows,2560,1392,10,zen,0.800,15.267,110618,43.5182,12.8149,19.36
graphic,windows,2560,1392,10,zen,1.200,15.267,109095,42.1672,12.2476,21.21
graphic,windows,2560,1392,10,zen,1.800,15.267,106050,41.2171,13.4015,20.82
graphic,windows,2560,1392,10,zen,2.500,15.267,103046,41.0005,13.1461,19.75
graphic,windows,2560,1392,30,cjpegli,0.000,6.400,190660,54.0009,7.5751,36.16
graphic,windows,2560,1392,30,zen,-0.400,6.400,208701,63.3455,6.8740,21.63
graphic,windows,2560,1392,30,zen,-0.250,6.400,206065,63.1753,6.7477,20.15
graphic,windows,2560,1392,30,zen,-0.150,6.400,204214,63.0397,6.8469,20.04
graphic,windows,2560,1392,30,zen,-0.080,6.400,201882,62.9948,6.7418,20.37
graphic,windows,2560,1392,30,zen,0.000,6.400,200135,62.8319,6.9189,19.91
graphic,windows,2560,1392,30,zen,0.050,6.400,199482,62.7091,7.0800,20.72
graphic,windows,2560,1392,30,zen,0.120,6.400,197887,62.4225,7.1188,19.77
graphic,windows,2560,1392,30,zen,0.200,6.400,196689,62.1548,7.1836,19.90
graphic,windows,2560,1392,30,zen,0.300,6.400,195280,62.1656,6.9604,20.54
graphic,windows,2560,1392,30,zen,0.500,6.400,191062,61.7132,7.6121,21.14
graphic,windows,2560,1392,30,zen,0.800,6.400,185958,61.3872,7.2829,19.60
graphic,windows,2560,1392,30,zen,1.200,6.400,180039,59.6703,7.6628,19.75
graphic,windows,2560,1392,30,zen,1.800,6.400,172124,58.0890,7.9699,20.43
graphic,windows,2560,1392,30,zen,2.500,6.400,163189,56.2291,8.2530,19.58
graphic,windows,2560,1392,50,cjpegli,0.000,4.600,231915,60.5194,6.2403,38.71
graphic,windows,2560,1392,50,zen,-0.400,4.600,253995,68.1073,4.9874,20.27
graphic,windows,2560,1392,50,zen,-0.250,4.600,249114,67.6896,5.3323,20.06
graphic,windows,2560,1392,50,zen,-0.150,4.600,245984,67.0714,5.1348,20.26
graphic,windows,2560,1392,50,zen,-0.080,4.600,244201,66.9123,5.0912,21.65
graphic,windows,2560,1392,50,zen,0.000,4.600,241381,66.7935,5.2736,20.20
graphic,windows,2560,1392,50,zen,0.050,4.600,240177,66.7219,5.5335,20.70
graphic,windows,2560,1392,50,zen,0.120,4.600,238727,66.2312,5.7638,20.62
graphic,windows,2560,1392,50,zen,0.200,4.600,236717,66.4564,5.7047,20.20
graphic,windows,2560,1392,50,zen,0.300,4.600,232829,66.0987,5.7300,20.32
graphic,windows,2560,1392,50,zen,0.500,4.600,228269,65.5369,6.3719,19.99
graphic,windows,2560,1392,50,zen,0.800,4.600,220907,64.9748,6.2033,21.53
graphic,windows,2560,1392,50,zen,1.200,4.600,212823,63.6252,6.7632,19.88
graphic,windows,2560,1392,50,zen,1.800,4.600,200135,62.8319,6.9189,20.44
graphic,windows,2560,1392,50,zen,2.500,4.600,187835,61.6738,7.7064,19.84
graphic,windows,2560,1392,70,cjpegli,0.000,2.800,303395,69.5259,4.1128,40.31
graphic,windows,2560,1392,70,zen,-0.400,2.800,338561,74.3630,3.7124,20.67
graphic,windows,2560,1392,70,zen,-0.250,2.800,329730,73.8890,3.7505,20.65
graphic,windows,2560,1392,70,zen,-0.150,2.800,322873,73.3220,3.7052,20.71
graphic,windows,2560,1392,70,zen,-0.080,2.800,319598,73.3009,3.8315,21.09
graphic,windows,2560,1392,70,zen,0.000,2.800,314409,72.3204,3.8378,22.43
graphic,windows,2560,1392,70,zen,0.050,2.800,312395,72.2091,3.7716,22.32
graphic,windows,2560,1392,70,zen,0.120,2.800,307826,72.0081,4.1030,23.04
graphic,windows,2560,1392,70,zen,0.200,2.800,303018,71.6087,4.0285,21.11
graphic,windows,2560,1392,70,zen,0.300,2.800,298527,71.7633,4.1992,20.50
graphic,windows,2560,1392,70,zen,0.500,2.800,289333,70.8489,4.3535,20.99
graphic,windows,2560,1392,70,zen,0.800,2.800,275159,69.7808,4.6678,21.16
graphic,windows,2560,1392,70,zen,1.200,2.800,260154,68.7107,5.1467,20.28
graphic,windows,2560,1392,70,zen,1.800,2.800,241381,66.7935,5.2736,20.10
graphic,windows,2560,1392,70,zen,2.500,2.800,223424,65.0839,6.3194,20.09
graphic,windows,2560,1392,85,cjpegli,0.000,1.450,408349,77.2714,2.7468,37.33
graphic,windows,2560,1392,85,zen,-0.400,1.450,484959,78.7321,3.1518,23.04
graphic,windows,2560,1392,85,zen,-0.250,1.450,459154,78.7509,3.0098,23.37
graphic,windows,2560,1392,85,zen,-0.150,1.450,442376,78.4301,2.9275,22.49
graphic,windows,2560,1392,85,zen,-0.080,1.450,434016,78.2525,2.9286,21.49
graphic,windows,2560,1392,85,zen,0.000,1.450,421901,77.8247,2.8585,23.71
graphic,windows,2560,1392,85,zen,0.050,1.450,415804,77.5408,2.9083,21.27
graphic,windows,2560,1392,85,zen,0.120,1.450,408051,77.3942,2.9978,22.77
graphic,windows,2560,1392,85,zen,0.200,1.450,398604,76.4410,3.0154,21.52
graphic,windows,2560,1392,85,zen,0.300,1.450,390355,76.1812,3.1580,21.86
graphic,windows,2560,1392,85,zen,0.500,1.450,372919,75.9967,3.2486,22.83
graphic,windows,2560,1392,85,zen,0.800,1.450,349839,74.7830,3.4361,21.35
graphic,windows,2560,1392,85,zen,1.200,1.450,322873,73.3220,3.7052,20.91
graphic,windows,2560,1392,85,zen,1.800,1.450,291059,70.9375,4.2950,21.16
graphic,windows,2560,1392,85,zen,2.500,1.450,261712,68.7934,5.2796,20.29
graphic,windows,2560,1392,95,cjpegli,0.000,0.550,606051,82.3148,2.3878,41.12
graphic,windows,2560,1392,95,zen,-0.400,0.550,871213,82.2663,2.8626,24.40
graphic,windows,2560,1392,95,zen,-0.250,0.550,749082,81.9180,2.8646,23.50
graphic,windows,2560,1392,95,zen,-0.150,0.550,693006,81.5171,2.8904,24.64
graphic,windows,2560,1392,95,zen,-0.080,0.550,654628,81.4058,2.9457,22.88
graphic,windows,2560,1392,95,zen,0.000,0.550,623389,81.3552,2.8196,23.69
graphic,windows,2560,1392,95,zen,0.050,0.550,602728,80.8508,2.8568,22.64
graphic,windows,2560,1392,95,zen,0.120,0.550,577957,80.4232,2.9283,22.77
graphic,windows,2560,1392,95,zen,0.200,0.550,556429,80.1733,3.0213,22.73
graphic,windows,2560,1392,95,zen,0.300,0.550,529753,79.9278,2.9625,22.23
graphic,windows,2560,1392,95,zen,0.500,0.550,484959,78.7321,3.1518,21.98
graphic,windows,2560,1392,95,zen,0.800,0.550,435601,78.2743,2.9592,23.18
graphic,windows,2560,1392,95,zen,1.200,0.550,390355,76.1812,3.1580,22.89
graphic,windows,2560,1392,95,zen,1.800,0.550,342695,74.5102,3.4753,23.11
graphic,windows,2560,1392,95,zen,2.500,0.550,300893,71.4569,4.2394,20.79
graphic,windows95,640,480,10,cjpegli,0.000,15.267,23222,-0.7043,23.2101,6.89
graphic,windows95,640,480,10,zen,-0.400,15.267,25061,3.9828,18.4157,1.95
graphic,windows95,640,480,10,zen,-0.250,15.267,24849,1.5286,19.4263,1.96
graphic,windows95,640,480,10,zen,-0.150,15.267,24738,1.4893,19.9766,2.03
graphic,windows95,640,480,10,zen,-0.080,15.267,24560,0.9546,19.9822,2.01
graphic,windows95,640,480,10,zen,0.000,15.267,24510,0.8799,19.9679,1.98
graphic,windows95,640,480,10,zen,0.050,15.267,24456,0.7604,19.9779,2.00
graphic,windows95,640,480,10,zen,0.120,15.267,24386,0.4650,20.1102,1.98
graphic,windows95,640,480,10,zen,0.200,15.267,24223,2.3661,19.7088,2.03
graphic,windows95,640,480,10,zen,0.300,15.267,24116,2.2378,19.7985,2.02
graphic,windows95,640,480,10,zen,0.500,15.267,23899,1.2874,18.6982,2.06
graphic,windows95,640,480,10,zen,0.800,15.267,23456,-0.5241,18.7173,1.99
graphic,windows95,640,480,10,zen,1.200,15.267,23058,-3.9401,18.5137,2.15
graphic,windows95,640,480,10,zen,1.800,15.267,22262,-2.8637,19.0781,2.27
graphic,windows95,640,480,10,zen,2.500,15.267,21546,-8.9411,19.6585,1.94
graphic,windows95,640,480,30,cjpegli,0.000,6.400,43306,39.7301,12.1206,6.70
graphic,windows95,640,480,30,zen,-0.400,6.400,47123,44.5042,11.4338,2.14
graphic,windows95,640,480,30,zen,-0.250,6.400,46561,43.6600,11.7913,2.14
graphic,windows95,640,480,30,zen,-0.150,6.400,46046,43.1484,11.3831,2.49
graphic,windows95,640,480,30,zen,-0.080,6.400,45610,42.5446,11.1417,2.14
graphic,windows95,640,480,30,zen,0.000,6.400,45263,42.2721,11.4216,2.24
graphic,windows95,640,480,30,zen,0.050,6.400,45137,42.1863,11.6212,2.13
graphic,windows95,640,480,30,zen,0.120,6.400,44729,41.7127,11.6609,2.16
graphic,windows95,640,480,30,zen,0.200,6.400,44443,41.1882,11.5122,2.40
graphic,windows95,640,480,30,zen,0.300,6.400,44092,40.8546,11.5926,2.13
graphic,windows95,640,480,30,zen,0.500,6.400,43190,40.1288,11.1403,2.09
graphic,windows95,640,480,30,zen,0.800,6.400,42060,37.4960,11.3404,2.20
graphic,windows95,640,480,30,zen,1.200,6.400,40700,34.8951,11.0904,2.22
graphic,windows95,640,480,30,zen,1.800,6.400,38821,32.7956,12.3414,2.20
graphic,windows95,640,480,30,zen,2.500,6.400,36377,29.3702,13.0722,2.12
graphic,windows95,640,480,50,cjpegli,0.000,4.600,52811,50.3171,10.0085,6.81
graphic,windows95,640,480,50,zen,-0.400,4.600,57470,54.5099,8.6923,2.30
graphic,windows95,640,480,50,zen,-0.250,4.600,56380,53.5545,8.4319,2.42
graphic,windows95,640,480,50,zen,-0.150,4.600,55612,53.2244,8.4642,2.21
graphic,windows95,640,480,50,zen,-0.080,4.600,55210,52.6266,8.7054,2.23
graphic,windows95,640,480,50,zen,0.000,4.600,54560,51.9475,9.0127,2.15
graphic,windows95,640,480,50,zen,0.050,4.600,54271,51.6277,9.0040,2.17
graphic,windows95,640,480,50,zen,0.120,4.600,53905,51.2932,9.0890,2.18
graphic,windows95,640,480,50,zen,0.200,4.600,53545,51.2866,8.9072,2.47
graphic,windows95,640,480,50,zen,0.300,4.600,52728,50.3771,9.0628,2.17
graphic,windows95,640,480,50,zen,0.500,4.600,51713,49.1394,9.1260,2.23
graphic,windows95,640,480,50,zen,0.800,4.600,50061,47.4715,9.6525,2.19
graphic,windows95,640,480,50,zen,1.200,4.600,48169,45.3040,10.0079,2.15
graphic,windows95,640,480,50,zen,1.800,4.600,45263,42.2721,11.4216,2.12
graphic,windows95,640,480,50,zen,2.500,4.600,42524,38.2180,11.2351,2.23
graphic,windows95,640,480,70,cjpegli,0.000,2.800,68040,62.2156,7.5888,7.30
graphic,windows95,640,480,70,zen,-0.400,2.800,73660,64.1865,6.4564,2.36
graphic,windows95,640,480,70,zen,-0.250,2.800,72188,63.6179,6.4031,2.42
graphic,windows95,640,480,70,zen,-0.150,2.800,71063,63.3478,6.6085,2.29
graphic,windows95,640,480,70,zen,-0.080,2.800,70445,62.7803,6.6285,2.28
graphic,windows95,640,480,70,zen,0.000,2.800,69395,62.0990,6.6326,2.38
graphic,windows95,640,480,70,zen,0.050,2.800,69018,61.6706,6.6142,2.28
graphic,windows95,640,480,70,zen,0.120,2.800,68019,61.4504,6.5413,2.30
graphic,windows95,640,480,70,zen,0.200,2.800,67163,61.0694,6.5777,3.13
graphic,windows95,640,480,70,zen,0.300,2.800,66323,60.4930,6.8426,2.28
graphic,windows95,640,480,70,zen,0.500,2.800,64607,59.5343,7.2364,2.56
graphic,windows95,640,480,70,zen,0.800,2.800,61732,57.9895,8.1320,2.25
graphic,windows95,640,480,70,zen,1.200,2.800,58829,55.5628,8.2509,2.20
graphic,windows95,640,480,70,zen,1.800,2.800,54560,51.9475,9.0127,2.24
graphic,windows95,640,480,70,zen,2.500,2.800,50571,47.9710,9.4673,2.21
graphic,windows95,640,480,85,cjpegli,0.000,1.450,85897,67.4383,7.2284,7.41
graphic,windows95,640,480,85,zen,-0.400,1.450,96303,67.7319,5.8901,2.49
graphic,windows95,640,480,85,zen,-0.250,1.450,92569,67.5206,5.9119,2.46
graphic,windows95,640,480,85,zen,-0.150,1.450,90046,67.4722,5.8836,2.41
graphic,windows95,640,480,85,zen,-0.080,1.450,88605,67.4084,6.0967,2.42
graphic,windows95,640,480,85,zen,0.000,1.450,86740,66.9869,6.0605,2.42
graphic,windows95,640,480,85,zen,0.050,1.450,85862,66.7192,6.0585,2.37
graphic,windows95,640,480,85,zen,0.120,1.450,84449,66.6249,6.1146,2.38
graphic,windows95,640,480,85,zen,0.200,1.450,82944,66.3032,6.2700,2.40
graphic,windows95,640,480,85,zen,0.300,1.450,81885,66.0242,6.0645,2.37
graphic,windows95,640,480,85,zen,0.500,1.450,79056,65.7552,6.2578,2.36
graphic,windows95,640,480,85,zen,0.800,1.450,75485,64.7678,6.4241,2.35
graphic,windows95,640,480,85,zen,1.200,1.450,71063,63.3478,6.6085,2.39
graphic,windows95,640,480,85,zen,1.800,1.450,64906,59.5471,7.0255,2.28
graphic,windows95,640,480,85,zen,2.500,1.450,59065,56.4269,8.4514,2.26
graphic,windows95,640,480,95,cjpegli,0.000,0.550,116540,69.0977,7.1983,9.65
graphic,windows95,640,480,95,zen,-0.400,0.550,152676,68.8444,5.8325,2.60
graphic,windows95,640,480,95,zen,-0.250,0.550,134919,68.7003,5.7992,2.77
graphic,windows95,640,480,95,zen,-0.150,0.550,126944,68.6563,5.8587,2.57
graphic,windows95,640,480,95,zen,-0.080,0.550,120997,68.7009,5.9446,2.59
graphic,windows95,640,480,95,zen,0.000,0.550,116917,68.4866,5.8100,2.61
graphic,windows95,640,480,95,zen,0.050,0.550,113871,68.3858,5.8483,2.55
graphic,windows95,640,480,95,zen,0.120,0.550,110065,68.3424,5.9337,2.51
graphic,windows95,640,480,95,zen,0.200,0.550,106647,68.1719,5.9006,2.45
graphic,windows95,640,480,95,zen,0.300,0.550,103266,68.0830,5.8555,2.58
graphic,windows95,640,480,95,zen,0.500,0.550,96303,67.7319,5.8901,2.47
graphic,windows95,640,480,95,zen,0.800,0.550,88732,67.4805,6.1244,2.53
graphic,windows95,640,480,95,zen,1.200,0.550,81885,66.0242,6.0645,2.60
graphic,windows95,640,480,95,zen,1.800,0.550,74279,64.3664,6.5407,2.33
graphic,windows95,640,480,95,zen,2.500,0.550,66850,60.8841,6.5777,2.40
