image_path	size_class	width	height	feat_variance	feat_edge_density	feat_chroma_complexity	feat_cb_sharpness	feat_cr_sharpness	feat_uniformity	feat_flat_color_block_ratio	feat_colourfulness	feat_laplacian_variance	feat_variance_spread	feat_distinct_color_bins	feat_palette_density	feat_cb_horiz_sharpness	feat_cb_vert_sharpness	feat_cb_peak_sharpness	feat_cr_horiz_sharpness	feat_cr_vert_sharpness	feat_cr_peak_sharpness	feat_high_freq_energy_ratio	feat_luma_histogram_entropy	feat_dct_compressibility_y	feat_dct_compressibility_uv	feat_patch_fraction	feat_alpha_present	feat_alpha_used_fraction	feat_alpha_bimodal_score	feat_indexed_palette_width	feat_palette_fits_in_256	feat_peak_luminance_nits	feat_p99_luminance_nits	feat_hdr_headroom_stops	feat_hdr_pixel_fraction	feat_wide_gamut_peak	feat_wide_gamut_fraction	feat_effective_bit_depth	feat_hdr_present	feat_grayscale_score	feat_aq_map_mean	feat_aq_map_std	feat_noise_floor_y	feat_noise_floor_uv	feat_gamut_coverage_srgb	feat_gamut_coverage_p3	feat_gradient_fraction	feat_skin_tone_fraction	feat_edge_slope_stdev	feat_patch_fraction_fast	feat_quant_survival_y	feat_quant_survival_uv	feat_is_grayscale	feat_pixel_count	feat_log_pixels	feat_min_dim	feat_max_dim	feat_bitmap_bytes	feat_aspect_min_over_max	feat_log_aspect_abs	feat_block_misalignment_8	feat_block_misalignment_32	feat_channel_count	feat_aq_map_p50	feat_aq_map_p75	feat_aq_map_p90	feat_aq_map_p95	feat_aq_map_p99	feat_noise_floor_y_p25	feat_noise_floor_y_p50	feat_noise_floor_y_p75	feat_noise_floor_y_p90	feat_noise_floor_uv_p25	feat_noise_floor_uv_p50	feat_noise_floor_uv_p75	feat_noise_floor_uv_p90	feat_laplacian_variance_p50	feat_laplacian_variance_p75	feat_laplacian_variance_p90	feat_laplacian_variance_p99	feat_laplacian_variance_peak	feat_quant_survival_y_p10	feat_quant_survival_y_p25	feat_quant_survival_y_p50	feat_quant_survival_y_p75	feat_quant_survival_uv_p10	feat_quant_survival_uv_p25	feat_quant_survival_uv_p50	feat_quant_survival_uv_p75	feat_laplacian_variance_p1	feat_laplacian_variance_p5	feat_laplacian_variance_p10	feat_aq_map_p1	feat_aq_map_p5	feat_aq_map_p10	feat_noise_floor_y_p1	feat_noise_floor_y_p5	feat_noise_floor_y_p10	feat_quant_survival_y_p1	feat_quant_survival_y_p5	feat_luma_kurtosis	feat_gradient_fraction_smooth
/tmp/multiaxis-strat100/alpha_000_91x137.png	large	91	137	1181.529175	0.206618	0.149670	0.026636	0.033689	0.433155	0.433155	54.256813	1.142584	0.918833	145.000000	0.011631	0.215020	0.324590	18.000000	1.976510	3.098220	157.000000	0.997215	1.231894	32.005348	47.219250	0.438503	0.000000	0.000000	0.000000	8.000000	1.000000	80.000000	80.000000	0.000000	0.000000	1.000000	0.000000	8.000000	0.000000	0.847598	2.590353	2.290676	0.000000	0.000000	1.000000	1.000000	0.000000	0.000081	50.985844	0.443850	0.148629	0.070113	0.000000	12467.000000	9.430840	91.000000	137.000000	37401.000000	0.664234	0.409121	0.108847	0.232053	3.000000	4.046941	4.675767	4.940207	5.324355	5.420455	0.000000	0.523989	1.000000	1.000000	0.000000	0.010753	0.912566	1.000000	0.000000	50.000000	149.000000	255.000000	255.000000	0.000000	0.000000	0.095238	0.301587	0.000000	0.000000	0.000000	0.142857	0.000000	0.000000	0.000000	0.000000	0.000000	0.000000	0.000000	0.000000	0.000000	0.000000	0.000000	2.610782	0.287197
/tmp/multiaxis-strat100/gray_015_137x137.png	large	137	137	1525.445068	0.290171	0.000000	0.000000	0.000000	0.262976	0.238754	0.000000	1.059495	0.630763	31.000000	0.001652	0.000000	0.000000	0.000000	0.000000	0.000000	0.000000	0.441262	1.752137	34.951557	0.000000	0.183391	0.000000	0.000000	0.000000	8.000000	1.000000	80.000000	80.000000	0.000000	0.000000	1.000000	0.000000	8.000000	0.000000	1.000000	3.671588	1.957804	0.000000	0.000000	1.000000	1.000000	0.065744	0.000000	40.944454	0.197232	0.157357	0.000000	1.000000	18769.000000	9.839962	137.000000	137.000000	56307.000000	1.000000	0.000000	0.104800	0.363951	3.000000	4.776159	5.030572	5.141933	5.182238	5.284357	0.057084	1.000000	1.000000	1.000000	0.000000	0.000000	0.000000	0.000000	3.000000	69.000000	153.000000	255.000000	255.000000	0.000000	0.000000	0.142857	0.238095	0.000000	0.000000	0.000000	0.000000	0.000000	0.000000	0.000000	0.000000	0.000000	0.000000	0.000000	0.000000	0.000000	0.000000	0.000000	1.738641	0.563269
/tmp/multiaxis-strat100/palette_040_p256_200x100.png	large	200	100	1623.785645	0.257381	0.015664	0.000303	0.000710	0.210000	0.183333	5.921024	1.515629	0.732597	46.000000	0.002300	0.000320	0.000510	0.000000	0.011680	0.018410	30.000000	0.545804	1.506594	40.930000	0.756667	0.180000	0.000000	0.000000	0.000000	8.000000	1.000000	80.000000	80.000000	0.000000	0.000000	1.000000	0.000000	8.000000	0.000000	0.998150	3.880584	1.849607	0.000000	0.000000	1.000000	1.000000	0.056667	0.000052	48.760754	0.190000	0.196349	0.001640	0.000000	20000.000000	9.903487	100.000000	200.000000	60000.000000	0.500000	0.693147	0.040000	0.433600	3.000000	4.848521	5.034880	5.200003	5.247388	5.316251	0.415381	1.000000	1.000000	1.000000	0.000000	0.006551	0.010476	0.014570	1.000000	80.000000	164.000000	255.000000	255.000000	0.000000	0.095238	0.174603	0.301587	0.000000	0.000000	0.000000	0.000000	0.000000	0.000000	0.000000	0.000000	0.000000	0.000000	0.000000	0.000000	0.000000	0.000000	0.000000	1.217328	0.554151
/tmp/multiaxis-strat100/illustration_054_256x256.png	large	256	256	4821.090820	0.060208	0.150738	0.001387	0.005891	0.764648	0.750000	64.789291	0.340614	1.251362	216.000000	0.006592	0.001280	0.001260	0.000000	0.147300	0.159120	20.000000	0.096475	1.188153	19.851562	13.092773	0.776367	0.000000	0.000000	0.000000	8.000000	1.000000	80.000000	80.000000	0.000000	0.000000	1.000000	0.000000	8.000000	0.000000	0.876221	1.230754	2.059564	0.000000	0.000000	1.000000	1.000000	0.127930	0.000000	54.666622	0.771484	0.048115	0.014261	0.000000	65536.000000	11.090355	256.000000	256.000000	196608.000000	1.000000	0.000000	0.000000	0.000000	3.000000	0.000000	1.806180	5.128454	5.461150	5.765654	0.000000	0.000000	0.051509	1.000000	0.000000	0.000000	0.000000	0.610065	0.000000	0.000000	10.000000	199.000000	255.000000	0.000000	0.000000	0.000000	0.000000	0.000000	0.000000	0.000000	0.000000	0.000000	0.000000	0.000000	0.000000	0.000000	0.000000	0.000000	0.000000	0.000000	0.000000	0.000000	24.082031	0.218132
/tmp/multiaxis-strat100/palette_029_p47_200x100.png	large	200	100	1576.030640	0.225398	0.015609	0.000136	0.000318	0.256667	0.213333	5.869167	1.765139	0.783885	41.000000	0.002050	0.000310	0.000490	0.000000	0.011260	0.017770	30.000000	0.768320	1.286609	44.696667	0.936667	0.270000	0.000000	0.000000	0.000000	8.000000	1.000000	80.000000	80.000000	0.000000	0.000000	1.000000	0.000000	8.000000	0.000000	0.998050	3.654207	2.021162	0.000000	0.000000	1.000000	1.000000	0.036667	0.000000	54.474415	0.300000	0.241587	0.002169	0.000000	20000.000000	9.903487	100.000000	200.000000	60000.000000	0.500000	0.693147	0.040000	0.433600	3.000000	4.729582	5.044672	5.177678	5.287343	5.496263	0.096232	1.000000	1.000000	1.000000	0.000000	0.000000	0.000000	0.010801	0.000000	60.000000	177.000000	255.000000	255.000000	0.000000	0.000000	0.269841	0.396825	0.000000	0.000000	0.000000	0.000000	0.000000	0.000000	0.000000	0.000000	0.000000	0.000000	0.000000	0.000000	0.000000	0.000000	0.000000	1.512156	0.441578
/tmp/multiaxis-strat100/palette_036_p256_200x100.png	large	200	100	1629.946899	0.326214	0.292832	0.057619	0.090086	0.120000	0.000000	121.476219	0.751372	1.174417	253.000000	0.012650	0.276540	0.213390	10.000000	4.668290	3.904360	160.000000	0.456629	3.574198	29.260000	154.666672	0.000000	0.000000	0.000000	0.000000	8.000000	1.000000	80.000000	80.000000	0.000000	0.000000	1.000000	0.000000	8.000000	0.000000	0.082300	4.003303	0.763193	0.179963	0.152452	1.000000	1.000000	0.053333	0.052083	35.598160	0.000000	0.141005	0.134550	0.000000	20000.000000	9.903487	100.000000	200.000000	60000.000000	0.500000	0.693147	0.040000	0.433600	3.000000	4.065832	4.474575	4.940961	5.194859	5.557765	0.368145	0.630506	1.000000	1.000000	0.436593	1.000000	1.000000	1.000000	18.000000	51.000000	108.000000	255.000000	255.000000	0.000000	0.047619	0.111111	0.206349	0.000000	0.047619	0.126984	0.206349	0.000000	0.000000	1.000000	1.938269	2.506822	2.931967	0.036542	0.081884	0.179963	0.000000	0.000000	4.925341	0.552667
/tmp/multiaxis-strat100/illustration_058_256x18.png	large	256	18	190.461655	0.043137	0.023699	0.002908	0.001378	0.937500	0.875000	14.638871	0.028394	1.267464	78.000000	0.016927	0.006800	0.006420	1.000000	0.010640	0.009800	2.000000	0.349591	0.385405	4.312500	1.468750	0.875000	0.000000	0.000000	0.000000	8.000000	1.000000	80.000000	80.000000	0.000000	0.000000	1.000000	0.000000	8.000000	0.000000	0.015191	0.383172	1.182409	0.000000	0.000000	1.000000	1.000000	0.000000	0.007324	17.037497	0.875000	0.015625	0.003968	0.000000	4608.000000	8.435549	18.000000	256.000000	13824.000000	0.070312	2.654806	0.333333	0.777778	3.000000														0.000000	0.000000	0.000000	119.000000	218.000000									0.000000	0.000000	0.000000									38.428822	0.072794
/tmp/multiaxis-strat100/palette_046_p256_200x100.png	large	200	100	3012.805176	0.223827	0.055462	0.008902	0.007067	0.350000	0.320000	19.044146	3.331396	0.906966	209.000000	0.010450	0.014880	0.009810	2.000000	0.088030	0.068210	25.000000	0.823429	1.715746	72.419998	5.910000	0.376667	0.000000	0.000000	0.000000	8.000000	1.000000	80.000000	80.000000	0.000000	0.000000	1.000000	0.000000	8.000000	0.000000	0.786200	3.197664	2.314465	0.000000	0.000000	1.000000	1.000000	0.016667	0.011302	103.159210	0.370000	0.231376	0.012011	0.000000	20000.000000	9.903487	100.000000	200.000000	60000.000000	0.500000	0.693147	0.040000	0.433600	3.000000	4.083994	5.173099	5.590268	5.660038	5.831550	0.000000	0.709138	1.000000	1.000000	0.000000	0.027275	0.171772	0.352234	0.000000	29.000000	197.000000	255.000000	255.000000	0.000000	0.000000	0.142857	0.444444	0.000000	0.000000	0.000000	0.015873	0.000000	0.000000	0.000000	0.000000	0.000000	0.000000	0.000000	0.000000	0.000000	0.000000	0.000000	2.899666	0.383657
/tmp/multiaxis-strat100/palette_039_p256_200x100.png	large	200	100	6660.733887	0.227806	0.362721	0.015457	0.013546	0.340000	0.280000	127.931839	1.180045	0.827159	167.000000	0.008350	0.093910	0.119070	4.000000	0.577850	0.471960	59.000000	0.210318	3.824971	67.639999	47.693333	0.230000	0.000000	0.000000	0.000000	8.000000	1.000000	80.000000	80.000000	0.000000	0.000000	1.000000	0.000000	8.000000	0.000000	0.372050	3.520217	2.175605	0.000000	0.000000	1.000000	1.000000	0.176667	0.086354	63.882820	0.273333	0.174392	0.046243	0.000000	20000.000000	9.903487	100.000000	200.000000	60000.000000	0.500000	0.693147	0.040000	0.433600	3.000000	4.770550	5.288790	5.439837	5.511822	5.631791	0.029826	1.000000	1.000000	1.000000	0.000000	0.026900	0.878839	1.000000	3.000000	45.000000	163.000000	255.000000	255.000000	0.000000	0.000000	0.126984	0.333333	0.000000	0.000000	0.000000	0.095238	0.000000	0.000000	0.000000	0.000000	0.000000	0.000000	0.000000	0.000000	0.000000	0.000000	0.000000	2.048817	0.612394
/tmp/multiaxis-strat100/illustration_080_163x256.png	large	163	256	4195.337891	0.779472	0.000000	0.000000	0.000000	0.009375	0.001563	0.000000	5.302319	0.512117	32.000000	0.000977	0.000000	0.000000	0.000000	0.000000	0.000000	0.000000	0.670860	4.206964	121.493752	0.000000	0.006250	0.000000	0.000000	0.000000	8.000000	1.000000	80.000000	80.000000	0.000000	0.000000	1.000000	0.000000	8.000000	0.000000	1.000000	5.147345	0.349885	1.000000	0.000000	1.000000	1.000000	0.007812	0.000000	43.426464	0.000000	0.427778	0.000000	1.000000	41728.000000	10.638927	163.000000	256.000000	125184.000000	0.636719	0.451427	0.030675	0.177914	3.000000	5.193550	5.286491	5.361732	5.405231	5.451899	1.000000	1.000000	1.000000	1.000000	0.000000	0.000000	0.000000	0.000000	104.000000	185.000000	255.000000	255.000000	255.000000	0.301587	0.380952	0.444444	0.492063	0.000000	0.000000	0.000000	0.000000	0.000000	2.000000	6.000000	4.127789	4.894047	4.968268	0.674623	1.000000	1.000000	0.095238	0.269841	-1.203975	0.580318
/tmp/multiaxis-strat100/palette_018_p256_200x100.png	large	200	100	1624.199463	0.257276	0.017487	0.000338	0.000793	0.213333	0.183333	6.612836	1.516199	0.731899	46.000000	0.002300	0.000630	0.000530	0.000000	0.022680	0.019270	30.000000	0.546794	1.506139	40.889999	0.730000	0.210000	0.000000	0.000000	0.000000	8.000000	1.000000	80.000000	80.000000	0.000000	0.000000	1.000000	0.000000	8.000000	0.000000	0.998050	3.834327	1.913088	0.000000	0.000000	1.000000	1.000000	0.056667	0.000052	48.772419	0.246667	0.195556	0.001111	0.000000	20000.000000	9.903487	100.000000	200.000000	60000.000000	0.500000	0.693147	0.040000	0.433600	3.000000	4.845639	5.034880	5.199903	5.247388	5.316251	0.397694	1.000000	1.000000	1.000000	0.000000	0.006781	0.010476	0.014532	0.000000	80.000000	164.000000	255.000000	255.000000	0.000000	0.079365	0.174603	0.301587	0.000000	0.000000	0.000000	0.000000	0.000000	0.000000	0.000000	0.000000	0.000000	0.000000	0.000000	0.000000	0.000000	0.000000	0.000000	1.219702	0.533216
/tmp/multiaxis-strat100/palette_014_p256_200x100.png	large	200	100	629.977112	0.388400	0.000964	0.000389	0.000269	0.076667	0.023333	0.335682	1.386653	0.992902	61.000000	0.003050	0.000030	0.000030	0.000000	0.000120	0.000130	0.000000	2.202863	1.878646	19.203333	0.000000	0.013333	0.000000	0.000000	0.000000	8.000000	1.000000	80.000000	80.000000	0.000000	0.000000	1.000000	0.000000	8.000000	0.000000	1.000000	4.023765	0.816778	0.171307	0.000000	1.000000	1.000000	0.000000	0.000000	41.776562	0.013333	0.178360	0.000000	0.000000	20000.000000	9.903487	100.000000	200.000000	60000.000000	0.500000	0.693147	0.040000	0.433600	3.000000	4.172450	4.522820	4.794154	4.898680	5.143275	0.307381	0.522984	0.798159	1.000000	0.000000	0.000000	0.000000	0.000000	25.000000	70.000000	140.000000	255.000000	255.000000	0.000000	0.047619	0.158730	0.285714	0.000000	0.000000	0.000000	0.000000	0.000000	0.000000	0.000000	0.000000	2.832788	3.229166	0.000000	0.110465	0.171307	0.000000	0.000000	2.496640	0.298723
/tmp/multiaxis-strat100/alpha_014_91x137.png	large	91	137	25.028345	0.018873	0.017417	0.002199	0.001393	0.850267	0.336898	5.654487	0.036705	1.669291	60.000000	0.004813	0.014040	0.010420	18.000000	0.038790	0.025970	37.000000	2.010667	0.229373	0.454545	0.609626	0.331551	0.000000	0.000000	0.000000	8.000000	1.000000	80.000000	80.000000	0.000000	0.000000	1.000000	0.000000	8.000000	0.000000	0.976418	1.862723	1.316313	0.000000	0.000000	1.000000	1.000000	0.021390	0.000000	39.404686	0.417112	0.007809	0.000934	0.000000	12467.000000	9.430840	91.000000	137.000000	37401.000000	0.664234	0.409121	0.108847	0.232053	3.000000	2.394452	2.878198	3.222911	3.440867	4.371679	0.000000	0.087755	0.140756	0.214101	0.000000	0.010771	0.024304	0.049182	0.000000	1.000000	9.000000	61.000000	255.000000	0.000000	0.000000	0.000000	0.000000	0.000000	0.000000	0.000000	0.000000	0.000000	0.000000	0.000000	0.000000	0.000000	0.000000	0.000000	0.000000	0.000000	0.000000	0.000000	124.442734	0.348044
/tmp/multiaxis-strat100/illustration_008_233x256.png	large	233	256	2019.988037	0.230325	0.276115	0.041643	0.014268	0.336207	0.264009	100.852119	0.714239	0.874081	661.000000	0.020172	0.169100	0.141610	7.000000	0.114250	0.077240	10.000000	0.323605	3.109679	22.508621	68.245689	0.310345	0.000000	0.000000	0.000000	0.000000	0.000000	80.000000	80.000000	0.000000	0.000000	1.000000	0.000000	8.000000	0.000000	0.546607	3.136523	1.955364	0.000000	0.000000	1.000000	1.000000	0.101293	0.082534	29.885319	0.336207	0.114618	0.063697	0.000000	59648.000000	10.996216	233.000000	256.000000	178944.000000	0.910156	0.094139	0.030043	0.098712	3.000000	4.155215	4.568860	4.940882	5.159888	5.226704	0.010456	0.753417	1.000000	1.000000	0.000000	1.000000	1.000000	1.000000	1.000000	35.000000	92.000000	204.000000	255.000000	0.000000	0.000000	0.111111	0.190476	0.000000	0.000000	0.063492	0.111111	0.000000	0.000000	0.000000	0.000000	0.000000	0.000000	0.000000	0.000000	0.000000	0.000000	0.000000	5.279228	0.507867
/tmp/multiaxis-strat100/alpha_012_91x137.png	large	91	137	0.000000	0.000000	0.000000	0.000000	0.000000	1.000000	1.000000	0.000000	0.000000	0.000000	1.000000	0.000080	0.000000	0.000000	0.000000	0.000000	0.000000	0.000000	0.000000	0.000000	0.000000	0.000000	1.000000	0.000000	0.000000	0.000000	2.000000	1.000000	80.000000	80.000000	0.000000	0.000000	1.000000	0.000000	8.000000	0.000000	1.000000	-0.000001	0.000000	0.000000	0.000000	1.000000	1.000000	0.000000	0.000000	0.000000	1.000000	0.000000	0.000000	1.000000	12467.000000	9.430840	91.000000	137.000000	37401.000000	0.664234	0.409121	0.108847	0.232053	3.000000	0.000000	0.000000	0.000000	0.000000	0.000000	0.000000	0.000000	0.000000	0.000000	0.000000	0.000000	0.000000	0.000000	0.000000	0.000000	0.000000	0.000000	0.000000	0.000000	0.000000	0.000000	0.000000	0.000000	0.000000	0.000000	0.000000	0.000000	0.000000	0.000000	0.000000	0.000000	0.000000	0.000000	0.000000	0.000000	0.000000	0.000000	0.000000	0.000000
/tmp/multiaxis-strat100/palette_012_p17_200x100.png	large	200	100	268.542786	0.050199	0.085970	0.003617	0.003672	0.866667	0.766667	33.664986	0.091122	1.306669	17.000000	0.000850	0.014040	0.013730	1.000000	0.086580	0.083070	5.000000	0.289575	1.172336	6.470000	6.683333	0.826667	0.000000	0.000000	0.000000	8.000000	1.000000	80.000000	80.000000	0.000000	0.000000	1.000000	0.000000	8.000000	0.000000	0.000000	0.902467	1.704870	0.000000	0.000000	1.000000	1.000000	0.056667	0.018021	29.077995	0.850000	0.034127	0.010952	0.000000	20000.000000	9.903487	100.000000	200.000000	60000.000000	0.500000	0.693147	0.040000	0.433600	3.000000	0.000000	0.000000	4.537529	4.767876	5.163045	0.000000	0.000000	0.000000	1.000000	0.000000	0.000000	0.000000	0.620214	0.000000	0.000000	9.000000	132.000000	255.000000	0.000000	0.000000	0.000000	0.000000	0.000000	0.000000	0.000000	0.000000	0.000000	0.000000	0.000000	0.000000	0.000000	0.000000	0.000000	0.000000	0.000000	0.000000	0.000000	22.957581	0.184988
/tmp/multiaxis-strat100/palette_002_p256_200x100.png	large	200	100	5257.110352	0.150283	0.509278	0.035930	0.015958	0.416667	0.310000	169.016602	0.553041	0.845720	184.000000	0.009200	0.131270	0.072210	8.000000	0.359940	0.188110	12.000000	0.126569	2.382694	49.213333	62.303333	0.373333	0.000000	0.000000	0.000000	8.000000	1.000000	80.000000	80.000000	0.000000	0.000000	1.000000	0.000000	8.000000	0.000000	0.113900	3.034731	2.278982	0.000000	0.000000	1.000000	1.000000	0.266667	0.015469	56.344170	0.403333	0.130635	0.053810	0.000000	20000.000000	9.903487	100.000000	200.000000	60000.000000	0.500000	0.693147	0.040000	0.433600	3.000000	4.115924	5.141836	5.514149	5.562823	5.685299	0.000000	0.807935	1.000000	1.000000	0.000000	0.182273	1.000000	1.000000	0.000000	16.000000	90.000000	255.000000	255.000000	0.000000	0.000000	0.095238	0.238095	0.000000	0.000000	0.015873	0.111111	0.000000	0.000000	0.000000	0.000000	0.000000	0.000000	0.000000	0.000000	0.000000	0.000000	0.000000	6.336867	0.551545
/tmp/multiaxis-strat100/alpha_021_91x137.png	large	91	137	1283.372437	0.376144	0.085086	0.003231	0.004422	0.106952	0.074866	30.192034	0.522601	0.730286	315.000000	0.025267	0.006510	0.150260	7.000000	0.105470	1.183470	117.000000	0.305993	2.749155	37.989304	13.561498	0.187166	0.000000	0.000000	0.000000	0.000000	0.000000	80.000000	80.000000	0.000000	0.000000	1.000000	0.000000	8.000000	0.000000	0.902142	4.066873	1.080422	0.134361	0.000000	1.000000	1.000000	0.139037	0.002262	30.868677	0.197861	0.167728	0.022239	0.000000	12467.000000	9.430840	91.000000	137.000000	37401.000000	0.664234	0.409121	0.108847	0.232053	3.000000	4.246892	4.851043	5.074604	5.121175	5.254081	0.429117	0.876282	1.000000	1.000000	0.000000	0.000000	0.021413	0.834277	12.000000	53.000000	107.000000	255.000000	255.000000	0.000000	0.063492	0.126984	0.285714	0.000000	0.000000	0.000000	0.000000	0.000000	0.000000	0.000000	0.859401	1.351882	2.602059	0.018854	0.032611	0.134361	0.000000	0.000000	4.304520	0.740736
/tmp/multiaxis-strat100/palette_023_p35_200x100.png	large	200	100	2642.080322	0.106575	0.167151	0.012723	0.007019	0.006667	0.003333	60.879238	0.451026	1.076384	30.000000	0.001500	0.042240	0.021880	3.000000	0.098390	0.043250	10.000000	0.238568	2.429355	31.593334	13.573334	0.476667	0.000000	0.000000	0.000000	8.000000	1.000000	80.000000	80.000000	0.000000	0.000000	1.000000	0.000000	8.000000	0.000000	0.754950	3.901444	0.763907	0.368802	0.000000	1.000000	1.000000	0.116667	0.135156	53.865250	0.523333	0.122381	0.021799	0.000000	20000.000000	9.903487	100.000000	200.000000	60000.000000	0.500000	0.693147	0.040000	0.433600	3.000000	3.496514	4.725035	5.082614	5.258990	5.550061	0.396634	0.406768	1.000000	1.000000	0.000000	0.000000	0.502032	0.830745	11.000000	16.000000	47.000000	255.000000	255.000000	0.031746	0.047619	0.047619	0.222222	0.000000	0.000000	0.000000	0.047619	0.000000	0.000000	0.000000	3.137670	3.331376	3.371622	0.252514	0.324835	0.368802	0.031746	0.031746	12.634059	0.805074
/tmp/multiaxis-strat100/gray_044_91x91.png	large	91	91	2754.931396	0.416540	0.000000	0.000000	0.000000	0.297521	0.297521	0.000000	2.160232	0.439318	30.000000	0.003623	0.000000	0.000000	0.000000	0.000000	0.000000	0.000000	0.904367	2.167415	83.727272	0.000000	0.206612	0.000000	0.000000	0.000000	8.000000	1.000000	80.000000	80.000000	0.000000	0.000000	1.000000	0.000000	8.000000	0.000000	1.000000	3.712332	2.251212	0.000000	0.000000	1.000000	1.000000	0.000000	0.000000	43.928734	0.247934	0.319166	0.000000	1.000000	8281.000000	9.021719	91.000000	91.000000	24843.000000	1.000000	0.000000	0.112909	0.112909	3.000000	5.156331	5.195886	5.236567	5.251821	5.264044	0.015851	1.000000	1.000000	1.000000	0.000000	0.000000	0.000000	0.000000	23.000000	155.000000	250.000000	255.000000	255.000000	0.000000	0.000000	0.412698	0.476190	0.000000	0.000000	0.000000	0.000000	0.000000	0.000000	0.000000	0.000000	0.000000	0.000000	0.000000	0.000000	0.000000	0.000000	0.000000	-0.982811	0.394713
/tmp/multiaxis-strat100/illustration_102_256x109.png	large	256	109	0.000000	0.000000	0.000000	0.000000	0.000000	1.000000	1.000000	0.000000	0.000000	0.000000	1.000000	0.000036	0.000000	0.000000	0.000000	0.000000	0.000000	0.000000	0.000000	0.000000	0.000000	0.000000	1.000000	0.000000	0.000000	0.000000	2.000000	1.000000	80.000000	80.000000	0.000000	0.000000	1.000000	0.000000	8.000000	0.000000	1.000000	-0.000001	0.000000	0.000000	0.000000	1.000000	1.000000	0.000000	0.000000	0.000000	1.000000	0.000000	0.000000	1.000000	27904.000000	10.236526	109.000000	256.000000	83712.000000	0.425781	0.853830	0.027523	0.174312	3.000000	0.000000	0.000000	0.000000	0.000000	0.000000	0.000000	0.000000	0.000000	0.000000	0.000000	0.000000	0.000000	0.000000	0.000000	0.000000	0.000000	0.000000	0.000000	0.000000	0.000000	0.000000	0.000000	0.000000	0.000000	0.000000	0.000000	0.000000	0.000000	0.000000	0.000000	0.000000	0.000000	0.000000	0.000000	0.000000	0.000000	0.000000	0.000000	0.000000
/tmp/multiaxis-strat100/palette_041_p25_200x100.png	large	200	100	739.446899	0.103277	0.153893	0.012466	0.018814	0.680000	0.000000	65.756348	0.233947	1.198224	25.000000	0.001250	0.038760	0.042060	1.000000	1.267940	1.193130	47.000000	0.396130	3.115976	10.826667	42.230000	0.000000	0.000000	0.000000	0.000000	8.000000	1.000000	80.000000	80.000000	0.000000	0.000000	1.000000	0.000000	8.000000	0.000000	0.000000	3.053859	0.944619	0.058505	0.020926	1.000000	1.000000	0.086667	0.640573	30.663679	0.006667	0.056349	0.040529	0.000000	20000.000000	9.903487	100.000000	200.000000	60000.000000	0.500000	0.693147	0.040000	0.433600	3.000000	2.599320	4.020226	4.620677	4.827246	5.175130	0.085496	0.116679	0.739991	1.000000	0.034210	0.051989	0.323892	1.000000	5.000000	16.000000	39.000000	195.000000	255.000000	0.000000	0.000000	0.015873	0.063492	0.000000	0.000000	0.000000	0.031746	0.000000	0.000000	0.000000	1.762374	2.096040	2.202378	0.034239	0.052896	0.058505	0.000000	0.000000	17.914455	0.550695
/tmp/multiaxis-strat100/alpha_010_91x137.png	large	91	137	6775.496582	0.173121	0.316334	0.010546	0.024725	0.358289	0.267380	158.881592	0.469192	0.930890	117.000000	0.009385	0.032630	0.060010	4.000000	1.174810	2.160580	157.000000	0.210472	3.019662	36.737968	64.652405	0.272727	0.000000	0.000000	0.000000	8.000000	1.000000	80.000000	80.000000	0.000000	0.000000	1.000000	0.000000	8.000000	0.000000	0.406433	3.142097	2.093014	0.000000	0.000000	1.000000	1.000000	0.176471	0.000000	53.182579	0.304813	0.126475	0.064001	0.000000	12467.000000	9.430840	91.000000	137.000000	37401.000000	0.664234	0.409121	0.108847	0.232053	3.000000	4.127524	4.816817	5.323608	5.558988	5.682811	0.000000	0.729955	1.000000	1.000000	0.000000	0.018037	1.000000	1.000000	0.000000	13.000000	95.000000	255.000000	255.000000	0.000000	0.000000	0.095238	0.238095	0.000000	0.000000	0.000000	0.142857	0.000000	0.000000	0.000000	0.000000	0.000000	0.000000	0.000000	0.000000	0.000000	0.000000	0.000000	7.004832	0.548805
/tmp/multiaxis-strat100/gray_034_73x73.png	large	73	73	2348.916992	0.180363	0.000000	0.000000	0.000000	0.518519	0.469136	0.000000	0.746366	0.759388	32.000000	0.006005	0.000000	0.000000	0.000000	0.000000	0.000000	0.000000	0.362382	1.187067	51.530865	0.000000	0.370370	0.000000	0.000000	0.000000	8.000000	1.000000	80.000000	80.000000	0.000000	0.000000	1.000000	0.000000	8.000000	0.000000	1.000000	2.658409	2.422330	0.000000	0.000000	1.000000	1.000000	0.000000	0.000000	59.784607	0.382716	0.153243	0.000000	1.000000	5329.000000	8.580919	73.000000	73.000000	15987.000000	1.000000	0.000000	0.200976	0.729405	3.000000														0.000000	12.000000	162.000000	255.000000	255.000000									0.000000	0.000000	0.000000									2.636672	0.412415
/tmp/multiaxis-strat100/palette_049_p32_200x100.png	large	200	100	1360.373169	0.107988	0.202292	0.012210	0.005371	0.593333	0.583333	72.776817	1.676608	0.951577	30.000000	0.001500	0.063940	0.052680	6.000000	0.136780	0.096240	16.000000	0.930124	1.496438	34.586666	10.400000	0.586667	0.000000	0.000000	0.000000	8.000000	1.000000	80.000000	80.000000	0.000000	0.000000	1.000000	0.000000	8.000000	0.000000	0.033500	1.945682	2.348961	0.000000	0.000000	1.000000	1.000000	0.000000	0.719896	85.333633	0.620000	0.141640	0.015767	0.000000	20000.000000	9.903487	100.000000	200.000000	60000.000000	0.500000	0.693147	0.040000	0.433600	3.000000	0.000000	4.647018	5.298224	5.388271	5.503377	0.000000	0.000000	1.000000	1.000000	0.000000	0.000000	0.276492	0.500059	0.000000	0.000000	93.000000	255.000000	255.000000	0.000000	0.000000	0.000000	0.333333	0.000000	0.000000	0.000000	0.015873	0.000000	0.000000	0.000000	0.000000	0.000000	0.000000	0.000000	0.000000	0.000000	0.000000	0.000000	6.511993	0.187062
/tmp/multiaxis-strat100/illustration_068_256x143.png	large	256	143	8634.242188	0.102826	0.252073	0.003448	0.009234	0.580882	0.564338	120.897034	0.489243	0.840198	98.000000	0.002991	0.004730	0.005460	0.000000	0.224470	0.262450	11.000000	0.047432	1.971493	54.663605	27.240808	0.612132	0.000000	0.000000	0.000000	8.000000	1.000000	80.000000	80.000000	0.000000	0.000000	1.000000	0.000000	8.000000	0.000000	0.560123	2.391676	2.547642	0.000000	0.000000	1.000000	1.000000	0.363971	0.017435	52.568996	0.656250	0.083829	0.023255	0.000000	36608.000000	10.508022	143.000000	256.000000	109824.000000	0.558594	0.582333	0.006993	0.118881	3.000000	0.903090	5.344251	5.581555	5.776189	5.816399	0.000000	0.020778	1.000000	1.000000	0.000000	0.000000	0.297187	1.000000	0.000000	4.000000	87.000000	207.000000	255.000000	0.000000	0.000000	0.000000	0.111111	0.000000	0.000000	0.000000	0.015873	0.000000	0.000000	0.000000	0.000000	0.000000	0.000000	0.000000	0.000000	0.000000	0.000000	0.000000	7.416965	0.447647
/tmp/multiaxis-strat100/alpha_035_91x137.png	large	91	137	554.435791	0.332108	0.235358	0.029244	0.068562	0.294118	0.267380	104.606712	0.423857	0.516212	31.000000	0.002487	0.176640	0.304470	4.000000	6.359130	10.961060	157.000000	0.905318	1.240869	17.481283	136.310165	0.427807	0.000000	0.000000	0.000000	8.000000	1.000000	80.000000	80.000000	0.000000	0.000000	1.000000	0.000000	8.000000	0.000000	0.706265	3.143841	1.939726	0.000000	0.000000	1.000000	1.000000	0.021390	0.000000	15.909196	0.433155	0.106188	0.147441	0.000000	12467.000000	9.430840	91.000000	137.000000	37401.000000	0.664234	0.409121	0.108847	0.232053	3.000000	4.336060	4.461350	4.546456	4.582019	4.608813	0.000000	0.833353	0.990820	1.000000	0.000000	1.000000	1.000000	1.000000	1.000000	52.000000	99.000000	222.000000	255.000000	0.000000	0.000000	0.095238	0.174603	0.000000	0.000000	0.126984	0.253968	0.000000	0.000000	0.000000	0.000000	0.000000	0.000000	0.000000	0.000000	0.000000	0.000000	0.000000	3.308329	0.386585
/tmp/multiaxis-strat100/illustration_014_256x48.png	large	256	48	5924.463867	0.232040	0.106106	0.015300	0.009308	0.348958	0.203125	37.477020	0.283517	1.056519	1079.000000	0.087809	0.028530	0.025060	2.000000	0.072360	0.077190	7.000000	0.211780	3.718009	25.401041	10.880208	0.135417	0.000000	0.000000	0.000000	0.000000	0.000000	80.000000	80.000000	0.000000	0.000000	1.000000	0.000000	8.000000	0.000000	0.402425	3.282695	1.713262	0.000000	0.000000	1.000000	1.000000	0.286458	0.056966	31.886896	0.140625	0.117560	0.022239	0.000000	12288.000000	9.416378	48.000000	256.000000	36864.000000	0.187500	1.673976	0.000000	0.333333	3.000000	4.004147	4.489507	5.002638	5.172731	5.496852	0.127457	0.705479	1.000000	1.000000	0.043162	0.243826	0.362389	0.460969	3.000000	26.000000	64.000000	234.000000	255.000000	0.000000	0.000000	0.111111	0.174603	0.000000	0.000000	0.015873	0.031746	0.000000	0.000000	0.000000	0.000000	0.000000	0.000000	0.000000	0.000000	0.000000	0.000000	0.000000	11.952904	0.662277
/tmp/multiaxis-strat100/palette_017_p256_200x100.png	large	200	100	15516.390625	0.092389	0.000000	0.000000	0.000000	0.556667	0.556667	0.000000	0.949595	0.704663	5.000000	0.000250	0.000000	0.000000	0.000000	0.000000	0.000000	0.000000	0.103490	1.240082	86.773331	0.000000	0.473333	0.000000	0.000000	0.000000	4.000000	1.000000	80.000000	80.000000	0.000000	0.000000	1.000000	0.000000	8.000000	0.000000	1.000000	2.481892	2.650744	0.000000	0.000000	1.000000	1.000000	0.176667	0.000000	74.595573	0.523333	0.141429	0.000000	1.000000	20000.000000	9.903487	100.000000	200.000000	60000.000000	0.500000	0.693147	0.040000	0.433600	3.000000	0.859408	5.577281	5.799567	5.827530	5.848650	0.000000	0.017737	1.000000	1.000000	0.000000	0.000000	0.000000	0.000000	0.000000	1.000000	102.000000	255.000000	255.000000	0.000000	0.000000	0.000000	0.333333	0.000000	0.000000	0.000000	0.000000	0.000000	0.000000	0.000000	0.000000	0.000000	0.000000	0.000000	0.000000	0.000000	0.000000	0.000000	6.793364	0.412912
/tmp/multiaxis-strat100/alpha_001_91x137.png	large	91	137	10599.205078	0.137745	0.119498	0.004230	0.002573	0.534759	0.524064	41.678516	0.426086	0.680668	227.000000	0.018208	0.011370	0.035440	1.000000	0.035010	0.119190	6.000000	0.056742	1.743020	81.133690	15.219252	0.524064	0.000000	0.000000	0.000000	8.000000	1.000000	80.000000	80.000000	0.000000	0.000000	1.000000	0.000000	8.000000	0.000000	0.920590	2.719353	2.611572	0.000000	0.000000	1.000000	1.000000	0.379679	0.000000	59.163830	0.561497	0.101944	0.012987	0.000000	12467.000000	9.430840	91.000000	137.000000	37401.000000	0.664234	0.409121	0.108847	0.232053	3.000000	1.511676	5.594296	5.803961	5.826448	5.837509	0.000000	0.032631	1.000000	1.000000	0.000000	0.000000	0.000000	1.000000	0.000000	8.000000	109.000000	246.000000	255.000000	0.000000	0.000000	0.000000	0.158730	0.000000	0.000000	0.000000	0.000000	0.000000	0.000000	0.000000	0.000000	0.000000	0.000000	0.000000	0.000000	0.000000	0.000000	0.000000	4.938363	0.489777
/tmp/multiaxis-strat100/screencontent_147_187x256.png	large	187	256	6875.227051	0.478389	0.000000	0.000000	0.000000	0.230978	0.123641	0.000000	1.467319	0.543722	32.000000	0.000977	0.000000	0.000000	0.000000	0.000000	0.000000	0.000000	0.087200	3.342311	91.445656	0.000000	0.043478	0.000000	0.000000	0.000000	8.000000	1.000000	80.000000	80.000000	0.000000	0.000000	1.000000	0.000000	8.000000	0.000000	1.000000	4.409993	1.723020	0.025537	0.000000	1.000000	1.000000	0.505435	0.000000	38.533257	0.055707	0.204193	0.000000	1.000000	47872.000000	10.776286	187.000000	256.000000	143616.000000	0.730469	0.314069	0.026738	0.026738	3.000000	5.369863	5.496836	5.573499	5.606585	5.652749	0.720846	1.000000	1.000000	1.000000	0.000000	0.000000	0.000000	0.000000	27.000000	95.000000	146.000000	227.000000	255.000000	0.000000	0.079365	0.222222	0.333333	0.000000	0.000000	0.000000	0.000000	0.000000	0.000000	0.000000	0.000000	0.748916	1.301031	0.000000	0.012065	0.025537	0.000000	0.000000	0.140620	0.783295
/tmp/multiaxis-strat100/hdr_015_gm-Cat_(44744745484).jpg	large	600	450	3705.361328	0.037604	0.025380	0.000699	0.000729	0.663571	0.269524	10.071096	0.112223	1.737547	1012.000000	0.030884	0.000080	0.000100	0.000000	0.000470	0.000560	0.000000	0.067108	4.446799	8.878096	0.638095	0.125714	0.000000	0.000000	0.000000	0.000000	0.000000	80.000000	80.000000	0.000000	0.000000	1.000000	0.000000	8.000000	0.000000	0.238089	2.619559	1.176543	0.030473	0.000000	1.000000	1.000000	0.804762	0.046775	26.878677	0.429524	0.031534	0.001285	0.000000	270000.000000	12.506177	450.000000	600.000000	810000.000000	0.750000	0.287682	0.013333	0.080889	3.000000	2.612188	3.372587	4.104405	4.574679	5.334612	0.067295	0.156309	0.382231	0.883431	0.000000	0.000000	0.030654	0.073386	1.000000	3.000000	8.000000	63.000000	255.000000	0.000000	0.000000	0.015873	0.031746	0.000000	0.000000	0.000000	0.000000	0.000000	0.000000	0.000000	0.000000	0.000000	1.204125	0.000000	0.000000	0.030473	0.000000	0.000000	110.976265	0.885191
/tmp/multiaxis-strat100/alpha_028_91x137.png	large	91	137	6255.773926	0.301062	0.323006	0.013541	0.039647	0.187166	0.122995	137.122162	0.905114	0.594707	355.000000	0.028475	0.013810	0.007730	3.000000	0.725920	0.362240	22.000000	0.160245	3.605790	70.090912	68.208557	0.149733	0.000000	0.000000	0.000000	0.000000	0.000000	80.000000	80.000000	0.000000	0.000000	1.000000	0.000000	8.000000	0.000000	0.388225	4.184916	1.799429	0.000000	0.000000	1.000000	1.000000	0.459893	0.021978	52.938000	0.144385	0.202699	0.068585	0.000000	12467.000000	9.430840	91.000000	137.000000	37401.000000	0.664234	0.409121	0.108847	0.232053	3.000000	5.005167	5.364369	5.522562	5.561622	5.567255	0.677771	1.000000	1.000000	1.000000	0.026167	1.000000	1.000000	1.000000	6.000000	53.000000	122.000000	255.000000	255.000000	0.000000	0.095238	0.206349	0.269841	0.000000	0.000000	0.079365	0.126984	0.000000	0.000000	0.000000	0.000000	0.000000	0.000000	0.000000	0.000000	0.000000	0.000000	0.000000	3.837987	0.697582
/tmp/multiaxis-strat100/gray_037_47x47.png	large	47	47	4434.716797	0.662500	0.000000	0.000000	0.000000	0.000000	0.000000	0.000000	1.352570	0.390750	31.000000	0.014033	0.000000	0.000000	0.000000	0.000000	0.000000	0.000000	0.692959	3.158309	109.599998	0.000000	0.080000	0.000000	0.000000	0.000000	8.000000	1.000000	80.000000	80.000000	0.000000	0.000000	1.000000	0.000000	8.000000	0.000000	1.000000	5.291063	0.081621	1.000000	0.000000	1.000000	1.000000	0.000000	0.000000	47.815514	0.120000	0.240000	0.000000	1.000000	2209.000000	7.700295	47.000000	47.000000	6627.000000	1.000000	0.000000	0.043006	0.854233	3.000000														124.000000	171.000000	255.000000	255.000000	255.000000									0.000000	4.000000	16.000000									-1.010416	0.592720
/tmp/multiaxis-strat100/illustration_016_256x246.png	large	256	246	3713.454346	0.155425	0.443156	0.036873	0.017625	0.470833	0.423958	173.400986	0.524536	1.049210	321.000000	0.009796	0.188670	0.193280	15.000000	0.389320	0.423640	26.000000	0.145708	2.737770	28.345833	74.534378	0.441667	0.000000	0.000000	0.000000	0.000000	0.000000	80.000000	80.000000	0.000000	0.000000	1.000000	0.000000	8.000000	0.000000	0.297764	2.527871	2.258140	0.000000	0.000000	1.000000	1.000000	0.198958	0.016130	41.080833	0.490625	0.094097	0.062963	0.000000	62976.000000	11.050509	246.000000	256.000000	188928.000000	0.960938	0.039846	0.008130	0.040650	3.000000	3.848781	4.564476	4.900002	5.518995	5.593412	0.000000	0.536983	1.000000	1.000000	0.000000	0.327822	1.000000	1.000000	0.000000	11.000000	70.000000	198.000000	255.000000	0.000000	0.000000	0.063492	0.158730	0.000000	0.000000	0.031746	0.126984	0.000000	0.000000	0.000000	0.000000	0.000000	0.000000	0.000000	0.000000	0.000000	0.000000	0.000000	9.652113	0.447490
/tmp/multiaxis-strat100/alpha_017_91x137.png	large	91	137	5362.886719	0.211111	0.046457	0.003234	0.002525	0.508021	0.433155	15.920351	0.545876	0.748350	256.000000	0.020534	0.003110	0.001380	1.000000	0.020120	0.007980	9.000000	0.112606	2.536985	58.877007	2.764706	0.481283	0.000000	0.000000	0.000000	8.000000	1.000000	80.000000	80.000000	0.000000	0.000000	1.000000	0.000000	8.000000	0.000000	0.929895	2.712367	2.454908	0.000000	0.000000	1.000000	1.000000	0.315508	0.000000	59.074284	0.481283	0.118920	0.005517	0.000000	12467.000000	9.430840	91.000000	137.000000	37401.000000	0.664234	0.409121	0.108847	0.232053	3.000000	3.065743	5.309454	5.683048	5.695575	5.731855	0.000000	0.222410	1.000000	1.000000	0.000000	0.010857	0.026943	0.249116	0.000000	22.000000	130.000000	255.000000	255.000000	0.000000	0.000000	0.031746	0.269841	0.000000	0.000000	0.000000	0.000000	0.000000	0.000000	0.000000	0.000000	0.000000	0.000000	0.000000	0.000000	0.000000	0.000000	0.000000	3.906066	0.493616
/tmp/multiaxis-strat100/gray_047_73x73.png	large	73	73	1598.478760	0.405671	0.000000	0.000000	0.000000	0.049383	0.000000	0.000000	0.369657	0.507504	27.000000	0.005067	0.000000	0.000000	0.000000	0.000000	0.000000	0.000000	0.279788	3.184143	45.172840	0.000000	0.024691	0.000000	0.000000	0.000000	8.000000	1.000000	80.000000	80.000000	0.000000	0.000000	1.000000	0.000000	8.000000	0.000000	1.000000	4.444483	0.719695	0.401434	0.000000	1.000000	1.000000	0.160494	0.000000	31.740656	0.000000	0.169116	0.000000	1.000000	5329.000000	8.580919	73.000000	73.000000	15987.000000	1.000000	0.000000	0.200976	0.729405	3.000000														24.000000	70.000000	117.000000	245.000000	255.000000									0.000000	0.000000	0.000000									2.783692	0.738709
/tmp/multiaxis-strat100/palette_005_p252_200x100.png	large	200	100	5025.844238	0.264552	0.090871	0.012813	0.011328	0.163333	0.163333	35.184475	6.205702	0.637849	208.000000	0.010400	0.025700	0.025120	2.000000	0.135080	0.137820	12.000000	0.800158	2.157003	119.050003	14.193334	0.356667	0.000000	0.000000	0.000000	8.000000	1.000000	80.000000	80.000000	0.000000	0.000000	1.000000	0.000000	8.000000	0.000000	0.735150	4.291954	1.943142	0.000000	0.000000	1.000000	1.000000	0.016667	0.231823	105.646973	0.376667	0.384974	0.030582	0.000000	20000.000000	9.903487	100.000000	200.000000	60000.000000	0.500000	0.693147	0.040000	0.433600	3.000000	5.143007	5.416289	5.575764	5.635067	5.719807	0.958520	1.000000	1.000000	1.000000	0.000000	0.226286	0.553698	0.732070	0.000000	81.000000	255.000000	255.000000	255.000000	0.000000	0.174603	0.444444	0.571429	0.000000	0.000000	0.031746	0.063492	0.000000	0.000000	0.000000	0.000000	0.000000	0.000000	0.000000	0.000000	0.000000	0.000000	0.000000	0.248686	0.481021
/tmp/multiaxis-strat100/illustration_127_256x256.png	large	256	256	922.240417	0.072818	0.162240	0.010363	0.003755	0.825195	0.793945	77.317223	0.524528	1.089675	402.000000	0.012268	0.036770	0.037320	9.000000	0.032230	0.029590	12.000000	0.327549	0.890728	14.108398	15.170898	0.400391	0.000000	0.000000	0.000000	0.000000	0.000000	80.000000	80.000000	0.000000	0.000000	1.000000	0.000000	8.000000	0.000000	0.002869	1.354661	1.792973	0.000000	0.000000	1.000000	1.000000	0.042969	0.004898	47.007465	0.551758	0.048348	0.019190	0.000000	65536.000000	11.090355	256.000000	256.000000	196608.000000	1.000000	0.000000	0.000000	0.000000	3.000000	0.859402	1.224015	5.068003	5.327742	5.438047	0.000000	0.017860	0.029277	1.000000	0.008699	0.021264	0.027703	0.933235	0.000000	0.000000	16.000000	249.000000	255.000000	0.000000	0.000000	0.000000	0.000000	0.000000	0.000000	0.000000	0.000000	0.000000	0.000000	0.000000	0.000000	0.000000	0.000000	0.000000	0.000000	0.000000	0.000000	0.000000	17.850227	0.357835
/tmp/multiaxis-strat100/palette_006_p256_200x100.png	large	200	100	3341.540283	0.223304	0.136527	0.022264	0.019260	0.033333	0.000000	53.488567	0.179848	0.808564	244.000000	0.012200	0.039280	0.044420	2.000000	0.195350	0.206290	14.000000	0.098035	4.532239	31.520000	15.283334	0.000000	0.000000	0.000000	0.000000	8.000000	1.000000	80.000000	80.000000	0.000000	0.000000	1.000000	0.000000	8.000000	0.000000	0.111300	4.218810	0.581753	0.385605	0.062127	1.000000	1.000000	0.493333	0.415260	22.348467	0.000000	0.112328	0.027566	0.000000	20000.000000	9.903487	100.000000	200.000000	60000.000000	0.500000	0.693147	0.040000	0.433600	3.000000	4.331718	4.644600	4.921638	5.104997	5.190161	0.578669	1.000000	1.000000	1.000000	0.101941	0.190624	0.422524	0.692334	14.000000	27.000000	49.000000	136.000000	255.000000	0.031746	0.063492	0.095238	0.158730	0.000000	0.000000	0.015873	0.047619	0.000000	0.000000	2.000000	2.858537	3.223869	3.432769	0.147620	0.273872	0.385605	0.000000	0.031746	16.704775	0.866578
/tmp/multiaxis-strat100/palette_024_p256_200x100.png	large	200	100	1618.388672	0.257014	0.012440	0.000274	0.000642	0.210000	0.183333	4.702048	1.510297	0.731562	46.000000	0.002300	0.000340	0.000260	0.000000	0.012430	0.009710	2.000000	0.544835	1.503038	40.673332	0.600000	0.203333	0.000000	0.000000	0.000000	8.000000	1.000000	80.000000	80.000000	0.000000	0.000000	1.000000	0.000000	8.000000	0.000000	0.998300	3.849621	1.898834	0.000000	0.000000	1.000000	1.000000	0.056667	0.000052	48.733109	0.240000	0.196349	0.000741	0.000000	20000.000000	9.903487	100.000000	200.000000	60000.000000	0.500000	0.693147	0.040000	0.433600	3.000000	4.848521	5.033861	5.194625	5.244532	5.316251	0.415381	1.000000	1.000000	1.000000	0.000000	0.006720	0.010539	0.014542	0.000000	80.000000	164.000000	255.000000	255.000000	0.000000	0.095238	0.174603	0.301587	0.000000	0.000000	0.000000	0.000000	0.000000	0.000000	0.000000	0.000000	0.000000	0.000000	0.000000	0.000000	0.000000	0.000000	0.000000	1.231360	0.538641
/tmp/multiaxis-strat100/hdr_030_gain_mapped-photo-tokyo_resized_640x426.jpg	large	640	426	2988.051270	0.362949	0.158037	0.023892	0.018751	0.195755	0.044340	59.406712	2.532270	0.946987	12726.000000	0.388367	0.055690	0.049490	15.000000	0.222610	0.189190	40.000000	0.301469	4.177671	40.541508	32.879246	0.001887	0.000000	0.000000	0.000000	0.000000	0.000000	80.000000	80.000000	0.000000	0.000000	1.000000	0.000000	8.000000	0.000000	0.118750	4.041405	1.091370	0.090806	0.000000	1.000000	1.000000	0.214151	0.221647	34.460175	0.000000	0.166667	0.038080	0.000000	272640.000000	12.515907	426.000000	640.000000	817920.000000	0.665625	0.407029	0.014085	0.051643	3.000000	4.361463	4.895157	5.161094	5.273750	5.414005	0.347602	1.000000	1.000000	1.000000	0.052435	0.154063	0.442371	1.000000	16.000000	52.000000	112.000000	255.000000	255.000000	0.000000	0.047619	0.142857	0.269841	0.000000	0.000000	0.015873	0.063492	0.000000	0.000000	1.000000	1.306090	1.672094	2.302622	0.028276	0.046382	0.090806	0.000000	0.000000	4.240273	0.742943
/tmp/multiaxis-strat100/hdr_002_apple_gainmap_new.jpg	large	384	512	4616.245117	0.085768	0.103723	0.003130	0.002019	0.671875	0.414062	32.981297	0.292413	1.513817	1416.000000	0.043213	0.000610	0.000410	0.000000	0.002030	0.001350	0.000000	0.148262	3.984227	8.540039	2.160156	0.088867	0.000000	0.000000	0.000000	0.000000	0.000000	80.000000	80.000000	0.000000	0.000000	1.000000	0.000000	8.000000	0.000000	0.241603	2.194140	1.454722	0.008726	0.000000	1.000000	1.000000	0.311523	0.346161	30.916460	0.191406	0.031622	0.003922	0.000000	196608.000000	12.188967	384.000000	512.000000	589824.000000	0.750000	0.287682	0.000000	0.000000	3.000000	1.770852	3.321051	4.538070	4.868171	5.331093	0.027147	0.056901	0.335100	1.000000	0.000000	0.029016	0.062355	0.167089	1.000000	4.000000	24.000000	126.000000	255.000000	0.000000	0.000000	0.000000	0.031746	0.000000	0.000000	0.000000	0.000000	0.000000	0.000000	0.000000	0.000000	0.000000	0.467977	0.000000	0.000000	0.008726	0.000000	0.000000	26.929171	0.705594
/tmp/multiaxis-strat100/hdr_045_mountains_resized_640x481.jpg	large	640	481	2806.998779	0.296740	0.247900	0.014169	0.006071	0.261667	0.144167	85.155647	0.980972	1.094872	3013.000000	0.091949	0.019000	0.018090	2.000000	0.020150	0.021630	4.000000	0.426305	4.309700	13.511666	9.126667	0.003333	0.000000	0.000000	0.000000	0.000000	0.000000	80.000000	80.000000	0.000000	0.000000	1.000000	0.000000	8.000000	0.000000	0.057186	3.446904	1.128943	0.044075	0.000000	1.000000	1.000000	0.196667	0.264720	15.282486	0.050000	0.098968	0.015251	0.000000	307840.000000	12.637336	481.000000	640.000000	923520.000000	0.751562	0.285601	0.014553	0.064449	3.000000	3.863171	4.230217	4.557817	4.717111	4.904887	0.124508	0.509653	0.845730	1.000000	0.042148	0.105917	0.275664	0.506348	14.000000	39.000000	69.000000	145.000000	255.000000	0.000000	0.015873	0.095238	0.158730	0.000000	0.000000	0.000000	0.031746	0.000000	0.000000	0.000000	1.179246	1.397940	1.543874	0.026958	0.036352	0.044075	0.000000	0.000000	5.348631	0.690854
/tmp/multiaxis-strat100/gray_040_73x73.png	large	73	73	1747.980103	0.086420	0.000000	0.000000	0.000000	0.703704	0.691358	0.000000	0.315614	0.887635	32.000000	0.006005	0.000000	0.000000	0.000000	0.000000	0.000000	0.000000	0.236878	0.649613	26.580246	0.000000	0.691358	0.000000	0.000000	0.000000	8.000000	1.000000	80.000000	80.000000	0.000000	0.000000	1.000000	0.000000	8.000000	0.000000	1.000000	1.563967	2.296118	0.000000	0.000000	1.000000	1.000000	0.061728	0.000000	67.293076	0.654321	0.074466	0.000000	1.000000	5329.000000	8.580919	73.000000	73.000000	15987.000000	1.000000	0.000000	0.200976	0.729405	3.000000														0.000000	0.000000	34.000000	255.000000	255.000000									0.000000	0.000000	0.000000									9.985490	0.257323
/tmp/multiaxis-strat100/wide_018_landscape_16x9_1280x720.png	large	1280	720	6543.669922	0.322930	0.110764	0.011624	0.009112	0.220556	0.025069	39.471287	3.510116	1.109491	5259.000000	0.160492	0.007550	0.007700	1.000000	0.024580	0.024680	8.000000	0.303122	4.626273	30.002916	6.266278	0.017493	0.000000	0.000000	0.000000	0.000000	0.000000	80.000000	80.000000	0.000000	0.000000	1.000000	0.000000	8.000000	0.000000	0.031668	3.781332	1.210771	0.052176	0.040436	1.000000	1.000000	0.137026	0.149225	33.553448	0.019436	0.146498	0.012664	0.000000	921600.000000	13.733867	720.000000	1280.000000	2764800.000000	0.562500	0.575364	0.000000	0.022222	3.000000	4.051967	4.651704	5.113594	5.335888	5.531407	0.237935	0.639239	1.000000	1.000000	0.064292	0.104842	0.223224	0.382454	14.000000	43.000000	92.000000	237.000000	255.000000	0.000000	0.015873	0.126984	0.238095	0.000000	0.000000	0.000000	0.015873	0.000000	0.000000	0.000000	0.000000	1.469592	1.901646	0.000000	0.031475	0.052176	0.000000	0.000000	6.330001	0.618525
/tmp/multiaxis-strat100/gray_049_47x47.png	large	47	47	1464.866333	0.531522	0.000000	0.000000	0.000000	0.040000	0.000000	0.000000	0.300805	0.482165	23.000000	0.010412	0.000000	0.000000	0.000000	0.000000	0.000000	0.000000	0.573019	3.594289	32.040001	0.000000	0.000000	0.000000	0.000000	0.000000	8.000000	1.000000	80.000000	80.000000	0.000000	0.000000	1.000000	0.000000	8.000000	0.000000	1.000000	4.416540	0.548693	0.475601	0.000000	1.000000	1.000000	0.040000	0.000000	25.107883	0.000000	0.219683	0.000000	1.000000	2209.000000	7.700295	47.000000	47.000000	6627.000000	1.000000	0.000000	0.043006	0.854233	3.000000														35.000000	75.000000	134.000000	255.000000	255.000000									0.000000	0.000000	0.000000									2.244810	0.637999
/tmp/multiaxis-strat100/alpha_032_91x137.png	large	91	137	0.000000	0.000000	0.000000	0.000000	0.000000	1.000000	1.000000	0.000000	0.000000	0.000000	1.000000	0.000080	0.000000	0.000000	0.000000	0.000000	0.000000	0.000000	0.000000	0.000000	0.000000	0.000000	1.000000	0.000000	0.000000	0.000000	2.000000	1.000000	80.000000	80.000000	0.000000	0.000000	1.000000	0.000000	8.000000	0.000000	1.000000	-0.000001	0.000000	0.000000	0.000000	1.000000	1.000000	0.000000	0.000000	0.000000	1.000000	0.000000	0.000000	1.000000	12467.000000	9.430840	91.000000	137.000000	37401.000000	0.664234	0.409121	0.108847	0.232053	3.000000	0.000000	0.000000	0.000000	0.000000	0.000000	0.000000	0.000000	0.000000	0.000000	0.000000	0.000000	0.000000	0.000000	0.000000	0.000000	0.000000	0.000000	0.000000	0.000000	0.000000	0.000000	0.000000	0.000000	0.000000	0.000000	0.000000	0.000000	0.000000	0.000000	0.000000	0.000000	0.000000	0.000000	0.000000	0.000000	0.000000	0.000000	0.000000	0.000000
/tmp/multiaxis-strat100/hdr_035_gain_mapped-test_chart-squares_b4_gm2.jpg	large	700	700	2097.176514	0.039502	0.000000	0.000000	0.000000	0.841459	0.809750	0.000000	1.475417	1.192549	23.000000	0.000702	0.000000	0.000000	0.000000	0.000000	0.000000	0.000000	0.059041	0.656316	19.660812	0.000000	0.988909	0.000000	0.000000	0.000000	8.000000	1.000000	80.000000	80.000000	0.000000	0.000000	1.000000	0.000000	8.000000	0.000000	1.000000	0.931047	1.972027	0.000000	0.000000	1.000000	1.000000	0.172828	0.000000	72.702942	0.988909	0.012029	0.000000	1.000000	490000.000000	13.102160	700.000000	700.000000	1470000.000000	1.000000	0.000000	0.011461	0.011461	3.000000	0.000000	0.000000	5.098038	5.685234	5.883028	0.000000	0.000000	0.000000	1.000000	0.000000	0.000000	0.000000	0.000000	0.000000	0.000000	3.000000	254.000000	255.000000	0.000000	0.000000	0.000000	0.000000	0.000000	0.000000	0.000000	0.000000	0.000000	0.000000	0.000000	0.000000	0.000000	0.000000	0.000000	0.000000	0.000000	0.000000	0.000000	17.365358	0.179881
/tmp/multiaxis-strat100/hdr_023_gm-Kitten_with_paws_on_table_(square).jpg	large	600	600	3252.428467	0.045228	0.000000	0.000000	0.000000	0.393600	0.006044	0.000000	0.093935	1.581898	32.000000	0.000977	0.000000	0.000000	0.000000	0.000000	0.000000	0.000000	0.063508	4.406043	9.690666	0.000000	0.002667	0.000000	0.000000	0.000000	8.000000	1.000000	80.000000	80.000000	0.000000	0.000000	1.000000	0.000000	8.000000	0.000000	1.000000	3.365435	0.631151	0.150255	0.000000	1.000000	1.000000	0.502222	0.000000	14.733504	0.006222	0.041961	0.000000	1.000000	360000.000000	12.793859	600.000000	600.000000	1080000.000000	1.000000	0.000000	0.000000	0.026844	3.000000	3.265746	3.791129	4.217714	4.459935	4.985358	0.191898	0.318247	0.605004	1.000000	0.000000	0.000000	0.000000	0.000000	5.000000	10.000000	18.000000	47.000000	255.000000	0.000000	0.015873	0.031746	0.063492	0.000000	0.000000	0.000000	0.000000	0.000000	0.000000	1.000000	2.261858	2.561623	2.669651	0.099226	0.125963	0.150255	0.000000	0.000000	34.343739	0.841927
/tmp/multiaxis-strat100/hdr_040_gain_mapped-video_games-speed_dreams.jpg	large	700	394	3741.171387	0.286769	0.092385	0.003907	0.002778	0.168191	0.006568	31.351631	1.294150	1.336634	3373.000000	0.102936	0.000990	0.003490	1.000000	0.004330	0.006440	3.000000	0.304934	4.302026	22.696060	6.819888	0.000000	0.000000	0.000000	0.000000	0.000000	0.000000	80.000000	80.000000	0.000000	0.000000	1.000000	0.000000	8.000000	0.000000	0.514674	3.806542	0.867674	0.139025	0.000000	1.000000	1.000000	0.187617	0.129319	28.744638	0.003752	0.113851	0.010215	0.000000	275800.000000	12.527431	394.000000	700.000000	827400.000000	0.562857	0.574729	0.021030	0.061871	3.000000	3.857942	4.344313	4.949777	5.230021	5.451291	0.254251	0.464437	0.975113	1.000000	0.000000	0.037734	0.119522	0.332380	16.000000	39.000000	73.000000	192.000000	255.000000	0.000000	0.031746	0.095238	0.174603	0.000000	0.000000	0.000000	0.015873	0.000000	0.000000	1.000000	1.416796	2.266584	2.628501	0.036364	0.088909	0.139025	0.000000	0.000000	9.254314	0.627678
/tmp/multiaxis-strat100/palette_004_p256_200x100.png	large	200	100	1580.045654	0.210427	0.054956	0.013522	0.005698	0.083333	0.000000	21.566406	0.123069	0.862317	210.000000	0.010500	0.012800	0.012670	1.000000	0.018560	0.016530	2.000000	0.148461	3.930710	18.836666	5.320000	0.000000	0.000000	0.000000	0.000000	8.000000	1.000000	80.000000	80.000000	0.000000	0.000000	1.000000	0.000000	8.000000	0.000000	0.018650	3.943299	0.557325	0.255120	0.040022	1.000000	1.000000	0.303333	0.233333	12.950682	0.000000	0.099630	0.012222	0.000000	20000.000000	9.903487	100.000000	200.000000	60000.000000	0.500000	0.693147	0.040000	0.433600	3.000000	4.024536	4.318324	4.632265	4.771622	4.967332	0.446218	0.747725	1.000000	1.000000	0.072340	0.125790	0.198629	0.340190	13.000000	27.000000	47.000000	98.000000	241.000000	0.015873	0.047619	0.095238	0.142857	0.000000	0.000000	0.000000	0.015873	0.000000	0.000000	1.000000	2.528193	2.797256	3.141900	0.102614	0.150502	0.255120	0.000000	0.000000	8.341172	0.795838
/tmp/multiaxis-strat100/screencontent_188_256x196.png	large	256	196	6477.912598	0.382251	0.000000	0.000000	0.000000	0.113281	0.000000	0.000000	0.946112	0.829960	32.000000	0.000977	0.000000	0.000000	0.000000	0.000000	0.000000	0.000000	0.127877	4.605063	54.149738	0.000000	0.007812	0.000000	0.000000	0.000000	8.000000	1.000000	80.000000	80.000000	0.000000	0.000000	1.000000	0.000000	8.000000	0.000000	1.000000	4.453221	0.895373	0.239434	0.000000	1.000000	1.000000	0.341146	0.000000	36.924774	0.010417	0.177641	0.000000	1.000000	50176.000000	10.823292	196.000000	256.000000	150528.000000	0.765625	0.267063	0.020408	0.142857	3.000000	4.704536	5.060142	5.433717	5.653717	5.691704	0.705943	1.000000	1.000000	1.000000	0.000000	0.000000	0.000000	0.000000	18.000000	58.000000	113.000000	220.000000	255.000000	0.015873	0.095238	0.174603	0.253968	0.000000	0.000000	0.000000	0.000000	0.000000	1.000000	2.000000	1.926536	2.624282	3.013463	0.055413	0.139198	0.239434	0.000000	0.000000	3.151559	0.818776
/tmp/multiaxis-strat100/hdr_019_gm-Cat_sitting_on_a_balcony_at_Castillo_de_Caravaca_de_la_Cruz_in_Caravaca_de_la_Cruz,_Noroeste,_Murcia,_Spain,_2025_February_-_2.jpg	large	600	400	1545.855713	0.024397	0.095503	0.001119	0.001008	0.721600	0.256267	37.456402	0.072306	1.685940	1125.000000	0.034332	0.000130	0.000250	0.000000	0.000670	0.002080	0.000000	0.059594	3.812479	6.125600	1.548800	0.186400	0.000000	0.000000	0.000000	0.000000	0.000000	80.000000	80.000000	0.000000	0.000000	1.000000	0.000000	8.000000	0.000000	0.093667	2.383636	1.232816	0.000000	0.000000	1.000000	1.000000	0.766400	0.524875	28.234167	0.485600	0.020279	0.002489	0.000000	240000.000000	12.388394	400.000000	600.000000	720000.000000	0.666667	0.405465	0.000000	0.053867	3.000000	2.567026	3.120059	3.730575	4.349642	5.147549	0.057805	0.152627	0.288341	0.590817	0.000000	0.026948	0.053088	0.115544	1.000000	2.000000	4.000000	63.000000	255.000000	0.000000	0.000000	0.015873	0.015873	0.000000	0.000000	0.000000	0.000000	0.000000	0.000000	0.000000	0.000000	0.000000	0.000000	0.000000	0.000000	0.000000	0.000000	0.000000	81.235748	0.828212
/tmp/multiaxis-strat100/alpha_037_91x137.png	large	91	137	0.000000	0.000000	0.000000	0.000000	0.000000	1.000000	1.000000	0.000000	0.000000	0.000000	1.000000	0.000080	0.000000	0.000000	0.000000	0.000000	0.000000	0.000000	0.000000	0.000000	0.000000	0.000000	1.000000	0.000000	0.000000	0.000000	2.000000	1.000000	80.000000	80.000000	0.000000	0.000000	1.000000	0.000000	8.000000	0.000000	1.000000	-0.000001	0.000000	0.000000	0.000000	1.000000	1.000000	0.000000	0.000000	0.000000	1.000000	0.000000	0.000000	1.000000	12467.000000	9.430840	91.000000	137.000000	37401.000000	0.664234	0.409121	0.108847	0.232053	3.000000	0.000000	0.000000	0.000000	0.000000	0.000000	0.000000	0.000000	0.000000	0.000000	0.000000	0.000000	0.000000	0.000000	0.000000	0.000000	0.000000	0.000000	0.000000	0.000000	0.000000	0.000000	0.000000	0.000000	0.000000	0.000000	0.000000	0.000000	0.000000	0.000000	0.000000	0.000000	0.000000	0.000000	0.000000	0.000000	0.000000	0.000000	0.000000	0.000000
/tmp/multiaxis-strat100/gray_017_73x73.png	large	73	73	11446.833984	0.408951	0.000000	0.000000	0.000000	0.024691	0.024691	0.000000	1.329910	0.408469	32.000000	0.006005	0.000000	0.000000	0.000000	0.000000	0.000000	0.000000	0.125760	2.549755	229.197525	0.000000	0.000000	0.000000	0.000000	0.000000	8.000000	1.000000	80.000000	80.000000	0.000000	0.000000	1.000000	0.000000	8.000000	0.000000	1.000000	5.473210	0.700857	1.000000	0.000000	1.000000	1.000000	0.469136	0.000000	67.295059	0.000000	0.384676	0.000000	1.000000	5329.000000	8.580919	73.000000	73.000000	15987.000000	1.000000	0.000000	0.200976	0.729405	3.000000														33.000000	159.000000	238.000000	255.000000	255.000000									0.000000	0.000000	0.000000									-0.982822	0.860558
/tmp/multiaxis-strat100/hdr_006_seine_sdr_gainmap_srgb.jpg	large	400	300	3848.537842	0.363620	0.058093	0.004144	0.002135	0.462162	0.349189	18.803568	2.197856	1.047671	1804.000000	0.055054	0.002300	0.003220	0.000000	0.004070	0.006880	4.000000	0.664634	3.830128	30.851892	2.899459	0.245946	0.000000	0.000000	0.000000	0.000000	0.000000	80.000000	80.000000	0.000000	0.000000	1.000000	0.000000	8.000000	0.000000	0.041167	3.129888	1.779662	0.000000	0.000000	1.000000	1.000000	0.169189	0.192052	34.887325	0.317297	0.160386	0.005611	0.000000	120000.000000	11.695247	300.000000	400.000000	360000.000000	0.750000	0.287682	0.013333	0.109333	3.000000	3.419085	4.842244	5.091217	5.224551	5.410844	0.044704	0.290374	1.000000	1.000000	0.000000	0.000000	0.127841	0.248077	7.000000	63.000000	140.000000	255.000000	255.000000	0.000000	0.000000	0.031746	0.333333	0.000000	0.000000	0.000000	0.000000	0.000000	0.000000	0.000000	0.000000	0.000000	0.000000	0.000000	0.000000	0.000000	0.000000	0.000000	2.221213	0.596386
/tmp/multiaxis-strat100/hdr_013_2503-hdr_multipage_app-01.jpg	large	500	298	1316.298828	0.135609	0.027027	0.001635	0.000980	0.428509	0.328248	10.866570	0.790645	1.262009	1106.000000	0.033752	0.000530	0.000370	0.000000	0.001480	0.003870	1.000000	0.388534	3.238714	15.396687	1.509154	0.371404	0.000000	0.000000	0.000000	0.000000	0.000000	80.000000	80.000000	0.000000	0.000000	1.000000	0.000000	8.000000	0.000000	0.059362	2.536067	1.885870	0.000000	0.000000	1.000000	1.000000	0.153444	0.007480	39.069218	0.380122	0.072141	0.002173	0.000000	149000.000000	11.911701	298.000000	500.000000	447000.000000	0.596000	0.517515	0.028295	0.099597	3.000000	3.284653	4.014623	4.668306	5.057912	5.355450	0.000000	0.254068	0.642045	1.000000	0.000000	0.023470	0.052957	0.086975	4.000000	17.000000	45.000000	221.000000	255.000000	0.000000	0.000000	0.031746	0.079365	0.000000	0.000000	0.000000	0.000000	0.000000	0.000000	0.000000	0.000000	0.000000	0.000000	0.000000	0.000000	0.000000	0.000000	0.000000	17.646404	0.444280
/tmp/multiaxis-strat100/alpha_026_91x137.png	large	91	137	601.989563	0.257761	0.038634	0.003992	0.002321	0.165775	0.074866	12.597701	0.259420	0.825045	186.000000	0.014919	0.010290	0.011060	1.000000	0.021890	0.024280	3.000000	0.368812	2.274341	18.871658	2.668449	0.326203	0.000000	0.000000	0.000000	8.000000	1.000000	80.000000	80.000000	0.000000	0.000000	1.000000	0.000000	8.000000	0.000000	0.967274	3.738847	1.107875	0.059754	0.000000	1.000000	1.000000	0.053476	0.000000	25.785082	0.385027	0.113318	0.009167	0.000000	12467.000000	9.430840	91.000000	137.000000	37401.000000	0.664234	0.409121	0.108847	0.232053	3.000000	3.775970	4.602592	4.865373	4.902343	4.996121	0.456889	0.539472	1.000000	1.000000	0.000000	0.000000	0.000000	0.461714	6.000000	29.000000	71.000000	193.000000	255.000000	0.000000	0.063492	0.079365	0.142857	0.000000	0.000000	0.000000	0.000000	0.000000	0.000000	0.000000	0.000000	0.903084	1.862485	0.000000	0.019787	0.059754	0.000000	0.000000	9.087710	0.688430
/tmp/multiaxis-strat100/hdr_048_minnie-320x240-yuv-icc.jpg	large	320	240	4341.836914	0.097756	0.035900	0.002819	0.001936	0.303333	0.043333	13.956814	0.235310	0.985022	819.000000	0.024994	0.000340	0.000350	0.000000	0.001210	0.000960	0.000000	0.067694	4.164823	27.796667	1.655000	0.001667	0.000000	0.000000	0.000000	0.000000	0.000000	80.000000	80.000000	0.000000	0.000000	1.000000	0.000000	8.000000	0.000000	0.056901	3.610077	1.160730	0.064470	0.017070	1.000000	1.000000	0.760833	0.040625	31.120646	0.033333	0.083029	0.002606	0.000000	76800.000000	11.248960	240.000000	320.000000	230400.000000	0.750000	0.287682	0.000000	0.066667	3.000000	3.666645	4.585347	5.135148	5.255902	5.362742	0.212113	0.533552	1.000000	1.000000	0.031461	0.053254	0.078025	0.115429	3.000000	9.000000	34.000000	128.000000	255.000000	0.000000	0.015873	0.047619	0.126984	0.000000	0.000000	0.000000	0.000000	0.000000	0.000000	0.000000	1.113942	1.487846	1.860993	0.022806	0.037518	0.064470	0.000000	0.000000	13.885769	0.920900
/tmp/multiaxis-strat100/wide_038_portrait_9x16_720x1280.png	large	720	1280	5269.547852	0.028271	0.113376	0.004591	0.004014	0.547778	0.138333	45.910412	0.102192	1.610891	3015.000000	0.092010	0.000710	0.000640	0.000000	0.003930	0.003780	5.000000	0.027908	4.232749	11.048591	5.072886	0.008746	0.000000	0.000000	0.000000	0.000000	0.000000	80.000000	80.000000	0.000000	0.000000	1.000000	0.000000	8.000000	0.000000	0.040616	2.911113	1.126256	0.030719	0.000000	1.000000	1.000000	0.573372	0.596331	21.811945	0.047619	0.031684	0.009579	0.000000	921600.000000	13.733867	720.000000	1280.000000	2764800.000000	0.562500	0.575364	0.000000	0.022222	3.000000	2.956619	3.768387	4.410658	4.714107	5.143982	0.074811	0.228960	0.609411	1.000000	0.022475	0.057084	0.158056	0.322467	2.000000	6.000000	11.000000	39.000000	255.000000	0.000000	0.000000	0.015873	0.047619	0.000000	0.000000	0.000000	0.015873	0.000000	0.000000	0.000000	0.467977	1.128317	1.388059	0.005826	0.020788	0.030719	0.000000	0.000000	92.105301	0.835574
/tmp/multiaxis-strat100/gray_027_137x137.png	large	137	137	9169.718750	0.148194	0.000000	0.000000	0.000000	0.602076	0.570934	0.000000	0.717035	0.870297	32.000000	0.001705	0.000000	0.000000	0.000000	0.000000	0.000000	0.000000	0.135339	1.626800	62.131489	0.000000	0.539792	0.000000	0.000000	0.000000	8.000000	1.000000	80.000000	80.000000	0.000000	0.000000	1.000000	0.000000	8.000000	0.000000	1.000000	2.186068	2.507665	0.000000	0.000000	1.000000	1.000000	0.141869	0.000000	58.213264	0.529412	0.132696	0.000000	1.000000	18769.000000	9.839962	137.000000	137.000000	56307.000000	1.000000	0.000000	0.104800	0.363951	3.000000	0.000000	5.185560	5.659294	5.739263	5.797840	0.000000	0.000000	1.000000	1.000000	0.000000	0.000000	0.000000	0.000000	0.000000	4.000000	109.000000	255.000000	255.000000	0.000000	0.000000	0.000000	0.333333	0.000000	0.000000	0.000000	0.000000	0.000000	0.000000	0.000000	0.000000	0.000000	0.000000	0.000000	0.000000	0.000000	0.000000	0.000000	5.806087	0.353706
/tmp/multiaxis-strat100/hdr_027_gain_mapped-photo-colorful_daisies.jpg	large	800	600	2847.004395	0.115850	0.349601	0.018249	0.014972	0.095867	0.000267	126.404732	0.251768	1.287479	17122.000000	0.522522	0.008310	0.009200	2.000000	0.037930	0.040540	8.000000	0.061325	4.511201	20.167910	26.437500	0.000000	0.000000	0.000000	0.000000	0.000000	0.000000	80.000000	80.000000	0.000000	0.000000	1.000000	0.000000	8.000000	0.000000	0.004708	3.878386	0.615439	0.267620	0.102964	1.000000	1.000000	0.736940	0.120840	17.085634	0.003731	0.086872	0.043310	0.000000	480000.000000	13.081541	600.000000	800.000000	1440000.000000	0.750000	0.287682	0.000000	0.013333	3.000000	3.861292	4.321614	4.665534	4.921560	5.187316	0.398531	0.655130	1.000000	1.000000	0.162681	0.298857	0.521830	0.916801	6.000000	13.000000	26.000000	77.000000	255.000000	0.031746	0.047619	0.079365	0.126984	0.015873	0.015873	0.031746	0.063492	0.000000	0.000000	1.000000	2.481083	2.875495	3.095496	0.127543	0.209216	0.267620	0.000000	0.015873	23.354177	0.920641
/tmp/multiaxis-strat100/wide_050_ultrawide_21x9_1920x810.png	large	1920	810	2783.969482	0.009293	0.089130	0.002199	0.001739	0.811490	0.003030	37.431847	0.069329	1.859963	1409.000000	0.042999	0.000240	0.000300	0.000000	0.000990	0.001210	0.000000	0.144310	4.021754	2.380455	0.491461	0.000000	0.000000	0.000000	0.000000	0.000000	0.000000	80.000000	80.000000	0.000000	0.000000	1.000000	0.000000	8.000000	0.000000	0.361912	2.449143	0.670434	0.040960	0.015918	1.000000	1.000000	0.175522	0.404003	10.460317	0.001898	0.013433	0.000783	0.000000	1555200.000000	14.257114	810.000000	1920.000000	4665600.000000	0.421875	0.863046	0.007407	0.027160	3.000000	2.197927	2.929475	3.416547	3.732394	4.277541	0.050266	0.082472	0.208244	0.389327	0.027767	0.037206	0.052717	0.074462	3.000000	5.000000	8.000000	29.000000	205.000000	0.000000	0.000000	0.000000	0.015873	0.000000	0.000000	0.000000	0.000000	0.000000	0.000000	0.000000	1.595909	1.722222	1.787881	0.030243	0.036948	0.040960	0.000000	0.000000	76.556511	0.661680
/tmp/multiaxis-strat100/alpha_034_91x137.png	large	91	137	6763.095703	0.112990	0.049315	0.005588	0.001883	0.647059	0.620321	15.506122	1.766535	0.966935	273.000000	0.021898	0.054760	0.042230	36.000000	0.041610	0.094380	42.000000	0.567405	1.579010	60.358288	4.882353	0.620321	0.000000	0.000000	0.000000	0.000000	0.000000	80.000000	80.000000	0.000000	0.000000	1.000000	0.000000	8.000000	0.000000	0.952916	1.830215	2.412460	0.000000	0.000000	1.000000	1.000000	0.021390	0.000808	97.830063	0.620321	0.138358	0.007215	0.000000	12467.000000	9.430840	91.000000	137.000000	37401.000000	0.664234	0.409121	0.108847	0.232053	3.000000	0.000000	4.674058	5.541790	5.641794	5.795355	0.000000	0.000000	1.000000	1.000000	0.000000	0.000000	0.000000	0.111570	0.000000	0.000000	79.000000	255.000000	255.000000	0.000000	0.000000	0.000000	0.253968	0.000000	0.000000	0.000000	0.000000	0.000000	0.000000	0.000000	0.000000	0.000000	0.000000	0.000000	0.000000	0.000000	0.000000	0.000000	6.963179	0.237803
/tmp/multiaxis-strat100/gray_002_91x91.png	large	91	91	4181.447754	0.218813	0.000000	0.000000	0.000000	0.396694	0.363636	0.000000	1.525391	0.689000	32.000000	0.003864	0.000000	0.000000	0.000000	0.000000	0.000000	0.000000	0.441783	1.607470	76.123970	0.000000	0.355372	0.000000	0.000000	0.000000	8.000000	1.000000	80.000000	80.000000	0.000000	0.000000	1.000000	0.000000	8.000000	0.000000	1.000000	3.316031	2.376873	0.000000	0.000000	1.000000	1.000000	0.057851	0.000000	64.136681	0.355372	0.226551	0.000000	1.000000	8281.000000	9.021719	91.000000	91.000000	24843.000000	1.000000	0.000000	0.112909	0.112909	3.000000	4.852915	5.417241	5.530580	5.632337	5.707945	0.005629	1.000000	1.000000	1.000000	0.000000	0.000000	0.000000	0.000000	0.000000	43.000000	228.000000	255.000000	255.000000	0.000000	0.000000	0.222222	0.428571	0.000000	0.000000	0.000000	0.000000	0.000000	0.000000	0.000000	0.000000	0.000000	0.000000	0.000000	0.000000	0.000000	0.000000	0.000000	1.116258	0.490741
/tmp/multiaxis-strat100/hdr_049_minnie-320x240-yuv.jpg	large	320	240	4341.861328	0.097743	0.035918	0.002818	0.001936	0.303333	0.043333	13.964265	0.235310	0.985007	821.000000	0.025055	0.000350	0.000350	0.000000	0.001230	0.000960	0.000000	0.067688	4.164878	27.795000	1.655000	0.003333	0.000000	0.000000	0.000000	0.000000	0.000000	80.000000	80.000000	0.000000	0.000000	1.000000	0.000000	8.000000	0.000000	0.056875	3.609439	1.162204	0.064470	0.017070	1.000000	1.000000	0.761667	0.040625	31.117886	0.034167	0.083003	0.002606	0.000000	76800.000000	11.248960	240.000000	320.000000	230400.000000	0.750000	0.287682	0.000000	0.066667	3.000000	3.666645	4.585347	5.135148	5.255902	5.362742	0.212113	0.533552	1.000000	1.000000	0.031461	0.053254	0.078025	0.115429	3.000000	9.000000	34.000000	128.000000	255.000000	0.000000	0.015873	0.047619	0.126984	0.000000	0.000000	0.000000	0.000000	0.000000	0.000000	0.000000	1.113943	1.477119	1.860993	0.022806	0.037495	0.064470	0.000000	0.000000	13.885558	0.920671
/tmp/multiaxis-strat100/alpha_041_91x137.png	large	91	137	33.237823	0.020997	0.130564	0.017382	0.002509	0.828877	0.775401	40.753895	0.010829	0.960210	44.000000	0.003529	0.279490	0.206610	36.000000	0.034170	0.038510	15.000000	0.474624	0.572677	0.983957	23.657755	0.775401	0.000000	0.000000	0.000000	8.000000	1.000000	80.000000	80.000000	0.000000	0.000000	1.000000	0.000000	8.000000	0.000000	0.899976	0.752603	1.406679	0.000000	0.000000	1.000000	1.000000	0.016043	0.000000	5.840512	0.780749	0.008828	0.031576	0.000000	12467.000000	9.430840	91.000000	137.000000	37401.000000	0.664234	0.409121	0.108847	0.232053	3.000000	0.000000	0.000000	3.518350	3.614152	3.703365	0.000000	0.000000	0.000000	0.369585	0.000000	0.000000	0.000000	1.000000	0.000000	0.000000	1.000000	50.000000	117.000000	0.000000	0.000000	0.000000	0.000000	0.000000	0.000000	0.000000	0.000000	0.000000	0.000000	0.000000	0.000000	0.000000	0.000000	0.000000	0.000000	0.000000	0.000000	0.000000	43.824017	0.149655
/tmp/multiaxis-strat100/hdr_022_gm-Chinchilla_cat_(5833713404).jpg	large	600	401	5126.413086	0.140939	0.037059	0.001080	0.000825	0.359733	0.085067	12.924193	0.477752	1.384044	1094.000000	0.033386	0.000140	0.000160	0.000000	0.000530	0.000700	0.000000	0.253264	4.667192	12.804800	0.662400	0.024000	0.000000	0.000000	0.000000	0.000000	0.000000	80.000000	80.000000	0.000000	0.000000	1.000000	0.000000	8.000000	0.000000	0.241068	3.347065	0.980445	0.071526	0.000000	1.000000	1.000000	0.560000	0.040737	20.028112	0.121600	0.070921	0.001257	0.000000	240600.000000	12.390891	401.000000	600.000000	721800.000000	0.668333	0.402968	0.017456	0.051239	3.000000	3.480400	4.113776	4.500373	4.735363	5.031981	0.166859	0.396823	0.786271	1.000000	0.000000	0.022216	0.041555	0.068195	4.000000	16.000000	38.000000	133.000000	255.000000	0.000000	0.015873	0.047619	0.111111	0.000000	0.000000	0.000000	0.000000	0.000000	0.000000	0.000000	0.000000	1.690196	1.903092	0.000000	0.054607	0.071526	0.000000	0.000000	25.926134	0.841452
/tmp/multiaxis-strat100/gray_007_47x47.png	large	47	47	11690.576172	0.559239	0.000000	0.000000	0.000000	0.000000	0.000000	0.000000	1.024206	0.388501	32.000000	0.014486	0.000000	0.000000	0.000000	0.000000	0.000000	0.000000	0.127334	3.102759	236.160004	0.000000	0.000000	0.000000	0.000000	0.000000	8.000000	1.000000	80.000000	80.000000	0.000000	0.000000	1.000000	0.000000	8.000000	0.000000	1.000000	5.643070	0.153035	1.000000	0.000000	1.000000	1.000000	0.600000	0.000000	64.266167	0.000000	0.400000	0.000000	1.000000	2209.000000	7.700295	47.000000	47.000000	6627.000000	1.000000	0.000000	0.043006	0.854233	3.000000														79.000000	162.000000	246.000000	255.000000	255.000000									0.000000	1.000000	3.000000									-1.153468	0.865892
/tmp/multiaxis-strat100/alpha_038_91x137.png	large	91	137	7925.653809	0.168709	0.314549	0.043391	0.010905	0.486631	0.438503	116.778000	0.644935	0.864633	262.000000	0.021015	0.448990	0.130500	36.000000	0.401480	0.232800	157.000000	0.275889	2.213668	37.572193	43.064171	0.470588	0.000000	0.000000	0.000000	0.000000	0.000000	80.000000	80.000000	0.000000	0.000000	1.000000	0.000000	8.000000	0.000000	0.473330	2.574923	2.259693	0.000000	0.000000	1.000000	1.000000	0.197861	0.047188	55.595718	0.556150	0.115610	0.046600	0.000000	12467.000000	9.430840	91.000000	137.000000	37401.000000	0.664234	0.409121	0.108847	0.232053	3.000000	3.355835	4.833523	5.378397	5.466047	5.523611	0.000000	0.257948	1.000000	1.000000	0.000000	0.143257	1.000000	1.000000	0.000000	10.000000	93.000000	255.000000	255.000000	0.000000	0.000000	0.031746	0.206349	0.000000	0.000000	0.000000	0.079365	0.000000	0.000000	0.000000	0.000000	0.000000	0.000000	0.000000	0.000000	0.000000	0.000000	0.000000	7.514619	0.445212
/tmp/multiaxis-strat100/gray_008_91x91.png	large	91	91	368.335114	0.228914	0.000000	0.000000	0.000000	0.272727	0.256198	0.000000	0.124602	0.809271	27.000000	0.003260	0.000000	0.000000	0.000000	0.000000	0.000000	0.000000	0.370054	1.576777	13.950413	0.000000	0.256198	0.000000	0.000000	0.000000	8.000000	1.000000	80.000000	80.000000	0.000000	0.000000	1.000000	0.000000	8.000000	0.000000	1.000000	3.085739	1.798490	0.000000	0.000000	1.000000	1.000000	0.099174	0.000000	22.733730	0.314050	0.102191	0.000000	1.000000	8281.000000	9.021719	91.000000	91.000000	24843.000000	1.000000	0.000000	0.112909	0.112909	3.000000	3.995245	4.337698	4.486923	4.659676	4.798904	0.021343	0.592699	1.000000	1.000000	0.000000	0.000000	0.000000	0.000000	2.000000	26.000000	59.000000	121.000000	255.000000	0.000000	0.000000	0.095238	0.142857	0.000000	0.000000	0.000000	0.000000	0.000000	0.000000	0.000000	0.000000	0.000000	0.000000	0.000000	0.000000	0.000000	0.000000	0.000000	10.930688	0.537655
/tmp/multiaxis-strat100/gray_013_47x47.png	large	47	47	3824.500732	0.461957	0.000000	0.000000	0.000000	0.200000	0.200000	0.000000	0.917655	0.524400	32.000000	0.014486	0.000000	0.000000	0.000000	0.000000	0.000000	0.000000	0.535136	2.408185	79.519997	0.000000	0.200000	0.000000	0.000000	0.000000	8.000000	1.000000	80.000000	80.000000	0.000000	0.000000	1.000000	0.000000	8.000000	0.000000	1.000000	4.159392	2.087151	0.000000	0.000000	1.000000	1.000000	0.000000	0.000000	46.779705	0.200000	0.252698	0.000000	1.000000	2209.000000	7.700295	47.000000	47.000000	6627.000000	1.000000	0.000000	0.043006	0.854233	3.000000														51.000000	160.000000	240.000000	255.000000	255.000000									0.000000	0.000000	0.000000									-1.125445	0.520300
/tmp/multiaxis-strat100/hdr_005_luminosity-lowRes.jpg	large	1000	671	2978.117432	0.115252	0.149965	0.004277	0.002811	0.627855	0.515855	53.224319	0.823100	1.312742	2801.000000	0.085480	0.000990	0.000750	0.000000	0.004900	0.004010	2.000000	0.181331	4.144339	13.447014	3.784200	0.457611	0.000000	0.000000	0.000000	0.000000	0.000000	80.000000	80.000000	0.000000	0.000000	1.000000	0.000000	8.000000	0.000000	0.058876	2.231419	1.762072	0.000000	0.000000	1.000000	1.000000	0.354528	0.228124	32.016907	0.520231	0.058033	0.007095	0.000000	671000.000000	13.416525	671.000000	1000.000000	2013000.000000	0.671000	0.398986	0.001490	0.025526	3.000000	1.690197	3.827764	4.711883	5.010490	5.430429	0.000000	0.054607	0.584828	1.000000	0.000000	0.000000	0.106716	0.309742	1.000000	9.000000	39.000000	149.000000	255.000000	0.000000	0.000000	0.000000	0.079365	0.000000	0.000000	0.000000	0.000000	0.000000	0.000000	0.000000	0.000000	0.000000	0.000000	0.000000	0.000000	0.000000	0.000000	0.000000	17.030699	0.631155
/tmp/multiaxis-strat100/wide_027_portrait_9x16_720x1280.png	large	720	1280	5110.302246	0.067315	0.133145	0.005811	0.005667	0.439653	0.045556	50.827076	0.127546	1.474240	7958.000000	0.242859	0.001210	0.001280	0.000000	0.009460	0.009320	10.000000	0.023151	4.561939	15.620992	7.840622	0.028183	0.000000	0.000000	0.000000	0.000000	0.000000	80.000000	80.000000	0.000000	0.000000	1.000000	0.000000	8.000000	0.000000	0.089827	3.209227	1.140128	0.042436	0.019842	1.000000	1.000000	0.662779	0.283270	17.245665	0.035957	0.045722	0.012757	0.000000	921600.000000	13.733867	720.000000	1280.000000	2764800.000000	0.562500	0.575364	0.000000	0.022222	3.000000	3.283439	4.086306	4.668725	4.888122	5.321772	0.117598	0.346201	0.878282	1.000000	0.038643	0.089060	0.197890	0.383350	3.000000	6.000000	12.000000	49.000000	255.000000	0.000000	0.015873	0.031746	0.063492	0.000000	0.000000	0.000000	0.015873	0.000000	0.000000	0.000000	0.000000	1.515210	1.767040	0.000000	0.025062	0.042436	0.000000	0.000000	50.378281	0.850210
/tmp/multiaxis-strat100/alpha_027_91x137.png	large	91	137	8921.029297	0.439624	0.260649	0.029065	0.022769	0.080214	0.053476	103.072990	2.171333	0.538272	1307.000000	0.104837	0.133060	0.189490	36.000000	0.495140	0.750270	155.000000	0.232451	3.689681	140.245987	62.941177	0.133690	0.000000	0.000000	0.000000	0.000000	0.000000	80.000000	80.000000	0.000000	0.000000	1.000000	0.000000	8.000000	0.000000	0.336007	4.989056	1.125873	0.591234	0.123825	1.000000	1.000000	0.213904	0.044118	57.485199	0.128342	0.315253	0.079959	0.000000	12467.000000	9.430840	91.000000	137.000000	37401.000000	0.664234	0.409121	0.108847	0.232053	3.000000	5.385207	5.513134	5.611102	5.733512	5.756838	1.000000	1.000000	1.000000	1.000000	0.298490	0.655282	1.000000	1.000000	32.000000	133.000000	232.000000	255.000000	255.000000	0.095238	0.111111	0.349206	0.460317	0.000000	0.047619	0.079365	0.111111	0.000000	0.000000	0.000000	0.808715	1.812911	4.029480	0.010973	0.037135	0.591234	0.000000	0.000000	-0.538749	0.732236
/tmp/multiaxis-strat100/gray_005_73x73.png	large	73	73	4963.720215	0.167631	0.000000	0.000000	0.000000	0.456790	0.370370	0.000000	0.252629	0.730520	28.000000	0.005254	0.000000	0.000000	0.000000	0.000000	0.000000	0.000000	0.129111	1.901929	48.259258	0.000000	0.419753	0.000000	0.000000	0.000000	8.000000	1.000000	80.000000	80.000000	0.000000	0.000000	1.000000	0.000000	8.000000	0.000000	1.000000	2.931689	2.263389	0.000000	0.000000	1.000000	1.000000	0.160494	0.000000	50.223877	0.456790	0.141877	0.000000	1.000000	5329.000000	8.580919	73.000000	73.000000	15987.000000	1.000000	0.000000	0.200976	0.729405	3.000000														0.000000	10.000000	92.000000	247.000000	255.000000									0.000000	0.000000	0.000000									6.733316	0.564980
/tmp/multiaxis-strat100/gray_014_91x91.png	large	91	91	1490.358765	0.741793	0.000000	0.000000	0.000000	0.016529	0.016529	0.000000	0.805938	0.638770	26.000000	0.003140	0.000000	0.000000	0.000000	0.000000	0.000000	0.000000	0.729417	3.409912	37.396694	0.000000	0.000000	0.000000	0.000000	0.000000	8.000000	1.000000	80.000000	80.000000	0.000000	0.000000	1.000000	0.000000	8.000000	0.000000	1.000000	4.544623	0.654003	0.475675	0.000000	1.000000	1.000000	0.107438	0.000000	29.787849	0.016529	0.171455	0.000000	1.000000	8281.000000	9.021719	91.000000	91.000000	24843.000000	1.000000	0.000000	0.112909	0.112909	3.000000	4.506245	4.877717	5.045611	5.195401	5.249703	0.614000	1.000000	1.000000	1.000000	0.000000	0.000000	0.000000	0.000000	60.000000	105.000000	148.000000	255.000000	255.000000	0.095238	0.126984	0.158730	0.190476	0.000000	0.000000	0.000000	0.000000	0.000000	0.000000	2.000000	0.297622	4.241365	4.302374	0.003329	0.418424	0.475675	0.000000	0.047619	0.828108	0.465403
/tmp/multiaxis-strat100/screencontent_163_245x256.png	large	245	256	4527.359863	0.264063	0.052993	0.010489	0.007347	0.221875	0.000000	26.941389	1.254897	0.715857	454.000000	0.013855	0.006250	0.010990	0.000000	0.018430	0.032940	1.000000	0.216023	3.901461	47.786457	5.117708	0.002083	0.000000	0.000000	0.000000	0.000000	0.000000	80.000000	80.000000	0.000000	0.000000	1.000000	0.000000	8.000000	0.000000	0.000335	4.151426	1.026868	0.131886	0.044521	1.000000	1.000000	0.217708	0.947306	38.784603	0.000000	0.162087	0.009689	0.000000	62720.000000	11.046435	245.000000	256.000000	188160.000000	0.957031	0.043919	0.012245	0.044898	3.000000	4.303277	5.149559	5.290609	5.396795	5.458192	0.251234	0.980478	1.000000	1.000000	0.058512	0.119572	0.249764	0.317823	13.000000	41.000000	121.000000	255.000000	255.000000	0.000000	0.015873	0.095238	0.285714	0.000000	0.000000	0.000000	0.015873	0.000000	1.000000	2.000000	2.193776	2.537819	2.692503	0.067629	0.103330	0.131886	0.000000	0.000000	3.982323	0.727377
/tmp/multiaxis-strat100/screencontent_148_174x255.png	large	174	255	2569.841309	0.420590	0.000000	0.000000	0.000000	0.110599	0.019969	0.000000	1.968248	0.724538	32.000000	0.000977	0.000000	0.000000	0.000000	0.000000	0.000000	0.000000	0.426271	3.671645	65.264206	0.000000	0.003072	0.000000	0.000000	0.000000	8.000000	1.000000	80.000000	80.000000	0.000000	0.000000	1.000000	0.000000	8.000000	0.000000	1.000000	4.455461	0.993820	0.181729	0.000000	1.000000	1.000000	0.027650	0.000000	40.108517	0.004608	0.247214	0.000000	1.000000	44370.000000	10.700319	174.000000	255.000000	133110.000000	0.682353	0.382208	0.015461	0.107776	3.000000	4.927760	5.083750	5.201384	5.301569	5.473593	0.686157	1.000000	1.000000	1.000000	0.000000	0.000000	0.000000	0.000000	26.000000	87.000000	163.000000	255.000000	255.000000	0.015873	0.111111	0.285714	0.365079	0.000000	0.000000	0.000000	0.000000	0.000000	0.000000	1.000000	0.965407	2.147482	3.004644	0.016168	0.085358	0.181729	0.000000	0.000000	1.163215	0.676385
/tmp/multiaxis-strat100/wide_037_portrait_9x16_720x1280.png	large	720	1280	2864.072754	0.102440	0.084502	0.006573	0.003081	0.521319	0.081944	28.002535	0.344892	1.376038	2120.000000	0.064697	0.002720	0.003740	0.000000	0.003450	0.005100	1.000000	0.266753	4.411615	6.879495	3.218659	0.000000	0.000000	0.000000	0.000000	0.000000	0.000000	80.000000	80.000000	0.000000	0.000000	1.000000	0.000000	8.000000	0.000000	0.029372	2.959511	1.009519	0.041831	0.011187	1.000000	1.000000	0.318756	0.068389	10.904416	0.009718	0.055394	0.007003	0.000000	921600.000000	13.733867	720.000000	1280.000000	2764800.000000	0.562500	0.575364	0.000000	0.022222	3.000000	3.025914	3.876041	4.229656	4.387977	4.574941	0.082684	0.239678	0.598733	0.916826	0.034228	0.077585	0.162062	0.247984	2.000000	11.000000	29.000000	76.000000	255.000000	0.000000	0.000000	0.015873	0.095238	0.000000	0.000000	0.000000	0.015873	0.000000	0.000000	0.000000	0.941233	1.356982	1.544068	0.018207	0.031843	0.041831	0.000000	0.000000	14.358747	0.806138
/tmp/multiaxis-strat100/wide_036_portrait_9x16_720x1280.png	large	720	1280	3638.317627	0.011863	0.065775	0.001083	0.001026	0.731389	0.119375	32.626873	0.055757	1.854929	1582.000000	0.048279	0.000100	0.000090	0.000000	0.000520	0.000500	0.000000	0.107059	4.385201	3.276968	0.611273	0.001944	0.000000	0.000000	0.000000	0.000000	0.000000	80.000000	80.000000	0.000000	0.000000	1.000000	0.000000	8.000000	0.000000	0.091442	2.593614	0.779159	0.042342	0.000000	1.000000	1.000000	0.381924	0.663234	7.931517	0.033042	0.018758	0.001018	0.000000	921600.000000	13.733867	720.000000	1280.000000	2764800.000000	0.562500	0.575364	0.000000	0.022222	3.000000	2.630428	3.106993	3.569074	3.863561	4.363112	0.075948	0.150284	0.271087	0.463297	0.007846	0.026948	0.039303	0.068391	2.000000	4.000000	10.000000	31.000000	193.000000	0.000000	0.000000	0.015873	0.031746	0.000000	0.000000	0.000000	0.000000	0.000000	0.000000	0.000000	0.748911	1.301030	1.586695	0.012999	0.028595	0.042342	0.000000	0.000000	36.115364	0.815415
/tmp/multiaxis-strat100/alpha_048_91x137.png	large	91	137	14308.437500	0.245016	0.171089	0.015758	0.003016	0.192513	0.165775	52.463230	1.142143	0.542394	153.000000	0.012272	0.096190	0.101240	5.000000	0.050760	0.041860	15.000000	0.121261	2.430244	130.550797	31.513369	0.139037	0.000000	0.000000	0.000000	8.000000	1.000000	80.000000	80.000000	0.000000	0.000000	1.000000	0.000000	8.000000	0.000000	0.923879	4.414085	1.992060	0.000000	0.000000	1.000000	1.000000	0.363636	0.004444	69.620132	0.149733	0.260080	0.031916	0.000000	12467.000000	9.430840	91.000000	137.000000	37401.000000	0.664234	0.409121	0.108847	0.232053	3.000000	5.332599	5.676978	5.784350	5.807237	5.828906	1.000000	1.000000	1.000000	1.000000	0.000000	0.000000	0.004253	1.000000	5.000000	50.000000	185.000000	255.000000	255.000000	0.000000	0.111111	0.301587	0.365079	0.000000	0.000000	0.000000	0.000000	0.000000	0.000000	0.000000	0.000000	0.000000	0.000000	0.000000	0.000000	0.000000	0.000000	0.000000	1.486871	0.707781
/tmp/multiaxis-strat100/gray_006_73x73.png	large	73	73	11861.795898	0.514660	0.000000	0.000000	0.000000	0.000000	0.000000	0.000000	1.405215	0.398862	32.000000	0.006005	0.000000	0.000000	0.000000	0.000000	0.000000	0.000000	0.084861	3.090722	194.259262	0.000000	0.049383	0.000000	0.000000	0.000000	8.000000	1.000000	80.000000	80.000000	0.000000	0.000000	1.000000	0.000000	8.000000	0.000000	1.000000	5.652669	0.129158	1.000000	0.000000	1.000000	1.000000	0.703704	0.000000	60.105846	0.049383	0.284930	0.000000	1.000000	5329.000000	8.580919	73.000000	73.000000	15987.000000	1.000000	0.000000	0.200976	0.729405	3.000000														88.000000	174.000000	216.000000	255.000000	255.000000									0.000000	2.000000	4.000000									-1.174416	0.915039
/tmp/multiaxis-strat100/screencontent_177_195x256.png	large	195	256	4652.880371	0.584556	0.195350	0.045771	0.087626	0.067708	0.000000	92.457947	3.278410	0.556381	1723.000000	0.052582	0.126080	0.089100	3.000000	3.771680	2.803870	78.000000	0.361003	4.450387	89.255211	77.682289	0.000000	0.000000	0.000000	0.000000	0.000000	0.000000	80.000000	80.000000	0.000000	0.000000	1.000000	0.000000	8.000000	0.000000	0.047676	4.819625	0.902876	0.546644	0.083384	1.000000	1.000000	0.147135	0.495893	40.157955	0.000000	0.304791	0.126633	0.000000	49920.000000	10.818177	195.000000	256.000000	149760.000000	0.761719	0.272178	0.025641	0.148718	3.000000	5.116651	5.299853	5.382102	5.426515	5.516255	1.000000	1.000000	1.000000	1.000000	0.250348	0.940021	1.000000	1.000000	54.000000	134.000000	211.000000	255.000000	255.000000	0.079365	0.206349	0.333333	0.412698	0.000000	0.031746	0.126984	0.206349	0.000000	0.000000	2.000000	1.414713	2.122010	3.916214	0.027951	0.081976	0.546644	0.000000	0.000000	-0.485804	0.689197
/tmp/multiaxis-strat100/hdr_047_minnie-320x240-rgb.jpg	large	320	240	4341.978516	0.097743	0.035862	0.002811	0.001927	0.303333	0.043333	13.940920	0.235304	0.985016	816.000000	0.024902	0.000340	0.000340	0.000000	0.001210	0.000960	0.000000	0.067679	4.164514	27.799999	1.639167	0.001667	0.000000	0.000000	0.000000	0.000000	0.000000	80.000000	80.000000	0.000000	0.000000	1.000000	0.000000	8.000000	0.000000	0.056562	3.610033	1.160818	0.064470	0.017123	1.000000	1.000000	0.760833	0.040495	31.117426	0.031667	0.083029	0.002646	0.000000	76800.000000	11.248960	240.000000	320.000000	230400.000000	0.750000	0.287682	0.000000	0.066667	3.000000	3.666645	4.585347	5.135148	5.255902	5.362742	0.212113	0.533552	1.000000	1.000000	0.031518	0.053125	0.077691	0.113337	3.000000	9.000000	34.000000	128.000000	255.000000	0.000000	0.015873	0.047619	0.126984	0.000000	0.000000	0.000000	0.000000	0.000000	0.000000	0.000000	1.113942	1.487846	1.860993	0.022319	0.036976	0.064470	0.000000	0.000000	13.881200	0.920797
/tmp/multiaxis-strat100/screencontent_161_179x256.png	large	179	256	4137.480957	0.445010	0.193256	0.049530	0.031685	0.018466	0.000000	83.984962	0.980162	0.822650	3010.000000	0.091858	0.163930	0.130490	9.000000	0.421470	0.425240	31.000000	0.236407	4.692938	48.173294	45.565342	0.005682	0.000000	0.000000	0.000000	0.000000	0.000000	80.000000	80.000000	0.000000	0.000000	1.000000	0.000000	8.000000	0.000000	0.033476	4.522565	0.566553	0.478265	0.249014	1.000000	1.000000	0.207386	0.476693	30.166536	0.000000	0.204320	0.072714	0.000000	45824.000000	10.732563	179.000000	256.000000	137472.000000	0.699219	0.357792	0.027933	0.072626	3.000000	4.612285	4.951069	5.144279	5.287266	5.426517	0.835523	1.000000	1.000000	1.000000	0.406160	0.638567	0.910493	1.000000	26.000000	62.000000	114.000000	224.000000	255.000000	0.063492	0.111111	0.206349	0.301587	0.015873	0.031746	0.063492	0.095238	0.000000	1.000000	3.000000	2.970347	3.325310	3.675481	0.203180	0.321509	0.478265	0.015873	0.031746	3.123628	0.765201
/tmp/multiaxis-strat100/wide_006_landscape_16x9_1280x720.png	large	1280	720	2334.700684	0.054306	0.110072	0.004987	0.003488	0.526667	0.025556	44.239029	0.217522	1.457272	5289.000000	0.161407	0.001160	0.002410	0.000000	0.003500	0.004030	2.000000	0.104510	4.276856	7.955297	5.157434	0.000000	0.000000	0.000000	0.000000	0.000000	0.000000	80.000000	80.000000	0.000000	0.000000	1.000000	0.000000	8.000000	0.000000	0.013666	3.084655	0.814813	0.073619	0.020217	1.000000	1.000000	0.228377	0.088078	12.797091	0.000000	0.038688	0.009641	0.000000	921600.000000	13.733867	720.000000	1280.000000	2764800.000000	0.562500	0.575364	0.000000	0.022222	3.000000	2.986653	3.670986	4.223830	4.488908	4.897268	0.111880	0.224412	0.512906	0.998348	0.028410	0.056073	0.179874	0.321163	5.000000	11.000000	21.000000	60.000000	254.000000	0.000000	0.000000	0.015873	0.063492	0.000000	0.000000	0.000000	0.015873	0.000000	0.000000	0.000000	1.189895	1.916124	2.221251	0.022555	0.050092	0.073619	0.000000	0.000000	16.539726	0.752462
/tmp/multiaxis-strat100/hdr_028_gain_mapped-photo-laser_milky_way.jpg	large	1320	1198	922.535034	0.349691	0.042119	0.008948	0.006996	0.102783	0.000989	15.108052	5.153728	1.231975	5846.000000	0.178406	0.004000	0.003110	1.000000	0.014780	0.011640	3.000000	1.225515	3.370571	14.090732	4.901464	0.000000	0.000000	0.000000	0.000000	0.000000	0.000000	80.000000	80.000000	0.000000	0.000000	1.000000	0.000000	8.000000	0.000000	0.100821	3.868415	0.610204	0.157008	0.030456	1.000000	1.000000	0.022439	0.022752	29.907698	0.000000	0.129772	0.010468	0.000000	1581360.000000	14.273796	1198.000000	1320.000000	4744080.000000	0.907576	0.096978	0.001669	0.033480	3.000000	3.878346	4.336807	4.652081	4.778514	5.077256	0.238490	0.400081	0.716144	1.000000	0.056422	0.102593	0.169878	0.243152	23.000000	50.000000	89.000000	245.000000	255.000000	0.000000	0.015873	0.079365	0.222222	0.000000	0.000000	0.000000	0.015873	0.000000	1.000000	3.000000	2.411621	2.842570	3.067158	0.092802	0.126284	0.157008	0.000000	0.000000	7.252823	0.396207
/tmp/multiaxis-strat100/wide_053_ultrawide_21x9_1920x810.png	large	1920	810	1838.047241	0.101098	0.018104	0.000984	0.000534	0.765319	0.763235	5.778676	5.292879	0.992206	136.000000	0.004150	0.002290	0.002270	5.000000	0.003400	0.003360	8.000000	0.273250	1.415300	29.873814	0.470588	0.790323	0.000000	0.000000	0.000000	8.000000	1.000000	80.000000	80.000000	0.000000	0.000000	1.000000	0.000000	8.000000	0.000000	0.961253	1.289917	2.209601	0.000000	0.000000	1.000000	1.000000	0.030361	0.000000	58.443062	0.807400	0.086308	0.000858	0.000000	1555200.000000	14.257114	810.000000	1920.000000	4665600.000000	0.421875	0.863046	0.007407	0.027160	3.000000	0.000000	3.488683	5.427145	5.552794	5.618961	0.000000	0.000000	0.358573	1.000000	0.000000	0.000000	0.004318	0.043232	0.000000	0.000000	66.000000	255.000000	255.000000	0.000000	0.000000	0.000000	0.063492	0.000000	0.000000	0.000000	0.000000	0.000000	0.000000	0.000000	0.000000	0.000000	0.000000	0.000000	0.000000	0.000000	0.000000	0.000000	8.665116	0.195898
/tmp/multiaxis-strat100/wide_047_ultrawide_21x9_1920x810.png	large	1920	810	2638.165771	0.909061	0.000000	0.000000	0.000000	0.000000	0.000000	0.000000	13.355308	0.536037	32.000000	0.000977	0.000000	0.000000	0.000000	0.000000	0.000000	0.000000	0.204441	4.472831	70.792221	0.000000	0.000000	0.000000	0.000000	0.000000	8.000000	1.000000	80.000000	80.000000	0.000000	0.000000	1.000000	0.000000	8.000000	0.000000	1.000000	5.005660	0.145673	1.000000	0.000000	1.000000	1.000000	0.066414	0.000000	29.843224	0.005693	0.322295	0.000000	1.000000	1555200.000000	14.257114	810.000000	1920.000000	4665600.000000	0.421875	0.863046	0.007407	0.027160	3.000000	5.019473	5.109527	5.183551	5.236781	5.289194	1.000000	1.000000	1.000000	1.000000	0.000000	0.000000	0.000000	0.000000	69.000000	117.000000	170.000000	255.000000	255.000000	0.269841	0.285714	0.317460	0.349206	0.000000	0.000000	0.000000	0.000000	1.000000	7.000000	13.000000	4.625999	4.754874	4.805859	1.000000	1.000000	1.000000	0.206349	0.238095	0.252836	0.828931
/tmp/multiaxis-strat100/wide_011_landscape_16x9_1280x720.png	large	1280	720	4152.020508	0.287643	0.117212	0.007740	0.006813	0.176736	0.000000	50.263313	2.802426	1.035084	6327.000000	0.193085	0.003020	0.002760	2.000000	0.019850	0.014070	8.000000	0.245016	4.528088	28.550049	6.929057	0.001944	0.000000	0.000000	0.000000	0.000000	0.000000	80.000000	80.000000	0.000000	0.000000	1.000000	0.000000	8.000000	0.000000	0.007684	4.007067	0.778483	0.134917	0.017114	1.000000	1.000000	0.137998	0.407131	29.442947	0.000000	0.122403	0.012233	0.000000	921600.000000	13.733867	720.000000	1280.000000	2764800.000000	0.562500	0.575364	0.000000	0.022222	3.000000	4.063112	4.671059	5.056022	5.194444	5.344010	0.228219	0.749327	1.000000	1.000000	0.039211	0.088761	0.175109	0.329123	19.000000	40.000000	86.000000	202.000000	255.000000	0.000000	0.015873	0.095238	0.190476	0.000000	0.000000	0.000000	0.015873	0.000000	1.000000	3.000000	2.774836	2.883937	2.954114	0.094681	0.115414	0.134917	0.000000	0.000000	6.920261	0.648423
/tmp/multiaxis-strat100/wide_048_ultrawide_21x9_1920x810.png	large	1920	810	2451.267090	0.086495	0.085154	0.002910	0.002214	0.672601	0.496212	33.597683	0.267444	1.449373	1513.000000	0.046173	0.000510	0.000450	0.000000	0.002030	0.002040	0.000000	0.084899	3.917678	8.882353	1.918406	0.005693	0.000000	0.000000	0.000000	0.000000	0.000000	80.000000	80.000000	0.000000	0.000000	1.000000	0.000000	8.000000	0.000000	0.677285	2.332893	1.397126	0.014859	0.000000	1.000000	1.000000	0.249526	0.272696	11.230035	0.013283	0.041143	0.004985	0.000000	1555200.000000	14.257114	810.000000	1920.000000	4665600.000000	0.421875	0.863046	0.007407	0.027160	3.000000	1.569483	3.862525	4.512951	4.675426	4.906235	0.020902	0.033603	0.669540	1.000000	0.000000	0.012363	0.092920	0.199510	2.000000	5.000000	19.000000	64.000000	255.000000	0.000000	0.000000	0.000000	0.079365	0.000000	0.000000	0.000000	0.000000	0.000000	0.000000	0.000000	0.297623	0.859401	1.076913	0.003329	0.011114	0.014859	0.000000	0.000000	23.391634	0.602139
/tmp/multiaxis-strat100/screencontent_196_162x256.png	large	162	256	2941.932617	0.250664	0.074180	0.011413	0.006861	0.315625	0.004688	32.920620	0.544460	0.918875	897.000000	0.027374	0.012560	0.008840	2.000000	0.034170	0.022270	5.000000	0.209757	3.913673	31.753124	7.040625	0.000000	0.000000	0.000000	0.000000	0.000000	0.000000	80.000000	80.000000	0.000000	0.000000	1.000000	0.000000	8.000000	0.000000	0.058618	3.816304	1.114874	0.099701	0.019955	1.000000	1.000000	0.392188	0.482422	30.562826	0.000000	0.124777	0.015947	0.000000	41472.000000	10.632773	162.000000	256.000000	124416.000000	0.632812	0.457581	0.037037	0.185185	3.000000	4.173841	4.774752	5.080204	5.265928	5.429673	0.193061	0.800758	1.000000	1.000000	0.033567	0.108977	0.231517	0.405427	5.000000	34.000000	82.000000	199.000000	255.000000	0.000000	0.015873	0.095238	0.206349	0.000000	0.000000	0.000000	0.031746	0.000000	0.000000	0.000000	1.491144	1.880010	2.259437	0.035317	0.061127	0.099701	0.000000	0.000000	6.079426	0.817835
/tmp/multiaxis-strat100/wide_022_portrait_9x16_720x1280.png	large	720	1280	3688.492676	0.237566	0.176881	0.017245	0.008249	0.442153	0.000556	62.588783	2.328877	1.167516	11440.000000	0.349121	0.019250	0.018760	3.000000	0.024300	0.025570	6.000000	0.385325	4.611692	19.753159	13.143829	0.000000	0.000000	0.000000	0.000000	0.000000	0.000000	80.000000	80.000000	0.000000	0.000000	1.000000	0.000000	8.000000	0.000000	0.007202	3.410607	1.090885	0.057521	0.009672	1.000000	1.000000	0.098154	0.124414	29.710896	0.000000	0.107486	0.025499	0.000000	921600.000000	13.733867	720.000000	1280.000000	2764800.000000	0.562500	0.575364	0.000000	0.022222	3.000000	3.330008	4.449430	4.875573	5.084572	5.365703	0.078504	0.323719	1.000000	1.000000	0.032806	0.112623	0.393172	0.837312	8.000000	27.000000	72.000000	208.000000	255.000000	0.000000	0.000000	0.031746	0.206349	0.000000	0.000000	0.000000	0.047619	0.000000	0.000000	1.000000	1.847804	2.037426	2.116441	0.039327	0.049083	0.057521	0.000000	0.000000	9.858659	0.627090
/tmp/multiaxis-strat100/wide_017_landscape_16x9_1280x720.png	large	1280	720	382.019196	0.055757	0.034459	0.003705	0.002398	0.684375	0.517431	13.850952	0.388317	1.751271	658.000000	0.020081	0.002170	0.001420	0.000000	0.005370	0.003700	1.000000	0.212179	2.031626	6.407191	1.765792	0.487852	0.000000	0.000000	0.000000	0.000000	0.000000	80.000000	80.000000	0.000000	0.000000	1.000000	0.000000	8.000000	0.000000	0.041714	1.622463	1.784227	0.000000	0.000000	1.000000	1.000000	0.178814	0.000713	25.387981	0.508260	0.037083	0.004088	0.000000	921600.000000	13.733867	720.000000	1280.000000	2764800.000000	0.562500	0.575364	0.000000	0.022222	3.000000	0.859403	3.417212	4.183351	4.586996	5.040788	0.000000	0.015091	0.388336	0.896047	0.000000	0.007846	0.080873	0.210680	0.000000	2.000000	13.000000	99.000000	255.000000	0.000000	0.000000	0.000000	0.047619	0.000000	0.000000	0.000000	0.000000	0.000000	0.000000	0.000000	0.000000	0.000000	0.000000	0.000000	0.000000	0.000000	0.000000	0.000000	54.969238	0.409223
/tmp/multiaxis-strat100/wide_008_landscape_16x9_1280x720.png	large	1280	720	3559.480469	0.017742	0.070945	0.002072	0.002231	0.464097	0.230208	36.044006	0.120924	1.733815	1013.000000	0.030914	0.000220	0.000290	0.000000	0.001200	0.001800	0.000000	0.168301	4.149000	4.502429	1.329446	0.020408	0.000000	0.000000	0.000000	0.000000	0.000000	80.000000	80.000000	0.000000	0.000000	1.000000	0.000000	8.000000	0.000000	0.183298	2.767277	1.038308	0.022656	0.000000	1.000000	1.000000	0.164237	0.712537	10.543892	0.036929	0.031206	0.002036	0.000000	921600.000000	13.733867	720.000000	1280.000000	2764800.000000	0.562500	0.575364	0.000000	0.022222	3.000000	3.108263	3.441850	3.785895	3.984921	4.379165	0.121927	0.242715	0.383307	0.603433	0.027888	0.056775	0.083558	0.125350	4.000000	9.000000	16.000000	39.000000	255.000000	0.000000	0.000000	0.015873	0.047619	0.000000	0.000000	0.000000	0.000000	0.000000	0.000000	0.000000	0.000000	0.859398	1.157136	0.000000	0.014552	0.022656	0.000000	0.000000	34.526657	0.717662
/tmp/multiaxis-strat100/wide_057_ultrawide_21x9_1920x810.png	large	1920	810	2208.741943	0.048123	0.079229	0.004079	0.004217	0.601515	0.019066	32.578732	0.453056	1.711094	1867.000000	0.056976	0.000810	0.001070	0.000000	0.006780	0.009310	3.000000	0.351009	4.017517	5.398482	1.828273	0.003795	0.000000	0.000000	0.000000	0.000000	0.000000	80.000000	80.000000	0.000000	0.000000	1.000000	0.000000	8.000000	0.000000	0.165984	2.869608	0.802409	0.056946	0.021402	1.000000	1.000000	0.449715	0.524787	20.795301	0.004744	0.036701	0.004202	0.000000	1555200.000000	14.257114	810.000000	1920.000000	4665600.000000	0.421875	0.863046	0.007407	0.027160	3.000000	2.810138	3.438896	3.959982	4.231858	4.740111	0.099147	0.191702	0.392724	0.671016	0.032395	0.055379	0.099963	0.186640	3.000000	6.000000	14.000000	91.000000	255.000000	0.000000	0.000000	0.015873	0.047619	0.000000	0.000000	0.000000	0.000000	0.000000	0.000000	0.000000	1.334644	1.651851	1.898915	0.025764	0.042039	0.056946	0.000000	0.000000	57.907291	0.827308
/tmp/multiaxis-strat100/gray_001_47x47.png	large	47	47	7644.406738	0.729891	0.000000	0.000000	0.000000	0.120000	0.000000	0.000000	2.346090	0.389686	32.000000	0.014486	0.000000	0.000000	0.000000	0.000000	0.000000	0.000000	3.254623	4.226504	114.160004	0.000000	0.000000	0.000000	0.000000	0.000000	8.000000	1.000000	80.000000	80.000000	0.000000	0.000000	1.000000	0.000000	8.000000	0.000000	1.000000	4.999181	1.058364	0.222202	0.000000	1.000000	1.000000	0.120000	0.000000	66.609566	0.000000	0.314286	0.000000	1.000000	2209.000000	7.700295	47.000000	47.000000	6627.000000	1.000000	0.000000	0.043006	0.854233	3.000000														144.000000	250.000000	255.000000	255.000000	255.000000									0.000000	1.000000	2.000000									-1.441621	0.356479
/tmp/multiaxis-strat100/wide_025_portrait_9x16_720x1280.png	large	720	1280	3487.882568	0.170632	0.044443	0.005386	0.003512	0.147778	0.000347	16.126911	0.709004	1.372308	1408.000000	0.042969	0.000670	0.000580	0.000000	0.002150	0.002160	0.000000	0.163107	4.162012	14.344995	2.794946	0.000000	0.000000	0.000000	0.000000	0.000000	0.000000	80.000000	80.000000	0.000000	0.000000	1.000000	0.000000	8.000000	0.000000	0.129813	3.724229	0.609100	0.181301	0.043970	1.000000	1.000000	0.199223	0.146916	13.017905	0.000000	0.081031	0.005600	0.000000	921600.000000	13.733867	720.000000	1280.000000	2764800.000000	0.562500	0.575364	0.000000	0.022222	3.000000	3.735198	4.162682	4.512724	4.679403	4.952391	0.284663	0.505919	0.886983	1.000000	0.064034	0.088049	0.123879	0.159452	11.000000	24.000000	42.000000	96.000000	255.000000	0.015873	0.031746	0.063492	0.126984	0.000000	0.000000	0.000000	0.015873	0.000000	0.000000	1.000000	2.194340	2.766122	2.945838	0.090332	0.147354	0.181301	0.000000	0.000000	9.577023	0.750383
/tmp/multiaxis-strat100/wide_005_landscape_16x9_1280x720.png	large	1280	720	1180.713745	0.018126	0.088255	0.003764	0.003428	0.708472	0.138194	37.347393	0.066500	1.731954	1969.000000	0.060089	0.001380	0.002300	2.000000	0.008210	0.011230	4.000000	0.084110	3.787853	3.903790	2.317784	0.001944	0.000000	0.000000	0.000000	0.000000	0.000000	80.000000	80.000000	0.000000	0.000000	1.000000	0.000000	8.000000	0.000000	0.049457	2.561285	0.911856	0.026946	0.012649	1.000000	1.000000	0.344995	0.019812	10.503923	0.003887	0.023216	0.004088	0.000000	921600.000000	13.733867	720.000000	1280.000000	2764800.000000	0.562500	0.575364	0.000000	0.022222	3.000000	2.528254	3.271943	3.801463	4.106089	4.526390	0.059584	0.132675	0.322868	0.601902	0.021891	0.040543	0.090460	0.169738	1.000000	4.000000	10.000000	37.000000	173.000000	0.000000	0.000000	0.000000	0.031746	0.000000	0.000000	0.000000	0.000000	0.000000	0.000000	0.000000	0.748914	1.188577	1.342114	0.009139	0.020846	0.026946	0.000000	0.000000	34.403305	0.779272
/tmp/multiaxis-strat100/screencontent_180_256x167.png	large	256	167	1774.260132	0.298775	0.216095	0.046477	0.042519	0.101562	0.000000	100.706314	0.466326	0.858465	3863.000000	0.117889	0.136540	0.127090	7.000000	1.123670	0.734060	60.000000	0.174028	4.013970	31.915625	61.393749	0.009375	0.000000	0.000000	0.000000	0.000000	0.000000	80.000000	80.000000	0.000000	0.000000	1.000000	0.000000	8.000000	0.000000	0.001076	4.158382	0.784239	0.221334	0.205131	1.000000	1.000000	0.300000	0.290845	22.846090	0.000000	0.138021	0.088145	0.000000	42752.000000	10.663171	167.000000	256.000000	128256.000000	0.652344	0.427184	0.005988	0.149701	3.000000	4.339341	4.781134	4.983521	5.093349	5.177019	0.517351	1.000000	1.000000	1.000000	0.355366	0.604058	1.000000	1.000000	13.000000	38.000000	76.000000	178.000000	255.000000	0.015873	0.063492	0.111111	0.206349	0.015873	0.047619	0.079365	0.126984	0.000000	0.000000	1.000000	1.747096	2.562293	3.071859	0.050007	0.122272	0.221334	0.000000	0.000000	7.037302	0.789353
/tmp/multiaxis-strat100/wide_052_ultrawide_21x9_1920x810.png	large	1920	810	3476.606934	0.114340	0.057772	0.007846	0.007502	0.365196	0.013603	25.255634	0.495466	1.144394	3059.000000	0.093353	0.001500	0.000420	0.000000	0.010670	0.002080	1.000000	0.054765	4.376167	17.235294	5.022770	0.001898	0.000000	0.000000	0.000000	0.000000	0.000000	80.000000	80.000000	0.000000	0.000000	1.000000	0.000000	8.000000	0.000000	0.039323	3.354923	1.072003	0.054376	0.031514	1.000000	1.000000	0.556926	0.465769	24.777458	0.001898	0.072679	0.010482	0.000000	1555200.000000	14.257114	810.000000	1920.000000	4665600.000000	0.421875	0.863046	0.007407	0.027160	3.000000	3.416285	4.040947	4.901284	5.238697	5.419413	0.137587	0.393546	0.802333	1.000000	0.051862	0.093715	0.170466	0.298631	3.000000	10.000000	25.000000	88.000000	242.000000	0.000000	0.000000	0.047619	0.111111	0.000000	0.000000	0.000000	0.015873	0.000000	0.000000	0.000000	1.396853	1.632045	1.798910	0.029426	0.042613	0.054376	0.000000	0.000000	18.370478	0.872309
