image_path	size_class	width	height	feat_variance	feat_edge_density	feat_chroma_complexity	feat_cb_sharpness	feat_cr_sharpness	feat_uniformity	feat_flat_color_block_ratio	feat_colourfulness	feat_laplacian_variance	feat_variance_spread	feat_distinct_color_bins	feat_palette_density	feat_cb_horiz_sharpness	feat_cb_vert_sharpness	feat_cb_peak_sharpness	feat_cr_horiz_sharpness	feat_cr_vert_sharpness	feat_cr_peak_sharpness	feat_high_freq_energy_ratio	feat_luma_histogram_entropy	feat_dct_compressibility_y	feat_dct_compressibility_uv	feat_patch_fraction	feat_alpha_present	feat_alpha_used_fraction	feat_alpha_bimodal_score	feat_indexed_palette_width	feat_palette_fits_in_256	feat_peak_luminance_nits	feat_p99_luminance_nits	feat_hdr_headroom_stops	feat_hdr_pixel_fraction	feat_wide_gamut_peak	feat_wide_gamut_fraction	feat_effective_bit_depth	feat_hdr_present	feat_grayscale_score	feat_aq_map_mean	feat_aq_map_std	feat_noise_floor_y	feat_noise_floor_uv	feat_gamut_coverage_srgb	feat_gamut_coverage_p3	feat_gradient_fraction	feat_skin_tone_fraction	feat_edge_slope_stdev	feat_patch_fraction_fast	feat_quant_survival_y	feat_quant_survival_uv	feat_is_grayscale	feat_pixel_count	feat_log_pixels	feat_min_dim	feat_max_dim	feat_bitmap_bytes	feat_aspect_min_over_max	feat_log_aspect_abs	feat_block_misalignment_8	feat_block_misalignment_32	feat_channel_count	feat_aq_map_p50	feat_aq_map_p75	feat_aq_map_p90	feat_aq_map_p95	feat_aq_map_p99	feat_noise_floor_y_p25	feat_noise_floor_y_p50	feat_noise_floor_y_p75	feat_noise_floor_y_p90	feat_noise_floor_uv_p25	feat_noise_floor_uv_p50	feat_noise_floor_uv_p75	feat_noise_floor_uv_p90	feat_laplacian_variance_p50	feat_laplacian_variance_p75	feat_laplacian_variance_p90	feat_laplacian_variance_p99	feat_laplacian_variance_peak	feat_quant_survival_y_p10	feat_quant_survival_y_p25	feat_quant_survival_y_p50	feat_quant_survival_y_p75	feat_quant_survival_uv_p10	feat_quant_survival_uv_p25	feat_quant_survival_uv_p50	feat_quant_survival_uv_p75	feat_laplacian_variance_p1	feat_laplacian_variance_p5	feat_laplacian_variance_p10	feat_aq_map_p1	feat_aq_map_p5	feat_aq_map_p10	feat_noise_floor_y_p1	feat_noise_floor_y_p5	feat_noise_floor_y_p10	feat_quant_survival_y_p1	feat_quant_survival_y_p5	feat_luma_kurtosis	feat_gradient_fraction_smooth
/home/lilith/work/codec-eval/codec-corpus/CID22/CID22-512/training/1428647.png	large	512	512	6410.391602	0.084995	0.109450	0.006878	0.005018	0.508789	0.129639	37.538788	0.258522	1.318966	3513.000000	0.107208	0.004630	0.005540	2.000000	0.010720	0.013880	6.000000	0.065227	4.364254	17.602539	4.291016	0.000000	0.000000	0.000000	0.000000	0.000000	0.000000	80.000000	80.000000	0.000000	0.000000	1.000000	0.000000	8.000000	0.000000	0.046829	3.004979	1.289854	0.029451	0.019084	1.000000	1.000000	0.460938	0.211147	33.384056	0.024414	0.053571	0.008557	0.000000	262144.000000	12.476649	512.000000	512.000000	786432.000000	1.000000	0.000000	0.000000	0.000000	3.000000	2.979064	3.966264	4.846016	5.258578	5.512084	0.057634	0.236390	0.735144	1.000000	0.026503	0.050027	0.128442	0.272971	2.000000	6.000000	19.000000	110.000000	255.000000	0.000000	0.000000	0.015873	0.079365	0.000000	0.000000	0.000000	0.015873	0.000000	0.000000	0.000000	0.767852	1.189894	1.311420	0.012350	0.024202	0.029451	0.000000	0.000000	40.497948	0.818802
/home/lilith/work/codec-eval/codec-corpus/CID22/CID22-512/training/3616956.png	large	512	512	2164.354736	0.079369	0.244935	0.009927	0.006244	0.567139	0.394043	88.936989	0.196227	1.406070	5252.000000	0.160278	0.010860	0.013210	4.000000	0.025510	0.032680	7.000000	0.096442	3.897020	11.248047	9.976562	0.001953	0.000000	0.000000	0.000000	0.000000	0.000000	80.000000	80.000000	0.000000	0.000000	1.000000	0.000000	8.000000	0.000000	0.000175	2.668895	1.358302	0.015479	0.012560	1.000000	1.000000	0.262695	0.393162	18.451069	0.000000	0.043775	0.016555	0.000000	262144.000000	12.476649	512.000000	512.000000	786432.000000	1.000000	0.000000	0.000000	0.000000	3.000000	2.608910	3.890155	4.586693	4.817914	5.018946	0.020274	0.148846	0.679642	1.000000	0.015916	0.050466	0.258564	0.572941	2.000000	8.000000	24.000000	86.000000	255.000000	0.000000	0.000000	0.000000	0.063492	0.000000	0.000000	0.000000	0.031746	0.000000	0.000000	0.000000	0.903093	1.121703	1.189893	0.009634	0.013397	0.015479	0.000000	0.000000	30.768810	0.627724
/home/lilith/work/codec-eval/codec-corpus/CID22/CID22-512/training/1277396.png	large	512	512	2345.953125	0.077263	0.114242	0.004322	0.002957	0.502686	0.042480	46.233105	0.222605	1.571995	2161.000000	0.065948	0.001970	0.002640	1.000000	0.004550	0.004610	2.000000	0.147756	3.865650	10.095703	2.652344	0.000000	0.000000	0.000000	0.000000	0.000000	0.000000	80.000000	80.000000	0.000000	0.000000	1.000000	0.000000	8.000000	0.000000	0.052654	3.020066	1.011288	0.048172	0.013196	1.000000	1.000000	0.535156	0.053730	23.761358	0.002930	0.054517	0.005131	0.000000	262144.000000	12.476649	512.000000	512.000000	786432.000000	1.000000	0.000000	0.000000	0.000000	3.000000	3.072520	3.748478	4.337975	4.707382	5.210299	0.087135	0.270712	0.562172	1.000000	0.024450	0.038250	0.076502	0.207262	2.000000	6.000000	21.000000	98.000000	255.000000	0.000000	0.000000	0.031746	0.079365	0.000000	0.000000	0.000000	0.000000	0.000000	0.000000	0.000000	1.255272	1.497449	1.676550	0.023334	0.036928	0.048172	0.000000	0.000000	34.548923	0.862234
/home/lilith/work/codec-eval/codec-corpus/CID22/CID22-512/training/2208891.png	large	512	512	5584.284668	0.213537	0.089082	0.011246	0.009729	0.239746	0.039062	40.068459	0.637898	1.036775	3109.000000	0.094879	0.008960	0.004920	1.000000	0.039980	0.027580	8.000000	0.050422	4.525043	44.656250	10.323242	0.009766	0.000000	0.000000	0.000000	0.000000	0.000000	80.000000	80.000000	0.000000	0.000000	1.000000	0.000000	8.000000	0.000000	0.165356	4.244842	0.925804	0.183522	0.042642	1.000000	1.000000	0.640625	0.657448	29.662149	0.026367	0.102570	0.018028	0.000000	262144.000000	12.476649	512.000000	512.000000	786432.000000	1.000000	0.000000	0.000000	0.000000	3.000000	4.380942	4.974515	5.360873	5.491300	5.573463	0.535657	1.000000	1.000000	1.000000	0.094856	0.177577	0.284709	0.470653	8.000000	23.000000	51.000000	139.000000	255.000000	0.015873	0.047619	0.079365	0.142857	0.000000	0.000000	0.015873	0.031746	0.000000	0.000000	0.000000	1.907142	2.450033	2.914575	0.057649	0.110979	0.183522	0.000000	0.000000	15.332430	0.889183
/home/lilith/work/codec-eval/codec-corpus/CID22/CID22-512/training/144200.png	large	512	512	1466.148315	0.038120	0.113257	0.005328	0.003620	0.761230	0.307861	37.936352	0.108554	1.661461	2428.000000	0.074097	0.002280	0.002710	1.000000	0.007170	0.011140	3.000000	0.116858	2.731795	5.744141	3.975586	0.001953	0.000000	0.000000	0.000000	0.000000	0.000000	80.000000	80.000000	0.000000	0.000000	1.000000	0.000000	8.000000	0.000000	0.010860	2.153195	1.157957	0.017877	0.018319	1.000000	1.000000	0.190430	0.497471	23.669771	0.004883	0.023717	0.005921	0.000000	262144.000000	12.476649	512.000000	512.000000	786432.000000	1.000000	0.000000	0.000000	0.000000	3.000000	1.582452	3.060485	3.932420	4.453404	5.151550	0.022552	0.043938	0.227698	0.715365	0.023729	0.031927	0.081835	0.288039	1.000000	3.000000	12.000000	68.000000	255.000000	0.000000	0.000000	0.000000	0.015873	0.000000	0.000000	0.000000	0.000000	0.000000	0.000000	0.000000	0.881350	1.030780	1.121704	0.010826	0.015355	0.017877	0.000000	0.000000	62.674240	0.637143
/home/lilith/work/codec-eval/codec-corpus/CID22/CID22-512/training/2290070.png	large	512	512	4609.125488	0.098579	0.056775	0.005970	0.003549	0.603271	0.115234	22.458300	0.512621	1.273788	2144.000000	0.065430	0.004040	0.003520	2.000000	0.010470	0.010890	6.000000	0.078559	3.860113	21.204102	2.441406	0.001953	0.000000	0.000000	0.000000	0.000000	0.000000	80.000000	80.000000	0.000000	0.000000	1.000000	0.000000	8.000000	0.000000	0.437130	2.926671	1.358587	0.028896	0.010380	1.000000	1.000000	0.386719	0.398018	39.903446	0.002930	0.059431	0.005084	0.000000	262144.000000	12.476649	512.000000	512.000000	786432.000000	1.000000	0.000000	0.000000	0.000000	3.000000	2.593546	4.076820	5.133098	5.428275	5.649590	0.046854	0.149322	0.825425	1.000000	0.021677	0.039293	0.104128	0.227626	2.000000	5.000000	29.000000	154.000000	255.000000	0.000000	0.000000	0.015873	0.095238	0.000000	0.000000	0.000000	0.000000	0.000000	0.000000	0.000000	1.129830	1.331173	1.452695	0.017071	0.024759	0.028896	0.000000	0.000000	22.034128	0.776247
/home/lilith/work/codec-eval/codec-corpus/CID22/CID22-512/training/1938351.png	large	512	512	1055.702515	0.023146	0.079084	0.004339	0.008213	0.684570	0.000000	63.669857	0.058646	1.631624	956.000000	0.029175	0.000900	0.001320	0.000000	0.022960	0.035910	7.000000	0.184941	3.577624	3.797852	3.902344	0.000000	0.000000	0.000000	0.000000	0.000000	0.000000	80.000000	80.000000	0.000000	0.000000	1.000000	0.000000	8.000000	0.000000	0.000389	2.802208	0.650367	0.056954	0.038205	1.000000	1.000000	0.196289	0.000000	10.556231	0.000000	0.024864	0.008417	0.000000	262144.000000	12.476649	512.000000	512.000000	786432.000000	1.000000	0.000000	0.000000	0.000000	3.000000	2.674632	3.223999	3.802593	4.035079	4.449801	0.077588	0.146920	0.305240	0.602842	0.047876	0.070229	0.132287	0.304994	4.000000	8.000000	13.000000	41.000000	245.000000	0.000000	0.000000	0.015873	0.031746	0.000000	0.000000	0.000000	0.015873	0.000000	0.000000	0.000000	1.928140	2.028368	2.091172	0.038130	0.049086	0.056954	0.000000	0.000000	69.552597	0.686358
/home/lilith/work/codec-eval/codec-corpus/CID22/CID22-512/training/1029604.png	large	512	512	3625.239258	0.178048	0.054186	0.006691	0.006794	0.086426	0.000000	21.848373	0.375044	1.151763	1276.000000	0.038940	0.001900	0.001810	0.000000	0.013030	0.012750	2.000000	0.081085	4.490302	26.599609	3.516602	0.007812	0.000000	0.000000	0.000000	0.000000	0.000000	80.000000	80.000000	0.000000	0.000000	1.000000	0.000000	8.000000	0.000000	0.126904	4.025284	0.700461	0.247641	0.040782	1.000000	1.000000	0.496094	0.055229	21.239622	0.000000	0.103237	0.007983	0.000000	262144.000000	12.476649	512.000000	512.000000	786432.000000	1.000000	0.000000	0.000000	0.000000	3.000000	4.044901	4.521174	4.947853	5.137572	5.417614	0.444856	0.787475	1.000000	1.000000	0.062847	0.103009	0.162104	0.228239	9.000000	20.000000	39.000000	104.000000	255.000000	0.015873	0.047619	0.079365	0.158730	0.000000	0.000000	0.000000	0.015873	0.000000	0.000000	1.000000	2.236633	2.830258	3.106865	0.089053	0.182124	0.247641	0.000000	0.015873	15.199321	0.859020
/home/lilith/work/codec-eval/codec-corpus/CID22/CID22-512/training/110472.png	large	512	512	4546.775879	0.068643	0.277548	0.013923	0.009387	0.488037	0.017578	103.108307	0.138836	1.545280	12317.000000	0.375885	0.021340	0.015930	8.000000	0.040260	0.033400	29.000000	0.064558	4.533952	12.447266	21.619141	0.007812	0.000000	0.000000	0.000000	0.000000	0.000000	80.000000	80.000000	0.000000	0.000000	1.000000	0.000000	8.000000	0.000000	0.006077	3.156858	0.970758	0.067459	0.046210	1.000000	1.000000	0.672852	0.190075	19.221731	0.042969	0.049262	0.029405	0.000000	262144.000000	12.476649	512.000000	512.000000	786432.000000	1.000000	0.000000	0.000000	0.000000	3.000000	3.073713	3.881980	4.517156	4.800577	5.201947	0.132507	0.255966	0.671562	1.000000	0.079028	0.154989	0.368392	0.780629	2.000000	5.000000	16.000000	75.000000	255.000000	0.000000	0.015873	0.031746	0.063492	0.000000	0.000000	0.015873	0.047619	0.000000	0.000000	0.000000	1.226842	1.566549	1.917769	0.023917	0.040103	0.067459	0.000000	0.000000	53.753834	0.892914
/home/lilith/work/codec-eval/codec-corpus/CID22/CID22-512/training/33162.png	large	512	512	5229.671875	0.298272	0.149971	0.019706	0.014459	0.179443	0.005615	62.528923	1.087241	1.129585	7740.000000	0.236206	0.015400	0.012160	2.000000	0.062880	0.052370	11.000000	0.167315	4.631639	31.765625	17.128906	0.001953	0.000000	0.000000	0.000000	0.000000	0.000000	80.000000	80.000000	0.000000	0.000000	1.000000	0.000000	8.000000	0.000000	0.041275	4.001903	0.979927	0.124152	0.055829	1.000000	1.000000	0.344727	0.523975	27.449560	0.005859	0.136424	0.034862	0.000000	262144.000000	12.476649	512.000000	512.000000	786432.000000	1.000000	0.000000	0.000000	0.000000	3.000000	4.196252	4.798258	5.107505	5.228259	5.437905	0.366644	0.882317	1.000000	1.000000	0.108524	0.234493	0.459489	0.722769	10.000000	32.000000	70.000000	184.000000	255.000000	0.000000	0.031746	0.126984	0.206349	0.000000	0.000000	0.031746	0.047619	0.000000	0.000000	1.000000	1.524235	2.123034	2.464988	0.035553	0.076083	0.124152	0.000000	0.000000	9.095092	0.801603
/home/lilith/work/codec-eval/codec-corpus/CID22/CID22-512/training/1910225.png	large	512	512	2278.460938	0.031430	0.223043	0.009737	0.010613	0.640869	0.232910	89.374741	0.051420	1.552751	6269.000000	0.191315	0.016930	0.009090	5.000000	0.070300	0.039490	17.000000	0.082637	3.928227	6.072266	15.830078	0.005859	0.000000	0.000000	0.000000	0.000000	0.000000	80.000000	80.000000	0.000000	0.000000	1.000000	0.000000	8.000000	0.000000	0.001320	2.486495	1.129984	0.018917	0.016587	1.000000	1.000000	0.442383	0.010990	13.822284	0.022461	0.027204	0.021763	0.000000	262144.000000	12.476649	512.000000	512.000000	786432.000000	1.000000	0.000000	0.000000	0.000000	3.000000	2.392889	3.475251	4.029424	4.354298	4.662729	0.028667	0.122559	0.426124	0.801584	0.029925	0.122958	0.366857	0.758475	1.000000	3.000000	9.000000	50.000000	187.000000	0.000000	0.000000	0.015873	0.047619	0.000000	0.000000	0.015873	0.031746	0.000000	0.000000	0.000000	0.676694	1.038921	1.174279	0.008675	0.014900	0.018917	0.000000	0.000000	45.380104	0.756468
/home/lilith/work/codec-eval/codec-corpus/CID22/CID22-512/training/2020432.png	large	512	512	2543.384766	0.007054	0.134576	0.002724	0.002843	0.909180	0.027344	56.047638	0.016122	2.267786	1392.000000	0.042480	0.000690	0.000530	0.000000	0.005400	0.004510	5.000000	0.083488	4.278468	1.537109	0.888672	0.000000	0.000000	0.000000	0.000000	0.000000	0.000000	80.000000	80.000000	0.000000	0.000000	1.000000	0.000000	8.000000	0.000000	0.001740	2.326450	0.569629	0.048812	0.019647	1.000000	1.000000	0.482422	0.184055	14.878378	0.002930	0.011269	0.001349	0.000000	262144.000000	12.476649	512.000000	512.000000	786432.000000	1.000000	0.000000	0.000000	0.000000	3.000000	2.271224	2.620250	3.012725	3.351107	4.185719	0.069456	0.104159	0.157198	0.246267	0.026537	0.038633	0.059902	0.096098	1.000000	2.000000	4.000000	20.000000	146.000000	0.000000	0.000000	0.000000	0.015873	0.000000	0.000000	0.000000	0.000000	0.000000	0.000000	0.000000	1.144184	1.555548	1.690196	0.022813	0.040570	0.048812	0.000000	0.000000	170.834030	0.864352
/home/lilith/work/codec-eval/codec-corpus/CID22/CID22-512/training/2693212.png	large	512	512	1960.337158	0.245109	0.134251	0.011189	0.017939	0.200928	0.000000	66.417679	0.904617	1.005542	1342.000000	0.040955	0.007560	0.009480	0.000000	0.117940	0.153870	12.000000	0.233085	4.168190	20.549805	17.349609	0.000000	0.000000	0.000000	0.000000	0.000000	0.000000	80.000000	80.000000	0.000000	0.000000	1.000000	0.000000	8.000000	0.000000	0.001560	3.845292	0.837492	0.097410	0.026606	1.000000	1.000000	0.259766	0.000305	20.212433	0.000000	0.101950	0.034536	0.000000	262144.000000	12.476649	512.000000	512.000000	786432.000000	1.000000	0.000000	0.000000	0.000000	3.000000	4.071025	4.513684	4.778665	4.882655	5.050291	0.285852	0.746805	1.000000	1.000000	0.106990	0.313244	0.555034	0.847686	11.000000	30.000000	66.000000	161.000000	255.000000	0.000000	0.031746	0.095238	0.158730	0.000000	0.000000	0.031746	0.063492	0.000000	0.000000	1.000000	2.127105	2.274987	2.456271	0.046787	0.066851	0.097410	0.000000	0.000000	9.035000	0.732302
/home/lilith/work/codec-eval/codec-corpus/CID22/CID22-512/training/5617414.png	large	512	512	2617.395508	0.156789	0.044476	0.004514	0.005103	0.401611	0.092041	16.595276	0.492385	1.250130	2256.000000	0.068848	0.002290	0.001480	1.000000	0.022650	0.021950	19.000000	0.089094	4.114404	23.303711	3.971680	0.003906	0.000000	0.000000	0.000000	0.000000	0.000000	80.000000	80.000000	0.000000	0.000000	1.000000	0.000000	8.000000	0.000000	0.256413	3.426124	1.247918	0.045050	0.008421	1.000000	1.000000	0.519531	0.058090	30.308578	0.021484	0.078110	0.007208	0.000000	262144.000000	12.476649	512.000000	512.000000	786432.000000	1.000000	0.000000	0.000000	0.000000	3.000000	3.574834	4.466871	5.014083	5.228828	5.542652	0.108521	0.464963	1.000000	1.000000	0.021348	0.049521	0.120693	0.249989	3.000000	13.000000	38.000000	142.000000	255.000000	0.000000	0.000000	0.047619	0.126984	0.000000	0.000000	0.000000	0.000000	0.000000	0.000000	0.000000	1.129831	1.462396	1.643452	0.018088	0.032900	0.045050	0.000000	0.000000	18.546886	0.856781
/home/lilith/work/codec-eval/codec-corpus/CID22/CID22-512/training/1599791.png	large	512	512	2826.718750	0.135271	0.079271	0.005076	0.003930	0.503662	0.112305	27.617266	0.351902	1.210893	2589.000000	0.079010	0.004430	0.004710	2.000000	0.023570	0.019560	43.000000	0.101078	4.423359	17.125000	4.789062	0.007812	0.000000	0.000000	0.000000	0.000000	0.000000	80.000000	80.000000	0.000000	0.000000	1.000000	0.000000	8.000000	0.000000	0.086601	3.178871	1.257999	0.045529	0.006288	1.000000	1.000000	0.596680	0.176735	20.977072	0.060547	0.064112	0.007859	0.000000	262144.000000	12.476649	512.000000	512.000000	786432.000000	1.000000	0.000000	0.000000	0.000000	3.000000	3.035524	4.440042	4.774464	4.944122	5.113784	0.074809	0.252453	1.000000	1.000000	0.019352	0.037731	0.120294	0.346159	1.000000	9.000000	39.000000	111.000000	255.000000	0.000000	0.000000	0.031746	0.111111	0.000000	0.000000	0.000000	0.015873	0.000000	0.000000	0.000000	1.144184	1.395489	1.606784	0.022733	0.033783	0.045529	0.000000	0.000000	16.016417	0.874627
/home/lilith/work/codec-eval/codec-corpus/CID22/CID22-512/training/459728.png	large	512	512	3755.303711	0.156215	0.175267	0.013493	0.009066	0.280029	0.001709	65.364006	0.508401	1.299595	3745.000000	0.114288	0.014120	0.008160	2.000000	0.033780	0.029440	8.000000	0.134661	4.346870	19.433594	12.938477	0.001953	0.000000	0.000000	0.000000	0.000000	0.000000	80.000000	80.000000	0.000000	0.000000	1.000000	0.000000	8.000000	0.000000	0.036720	3.654706	0.846280	0.141878	0.052783	1.000000	1.000000	0.552734	0.425743	24.766897	0.003906	0.080869	0.020911	0.000000	262144.000000	12.476649	512.000000	512.000000	786432.000000	1.000000	0.000000	0.000000	0.000000	3.000000	3.684732	4.262450	4.720403	5.051426	5.409146	0.252697	0.525205	0.953345	1.000000	0.100605	0.191023	0.328050	0.532950	5.000000	16.000000	46.000000	131.000000	255.000000	0.015873	0.015873	0.063492	0.111111	0.000000	0.000000	0.015873	0.031746	0.000000	0.000000	0.000000	1.534462	2.229768	2.545848	0.033480	0.097935	0.141878	0.000000	0.000000	13.247323	0.857324
/home/lilith/work/codec-eval/codec-corpus/CID22/CID22-512/training/1287145.png	large	512	512	6250.077637	0.168332	0.070076	0.004399	0.005322	0.488037	0.211426	30.066990	0.605013	1.234294	616.000000	0.018799	0.001280	0.001300	0.000000	0.013840	0.013420	2.000000	0.299605	3.780580	12.287109	2.170898	0.001953	0.000000	0.000000	0.000000	0.000000	0.000000	80.000000	80.000000	0.000000	0.000000	1.000000	0.000000	8.000000	0.000000	0.066898	2.846324	1.377210	0.017904	0.022476	1.000000	1.000000	0.072266	0.153458	22.320623	0.000000	0.078234	0.003968	0.000000	262144.000000	12.476649	512.000000	512.000000	786432.000000	1.000000	0.000000	0.000000	0.000000	3.000000	3.170990	4.045792	4.677715	4.928339	5.174789	0.025561	0.247474	0.669988	1.000000	0.035180	0.066862	0.122897	0.187743	3.000000	19.000000	49.000000	142.000000	255.000000	0.000000	0.000000	0.015873	0.142857	0.000000	0.000000	0.000000	0.000000	0.000000	0.000000	0.000000	0.965409	1.125785	1.213765	0.010625	0.015045	0.017904	0.000000	0.000000	14.266068	0.600756
/home/lilith/work/codec-eval/codec-corpus/CID22/CID22-512/training/3623285.png	large	512	512	2745.134277	0.135753	0.182360	0.005094	0.004116	0.463379	0.299072	68.111214	0.388652	1.441575	2085.000000	0.063629	0.003640	0.002460	1.000000	0.017350	0.010690	11.000000	0.185532	3.865856	13.118164	3.125977	0.003906	0.000000	0.000000	0.000000	0.000000	0.000000	80.000000	80.000000	0.000000	0.000000	1.000000	0.000000	8.000000	0.000000	0.029236	2.890062	1.442144	0.017064	0.017251	1.000000	1.000000	0.156250	0.249142	22.154367	0.006836	0.068359	0.005410	0.000000	262144.000000	12.476649	512.000000	512.000000	786432.000000	1.000000	0.000000	0.000000	0.000000	3.000000	3.211150	4.127465	4.641489	4.829784	5.322956	0.025430	0.288066	0.778897	1.000000	0.024961	0.040694	0.082734	0.165447	3.000000	15.000000	39.000000	111.000000	255.000000	0.000000	0.000000	0.031746	0.111111	0.000000	0.000000	0.000000	0.000000	0.000000	0.000000	0.000000	0.467978	0.808717	1.000000	0.005629	0.011937	0.017064	0.000000	0.000000	18.942165	0.652696
/home/lilith/work/codec-eval/codec-corpus/CID22/CID22-512/training/pexels-photo-1130297.png	large	512	512	4160.742188	0.319496	0.060057	0.006742	0.006195	0.205322	0.101807	20.466108	1.265721	0.938604	2129.000000	0.064972	0.003530	0.002550	1.000000	0.016760	0.010930	5.000000	0.173863	4.292058	33.569336	4.450195	0.003906	0.000000	0.000000	0.000000	0.000000	0.000000	80.000000	80.000000	0.000000	0.000000	1.000000	0.000000	8.000000	0.000000	0.209850	3.907332	1.239444	0.042092	0.019787	1.000000	1.000000	0.299805	0.127804	26.970812	0.025391	0.143214	0.008309	0.000000	262144.000000	12.476649	512.000000	512.000000	786432.000000	1.000000	0.000000	0.000000	0.000000	3.000000	4.333689	4.775392	5.133769	5.268396	5.428310	0.400946	1.000000	1.000000	1.000000	0.040169	0.081656	0.154320	0.259481	11.000000	41.000000	82.000000	181.000000	255.000000	0.000000	0.047619	0.126984	0.222222	0.000000	0.000000	0.000000	0.015873	0.000000	0.000000	0.000000	0.903090	1.288640	1.542319	0.017152	0.030401	0.042092	0.000000	0.000000	5.745236	0.790272
/home/lilith/work/codec-eval/codec-corpus/CID22/CID22-512/training/1943411.png	large	512	512	2960.506348	0.145833	0.207579	0.026190	0.019774	0.531494	0.000000	91.028816	0.563932	1.305791	7514.000000	0.229309	0.042760	0.051370	7.000000	0.247880	0.327060	92.000000	0.174684	3.857831	17.088867	21.610352	0.000000	0.000000	0.000000	0.000000	0.000000	0.000000	80.000000	80.000000	0.000000	0.000000	1.000000	0.000000	8.000000	0.000000	0.011513	3.164612	1.186477	0.044965	0.062600	1.000000	1.000000	0.210938	0.002640	27.081108	0.001953	0.072684	0.034831	0.000000	262144.000000	12.476649	512.000000	512.000000	786432.000000	1.000000	0.000000	0.000000	0.000000	3.000000	2.854875	4.331225	4.871858	5.049554	5.367076	0.071568	0.184269	1.000000	1.000000	0.082986	0.136998	0.483105	1.000000	4.000000	12.000000	43.000000	148.000000	255.000000	0.000000	0.000000	0.015873	0.126984	0.000000	0.000000	0.015873	0.063492	0.000000	0.000000	0.000000	1.544069	1.688948	1.777133	0.026088	0.036891	0.044965	0.000000	0.000000	18.189844	0.721322
/home/lilith/work/codec-eval/codec-corpus/CID22/CID22-512/training/3311574.png	large	512	512	4716.744141	0.098012	0.055482	0.003368	0.002289	0.554932	0.124023	20.284025	0.356006	1.437793	1927.000000	0.058807	0.006930	0.008090	11.000000	0.014700	0.021990	20.000000	0.128586	4.599513	12.915039	2.007812	0.001953	0.000000	0.000000	0.000000	0.000000	0.000000	80.000000	80.000000	0.000000	0.000000	1.000000	0.000000	8.000000	0.000000	0.367985	3.108594	1.061409	0.052964	0.000000	1.000000	1.000000	0.333008	0.045856	29.326462	0.005859	0.052440	0.003937	0.000000	262144.000000	12.476649	512.000000	512.000000	786432.000000	1.000000	0.000000	0.000000	0.000000	3.000000	2.963603	3.969824	4.710110	4.952780	5.281816	0.096634	0.199100	0.727891	1.000000	0.006195	0.019812	0.041636	0.115179	3.000000	12.000000	29.000000	119.000000	255.000000	0.000000	0.000000	0.015873	0.079365	0.000000	0.000000	0.000000	0.000000	0.000000	0.000000	0.000000	1.284076	1.584754	1.707038	0.030282	0.044712	0.052964	0.000000	0.000000	31.546682	0.794028
/home/lilith/work/codec-eval/codec-corpus/CID22/CID22-512/training/1129482.png	large	512	512	1380.077026	0.060861	0.017287	0.002095	0.001552	0.859375	0.838135	5.756355	0.377707	1.505977	1666.000000	0.050842	0.004600	0.002190	4.000000	0.012060	0.007630	7.000000	0.097039	0.914516	11.741211	0.994141	0.831055	0.000000	0.000000	0.000000	0.000000	0.000000	80.000000	80.000000	0.000000	0.000000	1.000000	0.000000	8.000000	0.000000	0.915016	0.778332	1.756675	0.000000	0.000000	1.000000	1.000000	0.078125	0.003582	38.725433	0.857422	0.030862	0.002310	0.000000	262144.000000	12.476649	512.000000	512.000000	786432.000000	1.000000	0.000000	0.000000	0.000000	3.000000	0.000000	0.000000	4.707338	5.247374	5.590973	0.000000	0.000000	0.000000	1.000000	0.000000	0.000000	0.000000	0.093615	0.000000	0.000000	2.000000	142.000000	255.000000	0.000000	0.000000	0.000000	0.000000	0.000000	0.000000	0.000000	0.000000	0.000000	0.000000	0.000000	0.000000	0.000000	0.000000	0.000000	0.000000	0.000000	0.000000	0.000000	38.121487	0.143589
/home/lilith/work/codec-eval/codec-corpus/CID22/CID22-512/training/1661950.png	large	512	512	3499.193359	0.150317	0.112907	0.013996	0.012306	0.346680	0.015625	49.618206	0.322695	1.235251	3809.000000	0.116241	0.013360	0.008630	2.000000	0.076330	0.059170	25.000000	0.126973	4.221056	17.902344	10.855469	0.001953	0.000000	0.000000	0.000000	0.000000	0.000000	80.000000	80.000000	0.000000	0.000000	1.000000	0.000000	8.000000	0.000000	0.073799	3.466431	1.098929	0.055964	0.027314	1.000000	1.000000	0.667969	0.274548	18.797499	0.013672	0.083597	0.026088	0.000000	262144.000000	12.476649	512.000000	512.000000	786432.000000	1.000000	0.000000	0.000000	0.000000	3.000000	3.706270	4.423242	4.759200	4.877400	5.100674	0.164204	0.562314	1.000000	1.000000	0.053065	0.141492	0.365965	0.557729	3.000000	10.000000	29.000000	115.000000	255.000000	0.000000	0.015873	0.047619	0.126984	0.000000	0.000000	0.015873	0.047619	0.000000	0.000000	0.000000	1.224014	1.487844	1.792280	0.023433	0.035694	0.055964	0.000000	0.000000	23.772612	0.888781
/home/lilith/work/codec-eval/codec-corpus/CID22/CID22-512/training/106399.png	large	512	512	3906.160889	0.146457	0.143564	0.009281	0.005208	0.486816	0.024170	52.104324	0.617496	1.152485	4523.000000	0.138031	0.015700	0.020180	7.000000	0.021670	0.032070	10.000000	0.110628	4.419976	20.365234	8.946289	0.003906	0.000000	0.000000	0.000000	0.000000	0.000000	80.000000	80.000000	0.000000	0.000000	1.000000	0.000000	8.000000	0.000000	0.006287	3.250173	1.258950	0.048034	0.031465	1.000000	1.000000	0.423828	0.075241	34.284966	0.001953	0.065042	0.012649	0.000000	262144.000000	12.476649	512.000000	512.000000	786432.000000	1.000000	0.000000	0.000000	0.000000	3.000000	3.105462	4.414973	5.048623	5.276781	5.442897	0.089674	0.213072	1.000000	1.000000	0.046286	0.078691	0.206899	0.471509	3.000000	16.000000	45.000000	148.000000	255.000000	0.000000	0.000000	0.015873	0.095238	0.000000	0.000000	0.000000	0.015873	0.000000	0.000000	0.000000	1.223609	1.422220	1.635828	0.022652	0.033389	0.048034	0.000000	0.000000	16.055029	0.787739
/home/lilith/work/codec-eval/codec-corpus/CID22/CID22-512/training/2232979.png	large	512	512	931.198547	0.025494	0.061949	0.004056	0.003634	0.676514	0.000000	37.976727	0.149772	1.549203	633.000000	0.019318	0.002140	0.002360	0.000000	0.009310	0.010430	4.000000	0.614023	3.507180	2.206055	0.856445	0.000000	0.000000	0.000000	0.000000	0.000000	0.000000	80.000000	80.000000	0.000000	0.000000	1.000000	0.000000	8.000000	0.000000	0.000088	2.808843	0.603346	0.063033	0.017251	1.000000	1.000000	0.029297	0.007832	24.082655	0.000000	0.022151	0.001349	0.000000	262144.000000	12.476649	512.000000	512.000000	786432.000000	1.000000	0.000000	0.000000	0.000000	3.000000	2.701986	3.246864	3.660710	3.915788	4.260948	0.086061	0.133697	0.257081	0.419119	0.029269	0.045223	0.069534	0.109201	5.000000	9.000000	17.000000	64.000000	255.000000	0.000000	0.000000	0.000000	0.031746	0.000000	0.000000	0.000000	0.000000	0.000000	0.000000	0.000000	1.777699	1.977438	2.081887	0.038089	0.051572	0.063033	0.000000	0.000000	96.267143	0.570436
/home/lilith/work/codec-eval/codec-corpus/CID22/CID22-512/training/2471234.png	large	512	512	833.621765	0.000712	0.357420	0.004736	0.008580	0.891846	0.019287	186.210266	0.008063	1.698700	1059.000000	0.032318	0.000910	0.000880	0.000000	0.021210	0.023580	15.000000	0.085833	3.587226	1.675781	11.284180	0.009766	0.000000	0.000000	0.000000	0.000000	0.000000	80.000000	80.000000	0.000000	0.000000	1.000000	0.000000	8.000000	0.000000	0.000000	2.319388	0.588606	0.037253	0.034010	1.000000	1.000000	0.414062	0.000000	4.766574	0.020508	0.011114	0.017082	0.000000	262144.000000	12.476649	512.000000	512.000000	786432.000000	1.000000	0.000000	0.000000	0.000000	3.000000	2.307195	2.735487	3.083273	3.309760	3.722696	0.058376	0.098338	0.182893	0.275721	0.060923	0.134263	0.283630	0.580323	1.000000	3.000000	5.000000	13.000000	82.000000	0.000000	0.000000	0.000000	0.015873	0.000000	0.000000	0.015873	0.031746	0.000000	0.000000	0.000000	1.273003	1.418871	1.561549	0.022722	0.029307	0.037253	0.000000	0.000000	36.932468	0.801474
/home/lilith/work/codec-eval/codec-corpus/CID22/CID22-512/training/3214023.png	large	512	512	3768.148438	0.149172	0.069619	0.004261	0.004106	0.262695	0.011963	23.743401	0.375148	1.243528	3118.000000	0.095154	0.001960	0.003710	1.000000	0.010350	0.025060	7.000000	0.103312	4.630209	23.308594	3.698242	0.000000	0.000000	0.000000	0.000000	0.000000	0.000000	80.000000	80.000000	0.000000	0.000000	1.000000	0.000000	8.000000	0.000000	0.142914	3.733160	0.924055	0.125781	0.010699	1.000000	1.000000	0.646484	0.102322	24.840561	0.021484	0.080574	0.006774	0.000000	262144.000000	12.476649	512.000000	512.000000	786432.000000	1.000000	0.000000	0.000000	0.000000	3.000000	3.790215	4.477880	4.909089	5.076214	5.426817	0.260314	0.597434	1.000000	1.000000	0.025081	0.052580	0.120389	0.239293	4.000000	13.000000	36.000000	120.000000	255.000000	0.000000	0.031746	0.063492	0.111111	0.000000	0.000000	0.000000	0.015873	0.000000	0.000000	0.000000	1.671518	2.117635	2.464545	0.049961	0.088502	0.125781	0.000000	0.000000	17.851974	0.896838
/home/lilith/work/codec-eval/codec-corpus/CID22/CID22-512/training/1082342.png	large	512	512	6271.364258	0.160504	0.238691	0.017344	0.013104	0.330322	0.071533	110.067917	0.321702	1.188304	1723.000000	0.052582	0.012420	0.030470	4.000000	0.046160	0.117260	19.000000	0.075270	4.569922	23.923828	22.408203	0.038086	0.000000	0.000000	0.000000	0.000000	0.000000	80.000000	80.000000	0.000000	0.000000	1.000000	0.000000	8.000000	0.000000	0.123447	3.514820	1.322322	0.037515	0.030820	1.000000	1.000000	0.705078	0.044365	23.703901	0.050781	0.088759	0.041481	0.000000	262144.000000	12.476649	512.000000	512.000000	786432.000000	1.000000	0.000000	0.000000	0.000000	3.000000	3.914277	4.520116	4.924345	5.112358	5.367496	0.161558	0.714689	1.000000	1.000000	0.072885	0.286448	0.624053	0.931251	3.000000	11.000000	27.000000	119.000000	255.000000	0.000000	0.015873	0.079365	0.126984	0.000000	0.000000	0.031746	0.063492	0.000000	0.000000	0.000000	0.000000	1.213766	1.487846	0.000000	0.022707	0.037515	0.000000	0.000000	26.979271	0.877687
/home/lilith/work/codec-eval/codec-corpus/CID22/CID22-512/training/2291004.png	large	512	512	794.362671	0.160956	0.246512	0.025853	0.023185	0.253174	0.000000	91.232559	0.475408	0.986133	3344.000000	0.102051	0.046790	0.017520	5.000000	0.238450	0.093940	22.000000	0.157520	3.319064	17.521484	22.909180	0.001953	0.000000	0.000000	0.000000	0.000000	0.000000	80.000000	80.000000	0.000000	0.000000	1.000000	0.000000	8.000000	0.000000	0.004066	3.795488	0.729625	0.174993	0.069666	1.000000	1.000000	0.224609	0.054649	18.093121	0.000000	0.082744	0.031328	0.000000	262144.000000	12.476649	512.000000	512.000000	786432.000000	1.000000	0.000000	0.000000	0.000000	3.000000	3.713017	4.522134	4.720317	4.794444	4.871432	0.250413	0.503196	1.000000	1.000000	0.110974	0.245540	0.638756	1.000000	10.000000	21.000000	48.000000	111.000000	255.000000	0.000000	0.031746	0.063492	0.111111	0.000000	0.000000	0.015873	0.047619	0.000000	0.000000	1.000000	2.426511	2.680321	2.848459	0.096148	0.137992	0.174993	0.000000	0.000000	8.689114	0.774425
/home/lilith/work/codec-eval/codec-corpus/CID22/CID22-512/training/3705529.png	large	512	512	2672.880127	0.142283	0.078524	0.005123	0.003534	0.432617	0.114990	29.624901	0.541441	1.246286	1852.000000	0.056519	0.001620	0.002470	0.000000	0.004330	0.006610	2.000000	0.105569	4.215174	22.133789	3.705078	0.009766	0.000000	0.000000	0.000000	0.000000	0.000000	80.000000	80.000000	0.000000	0.000000	1.000000	0.000000	8.000000	0.000000	0.110641	3.299277	1.328409	0.029696	0.021785	1.000000	1.000000	0.502930	0.240902	31.247519	0.018555	0.073583	0.006619	0.000000	262144.000000	12.476649	512.000000	512.000000	786432.000000	1.000000	0.000000	0.000000	0.000000	3.000000	3.474134	4.439466	4.976593	5.187969	5.480491	0.072618	0.420089	1.000000	1.000000	0.028036	0.055762	0.131055	0.256176	2.000000	10.000000	38.000000	145.000000	255.000000	0.000000	0.000000	0.047619	0.111111	0.000000	0.000000	0.000000	0.015873	0.000000	0.000000	0.000000	1.105511	1.254895	1.361432	0.018644	0.024016	0.029696	0.000000	0.000000	20.198988	0.826572
/home/lilith/work/codec-eval/codec-corpus/CID22/CID22-512/training/271619.png	large	512	512	1703.081055	0.030595	0.057741	0.003921	0.002675	0.812744	0.261475	33.034252	0.097516	1.786173	1472.000000	0.044922	0.002240	0.001780	2.000000	0.005430	0.005030	5.000000	0.078438	3.905380	6.091797	2.104492	0.020508	0.000000	0.000000	0.000000	0.000000	0.000000	80.000000	80.000000	0.000000	0.000000	1.000000	0.000000	8.000000	0.000000	0.024101	2.082900	1.134093	0.019196	0.009222	1.000000	1.000000	0.259766	0.942986	29.824146	0.031250	0.021422	0.003488	0.000000	262144.000000	12.476649	512.000000	512.000000	786432.000000	1.000000	0.000000	0.000000	0.000000	3.000000	1.690196	2.480007	3.988266	4.572960	5.266714	0.028371	0.049210	0.134933	0.785965	0.016361	0.022482	0.034743	0.105824	1.000000	2.000000	5.000000	66.000000	255.000000	0.000000	0.000000	0.000000	0.015873	0.000000	0.000000	0.000000	0.000000	0.000000	0.000000	0.000000	0.000000	0.982696	1.149507	0.000000	0.014534	0.019196	0.000000	0.000000	103.444641	0.708405
/home/lilith/work/codec-eval/codec-corpus/CID22/CID22-512/validation/1531677.png	large	512	512	2068.239258	0.395587	0.031660	0.007187	0.006191	0.005371	0.000000	12.294714	0.814383	1.067391	1390.000000	0.042419	0.002520	0.003120	0.000000	0.013370	0.018350	2.000000	0.175044	4.225801	27.059570	2.248047	0.000000	0.000000	0.000000	0.000000	0.000000	0.000000	80.000000	80.000000	0.000000	0.000000	1.000000	0.000000	8.000000	0.000000	0.219093	4.267517	0.432751	0.489801	0.033478	1.000000	1.000000	0.239258	0.126984	15.581214	0.000000	0.155258	0.003937	0.000000	262144.000000	12.476649	512.000000	512.000000	786432.000000	1.000000	0.000000	0.000000	0.000000	3.000000	4.282636	4.541217	4.828898	4.984213	5.190684	0.689954	0.981875	1.000000	1.000000	0.050326	0.079542	0.115130	0.167158	20.000000	40.000000	64.000000	126.000000	255.000000	0.079365	0.111111	0.158730	0.190476	0.000000	0.000000	0.000000	0.000000	0.000000	1.000000	3.000000	3.159247	3.521792	3.721063	0.252116	0.382431	0.489801	0.015873	0.063492	5.953153	0.795019
/home/lilith/work/codec-eval/codec-corpus/CID22/CID22-512/training/1687147.png	large	512	512	6200.436035	0.131089	0.041469	0.005754	0.009461	0.245605	0.002686	20.774738	0.413645	1.448852	1210.000000	0.036926	0.002530	0.002390	0.000000	0.051510	0.048620	8.000000	0.250940	4.345333	11.515625	2.838867	0.001953	0.000000	0.000000	0.000000	0.000000	0.000000	80.000000	80.000000	0.000000	0.000000	1.000000	0.000000	8.000000	0.000000	0.029072	3.544810	0.652182	0.126913	0.021988	1.000000	1.000000	0.230469	0.002937	21.441769	0.000000	0.068638	0.006386	0.000000	262144.000000	12.476649	512.000000	512.000000	786432.000000	1.000000	0.000000	0.000000	0.000000	3.000000	3.576599	3.954206	4.375236	4.607277	5.131281	0.238720	0.427223	0.655599	1.000000	0.031846	0.057306	0.134488	0.293900	9.000000	19.000000	39.000000	116.000000	255.000000	0.000000	0.015873	0.047619	0.095238	0.000000	0.000000	0.000000	0.000000	0.000000	0.000000	1.000000	2.332313	2.511549	2.622975	0.071183	0.102620	0.126913	0.000000	0.000000	21.027624	0.728443
/home/lilith/work/codec-eval/codec-corpus/CID22/CID22-512/training/144428.png	large	512	512	2363.166992	0.071005	0.253648	0.009496	0.010043	0.414551	0.041748	107.111717	0.115184	1.503282	4230.000000	0.129089	0.004630	0.003210	1.000000	0.035530	0.020630	10.000000	0.076404	4.128830	10.865234	10.548828	0.012695	0.000000	0.000000	0.000000	0.000000	0.000000	80.000000	80.000000	0.000000	0.000000	1.000000	0.000000	8.000000	0.000000	0.007111	3.075071	1.129243	0.030708	0.026614	1.000000	1.000000	0.535156	0.110138	15.806692	0.044922	0.050053	0.021174	0.000000	262144.000000	12.476649	512.000000	512.000000	786432.000000	1.000000	0.000000	0.000000	0.000000	3.000000	3.312439	3.947929	4.382485	4.665729	5.042693	0.097296	0.324983	0.722247	1.000000	0.052108	0.113191	0.276567	0.546026	2.000000	7.000000	19.000000	63.000000	255.000000	0.000000	0.000000	0.031746	0.079365	0.000000	0.000000	0.015873	0.031746	0.000000	0.000000	0.000000	0.586519	1.144180	1.391102	0.007020	0.021115	0.030708	0.000000	0.000000	34.223671	0.831450
/home/lilith/work/codec-eval/codec-corpus/CID22/CID22-512/training/1292115.png	large	512	512	7745.273926	0.032985	0.018750	0.002653	0.002851	0.583252	0.291016	8.549542	0.085271	1.585463	275.000000	0.008392	0.000540	0.000550	0.000000	0.003720	0.003860	0.000000	0.235959	4.066429	3.893555	0.279297	0.001953	0.000000	0.000000	0.000000	0.000000	0.000000	80.000000	80.000000	0.000000	0.000000	1.000000	0.000000	8.000000	0.000000	0.240597	2.586742	1.003582	0.022355	0.000000	1.000000	1.000000	0.157227	0.000908	7.248147	0.000000	0.028708	0.000248	0.000000	262144.000000	12.476649	512.000000	512.000000	786432.000000	1.000000	0.000000	0.000000	0.000000	3.000000	2.747218	3.503791	3.822674	3.958982	4.346837	0.039317	0.165045	0.387999	0.590938	0.008728	0.029688	0.057892	0.084588	2.000000	8.000000	20.000000	51.000000	155.000000	0.000000	0.000000	0.015873	0.047619	0.000000	0.000000	0.000000	0.000000	0.000000	0.000000	0.000000	1.030777	1.224014	1.327038	0.014277	0.018729	0.022355	0.000000	0.000000	12.514686	0.691054
/home/lilith/work/codec-eval/codec-corpus/CID22/CID22-512/training/3004909.png	large	512	512	2952.172852	0.146664	0.064327	0.007298	0.005111	0.465820	0.006836	32.079556	0.717550	1.300325	2218.000000	0.067688	0.005230	0.005350	1.000000	0.017340	0.016070	6.000000	0.162413	4.262300	19.627930	3.479492	0.003906	0.000000	0.000000	0.000000	0.000000	0.000000	80.000000	80.000000	0.000000	0.000000	1.000000	0.000000	8.000000	0.000000	0.017124	3.311459	1.081407	0.067670	0.019938	1.000000	1.000000	0.264648	0.562862	35.653000	0.000000	0.074761	0.006557	0.000000	262144.000000	12.476649	512.000000	512.000000	786432.000000	1.000000	0.000000	0.000000	0.000000	3.000000	3.040601	4.267289	4.983837	5.174320	5.516513	0.118807	0.244364	1.000000	1.000000	0.028351	0.045429	0.114760	0.257793	4.000000	13.000000	46.000000	171.000000	255.000000	0.000000	0.000000	0.031746	0.111111	0.000000	0.000000	0.000000	0.000000	0.000000	0.000000	0.000000	1.549462	1.815827	2.043301	0.033545	0.047422	0.067670	0.000000	0.000000	16.361382	0.793962
/home/lilith/work/codec-eval/codec-corpus/CID22/CID22-512/training/160577.png	large	512	512	5155.160645	0.062573	0.089552	0.005695	0.004900	0.517090	0.028809	30.614674	0.261637	1.474459	2420.000000	0.073853	0.001700	0.001720	1.000000	0.012850	0.009100	12.000000	0.069942	4.654577	17.215820	4.509766	0.013672	0.000000	0.000000	0.000000	0.000000	0.000000	80.000000	80.000000	0.000000	0.000000	1.000000	0.000000	8.000000	0.000000	0.128376	3.172533	1.138142	0.042852	0.027351	1.000000	1.000000	0.593750	0.126976	36.426926	0.036133	0.053432	0.007968	0.000000	262144.000000	12.476649	512.000000	512.000000	786432.000000	1.000000	0.000000	0.000000	0.000000	3.000000	3.110837	3.974558	4.835348	5.142304	5.434328	0.105300	0.276970	0.752326	1.000000	0.037650	0.054280	0.108568	0.246525	2.000000	5.000000	13.000000	113.000000	255.000000	0.000000	0.000000	0.015873	0.063492	0.000000	0.000000	0.000000	0.015873	0.000000	0.000000	0.000000	0.000000	1.601892	1.759195	0.000000	0.032999	0.042852	0.000000	0.000000	50.796276	0.841878
/home/lilith/work/codec-eval/codec-corpus/CID22/CID22-512/training/1796698.png	large	512	512	5860.143555	0.121089	0.143309	0.009752	0.009615	0.362305	0.078857	60.099026	0.408098	1.173335	3592.000000	0.109619	0.008510	0.010950	3.000000	0.057380	0.068570	23.000000	0.089240	4.552983	22.750000	11.950195	0.005859	0.000000	0.000000	0.000000	0.000000	0.000000	80.000000	80.000000	0.000000	0.000000	1.000000	0.000000	8.000000	0.000000	0.177700	3.446585	1.150645	0.061096	0.021964	1.000000	1.000000	0.729492	0.404190	29.447924	0.130859	0.073459	0.020058	0.000000	262144.000000	12.476649	512.000000	512.000000	786432.000000	1.000000	0.000000	0.000000	0.000000	3.000000	3.511313	4.330903	4.986697	5.194717	5.437901	0.161325	0.440249	1.000000	1.000000	0.044451	0.135015	0.323308	0.669663	1.000000	6.000000	25.000000	138.000000	255.000000	0.000000	0.015873	0.031746	0.111111	0.000000	0.000000	0.015873	0.031746	0.000000	0.000000	0.000000	1.050545	1.393574	1.818617	0.020260	0.033842	0.061096	0.000000	0.000000	29.443520	0.904454
/home/lilith/work/codec-eval/codec-corpus/CID22/CID22-512/training/1028637.png	large	512	512	3413.672852	0.139422	0.193570	0.007592	0.006218	0.595703	0.470215	69.467133	0.736419	1.247442	6099.000000	0.186127	0.012820	0.011150	4.000000	0.055550	0.039830	13.000000	0.269942	2.304875	17.040039	5.860352	0.412109	0.000000	0.000000	0.000000	0.000000	0.000000	80.000000	80.000000	0.000000	0.000000	1.000000	0.000000	8.000000	0.000000	0.739983	2.181317	2.023415	0.000000	0.000000	1.000000	1.000000	0.103516	0.023479	30.219700	0.439453	0.080280	0.009812	0.000000	262144.000000	12.476649	512.000000	512.000000	786432.000000	1.000000	0.000000	0.000000	0.000000	3.000000	2.144526	4.147819	4.906719	5.094879	5.275242	0.000000	0.077510	0.815844	1.000000	0.000000	0.000000	0.092493	0.297826	0.000000	7.000000	46.000000	176.000000	255.000000	0.000000	0.000000	0.000000	0.158730	0.000000	0.000000	0.000000	0.000000	0.000000	0.000000	0.000000	0.000000	0.000000	0.000000	0.000000	0.000000	0.000000	0.000000	0.000000	15.754541	0.424109
/home/lilith/work/codec-eval/codec-corpus/CID22/CID22-512/training/2387532-srgb.png	large	512	512	977.049988	0.158731	0.000000	0.000000	0.000000	0.475586	0.286377	0.000000	0.643340	0.891420	26.000000	0.000793	0.000000	0.000000	0.000000	0.000000	0.000000	0.000000	0.135897	2.637923	21.002930	0.000000	0.441406	0.000000	0.000000	0.000000	8.000000	1.000000	80.000000	80.000000	0.000000	0.000000	1.000000	0.000000	8.000000	0.000000	1.000000	2.996068	1.808451	0.000000	0.000000	1.000000	1.000000	0.346680	0.000000	23.978256	0.247070	0.089828	0.000000	1.000000	262144.000000	12.476649	512.000000	512.000000	786432.000000	1.000000	0.000000	0.000000	0.000000	3.000000	3.240514	4.721570	5.042914	5.110062	5.204935	0.025007	0.297696	1.000000	1.000000	0.000000	0.000000	0.000000	0.000000	1.000000	7.000000	56.000000	158.000000	255.000000	0.000000	0.000000	0.031746	0.190476	0.000000	0.000000	0.000000	0.000000	0.000000	0.000000	0.000000	0.000000	0.000000	0.000000	0.000000	0.000000	0.000000	0.000000	0.000000	10.649012	0.660909
/home/lilith/work/codec-eval/codec-corpus/CID22/CID22-512/training/1130683.png	large	512	512	4478.616699	0.343986	0.165034	0.024959	0.011939	0.266113	0.014893	61.570759	1.375979	0.816095	5739.000000	0.175140	0.045710	0.036540	5.000000	0.057100	0.043890	18.000000	0.172606	4.607422	37.515625	17.535156	0.000000	0.000000	0.000000	0.000000	0.000000	0.000000	80.000000	80.000000	0.000000	0.000000	1.000000	0.000000	8.000000	0.000000	0.040409	3.977785	1.135152	0.096155	0.028099	1.000000	1.000000	0.483398	0.465015	25.982096	0.008789	0.151662	0.033994	0.000000	262144.000000	12.476649	512.000000	512.000000	786432.000000	1.000000	0.000000	0.000000	0.000000	3.000000	4.428730	4.941566	5.125957	5.206946	5.294840	0.236493	1.000000	1.000000	1.000000	0.085482	0.285601	0.546874	0.780842	10.000000	40.000000	86.000000	190.000000	255.000000	0.000000	0.015873	0.142857	0.253968	0.000000	0.000000	0.031746	0.063492	0.000000	0.000000	0.000000	1.519950	1.908151	2.191687	0.039309	0.066126	0.096155	0.000000	0.000000	5.522020	0.850733
/home/lilith/work/codec-eval/codec-corpus/CID22/CID22-512/training/1080721.png	large	512	512	3175.124268	0.119178	0.043997	0.005924	0.005795	0.435303	0.101318	15.466128	0.268210	1.193064	2384.000000	0.072754	0.003060	0.003330	3.000000	0.018250	0.015580	4.000000	0.098219	4.290021	16.112305	2.357422	0.003906	0.000000	0.000000	0.000000	0.000000	0.000000	80.000000	80.000000	0.000000	0.000000	1.000000	0.000000	8.000000	0.000000	0.275993	3.263298	1.145049	0.048037	0.014549	1.000000	1.000000	0.545898	0.062607	20.531561	0.050781	0.064732	0.003922	0.000000	262144.000000	12.476649	512.000000	512.000000	786432.000000	1.000000	0.000000	0.000000	0.000000	3.000000	3.371688	4.263878	4.718167	4.943223	5.128994	0.109360	0.370090	1.000000	1.000000	0.021343	0.044457	0.087343	0.151640	2.000000	9.000000	30.000000	96.000000	255.000000	0.000000	0.000000	0.031746	0.111111	0.000000	0.000000	0.000000	0.000000	0.000000	0.000000	0.000000	1.113943	1.405474	1.669782	0.019886	0.031854	0.048037	0.000000	0.000000	25.273689	0.859284
/home/lilith/work/codec-eval/codec-corpus/CID22/CID22-512/training/1147124.png	large	512	512	1038.687378	0.221736	0.074656	0.013770	0.013235	0.246094	0.003906	71.565567	0.542754	0.903460	2216.000000	0.067627	0.012170	0.033600	2.000000	0.060220	0.137050	12.000000	0.172804	3.346702	21.253906	12.467773	0.003906	0.000000	0.000000	0.000000	0.000000	0.000000	80.000000	80.000000	0.000000	0.000000	1.000000	0.000000	8.000000	0.000000	0.000000	3.777243	0.970814	0.092477	0.065040	1.000000	1.000000	0.448242	0.000000	18.490412	0.000000	0.112909	0.030382	0.000000	262144.000000	12.476649	512.000000	512.000000	786432.000000	1.000000	0.000000	0.000000	0.000000	3.000000	4.121601	4.570286	4.775691	4.865590	5.026201	0.256549	0.857351	1.000000	1.000000	0.142775	0.269373	0.406047	0.539055	4.000000	22.000000	54.000000	124.000000	255.000000	0.000000	0.031746	0.111111	0.174603	0.000000	0.015873	0.031746	0.047619	0.000000	0.000000	0.000000	1.531279	1.892007	2.167640	0.036970	0.064644	0.092477	0.000000	0.000000	6.873044	0.855969
/home/lilith/work/codec-eval/codec-corpus/CID22/CID22-512/training/1001682.png	large	512	512	4520.874023	0.278652	0.096596	0.006159	0.009452	0.342285	0.194092	44.952126	0.639174	1.265251	721.000000	0.022003	0.002220	0.007690	0.000000	0.035340	0.121480	7.000000	0.273102	4.333448	17.335938	6.864258	0.003906	0.000000	0.000000	0.000000	0.000000	0.000000	80.000000	80.000000	0.000000	0.000000	1.000000	0.000000	8.000000	0.000000	0.047863	3.343261	1.363329	0.024213	0.011943	1.000000	1.000000	0.178711	0.062702	16.129734	0.004883	0.099082	0.013982	0.000000	262144.000000	12.476649	512.000000	512.000000	786432.000000	1.000000	0.000000	0.000000	0.000000	3.000000	3.969043	4.416698	4.691258	4.815399	5.056119	0.077957	0.635356	1.000000	1.000000	0.028231	0.178567	0.290695	0.401261	9.000000	32.000000	59.000000	123.000000	255.000000	0.000000	0.000000	0.095238	0.174603	0.000000	0.000000	0.000000	0.015873	0.000000	0.000000	0.000000	0.467978	1.055355	1.196849	0.005221	0.019187	0.024213	0.000000	0.000000	5.701195	0.721735
/home/lilith/work/codec-eval/codec-corpus/CID22/CID22-512/training/pexels-photo-1544724.png	large	512	512	2292.457275	0.192623	0.253060	0.020945	0.019265	0.243164	0.014160	105.573860	0.583032	1.002672	8376.000000	0.255615	0.023910	0.007540	3.000000	0.091450	0.028990	17.000000	0.118070	4.253621	22.588867	30.176758	0.001953	0.000000	0.000000	0.000000	0.000000	0.000000	80.000000	80.000000	0.000000	0.000000	1.000000	0.000000	8.000000	0.000000	0.028214	3.724026	0.989335	0.102894	0.041239	1.000000	1.000000	0.568359	0.172791	25.681112	0.010742	0.093037	0.038411	0.000000	262144.000000	12.476649	512.000000	512.000000	786432.000000	1.000000	0.000000	0.000000	0.000000	3.000000	3.829150	4.489677	5.023604	5.147110	5.267344	0.252695	0.578444	1.000000	1.000000	0.088242	0.242844	0.665945	1.000000	5.000000	20.000000	51.000000	140.000000	255.000000	0.000000	0.015873	0.079365	0.142857	0.000000	0.000000	0.031746	0.063492	0.000000	0.000000	0.000000	1.498096	1.928696	2.256741	0.040854	0.068685	0.102894	0.000000	0.000000	10.359217	0.869801
/home/lilith/work/codec-eval/codec-corpus/CID22/CID22-512/training/1454613116.png	large	512	512	4509.090332	0.092145	0.000000	0.000000	0.000000	0.748291	0.739502	0.000000	2.096340	0.994691	32.000000	0.000977	0.000000	0.000000	0.000000	0.000000	0.000000	0.000000	0.187111	1.032482	32.966797	0.000000	0.851562	0.000000	0.000000	0.000000	8.000000	1.000000	80.000000	80.000000	0.000000	0.000000	1.000000	0.000000	8.000000	0.000000	1.000000	1.445556	2.366732	0.000000	0.000000	1.000000	1.000000	0.101562	0.000000	60.903687	0.862305	0.057478	0.000000	1.000000	262144.000000	12.476649	512.000000	512.000000	786432.000000	1.000000	0.000000	0.000000	0.000000	3.000000	0.000000	4.516336	5.536262	5.696963	5.821951	0.000000	0.000000	1.000000	1.000000	0.000000	0.000000	0.000000	0.000000	0.000000	0.000000	47.000000	255.000000	255.000000	0.000000	0.000000	0.000000	0.095238	0.000000	0.000000	0.000000	0.000000	0.000000	0.000000	0.000000	0.000000	0.000000	0.000000	0.000000	0.000000	0.000000	0.000000	0.000000	9.855381	0.223611
/home/lilith/work/codec-eval/codec-corpus/CID22/CID22-512/training/2263510.png	large	512	512	6757.811523	0.126214	0.083669	0.005932	0.005183	0.447021	0.056641	32.100197	0.593042	1.218635	3031.000000	0.092499	0.003270	0.002760	2.000000	0.016970	0.012620	6.000000	0.096623	4.176880	21.171875	4.208008	0.041016	0.000000	0.000000	0.000000	0.000000	0.000000	80.000000	80.000000	0.000000	0.000000	1.000000	0.000000	8.000000	0.000000	0.210476	3.147812	1.329815	0.039641	0.013227	1.000000	1.000000	0.357422	0.223576	37.697075	0.042969	0.065383	0.007440	0.000000	262144.000000	12.476649	512.000000	512.000000	786432.000000	1.000000	0.000000	0.000000	0.000000	3.000000	3.102756	4.147009	5.082185	5.278028	5.580208	0.083730	0.255469	0.887327	1.000000	0.023241	0.047766	0.137540	0.280566	3.000000	10.000000	36.000000	162.000000	255.000000	0.000000	0.000000	0.031746	0.095238	0.000000	0.000000	0.000000	0.015873	0.000000	0.000000	0.000000	0.000000	1.410515	1.633468	0.000000	0.024924	0.039641	0.000000	0.000000	20.257635	0.764294
/home/lilith/work/codec-eval/codec-corpus/CID22/CID22-512/training/3315291.png	large	512	512	5152.062500	0.096388	0.049319	0.004789	0.003851	0.457520	0.077881	17.552338	0.426272	1.355860	1512.000000	0.046143	0.002590	0.002220	1.000000	0.010030	0.007500	3.000000	0.070987	4.436417	17.649414	1.870117	0.007812	0.000000	0.000000	0.000000	0.000000	0.000000	80.000000	80.000000	0.000000	0.000000	1.000000	0.000000	8.000000	0.000000	0.241882	3.174711	1.147627	0.046006	0.010801	1.000000	1.000000	0.378906	0.115353	37.010078	0.002930	0.052316	0.003534	0.000000	262144.000000	12.476649	512.000000	512.000000	786432.000000	1.000000	0.000000	0.000000	0.000000	3.000000	3.123995	3.927126	4.882644	5.192464	5.670245	0.106140	0.277086	0.684102	1.000000	0.018601	0.031501	0.065631	0.164237	4.000000	11.000000	29.000000	137.000000	255.000000	0.000000	0.000000	0.031746	0.079365	0.000000	0.000000	0.000000	0.000000	0.000000	0.000000	0.000000	1.055356	1.334643	1.643298	0.017414	0.029193	0.046006	0.000000	0.000000	22.482656	0.820763
/home/lilith/work/codec-eval/codec-corpus/CID22/CID22-512/training/3316926_opo25u.png	large	512	512	2735.690430	0.015368	0.112347	0.002893	0.003598	0.646484	0.025146	49.064857	0.025493	1.608321	1360.000000	0.041504	0.000300	0.000270	0.000000	0.002850	0.002210	1.000000	0.044737	4.376171	5.458984	3.380859	0.001953	0.000000	0.000000	0.000000	0.000000	0.000000	80.000000	80.000000	0.000000	0.000000	1.000000	0.000000	8.000000	0.000000	0.000599	2.798756	0.773356	0.055133	0.019012	1.000000	1.000000	0.588867	0.503254	9.093157	0.001953	0.025608	0.007161	0.000000	262144.000000	12.476649	512.000000	512.000000	786432.000000	1.000000	0.000000	0.000000	0.000000	3.000000	2.745258	3.350393	3.907542	4.158622	4.531997	0.093219	0.180163	0.371552	0.704176	0.036180	0.065680	0.137006	0.221304	2.000000	4.000000	8.000000	28.000000	156.000000	0.000000	0.000000	0.015873	0.031746	0.000000	0.000000	0.000000	0.015873	0.000000	0.000000	0.000000	1.342424	1.633468	1.818618	0.028817	0.045347	0.055133	0.000000	0.000000	51.367077	0.876768
/home/lilith/work/codec-eval/codec-corpus/CID22/CID22-512/training/5739122.png	large	512	512	4887.511230	0.213886	0.076892	0.006516	0.005677	0.290771	0.029053	26.373039	0.385406	1.098935	2529.000000	0.077179	0.002700	0.003750	1.000000	0.014470	0.021120	7.000000	0.058916	4.393619	30.711914	6.237305	0.014648	0.000000	0.000000	0.000000	0.000000	0.000000	80.000000	80.000000	0.000000	0.000000	1.000000	0.000000	8.000000	0.000000	0.191959	3.776952	1.197070	0.069607	0.008446	1.000000	1.000000	0.600586	0.226807	23.048010	0.010742	0.100183	0.013052	0.000000	262144.000000	12.476649	512.000000	512.000000	786432.000000	1.000000	0.000000	0.000000	0.000000	3.000000	4.153157	4.749910	5.091649	5.236015	5.477133	0.180775	0.922381	1.000000	1.000000	0.032200	0.103904	0.217627	0.377966	6.000000	17.000000	35.000000	117.000000	255.000000	0.000000	0.015873	0.095238	0.158730	0.000000	0.000000	0.000000	0.015873	0.000000	0.000000	0.000000	0.000000	1.662168	2.073202	0.000000	0.038666	0.069607	0.000000	0.000000	23.634789	0.845140
/home/lilith/work/codec-eval/codec-corpus/CID22/CID22-512/training/1963557.png	large	512	512	3683.009766	0.193317	0.246047	0.012740	0.015863	0.334717	0.149170	97.242088	0.715030	1.294358	3724.000000	0.113647	0.025270	0.014600	7.000000	0.223440	0.165270	37.000000	0.184865	4.557653	15.915039	15.606445	0.017578	0.000000	0.000000	0.000000	0.000000	0.000000	80.000000	80.000000	0.000000	0.000000	1.000000	0.000000	8.000000	0.000000	0.011013	3.381124	1.288258	0.022331	0.015732	1.000000	1.000000	0.369141	0.047676	22.985821	0.014648	0.085674	0.026615	0.000000	262144.000000	12.476649	512.000000	512.000000	786432.000000	1.000000	0.000000	0.000000	0.000000	3.000000	3.819462	4.368189	4.620199	4.880934	5.280057	0.151519	0.595432	1.000000	1.000000	0.059301	0.155574	0.430263	0.789472	3.000000	22.000000	62.000000	142.000000	255.000000	0.000000	0.015873	0.079365	0.126984	0.000000	0.000000	0.015873	0.031746	0.000000	0.000000	0.000000	0.297625	0.941230	1.193386	0.005365	0.014157	0.022331	0.000000	0.000000	7.892878	0.768786
/home/lilith/work/codec-eval/codec-corpus/CID22/CID22-512/training/271624.png	large	512	512	1935.749756	0.059582	0.078362	0.006084	0.003755	0.626221	0.125977	41.477409	0.149196	1.646789	1949.000000	0.059479	0.004650	0.002900	4.000000	0.009760	0.006670	5.000000	0.094967	4.081634	10.029297	3.591797	0.008789	0.000000	0.000000	0.000000	0.000000	0.000000	80.000000	80.000000	0.000000	0.000000	1.000000	0.000000	8.000000	0.000000	0.019966	2.706040	1.211807	0.027148	0.010204	1.000000	1.000000	0.438477	0.914040	23.217119	0.028320	0.038597	0.006092	0.000000	262144.000000	12.476649	512.000000	512.000000	786432.000000	1.000000	0.000000	0.000000	0.000000	3.000000	2.582916	3.692180	4.484506	4.794188	5.045100	0.043533	0.140964	0.538466	1.000000	0.018072	0.033133	0.093280	0.249330	1.000000	5.000000	15.000000	77.000000	255.000000	0.000000	0.000000	0.015873	0.047619	0.000000	0.000000	0.000000	0.000000	0.000000	0.000000	0.000000	0.777019	1.193386	1.314065	0.011261	0.021694	0.027148	0.000000	0.000000	53.638058	0.804715
/home/lilith/work/codec-eval/codec-corpus/CID22/CID22-512/training/169647.png	large	512	512	2698.063232	0.302737	0.128572	0.016889	0.012863	0.538574	0.353271	52.179024	1.583623	0.889077	9803.000000	0.299164	0.031490	0.060340	10.000000	0.148150	0.271010	38.000000	0.328530	3.674261	29.175781	16.689453	0.097656	0.000000	0.000000	0.000000	0.000000	0.000000	80.000000	80.000000	0.000000	0.000000	1.000000	0.000000	8.000000	0.000000	0.005943	2.849288	1.933193	0.005629	0.004475	1.000000	1.000000	0.151367	0.069649	28.740461	0.197266	0.129402	0.031312	0.000000	262144.000000	12.476649	512.000000	512.000000	786432.000000	1.000000	0.000000	0.000000	0.000000	3.000000	2.411513	4.856903	5.106994	5.198431	5.328321	0.025443	0.127446	1.000000	1.000000	0.022960	0.044673	0.498176	0.753154	1.000000	37.000000	93.000000	214.000000	255.000000	0.000000	0.000000	0.015873	0.269841	0.000000	0.000000	0.000000	0.063492	0.000000	0.000000	0.000000	0.000000	0.000000	0.297623	0.000000	0.000000	0.005629	0.000000	0.000000	5.284069	0.621569
/home/lilith/work/codec-eval/codec-corpus/CID22/CID22-512/training/4666751.png	large	512	512	4969.003906	0.098165	0.146415	0.007251	0.009795	0.588623	0.169678	71.568260	0.223936	1.360583	1444.000000	0.044067	0.004660	0.003740	0.000000	0.057890	0.046170	13.000000	0.148753	4.334536	8.747070	5.541016	0.005859	0.000000	0.000000	0.000000	0.000000	0.000000	80.000000	80.000000	0.000000	0.000000	1.000000	0.000000	8.000000	0.000000	0.036713	2.739259	1.198551	0.029528	0.014341	1.000000	1.000000	0.249023	0.005524	17.947659	0.006836	0.048208	0.013625	0.000000	262144.000000	12.476649	512.000000	512.000000	786432.000000	1.000000	0.000000	0.000000	0.000000	3.000000	2.499150	3.793564	4.426328	4.748011	5.084482	0.043291	0.127729	0.556411	1.000000	0.026898	0.057556	0.233393	0.429675	2.000000	7.000000	25.000000	95.000000	255.000000	0.000000	0.000000	0.000000	0.079365	0.000000	0.000000	0.000000	0.015873	0.000000	0.000000	0.000000	0.999320	1.213765	1.360547	0.015024	0.024719	0.029528	0.000000	0.000000	26.049093	0.731672
/home/lilith/work/codec-eval/codec-corpus/CID22/CID22-512/training/1089930.png	large	512	512	4093.968262	0.069772	0.178978	0.008241	0.005739	0.343018	0.048584	73.689178	0.125199	1.407181	3267.000000	0.099701	0.005360	0.005590	1.000000	0.014850	0.017810	5.000000	0.060223	4.580406	14.438477	7.898438	0.001953	0.000000	0.000000	0.000000	0.000000	0.000000	80.000000	80.000000	0.000000	0.000000	1.000000	0.000000	8.000000	0.000000	0.124268	3.349335	0.955247	0.063344	0.022826	1.000000	1.000000	0.602539	0.485668	18.140928	0.040039	0.051060	0.012168	0.000000	262144.000000	12.476649	512.000000	512.000000	786432.000000	1.000000	0.000000	0.000000	0.000000	3.000000	3.397307	4.011208	4.589690	4.864846	5.163580	0.184994	0.378171	0.785457	1.000000	0.035186	0.069819	0.162879	0.471064	3.000000	8.000000	20.000000	68.000000	246.000000	0.000000	0.015873	0.031746	0.063492	0.000000	0.000000	0.000000	0.015873	0.000000	0.000000	0.000000	1.058334	1.572399	1.910407	0.016538	0.037747	0.063344	0.000000	0.000000	29.242479	0.863299
/home/lilith/work/codec-eval/codec-corpus/CID22/CID22-512/validation/1544947.png	large	512	512	3772.461182	0.052075	0.028193	0.002421	0.002019	0.595703	0.122803	10.773094	0.173673	1.425472	387.000000	0.011810	0.000330	0.000450	0.000000	0.001690	0.001960	0.000000	0.062034	3.500252	11.790039	0.687500	0.005859	0.000000	0.000000	0.000000	0.000000	0.000000	80.000000	80.000000	0.000000	0.000000	1.000000	0.000000	8.000000	0.000000	0.265438	2.832260	1.135702	0.032882	0.009676	1.000000	1.000000	0.376953	0.000038	32.889515	0.008789	0.041961	0.001163	0.000000	262144.000000	12.476649	512.000000	512.000000	786432.000000	1.000000	0.000000	0.000000	0.000000	3.000000	2.755577	3.618774	4.212865	5.184418	5.458722	0.068819	0.168811	0.491425	0.980896	0.018267	0.026107	0.054949	0.092933	2.000000	6.000000	16.000000	91.000000	255.000000	0.000000	0.000000	0.015873	0.063492	0.000000	0.000000	0.000000	0.000000	0.000000	0.000000	0.000000	0.477127	1.113942	1.380209	0.006385	0.021466	0.032882	0.000000	0.000000	43.274605	0.772870
/home/lilith/work/codec-eval/codec-corpus/CID22/CID22-512/training/2504911.png	large	512	512	4742.272461	0.336897	0.086956	0.012387	0.010541	0.076904	0.022705	42.965191	0.932635	1.084812	2201.000000	0.067169	0.009300	0.007360	1.000000	0.044660	0.037480	7.000000	0.137130	4.647274	35.256836	8.545898	0.018555	0.000000	0.000000	0.000000	0.000000	0.000000	80.000000	80.000000	0.000000	0.000000	1.000000	0.000000	8.000000	0.000000	0.098743	4.211021	0.902518	0.344746	0.054208	1.000000	1.000000	0.413086	0.728546	23.903013	0.029297	0.144640	0.016974	0.000000	262144.000000	12.476649	512.000000	512.000000	786432.000000	1.000000	0.000000	0.000000	0.000000	3.000000	4.370217	4.751089	5.053415	5.193692	5.423124	0.671331	1.000000	1.000000	1.000000	0.097937	0.169303	0.299371	0.437674	14.000000	35.000000	65.000000	159.000000	255.000000	0.031746	0.079365	0.126984	0.190476	0.000000	0.000000	0.015873	0.031746	0.000000	0.000000	1.000000	0.000000	2.940889	3.375958	0.000000	0.208621	0.344746	0.000000	0.015873	9.743319	0.823232
/home/lilith/work/codec-eval/codec-corpus/CID22/CID22-512/training/2062426.png	large	512	512	2702.965088	0.173395	0.078476	0.008220	0.006203	0.315186	0.002197	30.385551	0.533261	1.187390	2719.000000	0.082977	0.006920	0.009530	2.000000	0.024780	0.032380	8.000000	0.136116	3.812578	19.716797	5.939453	0.000000	0.000000	0.000000	0.000000	0.000000	0.000000	80.000000	80.000000	0.000000	0.000000	1.000000	0.000000	8.000000	0.000000	0.269451	3.635171	0.930668	0.086038	0.024177	1.000000	1.000000	0.252930	0.364182	26.531549	0.000000	0.087736	0.011068	0.000000	262144.000000	12.476649	512.000000	512.000000	786432.000000	1.000000	0.000000	0.000000	0.000000	3.000000	3.711785	4.350924	4.831428	5.128044	5.391565	0.199525	0.517947	1.000000	1.000000	0.049909	0.113618	0.225902	0.340454	6.000000	18.000000	44.000000	137.000000	255.000000	0.000000	0.015873	0.063492	0.126984	0.000000	0.000000	0.000000	0.015873	0.000000	0.000000	1.000000	1.778152	1.994537	2.276139	0.042265	0.058004	0.086038	0.000000	0.000000	18.504625	0.781096
/home/lilith/work/codec-eval/codec-corpus/CID22/CID22-512/training/2387876.png	large	512	512	4044.085449	0.417194	0.099326	0.015168	0.009819	0.175537	0.064209	35.289883	1.446215	1.001566	2493.000000	0.076080	0.011450	0.021830	2.000000	0.034990	0.056190	4.000000	0.339652	4.447178	26.845703	8.866211	0.002930	0.000000	0.000000	0.000000	0.000000	0.000000	80.000000	80.000000	0.000000	0.000000	1.000000	0.000000	8.000000	0.000000	0.036488	3.958704	1.035851	0.074911	0.025321	1.000000	1.000000	0.082031	0.088001	20.766327	0.002930	0.162419	0.019020	0.000000	262144.000000	12.476649	512.000000	512.000000	786432.000000	1.000000	0.000000	0.000000	0.000000	3.000000	4.314140	4.650309	4.878664	4.997276	5.275267	0.429169	0.951392	1.000000	1.000000	0.079545	0.178766	0.332387	0.498754	20.000000	48.000000	87.000000	183.000000	255.000000	0.000000	0.063492	0.174603	0.253968	0.000000	0.000000	0.015873	0.031746	0.000000	0.000000	1.000000	1.031407	1.560617	2.093203	0.014987	0.033928	0.074911	0.000000	0.000000	4.787110	0.686887
/home/lilith/work/codec-eval/codec-corpus/CID22/CID22-512/training/1618269.png	large	512	512	4686.405762	0.131204	0.142258	0.011079	0.012707	0.317383	0.002197	52.001270	0.418922	1.217903	6852.000000	0.209106	0.007900	0.008100	2.000000	0.090710	0.091570	42.000000	0.079329	4.607206	24.309570	14.602539	0.001953	0.000000	0.000000	0.000000	0.000000	0.000000	80.000000	80.000000	0.000000	0.000000	1.000000	0.000000	8.000000	0.000000	0.077274	3.657815	0.990077	0.107714	0.042350	1.000000	1.000000	0.655273	0.140308	31.349192	0.016602	0.086976	0.022817	0.000000	262144.000000	12.476649	512.000000	512.000000	786432.000000	1.000000	0.000000	0.000000	0.000000	3.000000	3.588937	4.437897	5.057811	5.287499	5.460070	0.222079	0.477265	1.000000	1.000000	0.067645	0.120307	0.291846	0.650833	3.000000	10.000000	31.000000	132.000000	255.000000	0.000000	0.015873	0.047619	0.126984	0.000000	0.000000	0.000000	0.031746	0.000000	0.000000	0.000000	1.713778	2.079577	2.307729	0.047350	0.080913	0.107714	0.000000	0.000000	23.721361	0.902443
/home/lilith/work/codec-eval/codec-corpus/CID22/CID22-512/training/2600340.png	large	512	512	2337.234863	0.146361	0.087463	0.009206	0.010328	0.396729	0.042969	33.193882	0.495073	1.470837	3243.000000	0.098969	0.007010	0.005600	1.000000	0.110860	0.076740	33.000000	0.198323	3.756997	14.450195	7.001953	0.000000	0.000000	0.000000	0.000000	0.000000	0.000000	80.000000	80.000000	0.000000	0.000000	1.000000	0.000000	8.000000	0.000000	0.049881	3.196254	1.104116	0.045762	0.017597	1.000000	1.000000	0.231445	0.158188	23.808449	0.000000	0.077582	0.012323	0.000000	262144.000000	12.476649	512.000000	512.000000	786432.000000	1.000000	0.000000	0.000000	0.000000	3.000000	3.348840	3.922281	4.752862	4.946737	5.311594	0.090617	0.322752	0.664864	1.000000	0.042251	0.076941	0.129762	0.377059	4.000000	17.000000	39.000000	136.000000	255.000000	0.000000	0.000000	0.031746	0.111111	0.000000	0.000000	0.000000	0.000000	0.000000	0.000000	0.000000	1.324476	1.516658	1.668474	0.022461	0.033084	0.045762	0.000000	0.000000	20.040445	0.766792
/home/lilith/work/codec-eval/codec-corpus/CID22/CID22-512/training/2738653.png	large	512	512	2657.521240	0.262074	0.128247	0.021180	0.009579	0.088623	0.000244	47.856750	0.728616	1.230475	2150.000000	0.065613	0.021120	0.042400	3.000000	0.032390	0.078010	13.000000	0.223461	4.242277	19.806641	11.302734	0.000000	0.000000	0.000000	0.000000	0.000000	0.000000	80.000000	80.000000	0.000000	0.000000	1.000000	0.000000	8.000000	0.000000	0.047977	3.914601	0.624425	0.246184	0.055350	1.000000	1.000000	0.159180	0.237164	20.457266	0.001953	0.117761	0.024368	0.000000	262144.000000	12.476649	512.000000	512.000000	786432.000000	1.000000	0.000000	0.000000	0.000000	3.000000	3.906482	4.295479	4.761430	5.010768	5.321716	0.392739	0.603551	0.987977	1.000000	0.138313	0.243803	0.359915	0.525061	15.000000	32.000000	56.000000	141.000000	255.000000	0.015873	0.047619	0.095238	0.158730	0.000000	0.000000	0.015873	0.031746	0.000000	0.000000	1.000000	2.316887	2.782070	3.143517	0.112980	0.184328	0.246184	0.000000	0.015873	10.440722	0.745682
/home/lilith/work/codec-eval/codec-corpus/CID22/CID22-512/training/3330118.png	large	512	512	244.742111	0.045010	0.145898	0.008870	0.004803	0.779053	0.303955	50.659100	0.113958	1.888657	1010.000000	0.030823	0.016750	0.009920	4.000000	0.020390	0.015130	3.000000	0.319034	2.637750	2.833984	3.977539	0.000000	0.000000	0.000000	0.000000	0.000000	0.000000	80.000000	80.000000	0.000000	0.000000	1.000000	0.000000	8.000000	0.000000	0.015312	2.267649	0.924623	0.023707	0.000000	1.000000	1.000000	0.147461	0.161873	15.478224	0.000000	0.024321	0.008588	0.000000	262144.000000	12.476649	512.000000	512.000000	786432.000000	1.000000	0.000000	0.000000	0.000000	3.000000	1.792282	2.877147	3.843902	4.102689	4.552813	0.028895	0.045515	0.210834	0.544630	0.009751	0.024294	0.093908	0.401265	2.000000	5.000000	15.000000	66.000000	255.000000	0.000000	0.000000	0.000000	0.015873	0.000000	0.000000	0.000000	0.000000	0.000000	0.000000	0.000000	1.308765	1.401991	1.462163	0.017552	0.021603	0.023707	0.000000	0.000000	47.659252	0.566557
/home/lilith/work/codec-eval/codec-corpus/CID22/CID22-512/training/4843579.png	large	512	512	5446.783203	0.284205	0.095056	0.009040	0.007209	0.162598	0.000000	41.366890	0.957081	0.994781	2669.000000	0.081451	0.005940	0.008940	2.000000	0.025900	0.031780	14.000000	0.173528	4.462520	29.847656	7.724609	0.009766	0.000000	0.000000	0.000000	0.000000	0.000000	80.000000	80.000000	0.000000	0.000000	1.000000	0.000000	8.000000	0.000000	0.050022	4.049706	0.855388	0.150953	0.036360	1.000000	1.000000	0.273438	0.561275	27.207184	0.000000	0.127852	0.015796	0.000000	262144.000000	12.476649	512.000000	512.000000	786432.000000	1.000000	0.000000	0.000000	0.000000	3.000000	4.226568	4.661901	5.105299	5.256830	5.412871	0.397511	0.898733	1.000000	1.000000	0.066943	0.131178	0.238958	0.340753	11.000000	33.000000	68.000000	153.000000	255.000000	0.015873	0.047619	0.126984	0.206349	0.000000	0.000000	0.015873	0.031746	0.000000	0.000000	1.000000	2.122165	2.350218	2.675420	0.058163	0.088554	0.150953	0.000000	0.000000	8.906264	0.780781
/home/lilith/work/codec-eval/codec-corpus/CID22/CID22-512/training/207691.png	large	512	512	4516.314941	0.224283	0.153838	0.012590	0.011102	0.320312	0.001709	62.555653	1.018908	1.096234	2606.000000	0.079529	0.011230	0.022040	2.000000	0.057310	0.070580	9.000000	0.124290	4.427783	30.081055	14.126953	0.000000	0.000000	0.000000	0.000000	0.000000	0.000000	80.000000	80.000000	0.000000	0.000000	1.000000	0.000000	8.000000	0.000000	0.054161	3.760657	1.158135	0.061319	0.032633	1.000000	1.000000	0.316406	0.377747	34.505600	0.000000	0.095114	0.023158	0.000000	262144.000000	12.476649	512.000000	512.000000	786432.000000	1.000000	0.000000	0.000000	0.000000	3.000000	4.007833	4.761497	5.182724	5.337562	5.530836	0.156370	0.738548	1.000000	1.000000	0.057257	0.149237	0.515973	0.729934	8.000000	27.000000	71.000000	172.000000	255.000000	0.000000	0.015873	0.079365	0.142857	0.000000	0.000000	0.015873	0.047619	0.000000	0.000000	1.000000	1.617884	1.822414	2.006399	0.033588	0.045186	0.061319	0.000000	0.000000	7.414672	0.780323
/home/lilith/work/codec-eval/codec-corpus/CID22/CID22-512/training/1722183.png	large	512	512	4420.412598	0.234627	0.057712	0.010088	0.008483	0.372559	0.083496	20.121393	0.879627	1.243344	1006.000000	0.030701	0.013500	0.005860	1.000000	0.058180	0.021340	5.000000	0.195655	4.333613	19.064453	3.452148	0.009766	0.000000	0.000000	0.000000	0.000000	0.000000	80.000000	80.000000	0.000000	0.000000	1.000000	0.000000	8.000000	0.000000	0.351528	3.455018	1.135974	0.058907	0.003600	1.000000	1.000000	0.244141	0.124542	25.830107	0.001953	0.090169	0.005906	0.000000	262144.000000	12.476649	512.000000	512.000000	786432.000000	1.000000	0.000000	0.000000	0.000000	3.000000	3.594993	4.438122	4.901584	5.091516	5.344134	0.124139	0.422643	1.000000	1.000000	0.017069	0.034635	0.133001	0.342178	5.000000	27.000000	68.000000	161.000000	255.000000	0.000000	0.000000	0.063492	0.142857	0.000000	0.000000	0.000000	0.000000	0.000000	0.000000	0.000000	1.303399	1.627751	1.811240	0.022611	0.045021	0.058907	0.000000	0.000000	7.669909	0.783487
/home/lilith/work/codec-eval/codec-corpus/CID22/CID22-512/training/1370704.png	large	512	512	4707.297852	0.230881	0.104005	0.010009	0.005388	0.514404	0.248047	33.953831	1.155623	1.101756	3248.000000	0.099121	0.009900	0.009780	2.000000	0.014730	0.014650	5.000000	0.251653	3.921781	21.500000	5.947266	0.003906	0.000000	0.000000	0.000000	0.000000	0.000000	80.000000	80.000000	0.000000	0.000000	1.000000	0.000000	8.000000	0.000000	0.049011	2.968402	1.576729	0.024052	0.016686	1.000000	1.000000	0.138672	0.096344	29.608507	0.003906	0.096370	0.012060	0.000000	262144.000000	12.476649	512.000000	512.000000	786432.000000	1.000000	0.000000	0.000000	0.000000	3.000000	2.696138	4.660398	4.984684	5.154077	5.334080	0.034987	0.142172	1.000000	1.000000	0.025382	0.046845	0.201365	0.394611	2.000000	25.000000	74.000000	192.000000	255.000000	0.000000	0.000000	0.000000	0.190476	0.000000	0.000000	0.000000	0.015873	0.000000	0.000000	0.000000	0.841200	1.096367	1.228851	0.013870	0.020193	0.024052	0.000000	0.000000	8.371333	0.704199
/home/lilith/work/codec-eval/codec-corpus/CID22/CID22-512/training/5146462.png	large	512	512	2115.271484	0.188503	0.140269	0.015964	0.011845	0.435791	0.006836	52.403519	0.504084	1.255952	1980.000000	0.060425	0.021380	0.014600	2.000000	0.071500	0.047220	9.000000	0.143604	4.170648	17.391602	10.688477	0.000000	0.000000	0.000000	0.000000	0.000000	0.000000	80.000000	80.000000	0.000000	0.000000	1.000000	0.000000	8.000000	0.000000	0.015808	3.406626	1.067023	0.074068	0.021627	1.000000	1.000000	0.497070	0.417091	21.638744	0.000000	0.081690	0.022042	0.000000	262144.000000	12.476649	512.000000	512.000000	786432.000000	1.000000	0.000000	0.000000	0.000000	3.000000	3.461414	4.373165	4.779798	4.934059	5.175623	0.124246	0.396595	1.000000	1.000000	0.033732	0.091048	0.436751	0.636234	3.000000	18.000000	47.000000	125.000000	255.000000	0.000000	0.015873	0.031746	0.142857	0.000000	0.000000	0.000000	0.047619	0.000000	0.000000	0.000000	1.529678	1.843447	2.013824	0.036069	0.060047	0.074068	0.000000	0.000000	15.283052	0.860706
/home/lilith/work/codec-eval/codec-corpus/CID22/CID22-512/training/2127969.png	large	512	512	3223.586426	0.289410	0.097803	0.013972	0.018624	0.210693	0.001221	48.775188	1.096665	1.291808	1659.000000	0.050629	0.011030	0.014750	1.000000	0.138730	0.191130	25.000000	0.477877	4.023847	16.636719	9.145508	0.000000	0.000000	0.000000	0.000000	0.000000	0.000000	80.000000	80.000000	0.000000	0.000000	1.000000	0.000000	8.000000	0.000000	0.023479	3.734824	0.848673	0.118607	0.047703	1.000000	1.000000	0.061523	0.000008	22.375124	0.000000	0.118505	0.020120	0.000000	262144.000000	12.476649	512.000000	512.000000	786432.000000	1.000000	0.000000	0.000000	0.000000	3.000000	3.858799	4.309795	4.724939	4.932234	5.209514	0.258704	0.500721	0.912655	1.000000	0.096417	0.166540	0.330274	0.522236	15.000000	37.000000	70.000000	176.000000	255.000000	0.000000	0.031746	0.095238	0.190476	0.000000	0.000000	0.015873	0.031746	0.000000	0.000000	1.000000	1.396853	1.957851	2.483208	0.031252	0.063308	0.118607	0.000000	0.000000	8.767417	0.614776
/home/lilith/work/codec-eval/codec-corpus/CID22/CID22-512/training/21169144185_3f7977cb5a_o.png	large	512	512	3320.630127	0.160646	0.316758	0.018654	0.014935	0.530762	0.062988	116.339874	1.114592	1.174023	9183.000000	0.280243	0.053200	0.057340	11.000000	0.231470	0.252190	53.000000	0.212004	4.341135	24.255859	38.177734	0.001953	0.000000	0.000000	0.000000	0.000000	0.000000	80.000000	80.000000	0.000000	0.000000	1.000000	0.000000	8.000000	0.000000	0.023022	3.204142	1.391119	0.042703	0.022242	1.000000	1.000000	0.445312	0.083191	37.750668	0.027344	0.097517	0.040132	0.000000	262144.000000	12.476649	512.000000	512.000000	786432.000000	1.000000	0.000000	0.000000	0.000000	3.000000	3.023639	4.589128	5.095841	5.237410	5.396289	0.071157	0.235114	1.000000	1.000000	0.034486	0.072855	0.586093	1.000000	1.000000	9.000000	60.000000	218.000000	255.000000	0.000000	0.000000	0.015873	0.174603	0.000000	0.000000	0.000000	0.079365	0.000000	0.000000	0.000000	1.144184	1.379078	1.560617	0.020915	0.032619	0.042703	0.000000	0.000000	12.823728	0.845949
/home/lilith/work/codec-eval/codec-corpus/CID22/CID22-512/training/3779187.png	large	512	512	4786.391602	0.515516	0.086657	0.020261	0.016498	0.028564	0.006348	34.133423	2.191385	0.809716	4655.000000	0.142059	0.028940	0.021910	3.000000	0.126440	0.097580	20.000000	0.172260	4.694094	49.303711	13.418945	0.000000	0.000000	0.000000	0.000000	0.000000	0.000000	80.000000	80.000000	0.000000	0.000000	1.000000	0.000000	8.000000	0.000000	0.222332	4.458145	0.775391	0.366615	0.047122	1.000000	1.000000	0.292969	0.333710	29.415445	0.000000	0.197467	0.028258	0.000000	262144.000000	12.476649	512.000000	512.000000	786432.000000	1.000000	0.000000	0.000000	0.000000	3.000000	4.655549	5.089096	5.235314	5.297511	5.400818	0.600599	1.000000	1.000000	1.000000	0.076562	0.240204	0.476878	0.623153	30.000000	67.000000	111.000000	202.000000	255.000000	0.047619	0.095238	0.190476	0.301587	0.000000	0.000000	0.015873	0.047619	0.000000	1.000000	3.000000	1.568018	3.158193	3.560293	0.042736	0.227796	0.366615	0.000000	0.031746	2.485482	0.777007
/home/lilith/work/codec-eval/codec-corpus/CID22/CID22-512/training/3794859.png	large	512	512	1488.980713	0.196740	0.051731	0.007973	0.006053	0.274170	0.012939	28.696802	0.666505	1.308121	1289.000000	0.039337	0.006160	0.003790	3.000000	0.021910	0.017180	5.000000	0.262549	3.851497	14.053711	3.433594	0.000000	0.000000	0.000000	0.000000	0.000000	0.000000	80.000000	80.000000	0.000000	0.000000	1.000000	0.000000	8.000000	0.000000	0.000313	3.409469	1.061403	0.037159	0.028556	1.000000	1.000000	0.121094	0.983006	22.129068	0.000000	0.083287	0.006386	0.000000	262144.000000	12.476649	512.000000	512.000000	786432.000000	1.000000	0.000000	0.000000	0.000000	3.000000	3.727672	4.162766	4.634537	4.759449	5.087458	0.153159	0.483302	0.857954	1.000000	0.045501	0.083823	0.139122	0.214945	8.000000	25.000000	52.000000	141.000000	255.000000	0.000000	0.000000	0.063492	0.126984	0.000000	0.000000	0.000000	0.015873	0.000000	0.000000	0.000000	1.444971	1.569484	1.628229	0.025464	0.032085	0.037159	0.000000	0.000000	14.342414	0.702445
/home/lilith/work/codec-eval/codec-corpus/CID22/CID22-512/training/208560.png	large	512	512	3752.696777	0.348930	0.186139	0.020853	0.020336	0.093750	0.014648	80.778145	1.233139	1.199827	4811.000000	0.146820	0.024370	0.019630	2.000000	0.165500	0.133010	21.000000	0.228663	4.469098	23.142578	14.904297	0.006836	0.000000	0.000000	0.000000	0.000000	0.000000	80.000000	80.000000	0.000000	0.000000	1.000000	0.000000	8.000000	0.000000	0.021935	3.933736	0.860224	0.204508	0.064145	1.000000	1.000000	0.148438	0.046017	24.092224	0.005859	0.117110	0.026584	0.000000	262144.000000	12.476649	512.000000	512.000000	786432.000000	1.000000	0.000000	0.000000	0.000000	3.000000	3.975176	4.409586	4.927383	5.118814	5.457483	0.361813	0.604533	1.000000	1.000000	0.118920	0.216887	0.403650	0.721644	21.000000	45.000000	78.000000	167.000000	255.000000	0.015873	0.047619	0.095238	0.174603	0.000000	0.000000	0.015873	0.047619	0.000000	0.000000	1.000000	1.004724	2.095552	3.151518	0.016729	0.078877	0.204508	0.000000	0.000000	6.388604	0.644198
/home/lilith/work/codec-eval/codec-corpus/CID22/CID22-512/training/3396657.png	large	512	512	4826.024414	0.213866	0.083727	0.009438	0.007574	0.284424	0.089600	34.855152	0.388087	1.276864	1026.000000	0.031311	0.004860	0.003860	0.000000	0.019340	0.016620	2.000000	0.175657	4.392360	15.723633	4.008789	0.004883	0.000000	0.000000	0.000000	0.000000	0.000000	80.000000	80.000000	0.000000	0.000000	1.000000	0.000000	8.000000	0.000000	0.148262	3.534612	1.067357	0.065997	0.000000	1.000000	1.000000	0.417969	0.475323	13.294839	0.030273	0.099237	0.008510	0.000000	262144.000000	12.476649	512.000000	512.000000	786432.000000	1.000000	0.000000	0.000000	0.000000	3.000000	3.894063	4.337168	4.538702	4.718908	5.162441	0.212663	0.646095	1.000000	1.000000	0.047843	0.108362	0.177254	0.247044	6.000000	21.000000	44.000000	103.000000	255.000000	0.000000	0.015873	0.095238	0.158730	0.000000	0.000000	0.000000	0.015873	0.000000	0.000000	0.000000	0.467979	1.310427	1.875061	0.005629	0.032955	0.065997	0.000000	0.000000	8.821729	0.828186
/home/lilith/work/codec-eval/codec-corpus/clic2025/final-test/50d13125b665e0c4c1673264807bfc3cc7a217819329696843fea4c69aff8b91.png	large	1360	2048	1789.891479	0.036761	0.249488	0.000564	0.000646	0.909573	0.830680	113.280693	0.525502	1.833878	299.000000	0.009125	0.000340	0.000190	0.000000	0.002760	0.001580	4.000000	0.512494	2.566830	1.951784	0.760849	0.573770	0.000000	0.000000	0.000000	0.000000	0.000000	80.000000	80.000000	0.000000	0.000000	1.000000	0.000000	8.000000	0.000000	0.490454	0.751778	1.237507	0.000000	0.000000	1.000000	1.000000	0.024108	0.000479	22.834593	0.672131	0.015215	0.000980	0.000000	2785280.000000	14.839859	1360.000000	2048.000000	8355840.000000	0.664062	0.409379	0.000000	0.011765	3.000000	0.000000	1.144184	2.788776	4.155744	4.763958	0.000000	0.000000	0.024366	0.142634	0.000000	0.000000	0.000000	0.027616	0.000000	0.000000	2.000000	87.000000	255.000000	0.000000	0.000000	0.000000	0.000000	0.000000	0.000000	0.000000	0.000000	0.000000	0.000000	0.000000	0.000000	0.000000	0.000000	0.000000	0.000000	0.000000	0.000000	0.000000	75.801292	0.213127
/home/lilith/work/codec-eval/codec-corpus/CID22/CID22-512/training/167491.png	large	512	512	2552.802002	0.152297	0.176822	0.016008	0.013016	0.210449	0.001465	72.993301	0.368823	1.224120	4146.000000	0.126526	0.015960	0.015170	5.000000	0.085560	0.071900	18.000000	0.132498	4.276186	18.704102	15.902344	0.000000	0.000000	0.000000	0.000000	0.000000	0.000000	80.000000	80.000000	0.000000	0.000000	1.000000	0.000000	8.000000	0.000000	0.023563	3.765486	0.792743	0.150296	0.046183	1.000000	1.000000	0.490234	0.409660	20.774660	0.009766	0.093952	0.030878	0.000000	262144.000000	12.476649	512.000000	512.000000	786432.000000	1.000000	0.000000	0.000000	0.000000	3.000000	3.883206	4.342079	4.703054	4.906062	5.147887	0.335645	0.659920	1.000000	1.000000	0.100335	0.211235	0.384599	0.639748	6.000000	15.000000	36.000000	114.000000	255.000000	0.015873	0.031746	0.079365	0.142857	0.000000	0.000000	0.031746	0.047619	0.000000	0.000000	1.000000	1.691164	2.177130	2.642897	0.038278	0.080786	0.150296	0.000000	0.000000	21.806215	0.853845
/home/lilith/work/codec-eval/codec-corpus/CID22/CID22-512/training/pexels-photo-1933873.png	large	512	512	3747.434570	0.137270	0.091433	0.005262	0.005421	0.317139	0.047607	36.014740	0.304888	1.137433	2417.000000	0.073761	0.001230	0.001010	0.000000	0.009830	0.006900	2.000000	0.087308	4.364506	20.622070	5.312500	0.000000	0.000000	0.000000	0.000000	0.000000	0.000000	80.000000	80.000000	0.000000	0.000000	1.000000	0.000000	8.000000	0.000000	0.117920	3.574869	1.041781	0.079853	0.015793	1.000000	1.000000	0.634766	0.298073	19.582352	0.053711	0.076079	0.009611	0.000000	262144.000000	12.476649	512.000000	512.000000	786432.000000	1.000000	0.000000	0.000000	0.000000	3.000000	3.728271	4.347186	4.829496	5.016224	5.262243	0.211301	0.525798	1.000000	1.000000	0.036112	0.078403	0.182420	0.335302	3.000000	11.000000	32.000000	106.000000	255.000000	0.000000	0.015873	0.063492	0.111111	0.000000	0.000000	0.000000	0.015873	0.000000	0.000000	0.000000	0.941231	1.666869	2.041145	0.019386	0.048866	0.079853	0.000000	0.000000	19.835693	0.875041
/home/lilith/work/codec-eval/codec-corpus/CID22/CID22-512/training/2866385.png	large	512	512	1817.721680	0.236009	0.196201	0.008610	0.007702	0.602051	0.217529	70.709496	0.783707	1.265888	1986.000000	0.060608	0.006430	0.009700	1.000000	0.029250	0.040210	6.000000	0.316897	3.691117	15.050781	3.726562	0.000000	0.000000	0.000000	0.000000	0.000000	0.000000	80.000000	80.000000	0.000000	0.000000	1.000000	0.000000	8.000000	0.000000	0.002140	2.676627	1.528909	0.020649	0.014611	1.000000	1.000000	0.037109	0.347301	19.655733	0.005859	0.088015	0.008386	0.000000	262144.000000	12.476649	512.000000	512.000000	786432.000000	1.000000	0.000000	0.000000	0.000000	3.000000	1.828901	4.408861	4.750238	4.909960	5.140112	0.030906	0.056928	1.000000	1.000000	0.026358	0.049730	0.171477	0.294932	2.000000	23.000000	64.000000	155.000000	255.000000	0.000000	0.000000	0.000000	0.190476	0.000000	0.000000	0.000000	0.015873	0.000000	0.000000	0.000000	0.467977	0.982696	1.196846	0.005892	0.014596	0.020649	0.000000	0.000000	8.720881	0.637406
/home/lilith/work/codec-eval/codec-corpus/CID22/CID22-512/training/1454804.png	large	512	512	1261.738159	0.047200	0.019938	0.001979	0.001439	0.693115	0.230469	11.086905	0.097865	1.662194	399.000000	0.012177	0.000350	0.000340	0.000000	0.001170	0.001120	0.000000	0.100810	3.851092	7.013672	0.273438	0.008789	0.000000	0.000000	0.000000	0.000000	0.000000	80.000000	80.000000	0.000000	0.000000	1.000000	0.000000	8.000000	0.000000	0.027122	2.590136	1.093539	0.030688	0.003403	1.000000	1.000000	0.423828	0.000004	17.555916	0.106445	0.030893	0.000295	0.000000	262144.000000	12.476649	512.000000	512.000000	786432.000000	1.000000	0.000000	0.000000	0.000000	3.000000	2.366890	3.351941	4.271609	4.530845	4.976707	0.053598	0.113958	0.360159	1.000000	0.009206	0.019435	0.029720	0.067880	1.000000	4.000000	13.000000	65.000000	255.000000	0.000000	0.000000	0.000000	0.047619	0.000000	0.000000	0.000000	0.000000	0.000000	0.000000	0.000000	0.586519	1.168792	1.339635	0.009804	0.024582	0.030688	0.000000	0.000000	40.580383	0.813231
/home/lilith/work/codec-eval/codec-corpus/CID22/CID22-512/training/2581922.png	large	512	512	7021.897461	0.109654	0.099418	0.007791	0.006850	0.475830	0.254639	41.331551	0.364168	1.421863	2347.000000	0.071625	0.011950	0.014770	6.000000	0.030900	0.030540	7.000000	0.216022	4.232997	9.387695	5.098633	0.002930	0.000000	0.000000	0.000000	0.000000	0.000000	80.000000	80.000000	0.000000	0.000000	1.000000	0.000000	8.000000	0.000000	0.029079	2.889603	1.263883	0.025967	0.005629	1.000000	1.000000	0.137695	0.000282	26.272816	0.026367	0.063911	0.012509	0.000000	262144.000000	12.476649	512.000000	512.000000	786432.000000	1.000000	0.000000	0.000000	0.000000	3.000000	3.187269	3.911207	4.444082	4.754180	5.226847	0.044265	0.279192	0.610797	1.000000	0.019456	0.051839	0.159763	0.370990	3.000000	15.000000	33.000000	121.000000	255.000000	0.000000	0.000000	0.031746	0.111111	0.000000	0.000000	0.000000	0.015873	0.000000	0.000000	0.000000	0.586513	1.055352	1.224015	0.007800	0.018807	0.025967	0.000000	0.000000	23.382332	0.702135
/home/lilith/work/codec-eval/codec-corpus/CID22/CID22-512/training/7195294.png	large	512	512	2765.343994	0.094967	0.139607	0.007758	0.006237	0.406738	0.026367	49.719864	0.202427	1.420972	2758.000000	0.084167	0.006690	0.004570	1.000000	0.027840	0.022820	9.000000	0.095071	4.440179	11.200195	5.154297	0.005859	0.000000	0.000000	0.000000	0.000000	0.000000	80.000000	80.000000	0.000000	0.000000	1.000000	0.000000	8.000000	0.000000	0.157181	3.214782	0.932120	0.067915	0.013983	1.000000	1.000000	0.450195	0.375980	17.108843	0.076172	0.050347	0.008975	0.000000	262144.000000	12.476649	512.000000	512.000000	786432.000000	1.000000	0.000000	0.000000	0.000000	3.000000	3.253035	3.862950	4.491569	4.769991	5.077150	0.130545	0.300905	0.640460	1.000000	0.027281	0.056399	0.148221	0.312873	4.000000	12.000000	27.000000	81.000000	255.000000	0.000000	0.000000	0.031746	0.079365	0.000000	0.000000	0.000000	0.015873	0.000000	0.000000	0.000000	1.356982	1.715482	1.908486	0.034064	0.054493	0.067915	0.000000	0.000000	21.785835	0.842911
/home/lilith/work/codec-eval/codec-corpus/CID22/CID22-512/training/3DPieChart.png	large	512	512	2908.041016	0.077753	0.203648	0.003462	0.002045	0.641846	0.575195	76.758789	1.008101	1.062130	950.000000	0.028992	0.008360	0.006190	6.000000	0.018210	0.017820	16.000000	0.114899	3.126364	25.669922	6.119141	0.641602	0.000000	0.000000	0.000000	0.000000	0.000000	80.000000	80.000000	0.000000	0.000000	1.000000	0.000000	8.000000	0.000000	0.654362	1.982494	2.251142	0.000000	0.000000	1.000000	1.000000	0.277344	0.058262	66.574600	0.714844	0.055726	0.009998	0.000000	262144.000000	12.476649	512.000000	512.000000	786432.000000	1.000000	0.000000	0.000000	0.000000	3.000000	0.297623	4.005443	5.380871	5.601311	5.737250	0.000000	0.005629	0.807414	1.000000	0.000000	0.000000	0.000000	0.495901	0.000000	1.000000	20.000000	194.000000	255.000000	0.000000	0.000000	0.000000	0.079365	0.000000	0.000000	0.000000	0.000000	0.000000	0.000000	0.000000	0.000000	0.000000	0.000000	0.000000	0.000000	0.000000	0.000000	0.000000	18.295292	0.412864
/home/lilith/work/codec-eval/codec-corpus/CID22/CID22-512/training/5184684.png	large	512	512	2081.367432	0.106981	0.107984	0.006065	0.006771	0.444824	0.073486	42.269295	0.212861	1.222301	2056.000000	0.062744	0.002180	0.003050	0.000000	0.034270	0.040430	14.000000	0.129948	3.927186	12.526367	6.526367	0.011719	0.000000	0.000000	0.000000	0.000000	0.000000	80.000000	80.000000	0.000000	0.000000	1.000000	0.000000	8.000000	0.000000	0.023228	3.163966	1.112306	0.041837	0.016172	1.000000	1.000000	0.432617	0.280872	15.122820	0.011719	0.059524	0.012044	0.000000	262144.000000	12.476649	512.000000	512.000000	786432.000000	1.000000	0.000000	0.000000	0.000000	3.000000	3.215092	4.155723	4.591058	4.774181	5.056791	0.089726	0.282722	0.881755	1.000000	0.026177	0.063154	0.134916	0.421610	3.000000	11.000000	29.000000	84.000000	255.000000	0.000000	0.000000	0.031746	0.095238	0.000000	0.000000	0.000000	0.015873	0.000000	0.000000	0.000000	1.277323	1.456508	1.579605	0.021726	0.032923	0.041837	0.000000	0.000000	19.046598	0.809376
/home/lilith/work/codec-eval/codec-corpus/CID22/CID22-512/training/2119713.png	large	512	512	3531.527344	0.324306	0.114285	0.007912	0.009797	0.166260	0.016113	43.504890	1.314005	0.920196	1283.000000	0.039154	0.006990	0.003970	4.000000	0.068910	0.037250	17.000000	0.194033	4.477000	28.652344	8.331055	0.001953	0.000000	0.000000	0.000000	0.000000	0.000000	80.000000	80.000000	0.000000	0.000000	1.000000	0.000000	8.000000	0.000000	0.050877	3.932096	1.024756	0.091701	0.021332	1.000000	1.000000	0.266602	0.250122	27.934076	0.000000	0.116381	0.012199	0.000000	262144.000000	12.476649	512.000000	512.000000	786432.000000	1.000000	0.000000	0.000000	0.000000	3.000000	4.174596	4.721415	5.022070	5.140022	5.312053	0.319637	0.775539	1.000000	1.000000	0.043762	0.102385	0.277758	0.541667	15.000000	44.000000	83.000000	176.000000	255.000000	0.000000	0.031746	0.095238	0.174603	0.000000	0.000000	0.000000	0.015873	0.000000	0.000000	1.000000	1.317019	1.645759	2.240198	0.026342	0.042194	0.091701	0.000000	0.000000	5.825035	0.733233
/home/lilith/work/codec-eval/codec-corpus/CID22/CID22-512/training/1173777.png	large	512	512	912.225708	0.320924	0.117743	0.033328	0.028357	0.087158	0.002197	49.728481	1.059341	1.188177	2963.000000	0.090424	0.054160	0.050510	3.000000	0.241580	0.219920	16.000000	0.322274	3.379479	20.583984	19.469727	0.003906	0.000000	0.000000	0.000000	0.000000	0.000000	80.000000	80.000000	0.000000	0.000000	1.000000	0.000000	8.000000	0.000000	0.008759	4.019326	0.678836	0.230304	0.130179	1.000000	1.000000	0.062500	0.056324	23.253143	0.001953	0.144593	0.045759	0.000000	262144.000000	12.476649	512.000000	512.000000	786432.000000	1.000000	0.000000	0.000000	0.000000	3.000000	4.142256	4.449202	4.705890	5.027298	5.217812	0.451338	0.786335	1.000000	1.000000	0.230511	0.349154	0.533425	0.718193	16.000000	38.000000	70.000000	171.000000	255.000000	0.015873	0.079365	0.142857	0.206349	0.000000	0.015873	0.047619	0.063492	0.000000	0.000000	1.000000	1.968483	2.769089	3.097122	0.062215	0.160384	0.230304	0.000000	0.000000	8.451519	0.709938
/home/lilith/work/codec-eval/codec-corpus/CID22/CID22-512/training/239581.png	large	512	512	4199.189453	0.083865	0.115550	0.007155	0.006103	0.632324	0.553467	45.589165	0.182029	1.397254	4092.000000	0.124878	0.005010	0.003490	2.000000	0.024290	0.022330	14.000000	0.073004	3.254426	13.674805	7.620117	0.025391	0.000000	0.000000	0.000000	0.000000	0.000000	80.000000	80.000000	0.000000	0.000000	1.000000	0.000000	8.000000	0.000000	0.019855	2.392990	1.621328	0.011496	0.003483	1.000000	1.000000	0.328125	0.212345	23.257072	0.069336	0.048921	0.015082	0.000000	262144.000000	12.476649	512.000000	512.000000	786432.000000	1.000000	0.000000	0.000000	0.000000	3.000000	1.278396	4.039151	4.757246	4.976542	5.279943	0.018040	0.028079	0.802935	1.000000	0.012445	0.025445	0.203875	0.465365	1.000000	3.000000	16.000000	89.000000	255.000000	0.000000	0.000000	0.000000	0.079365	0.000000	0.000000	0.000000	0.031746	0.000000	0.000000	0.000000	0.000000	0.586515	0.808712	0.000000	0.007259	0.011496	0.000000	0.000000	42.682858	0.614319
/home/lilith/work/codec-eval/codec-corpus/CID22/CID22-512/training/5212582.png	large	512	512	934.910461	0.001375	0.119797	0.005776	0.002538	0.961426	0.025635	40.906967	0.015177	2.625017	703.000000	0.021454	0.001480	0.001400	0.000000	0.002000	0.002210	0.000000	0.108751	3.546701	0.656250	1.159180	0.000000	0.000000	0.000000	0.000000	0.000000	0.000000	80.000000	80.000000	0.000000	0.000000	1.000000	0.000000	8.000000	0.000000	0.081776	1.938119	0.535905	0.023667	0.031194	1.000000	1.000000	0.270508	0.334675	35.352592	0.000000	0.005022	0.002434	0.000000	262144.000000	12.476649	512.000000	512.000000	786432.000000	1.000000	0.000000	0.000000	0.000000	3.000000	1.845776	2.241757	2.687529	2.928908	3.535666	0.034360	0.056491	0.101189	0.173044	0.041162	0.053413	0.074127	0.127603	1.000000	2.000000	4.000000	7.000000	255.000000	0.000000	0.000000	0.000000	0.000000	0.000000	0.000000	0.000000	0.000000	0.000000	0.000000	0.000000	1.121703	1.233234	1.314065	0.015859	0.019986	0.023667	0.000000	0.000000	1272.643677	0.704963
/home/lilith/work/codec-eval/codec-corpus/CID22/CID22-512/training/1546166.png	large	512	512	3883.305908	0.245710	0.183165	0.018474	0.007227	0.238037	0.000244	61.301826	0.964277	1.284661	6433.000000	0.196320	0.022550	0.024480	4.000000	0.023360	0.023280	11.000000	0.225898	4.472841	23.065430	13.718750	0.000000	0.000000	0.000000	0.000000	0.000000	0.000000	80.000000	80.000000	0.000000	0.000000	1.000000	0.000000	8.000000	0.000000	0.005581	3.784358	0.924966	0.100703	0.031912	1.000000	1.000000	0.119141	0.267487	25.772356	0.000000	0.116893	0.027297	0.000000	262144.000000	12.476649	512.000000	512.000000	786432.000000	1.000000	0.000000	0.000000	0.000000	3.000000	3.863765	4.574341	4.931803	5.103015	5.401886	0.200319	0.525824	1.000000	1.000000	0.053210	0.189878	0.465315	0.734529	12.000000	32.000000	67.000000	166.000000	255.000000	0.000000	0.015873	0.095238	0.206349	0.000000	0.000000	0.015873	0.047619	0.000000	0.000000	1.000000	1.967241	2.232838	2.390825	0.056911	0.079192	0.100703	0.000000	0.000000	9.002580	0.677397
/home/lilith/work/codec-eval/codec-corpus/CID22/CID22-512/training/1391487.png	large	512	512	1062.202637	0.105970	0.187474	0.009648	0.008504	0.246582	0.000000	81.000816	0.183283	1.186341	3274.000000	0.099915	0.003240	0.003990	0.000000	0.022190	0.023250	8.000000	0.155991	3.692652	10.182617	11.920898	0.000000	0.000000	0.000000	0.000000	0.000000	0.000000	80.000000	80.000000	0.000000	0.000000	1.000000	0.000000	8.000000	0.000000	0.085159	3.510311	0.631888	0.139650	0.038851	1.000000	1.000000	0.330078	0.103645	10.420493	0.000000	0.067073	0.021531	0.000000	262144.000000	12.476649	512.000000	512.000000	786432.000000	1.000000	0.000000	0.000000	0.000000	3.000000	3.573493	3.943660	4.310998	4.562633	4.783889	0.238616	0.427663	0.663951	1.000000	0.060330	0.108641	0.261603	0.618535	6.000000	14.000000	29.000000	71.000000	200.000000	0.000000	0.015873	0.063492	0.111111	0.000000	0.000000	0.015873	0.031746	0.000000	0.000000	1.000000	2.106997	2.426512	2.621176	0.074259	0.112922	0.139650	0.000000	0.000000	11.371717	0.796304
/home/lilith/work/codec-eval/codec-corpus/CID22/CID22-512/validation/159550.png	large	512	512	4719.793945	0.079274	0.115386	0.005008	0.003084	0.510010	0.041016	39.334423	0.539408	1.401571	2580.000000	0.078735	0.002460	0.002790	1.000000	0.003570	0.004380	4.000000	0.133263	4.408510	18.947266	4.474609	0.009766	0.000000	0.000000	0.000000	0.000000	0.000000	80.000000	80.000000	0.000000	0.000000	1.000000	0.000000	8.000000	0.000000	0.170574	3.202705	1.120270	0.054418	0.015654	1.000000	1.000000	0.562500	0.293777	45.933353	0.032227	0.064143	0.008619	0.000000	262144.000000	12.476649	512.000000	512.000000	786432.000000	1.000000	0.000000	0.000000	0.000000	3.000000	3.059917	3.981059	4.882230	5.233676	5.585907	0.114113	0.267032	0.746855	1.000000	0.027173	0.048599	0.112729	0.284854	2.000000	5.000000	21.000000	165.000000	255.000000	0.000000	0.000000	0.015873	0.079365	0.000000	0.000000	0.000000	0.015873	0.000000	0.000000	0.000000	1.224018	1.515002	1.783546	0.019860	0.033989	0.054418	0.000000	0.000000	32.376980	0.860717
/home/lilith/work/codec-eval/codec-corpus/CID22/CID22-512/training/6763758.png	large	512	512	4118.853027	0.111397	0.216570	0.007929	0.006499	0.290283	0.012451	77.187813	0.161783	1.200961	5288.000000	0.161377	0.002920	0.004800	1.000000	0.012560	0.024770	9.000000	0.048167	4.598192	19.845703	11.912109	0.007812	0.000000	0.000000	0.000000	0.000000	0.000000	80.000000	80.000000	0.000000	0.000000	1.000000	0.000000	8.000000	0.000000	0.058758	3.624529	0.928467	0.106022	0.022827	1.000000	1.000000	0.732422	0.430256	17.745428	0.044922	0.068747	0.021329	0.000000	262144.000000	12.476649	512.000000	512.000000	786432.000000	1.000000	0.000000	0.000000	0.000000	3.000000	3.645040	4.359053	4.858554	5.030449	5.233900	0.210243	0.522721	1.000000	1.000000	0.042973	0.107956	0.335723	0.583758	3.000000	9.000000	23.000000	77.000000	255.000000	0.000000	0.015873	0.047619	0.111111	0.000000	0.000000	0.015873	0.031746	0.000000	0.000000	0.000000	1.497450	2.003245	2.342639	0.037589	0.074448	0.106022	0.000000	0.000000	24.467352	0.894396
/home/lilith/work/codec-eval/codec-corpus/CID22/CID22-512/training/3493730.png	large	512	512	2527.614014	0.099846	0.065412	0.005096	0.003958	0.132568	0.001221	25.995977	0.169824	1.373668	1357.000000	0.041412	0.000750	0.000950	0.000000	0.003040	0.003720	1.000000	0.084944	4.436148	15.321289	3.759766	0.001953	0.000000	0.000000	0.000000	0.000000	0.000000	80.000000	80.000000	0.000000	0.000000	1.000000	0.000000	8.000000	0.000000	0.027691	3.720763	0.574329	0.224365	0.031141	1.000000	1.000000	0.670898	0.206566	10.221887	0.014648	0.069630	0.006944	0.000000	262144.000000	12.476649	512.000000	512.000000	786432.000000	1.000000	0.000000	0.000000	0.000000	3.000000	3.746721	4.113690	4.440720	4.629133	4.955720	0.363599	0.554030	0.866444	1.000000	0.043367	0.069362	0.123626	0.218316	4.000000	12.000000	28.000000	71.000000	225.000000	0.015873	0.031746	0.063492	0.095238	0.000000	0.000000	0.000000	0.015873	0.000000	0.000000	0.000000	2.242417	2.775565	2.949359	0.099924	0.182126	0.224365	0.000000	0.015873	11.986170	0.901596
/home/lilith/work/codec-eval/codec-corpus/CID22/CID22-512/training/1459534.png	large	512	512	2489.882080	0.592377	0.101785	0.039783	0.015574	0.043213	0.000244	46.320183	2.447143	0.823759	2871.000000	0.087616	0.073640	0.075450	4.000000	0.072590	0.072010	7.000000	0.405827	4.320302	42.365234	16.083984	0.000000	0.000000	0.000000	0.000000	0.000000	0.000000	80.000000	80.000000	0.000000	0.000000	1.000000	0.000000	8.000000	0.000000	0.009418	4.497189	0.556332	0.571123	0.163667	1.000000	1.000000	0.071289	0.749470	21.974297	0.000000	0.240265	0.037543	0.000000	262144.000000	12.476649	512.000000	512.000000	786432.000000	1.000000	0.000000	0.000000	0.000000	3.000000	4.622048	4.838017	4.991667	5.091653	5.225002	0.922318	1.000000	1.000000	1.000000	0.267135	0.374331	0.485954	0.596191	34.000000	72.000000	116.000000	210.000000	255.000000	0.095238	0.174603	0.253968	0.317460	0.000000	0.015873	0.031746	0.047619	0.000000	1.000000	3.000000	2.238634	3.355017	3.874184	0.094291	0.327040	0.571123	0.000000	0.031746	2.117239	0.695877
/home/lilith/work/codec-eval/codec-corpus/CID22/CID22-512/training/209864.png	large	512	512	2764.409912	0.115096	0.125245	0.003826	0.002554	0.556396	0.003174	51.131031	0.544830	1.522115	1868.000000	0.057007	0.001460	0.002370	1.000000	0.002900	0.005150	3.000000	0.229777	4.031667	13.181641	2.644531	0.001953	0.000000	0.000000	0.000000	0.000000	0.000000	80.000000	80.000000	0.000000	0.000000	1.000000	0.000000	8.000000	0.000000	0.093250	3.205523	0.881769	0.081748	0.019295	1.000000	1.000000	0.161133	0.249901	34.861843	0.002930	0.059663	0.004371	0.000000	262144.000000	12.476649	512.000000	512.000000	786432.000000	1.000000	0.000000	0.000000	0.000000	3.000000	2.914269	3.876416	4.462497	4.984329	5.535462	0.111906	0.204309	0.549516	1.000000	0.026805	0.037367	0.070503	0.152057	6.000000	12.000000	33.000000	152.000000	255.000000	0.000000	0.000000	0.015873	0.063492	0.000000	0.000000	0.000000	0.000000	0.000000	0.000000	0.000000	2.055892	2.260631	2.370027	0.050135	0.068516	0.081748	0.000000	0.000000	26.438150	0.682956
/home/lilith/work/codec-eval/codec-corpus/CID22/CID22-512/training/333963.png	large	512	512	4369.083984	0.283282	0.203853	0.027682	0.015706	0.241699	0.002686	98.422340	0.956119	1.121132	1939.000000	0.059174	0.037250	0.089820	8.000000	0.075270	0.164370	13.000000	0.252861	4.615779	21.291992	19.317383	0.000000	0.000000	0.000000	0.000000	0.000000	0.000000	80.000000	80.000000	0.000000	0.000000	1.000000	0.000000	8.000000	0.000000	0.004387	3.708283	1.072220	0.070941	0.044973	1.000000	1.000000	0.191406	0.254227	24.066284	0.005859	0.122427	0.038675	0.000000	262144.000000	12.476649	512.000000	512.000000	786432.000000	1.000000	0.000000	0.000000	0.000000	3.000000	3.926381	4.520062	4.933112	5.075829	5.268364	0.231599	0.588174	1.000000	1.000000	0.110551	0.293815	0.590147	0.921610	11.000000	33.000000	68.000000	161.000000	255.000000	0.000000	0.015873	0.095238	0.222222	0.000000	0.000000	0.031746	0.063492	0.000000	0.000000	0.000000	1.125787	1.499815	2.060463	0.017818	0.036406	0.070941	0.000000	0.000000	8.569510	0.718300
/home/lilith/work/codec-eval/codec-corpus/CID22/CID22-512/training/225284.png	large	512	512	2508.910400	0.424834	0.183637	0.016068	0.006054	0.113525	0.004395	68.375916	1.667501	0.936381	3780.000000	0.115356	0.017290	0.024050	2.000000	0.016560	0.020620	5.000000	0.237848	4.390073	38.090820	8.125977	0.000000	0.000000	0.000000	0.000000	0.000000	0.000000	80.000000	80.000000	0.000000	0.000000	1.000000	0.000000	8.000000	0.000000	0.028080	4.183273	0.878994	0.205632	0.056998	1.000000	1.000000	0.216797	0.328739	24.316763	0.002930	0.173751	0.016121	0.000000	262144.000000	12.476649	512.000000	512.000000	786432.000000	1.000000	0.000000	0.000000	0.000000	3.000000	4.510859	4.879152	5.039994	5.152355	5.378398	0.369729	1.000000	1.000000	1.000000	0.095763	0.159335	0.265015	0.416959	21.000000	51.000000	94.000000	197.000000	255.000000	0.015873	0.047619	0.174603	0.269841	0.000000	0.000000	0.015873	0.031746	0.000000	0.000000	1.000000	1.694468	2.512467	3.003131	0.051116	0.141329	0.205632	0.000000	0.015873	4.552973	0.765552
/home/lilith/work/codec-eval/codec-corpus/CID22/CID22-512/training/2444429.png	large	512	512	4941.513672	0.065452	0.142263	0.004798	0.005310	0.666016	0.095459	55.607056	0.170529	1.684216	2542.000000	0.077576	0.002250	0.002750	1.000000	0.016800	0.021320	6.000000	0.144125	4.407502	7.437500	4.621094	0.003906	0.000000	0.000000	0.000000	0.000000	0.000000	80.000000	80.000000	0.000000	0.000000	1.000000	0.000000	8.000000	0.000000	0.094158	2.688227	1.071741	0.038861	0.021662	1.000000	1.000000	0.366211	0.060173	22.062733	0.006836	0.043790	0.008216	0.000000	262144.000000	12.476649	512.000000	512.000000	786432.000000	1.000000	0.000000	0.000000	0.000000	3.000000	2.359836	3.621045	4.255980	4.656661	5.097605	0.057022	0.117197	0.446973	1.000000	0.030300	0.053007	0.142732	0.305655	1.000000	5.000000	20.000000	83.000000	255.000000	0.000000	0.000000	0.015873	0.063492	0.000000	0.000000	0.000000	0.000000	0.000000	0.000000	0.000000	1.193385	1.386666	1.485854	0.023583	0.033059	0.038861	0.000000	0.000000	38.944077	0.834367
/home/lilith/work/codec-eval/codec-corpus/CID22/CID22-512/training/258947.png	large	512	512	2898.646240	0.149938	0.106494	0.010250	0.007373	0.372314	0.000000	53.627487	0.247616	1.143342	2436.000000	0.074341	0.004360	0.006710	1.000000	0.014670	0.021160	5.000000	0.068333	4.232034	18.267578	9.681641	0.000000	0.000000	0.000000	0.000000	0.000000	0.000000	80.000000	80.000000	0.000000	0.000000	1.000000	0.000000	8.000000	0.000000	0.004501	3.539951	0.962593	0.079742	0.033166	1.000000	1.000000	0.466797	0.802891	19.397396	0.000000	0.074234	0.017888	0.000000	262144.000000	12.476649	512.000000	512.000000	786432.000000	1.000000	0.000000	0.000000	0.000000	3.000000	3.588321	4.423982	4.796928	4.976445	5.256539	0.145972	0.474717	1.000000	1.000000	0.045643	0.098550	0.306444	0.549595	6.000000	13.000000	31.000000	90.000000	247.000000	0.000000	0.015873	0.047619	0.126984	0.000000	0.000000	0.000000	0.031746	0.000000	0.000000	1.000000	2.020607	2.147484	2.259438	0.050308	0.064240	0.079742	0.000000	0.000000	16.602295	0.822843
/home/lilith/work/codec-eval/codec-corpus/CID22/CID22-512/training/4934193.png	large	512	512	5892.387695	0.094110	0.121707	0.004551	0.006086	0.538574	0.136230	50.746048	0.246591	1.363982	2689.000000	0.082062	0.001950	0.001780	0.000000	0.033440	0.027270	19.000000	0.102734	4.092700	11.953125	6.050781	0.000000	0.000000	0.000000	0.000000	0.000000	0.000000	80.000000	80.000000	0.000000	0.000000	1.000000	0.000000	8.000000	0.000000	0.248421	2.937042	1.154760	0.037713	0.003102	1.000000	1.000000	0.418945	0.184227	22.795534	0.005859	0.050270	0.010122	0.000000	262144.000000	12.476649	512.000000	512.000000	786432.000000	1.000000	0.000000	0.000000	0.000000	3.000000	2.845631	3.866225	4.648555	4.864215	5.251957	0.067205	0.196026	0.627731	1.000000	0.011659	0.029629	0.113170	0.358094	2.000000	8.000000	26.000000	98.000000	255.000000	0.000000	0.000000	0.015873	0.063492	0.000000	0.000000	0.000000	0.000000	0.000000	0.000000	0.000000	1.000000	1.397668	1.543874	0.013933	0.027656	0.037713	0.000000	0.000000	24.699335	0.807517
/home/lilith/work/codec-eval/codec-corpus/CID22/CID22-512/training/3836671.png	large	512	512	3950.478271	0.065253	0.024241	0.001553	0.001869	0.611084	0.171143	10.334551	0.325619	1.683376	469.000000	0.014313	0.000170	0.000160	0.000000	0.001700	0.001530	0.000000	0.163786	4.243220	10.976562	0.351562	0.025391	0.000000	0.000000	0.000000	0.000000	0.000000	80.000000	80.000000	0.000000	0.000000	1.000000	0.000000	8.000000	0.000000	0.513233	2.746237	1.183998	0.036032	0.004616	1.000000	1.000000	0.455078	0.139812	34.515804	0.093750	0.047123	0.000574	0.000000	262144.000000	12.476649	512.000000	512.000000	786432.000000	1.000000	0.000000	0.000000	0.000000	3.000000	2.677094	3.519303	4.464806	4.826156	5.355874	0.065139	0.156924	0.453106	1.000000	0.010990	0.020528	0.034096	0.068616	1.000000	6.000000	17.000000	125.000000	255.000000	0.000000	0.000000	0.015873	0.047619	0.000000	0.000000	0.000000	0.000000	0.000000	0.000000	0.000000	0.000000	1.144183	1.414711	0.000000	0.022805	0.036032	0.000000	0.000000	44.080742	0.824250
/home/lilith/work/codec-eval/codec-corpus/CID22/CID22-512/training/580612.png	large	512	512	2215.524414	0.142298	0.221009	0.017267	0.011092	0.347412	0.031738	77.867424	0.246864	1.174379	5686.000000	0.173523	0.025050	0.021340	5.000000	0.063780	0.051540	12.000000	0.098574	4.327050	17.631836	14.260742	0.001953	0.000000	0.000000	0.000000	0.000000	0.000000	80.000000	80.000000	0.000000	0.000000	1.000000	0.000000	8.000000	0.000000	0.015583	3.469881	1.065843	0.060412	0.027018	1.000000	1.000000	0.661133	0.382580	16.303411	0.044922	0.077970	0.027886	0.000000	262144.000000	12.476649	512.000000	512.000000	786432.000000	1.000000	0.000000	0.000000	0.000000	3.000000	3.674975	4.390996	4.717644	4.868089	5.077465	0.168822	0.534477	1.000000	1.000000	0.055886	0.171773	0.449229	0.736783	2.000000	9.000000	30.000000	94.000000	255.000000	0.000000	0.015873	0.047619	0.142857	0.000000	0.000000	0.015873	0.047619	0.000000	0.000000	0.000000	1.220356	1.515212	1.824451	0.023521	0.040262	0.060412	0.000000	0.000000	20.308416	0.907539
/home/lilith/work/codec-eval/codec-corpus/CID22/CID22-512/training/3044702.png	large	512	512	4216.219238	0.186144	0.105029	0.015209	0.006059	0.390625	0.067383	34.834518	0.566087	1.357268	2939.000000	0.089691	0.019390	0.019780	3.000000	0.019930	0.020700	3.000000	0.266859	4.499744	14.544922	6.585938	0.000000	0.000000	0.000000	0.000000	0.000000	0.000000	80.000000	80.000000	0.000000	0.000000	1.000000	0.000000	8.000000	0.000000	0.294506	3.303999	1.088738	0.041596	0.011420	1.000000	1.000000	0.264648	0.094807	19.277456	0.000000	0.086945	0.015206	0.000000	262144.000000	12.476649	512.000000	512.000000	786432.000000	1.000000	0.000000	0.000000	0.000000	3.000000	3.448204	4.202270	4.648834	4.903233	5.145785	0.118474	0.367360	0.856297	1.000000	0.017077	0.026701	0.276419	0.487169	5.000000	20.000000	49.000000	134.000000	255.000000	0.000000	0.000000	0.047619	0.142857	0.000000	0.000000	0.000000	0.031746	0.000000	0.000000	0.000000	1.273000	1.471429	1.626950	0.024004	0.033812	0.041596	0.000000	0.000000	13.321098	0.759187
/home/lilith/work/codec-eval/codec-corpus/CID22/CID22-512/training/2123337.png	large	512	512	3396.540527	0.225535	0.088941	0.009862	0.010043	0.274170	0.003174	45.456810	0.810567	1.190078	1538.000000	0.046936	0.007390	0.010090	1.000000	0.041560	0.055850	5.000000	0.137570	4.167226	25.561523	10.012695	0.005859	0.000000	0.000000	0.000000	0.000000	0.000000	80.000000	80.000000	0.000000	0.000000	1.000000	0.000000	8.000000	0.000000	0.054077	3.839267	0.969341	0.100714	0.026895	1.000000	1.000000	0.279297	0.522396	28.602922	0.005859	0.093952	0.017191	0.000000	262144.000000	12.476649	512.000000	512.000000	786432.000000	1.000000	0.000000	0.000000	0.000000	3.000000	3.891585	4.654321	5.046870	5.244126	5.401371	0.263613	0.622457	1.000000	1.000000	0.072721	0.176783	0.327707	0.486909	10.000000	27.000000	60.000000	157.000000	255.000000	0.000000	0.015873	0.079365	0.126984	0.000000	0.000000	0.015873	0.031746	0.000000	0.000000	1.000000	1.669782	2.004322	2.451786	0.036926	0.062751	0.100714	0.000000	0.000000	10.076070	0.776606
/home/lilith/work/codec-eval/codec-corpus/CID22/CID22-512/training/1183021.png	large	512	512	891.263123	0.052278	0.088572	0.004693	0.006255	0.551514	0.492188	35.397705	0.115879	1.465537	415.000000	0.012665	0.001950	0.001410	0.000000	0.027600	0.017050	5.000000	0.249662	2.884527	4.381836	3.152344	0.055664	0.000000	0.000000	0.000000	0.000000	0.000000	80.000000	80.000000	0.000000	0.000000	1.000000	0.000000	8.000000	0.000000	0.234051	2.202540	1.435242	0.006175	0.000000	1.000000	1.000000	0.060547	0.301132	7.490376	0.083984	0.035652	0.007487	0.000000	262144.000000	12.476649	512.000000	512.000000	786432.000000	1.000000	0.000000	0.000000	0.000000	3.000000	1.477120	3.606380	3.980383	4.140003	4.397435	0.014792	0.037822	0.430184	0.704744	0.007196	0.018157	0.150878	0.300741	1.000000	10.000000	24.000000	57.000000	152.000000	0.000000	0.000000	0.000000	0.063492	0.000000	0.000000	0.000000	0.000000	0.000000	0.000000	0.000000	0.000000	0.297620	0.467982	0.000000	0.003102	0.006175	0.000000	0.000000	8.686308	0.507605
/home/lilith/work/codec-eval/codec-corpus/CID22/CID22-512/training/7218572.png	large	512	512	2373.419189	0.099207	0.095582	0.005728	0.004697	0.598389	0.115234	32.078186	0.227657	1.265631	1664.000000	0.050781	0.004330	0.002110	0.000000	0.017920	0.010350	8.000000	0.081921	4.092317	14.283203	4.445312	0.001953	0.000000	0.000000	0.000000	0.000000	0.000000	80.000000	80.000000	0.000000	0.000000	1.000000	0.000000	8.000000	0.000000	0.256062	2.912796	1.262828	0.029141	0.004124	1.000000	1.000000	0.376953	0.194191	21.302546	0.003906	0.055122	0.008092	0.000000	262144.000000	12.476649	512.000000	512.000000	786432.000000	1.000000	0.000000	0.000000	0.000000	3.000000	2.539076	4.094042	4.794558	5.007321	5.212259	0.041564	0.142930	0.839117	1.000000	0.014501	0.028066	0.124653	0.383384	2.000000	6.000000	26.000000	93.000000	255.000000	0.000000	0.000000	0.015873	0.095238	0.000000	0.000000	0.000000	0.000000	0.000000	0.000000	0.000000	1.228849	1.397668	1.505149	0.019085	0.025073	0.029141	0.000000	0.000000	22.061623	0.749744
/home/lilith/work/codec-eval/codec-corpus/CID22/CID22-512/validation/1624487.png	large	512	512	3316.658447	0.137595	0.146892	0.012679	0.009377	0.212646	0.004150	66.239433	0.413415	1.291569	4567.000000	0.139374	0.007800	0.008870	2.000000	0.034710	0.037770	13.000000	0.120782	4.566225	21.279297	12.123047	0.001953	0.000000	0.000000	0.000000	0.000000	0.000000	80.000000	80.000000	0.000000	0.000000	1.000000	0.000000	8.000000	0.000000	0.009136	3.740207	0.864374	0.135470	0.030151	1.000000	1.000000	0.769531	0.689045	23.025835	0.066406	0.087100	0.025344	0.000000	262144.000000	12.476649	512.000000	512.000000	786432.000000	1.000000	0.000000	0.000000	0.000000	3.000000	3.857098	4.402209	4.756855	4.955774	5.178475	0.322069	0.665369	1.000000	1.000000	0.072992	0.177483	0.356041	0.548362	2.000000	9.000000	27.000000	140.000000	255.000000	0.015873	0.031746	0.063492	0.126984	0.000000	0.000000	0.015873	0.047619	0.000000	0.000000	0.000000	1.524234	2.045323	2.479198	0.039296	0.079767	0.135470	0.000000	0.000000	30.147217	0.926614
/home/lilith/work/codec-eval/codec-corpus/CID22/CID22-512/training/1624307.png	large	512	512	3031.846680	0.276224	0.145822	0.019375	0.013884	0.152100	0.000977	48.340630	0.793874	1.101696	4638.000000	0.141541	0.023740	0.028500	6.000000	0.073230	0.083900	12.000000	0.200723	4.461546	23.084961	14.000000	0.000000	0.000000	0.000000	0.000000	0.000000	0.000000	80.000000	80.000000	0.000000	0.000000	1.000000	0.000000	8.000000	0.000000	0.031670	3.941932	0.782975	0.167321	0.064424	1.000000	1.000000	0.259766	0.412365	20.906757	0.000000	0.125419	0.028413	0.000000	262144.000000	12.476649	512.000000	512.000000	786432.000000	1.000000	0.000000	0.000000	0.000000	3.000000	4.080173	4.525682	4.860667	4.996778	5.214915	0.376533	0.778162	1.000000	1.000000	0.109709	0.226292	0.425161	0.614526	13.000000	33.000000	62.000000	142.000000	255.000000	0.015873	0.047619	0.111111	0.190476	0.000000	0.000000	0.015873	0.047619	0.000000	0.000000	1.000000	1.948093	2.409273	2.732996	0.070871	0.120840	0.167321	0.000000	0.000000	8.862012	0.792308
/home/lilith/work/codec-eval/codec-corpus/CID22/CID22-512/training/1484678.png	large	512	512	4333.040527	0.079048	0.194449	0.012210	0.006655	0.542725	0.067139	75.174202	0.162085	1.444383	5990.000000	0.182800	0.018550	0.013020	11.000000	0.032750	0.019560	11.000000	0.070667	4.634799	11.812500	10.411133	0.011719	0.000000	0.000000	0.000000	0.000000	0.000000	80.000000	80.000000	0.000000	0.000000	1.000000	0.000000	8.000000	0.000000	0.072876	2.989860	1.089064	0.037449	0.014928	1.000000	1.000000	0.725586	0.206207	21.303150	0.177734	0.046937	0.017191	0.000000	262144.000000	12.476649	512.000000	512.000000	786432.000000	1.000000	0.000000	0.000000	0.000000	3.000000	2.884716	3.829947	4.523558	4.806952	5.197742	0.098668	0.221186	0.646666	1.000000	0.032284	0.068004	0.188132	0.580530	1.000000	3.000000	19.000000	84.000000	255.000000	0.000000	0.000000	0.015873	0.047619	0.000000	0.000000	0.000000	0.015873	0.000000	0.000000	0.000000	1.004728	1.254894	1.467746	0.015375	0.023420	0.037449	0.000000	0.000000	25.977711	0.894516
/home/lilith/work/codec-eval/codec-corpus/CID22/CID22-512/training/pexels-photo-2598024.png	large	512	512	3297.957275	0.042961	0.078059	0.003792	0.002716	0.494385	0.018066	35.619225	0.076956	1.603648	1037.000000	0.031647	0.000470	0.000380	0.000000	0.001640	0.001430	0.000000	0.053767	4.357749	9.576172	1.783203	0.006836	0.000000	0.000000	0.000000	0.000000	0.000000	80.000000	80.000000	0.000000	0.000000	1.000000	0.000000	8.000000	0.000000	0.194553	3.181619	0.804333	0.106655	0.013082	1.000000	1.000000	0.419922	0.613178	14.813475	0.015625	0.037311	0.003751	0.000000	262144.000000	12.476649	512.000000	512.000000	786432.000000	1.000000	0.000000	0.000000	0.000000	3.000000	3.096019	3.688441	4.248111	4.572417	5.099824	0.150754	0.254950	0.532911	1.000000	0.029248	0.053654	0.091771	0.146194	4.000000	9.000000	16.000000	49.000000	223.000000	0.000000	0.015873	0.031746	0.047619	0.000000	0.000000	0.000000	0.000000	0.000000	0.000000	0.000000	1.041393	2.080931	2.397696	0.018098	0.078317	0.106655	0.000000	0.000000	31.502884	0.823286
/home/lilith/work/codec-eval/codec-corpus/CID22/CID22-512/training/3779828.png	large	512	512	5833.254883	0.472026	0.118193	0.011906	0.016748	0.194336	0.172852	48.077835	2.391107	1.033344	2727.000000	0.083221	0.008520	0.007910	0.000000	0.108140	0.138390	7.000000	0.436486	4.466926	30.285156	13.501953	0.114258	0.000000	0.000000	0.000000	0.000000	0.000000	80.000000	80.000000	0.000000	0.000000	1.000000	0.000000	8.000000	0.000000	0.224827	3.802810	1.585924	0.000000	0.000000	1.000000	1.000000	0.096680	0.146461	23.810930	0.112305	0.161458	0.025174	0.000000	262144.000000	12.476649	512.000000	512.000000	786432.000000	1.000000	0.000000	0.000000	0.000000	3.000000	4.473673	4.680707	4.928198	5.098634	5.339895	0.332164	0.968497	1.000000	1.000000	0.104005	0.292704	0.504617	0.587174	24.000000	72.000000	121.000000	203.000000	255.000000	0.000000	0.079365	0.174603	0.238095	0.000000	0.000000	0.031746	0.047619	0.000000	0.000000	0.000000	0.000000	0.000000	0.000000	0.000000	0.000000	0.000000	0.000000	0.000000	1.342249	0.520655
/home/lilith/work/codec-eval/codec-corpus/CID22/CID22-512/training/2599868.png	large	512	512	1572.461914	0.095496	0.030399	0.002913	0.003830	0.559814	0.058838	18.080137	0.210770	1.084101	509.000000	0.015533	0.000530	0.000400	0.000000	0.008710	0.005170	3.000000	0.106501	3.882834	13.418945	1.933594	0.013672	0.000000	0.000000	0.000000	0.000000	0.000000	80.000000	80.000000	0.000000	0.000000	1.000000	0.000000	8.000000	0.000000	0.007515	3.148365	1.128263	0.049625	0.014195	1.000000	1.000000	0.558594	0.000191	16.264900	0.021484	0.056315	0.003472	0.000000	262144.000000	12.476649	512.000000	512.000000	786432.000000	1.000000	0.000000	0.000000	0.000000	3.000000	3.053025	4.295278	4.639052	4.743584	4.862341	0.087382	0.257110	1.000000	1.000000	0.023262	0.041923	0.095765	0.201225	1.000000	5.000000	26.000000	91.000000	255.000000	0.000000	0.000000	0.031746	0.095238	0.000000	0.000000	0.000000	0.000000	0.000000	0.000000	0.000000	1.241484	1.491143	1.683357	0.023481	0.037396	0.049625	0.000000	0.000000	22.617840	0.874860
/home/lilith/work/codec-eval/codec-corpus/CID22/CID22-512/training/631292.png	large	512	512	3162.367676	0.213989	0.075330	0.008572	0.004917	0.213135	0.005615	30.092157	0.562211	1.387527	1439.000000	0.043915	0.003550	0.004050	1.000000	0.006380	0.007930	1.000000	0.299321	4.504277	13.223633	2.441406	0.001953	0.000000	0.000000	0.000000	0.000000	0.000000	80.000000	80.000000	0.000000	0.000000	1.000000	0.000000	8.000000	0.000000	0.117840	3.584547	0.844150	0.083643	0.027171	1.000000	1.000000	0.135742	0.606083	16.522375	0.000000	0.094355	0.005115	0.000000	262144.000000	12.476649	512.000000	512.000000	786432.000000	1.000000	0.000000	0.000000	0.000000	3.000000	3.758343	4.148548	4.475903	4.715809	5.106748	0.270878	0.477050	0.762821	1.000000	0.049083	0.073173	0.109364	0.203261	11.000000	28.000000	52.000000	120.000000	255.000000	0.000000	0.015873	0.079365	0.158730	0.000000	0.000000	0.000000	0.000000	0.000000	0.000000	0.000000	1.476895	1.821084	2.142233	0.032156	0.053320	0.083643	0.000000	0.000000	8.409316	0.694089
/home/lilith/work/codec-eval/codec-corpus/CID22/CID22-512/training/26103251787_d8635e260d_o.png	large	512	512	1781.647705	0.133628	0.151121	0.008985	0.008767	0.378662	0.014648	53.948650	0.291856	1.370322	2030.000000	0.061951	0.006840	0.003310	2.000000	0.034850	0.017980	8.000000	0.086761	3.828110	16.367188	6.915039	0.003906	0.000000	0.000000	0.000000	0.000000	0.000000	80.000000	80.000000	0.000000	0.000000	1.000000	0.000000	8.000000	0.000000	0.247673	3.413473	1.007649	0.079106	0.022076	1.000000	1.000000	0.442383	0.042107	23.999479	0.010742	0.077195	0.010680	0.000000	262144.000000	12.476649	512.000000	512.000000	786432.000000	1.000000	0.000000	0.000000	0.000000	3.000000	3.396284	4.131875	4.793650	5.128380	5.423079	0.158479	0.379568	0.887521	1.000000	0.036371	0.063295	0.131957	0.406394	4.000000	10.000000	30.000000	103.000000	255.000000	0.000000	0.015873	0.047619	0.126984	0.000000	0.000000	0.000000	0.000000	0.000000	0.000000	0.000000	1.543874	1.857333	2.109747	0.033305	0.053043	0.079106	0.000000	0.000000	25.805138	0.834078
/home/lilith/work/codec-eval/codec-corpus/CID22/CID22-512/training/7062177.png	large	512	512	3926.433350	0.215544	0.109023	0.008449	0.009976	0.218018	0.035156	47.040226	0.519511	1.173810	3609.000000	0.110138	0.004750	0.003200	1.000000	0.045570	0.032530	13.000000	0.123309	4.410271	26.441406	9.803711	0.001953	0.000000	0.000000	0.000000	0.000000	0.000000	80.000000	80.000000	0.000000	0.000000	1.000000	0.000000	8.000000	0.000000	0.022892	3.825379	1.005873	0.110877	0.021015	1.000000	1.000000	0.611328	0.331070	22.620548	0.010742	0.096478	0.016493	0.000000	262144.000000	12.476649	512.000000	512.000000	786432.000000	1.000000	0.000000	0.000000	0.000000	3.000000	4.056175	4.618268	4.956216	5.116711	5.275259	0.302113	0.803317	1.000000	1.000000	0.054216	0.102408	0.243744	0.545429	6.000000	20.000000	47.000000	130.000000	255.000000	0.000000	0.031746	0.079365	0.142857	0.000000	0.000000	0.000000	0.015873	0.000000	0.000000	0.000000	1.224016	1.883570	2.341311	0.025928	0.063669	0.110877	0.000000	0.000000	11.535996	0.873210
/home/lilith/work/codec-eval/codec-corpus/CID22/CID22-512/training/Beam-Space-Processing.png	large	512	512	354.163757	0.078117	0.015923	0.000208	0.000250	0.759277	0.746582	5.786870	0.566695	1.648609	161.000000	0.004913	0.000080	0.000080	0.000000	0.000710	0.000720	1.000000	0.366143	0.682218	8.880859	0.401367	0.853516	0.000000	0.000000	0.000000	8.000000	1.000000	80.000000	80.000000	0.000000	0.000000	1.000000	0.000000	8.000000	0.000000	0.986782	1.105396	1.905288	0.000000	0.000000	1.000000	1.000000	0.052734	0.000000	32.952057	0.873047	0.041341	0.000558	0.000000	262144.000000	12.476649	512.000000	512.000000	786432.000000	1.000000	0.000000	0.000000	0.000000	3.000000	0.000000	1.957846	4.514282	4.748153	5.342758	0.000000	0.000000	0.069461	1.000000	0.000000	0.000000	0.000000	0.000000	0.000000	0.000000	19.000000	156.000000	255.000000	0.000000	0.000000	0.000000	0.000000	0.000000	0.000000	0.000000	0.000000	0.000000	0.000000	0.000000	0.000000	0.000000	0.000000	0.000000	0.000000	0.000000	0.000000	0.000000	24.715179	0.194662
/home/lilith/work/codec-eval/codec-corpus/CID22/CID22-512/training/StockQuoteGraph-20120521.png	large	512	512	997.459167	0.112052	0.076243	0.007928	0.008185	0.700195	0.681641	33.639175	0.842675	1.546056	518.000000	0.015808	0.025970	0.008830	4.000000	0.209350	0.019080	30.000000	0.237074	1.812037	12.738281	5.843750	0.808594	0.000000	0.000000	0.000000	0.000000	0.000000	80.000000	80.000000	0.000000	0.000000	1.000000	0.000000	8.000000	0.000000	0.531788	1.438509	2.086106	0.000000	0.000000	1.000000	1.000000	0.150391	0.000000	38.484375	0.822266	0.045976	0.010944	0.000000	262144.000000	12.476649	512.000000	512.000000	786432.000000	1.000000	0.000000	0.000000	0.000000	3.000000	0.000000	3.925982	4.713497	4.891162	5.557426	0.000000	0.000000	0.740118	1.000000	0.000000	0.000000	0.178506	0.418635	0.000000	0.000000	51.000000	173.000000	255.000000	0.000000	0.000000	0.000000	0.047619	0.000000	0.000000	0.000000	0.015873	0.000000	0.000000	0.000000	0.000000	0.000000	0.000000	0.000000	0.000000	0.000000	0.000000	0.000000	15.835322	0.277149
/home/lilith/work/codec-eval/codec-corpus/CID22/CID22-512/training/8442861.png	large	512	512	1857.171265	0.000697	0.045814	0.001451	0.001255	0.872314	0.053223	22.746210	0.018046	1.904293	324.000000	0.009888	0.000150	0.000180	0.000000	0.000770	0.000920	0.000000	0.090129	3.281855	1.975586	0.433594	0.000000	0.000000	0.000000	0.000000	0.000000	0.000000	80.000000	80.000000	0.000000	0.000000	1.000000	0.000000	8.000000	0.000000	0.000000	2.207857	0.649269	0.026558	0.000000	1.000000	1.000000	0.135742	0.438068	3.371166	0.000000	0.007254	0.000744	0.000000	262144.000000	12.476649	512.000000	512.000000	786432.000000	1.000000	0.000000	0.000000	0.000000	3.000000	1.888951	2.584260	3.247958	3.549486	4.225651	0.032599	0.043990	0.138965	0.329744	0.010091	0.020894	0.033458	0.061236	3.000000	6.000000	9.000000	17.000000	67.000000	0.000000	0.000000	0.000000	0.015873	0.000000	0.000000	0.000000	0.000000	0.000000	0.000000	0.000000	1.515211	1.600531	1.656667	0.019855	0.023761	0.026558	0.000000	0.000000	6.103220	0.509079
/home/lilith/work/codec-eval/codec-corpus/CID22/CID22-512/training/2156881.png	large	512	512	2697.384277	0.039913	0.093589	0.006518	0.003249	0.556641	0.013184	43.162262	0.080406	1.562643	1595.000000	0.048676	0.001850	0.001490	0.000000	0.002280	0.002650	1.000000	0.066196	3.863614	9.094727	4.894531	0.017578	0.000000	0.000000	0.000000	0.000000	0.000000	80.000000	80.000000	0.000000	0.000000	1.000000	0.000000	8.000000	0.000000	0.016605	2.929325	0.948029	0.050587	0.029465	1.000000	1.000000	0.614258	0.000000	23.379061	0.057617	0.035544	0.010355	0.000000	262144.000000	12.476649	512.000000	512.000000	786432.000000	1.000000	0.000000	0.000000	0.000000	3.000000	2.854154	3.545400	4.239737	4.646064	5.179829	0.093487	0.210506	0.474848	1.000000	0.047757	0.077734	0.145693	0.278127	2.000000	4.000000	8.000000	55.000000	255.000000	0.000000	0.000000	0.015873	0.031746	0.000000	0.000000	0.000000	0.015873	0.000000	0.000000	0.000000	1.105509	1.508317	1.769009	0.016349	0.034642	0.050587	0.000000	0.000000	115.921692	0.868566
/home/lilith/work/codec-eval/codec-corpus/CID22/CID22-512/training/146083.png	large	512	512	3577.958252	0.286070	0.103130	0.009383	0.005571	0.097900	0.000244	41.713211	0.620262	1.124846	3541.000000	0.108063	0.005720	0.004580	1.000000	0.012200	0.009370	3.000000	0.163783	4.623803	23.990234	4.957031	0.000000	0.000000	0.000000	0.000000	0.000000	0.000000	80.000000	80.000000	0.000000	0.000000	1.000000	0.000000	8.000000	0.000000	0.212566	4.019439	0.677103	0.253817	0.028138	1.000000	1.000000	0.385742	0.448479	16.410585	0.004883	0.125558	0.009890	0.000000	262144.000000	12.476649	512.000000	512.000000	786432.000000	1.000000	0.000000	0.000000	0.000000	3.000000	4.126740	4.488255	4.780320	4.956950	5.211806	0.497384	0.823253	1.000000	1.000000	0.045168	0.086273	0.187571	0.298354	12.000000	30.000000	55.000000	123.000000	255.000000	0.031746	0.063492	0.126984	0.174603	0.000000	0.000000	0.000000	0.015873	0.000000	0.000000	1.000000	2.102466	2.659857	3.047178	0.079923	0.157148	0.253817	0.000000	0.015873	8.730182	0.839614
/home/lilith/work/codec-eval/codec-corpus/CID22/CID22-512/training/7233401.png	large	512	512	2312.494141	0.029377	0.055545	0.003524	0.004350	0.628662	0.229248	23.220356	0.038883	1.803960	1630.000000	0.049744	0.000530	0.000520	0.000000	0.005830	0.005910	3.000000	0.039276	3.674864	6.882812	2.833008	0.011719	0.000000	0.000000	0.000000	0.000000	0.000000	80.000000	80.000000	0.000000	0.000000	1.000000	0.000000	8.000000	0.000000	0.173100	2.571651	1.127609	0.020408	0.014769	1.000000	1.000000	0.451172	0.245510	15.762289	0.001953	0.028506	0.005813	0.000000	262144.000000	12.476649	512.000000	512.000000	786432.000000	1.000000	0.000000	0.000000	0.000000	3.000000	2.621629	3.443495	4.152638	4.457896	4.922673	0.029068	0.152837	0.415064	0.944060	0.021251	0.046026	0.110587	0.231682	1.000000	4.000000	8.000000	37.000000	255.000000	0.000000	0.000000	0.015873	0.047619	0.000000	0.000000	0.000000	0.000000	0.000000	0.000000	0.000000	0.974858	1.129830	1.204119	0.012506	0.017322	0.020408	0.000000	0.000000	90.939018	0.753738
/home/lilith/work/codec-eval/codec-corpus/CID22/CID22-512/training/1583244.png	large	512	512	4355.684570	0.157705	0.064547	0.004450	0.005387	0.603271	0.336914	29.722801	0.326340	1.308712	1109.000000	0.033844	0.001590	0.002410	0.000000	0.017500	0.025290	3.000000	0.171085	3.973545	11.224609	3.011719	0.006836	0.000000	0.000000	0.000000	0.000000	0.000000	80.000000	80.000000	0.000000	0.000000	1.000000	0.000000	8.000000	0.000000	0.074886	2.580899	1.452648	0.022336	0.006419	1.000000	1.000000	0.285156	0.021805	15.537193	0.074219	0.063120	0.006789	0.000000	262144.000000	12.476649	512.000000	512.000000	786432.000000	1.000000	0.000000	0.000000	0.000000	3.000000	1.875061	4.247221	4.548632	4.725188	5.050311	0.032501	0.066274	0.951511	1.000000	0.019792	0.034642	0.167835	0.279640	1.000000	13.000000	41.000000	98.000000	255.000000	0.000000	0.000000	0.000000	0.142857	0.000000	0.000000	0.000000	0.015873	0.000000	0.000000	0.000000	0.000000	0.903091	1.096367	0.000000	0.015488	0.022336	0.000000	0.000000	11.067451	0.765565
/home/lilith/work/codec-eval/codec-corpus/CID22/CID22-512/training/3363331.png	large	512	512	4898.077637	0.139663	0.071923	0.005891	0.004328	0.440430	0.029785	26.495060	0.344223	1.304791	1303.000000	0.039764	0.005240	0.003520	1.000000	0.017940	0.012980	7.000000	0.165851	4.480306	13.054688	2.962891	0.000000	0.000000	0.000000	0.000000	0.000000	0.000000	80.000000	80.000000	0.000000	0.000000	1.000000	0.000000	8.000000	0.000000	0.220921	3.261974	1.022619	0.055078	0.011356	1.000000	1.000000	0.199219	0.308678	19.053457	0.000000	0.071010	0.006092	0.000000	262144.000000	12.476649	512.000000	512.000000	786432.000000	1.000000	0.000000	0.000000	0.000000	3.000000	3.347415	4.080134	4.662349	4.896736	5.136983	0.105143	0.326682	0.786445	1.000000	0.022383	0.038368	0.094784	0.274815	5.000000	15.000000	38.000000	106.000000	255.000000	0.000000	0.000000	0.031746	0.126984	0.000000	0.000000	0.000000	0.000000	0.000000	0.000000	0.000000	1.503238	1.702752	1.882863	0.029550	0.039931	0.055078	0.000000	0.000000	14.143857	0.752317
/home/lilith/work/codec-eval/codec-corpus/CID22/CID22-512/training/3952034.png	large	512	512	5508.164551	0.108861	0.083778	0.006587	0.005823	0.452393	0.106689	31.322083	0.307991	1.265074	2809.000000	0.085724	0.005000	0.004130	2.000000	0.029710	0.023010	6.000000	0.072284	4.474159	18.429688	6.217773	0.009766	0.000000	0.000000	0.000000	0.000000	0.000000	80.000000	80.000000	0.000000	0.000000	1.000000	0.000000	8.000000	0.000000	0.289886	3.313116	1.145326	0.049759	0.004377	1.000000	1.000000	0.579102	0.311172	26.032721	0.024414	0.058780	0.010138	0.000000	262144.000000	12.476649	512.000000	512.000000	786432.000000	1.000000	0.000000	0.000000	0.000000	3.000000	3.379030	4.242218	4.810370	5.095102	5.379615	0.123738	0.364326	1.000000	1.000000	0.026428	0.063784	0.209973	0.390691	3.000000	8.000000	28.000000	112.000000	255.000000	0.000000	0.000000	0.031746	0.079365	0.000000	0.000000	0.000000	0.015873	0.000000	0.000000	0.000000	1.031406	1.351880	1.720031	0.016338	0.030425	0.049759	0.000000	0.000000	24.057453	0.858961
/home/lilith/work/codec-eval/codec-corpus/CID22/CID22-512/training/5097354.png	large	512	512	9048.016602	0.048613	0.096903	0.004272	0.002973	0.683350	0.344971	33.718266	0.091661	1.571493	1490.000000	0.045471	0.002110	0.002370	3.000000	0.005810	0.007640	5.000000	0.052282	3.962655	10.771484	2.805664	0.091797	0.000000	0.000000	0.000000	0.000000	0.000000	80.000000	80.000000	0.000000	0.000000	1.000000	0.000000	8.000000	0.000000	0.414608	2.375177	1.441641	0.005183	0.005629	1.000000	1.000000	0.480469	0.121471	25.295135	0.188477	0.030087	0.004805	0.000000	262144.000000	12.476649	512.000000	512.000000	786432.000000	1.000000	0.000000	0.000000	0.000000	3.000000	2.133489	3.489253	4.567513	4.898802	5.350746	0.028701	0.090322	0.430400	1.000000	0.017656	0.026942	0.079964	0.186471	1.000000	2.000000	8.000000	52.000000	255.000000	0.000000	0.000000	0.000000	0.047619	0.000000	0.000000	0.000000	0.000000	0.000000	0.000000	0.000000	0.000000	0.000000	0.467978	0.000000	0.000000	0.005183	0.000000	0.000000	140.174789	0.727574
/home/lilith/work/codec-eval/codec-corpus/CID22/CID22-512/training/4099238.png	large	512	512	3244.084229	0.265532	0.090688	0.008739	0.008987	0.173096	0.000977	40.664352	0.845809	1.044156	3503.000000	0.106903	0.005640	0.007320	1.000000	0.042880	0.051600	22.000000	0.169903	4.343502	27.939453	7.983398	0.001953	0.000000	0.000000	0.000000	0.000000	0.000000	80.000000	80.000000	0.000000	0.000000	1.000000	0.000000	8.000000	0.000000	0.020687	3.952143	0.867306	0.144050	0.028289	1.000000	1.000000	0.325195	0.564827	23.466095	0.000000	0.121791	0.016865	0.000000	262144.000000	12.476649	512.000000	512.000000	786432.000000	1.000000	0.000000	0.000000	0.000000	3.000000	4.026809	4.710428	5.023702	5.133224	5.390397	0.318034	0.755663	1.000000	1.000000	0.042882	0.110299	0.257694	0.451369	11.000000	28.000000	61.000000	163.000000	255.000000	0.015873	0.031746	0.095238	0.190476	0.000000	0.000000	0.000000	0.031746	0.000000	0.000000	1.000000	1.939206	2.394424	2.671390	0.054847	0.101135	0.144050	0.000000	0.000000	10.696458	0.786709
/home/lilith/work/codec-eval/codec-corpus/CID22/CID22-512/training/53435.png	large	512	512	4154.005371	0.314394	0.195609	0.021829	0.009886	0.195801	0.000488	67.004524	1.013416	1.148880	4022.000000	0.122742	0.028440	0.032990	5.000000	0.031010	0.033530	3.000000	0.259906	4.658056	24.924805	12.506836	0.000000	0.000000	0.000000	0.000000	0.000000	0.000000	80.000000	80.000000	0.000000	0.000000	1.000000	0.000000	8.000000	0.000000	0.015358	3.858828	0.916362	0.116493	0.050270	1.000000	1.000000	0.299805	0.009514	21.956646	0.000000	0.136145	0.027049	0.000000	262144.000000	12.476649	512.000000	512.000000	786432.000000	1.000000	0.000000	0.000000	0.000000	3.000000	4.001333	4.561948	4.911168	5.101077	5.283394	0.342798	0.721867	1.000000	1.000000	0.124269	0.232963	0.411352	0.616933	13.000000	35.000000	70.000000	167.000000	255.000000	0.000000	0.031746	0.111111	0.222222	0.000000	0.000000	0.015873	0.047619	0.000000	0.000000	0.000000	1.738384	2.071882	2.347817	0.049416	0.081038	0.116493	0.000000	0.000000	7.975196	0.797945
/home/lilith/work/codec-eval/codec-corpus/CID22/CID22-512/training/1424246.png	large	512	512	2246.668213	0.099743	0.165699	0.014712	0.014471	0.418701	0.000000	97.518875	0.228287	1.402313	2100.000000	0.064087	0.017040	0.016460	3.000000	0.102110	0.101080	18.000000	0.175473	4.323957	10.395508	13.537109	0.003906	0.000000	0.000000	0.000000	0.000000	0.000000	80.000000	80.000000	0.000000	0.000000	1.000000	0.000000	8.000000	0.000000	0.001110	3.327058	0.778340	0.107446	0.063961	1.000000	1.000000	0.414062	0.000446	14.633883	0.000000	0.061027	0.025577	0.000000	262144.000000	12.476649	512.000000	512.000000	786432.000000	1.000000	0.000000	0.000000	0.000000	3.000000	3.312359	3.958330	4.383850	4.598210	4.883625	0.155349	0.331045	0.678956	1.000000	0.096844	0.185633	0.371112	0.657511	4.000000	12.000000	29.000000	89.000000	255.000000	0.000000	0.015873	0.031746	0.095238	0.000000	0.000000	0.015873	0.031746	0.000000	0.000000	0.000000	1.845001	2.177356	2.340444	0.055429	0.085757	0.107446	0.000000	0.000000	19.917095	0.824722
/home/lilith/work/codec-eval/codec-corpus/CID22/CID22-512/training/5398956.png	large	512	512	801.845154	0.036991	0.048486	0.002290	0.001941	0.745117	0.448486	17.994211	0.069696	1.830751	1365.000000	0.041656	0.001030	0.000910	1.000000	0.004900	0.005260	4.000000	0.055846	2.992497	6.166992	1.812500	0.078125	0.000000	0.000000	0.000000	0.000000	0.000000	80.000000	80.000000	0.000000	0.000000	1.000000	0.000000	8.000000	0.000000	0.278461	2.063825	1.339056	0.007284	0.000000	1.000000	1.000000	0.393555	0.129463	21.690424	0.176758	0.023360	0.003333	0.000000	262144.000000	12.476649	512.000000	512.000000	786432.000000	1.000000	0.000000	0.000000	0.000000	3.000000	1.689641	3.172822	3.955300	4.398231	5.264933	0.021750	0.052650	0.308870	0.756151	0.000000	0.019858	0.057238	0.144887	1.000000	2.000000	7.000000	53.000000	255.000000	0.000000	0.000000	0.000000	0.031746	0.000000	0.000000	0.000000	0.000000	0.000000	0.000000	0.000000	0.000000	0.000000	0.467982	0.000000	0.000000	0.007284	0.000000	0.000000	108.136696	0.673868
/home/lilith/work/codec-eval/codec-corpus/CID22/CID22-512/training/2272939.png	large	512	512	3389.231689	0.345935	0.082358	0.012065	0.010228	0.059082	0.000732	34.615799	1.095055	1.030112	2902.000000	0.088562	0.009100	0.009380	2.000000	0.051420	0.043990	19.000000	0.142966	4.605613	38.598633	8.274414	0.004883	0.000000	0.000000	0.000000	0.000000	0.000000	80.000000	80.000000	0.000000	0.000000	1.000000	0.000000	8.000000	0.000000	0.097858	4.356544	0.638894	0.374097	0.054801	1.000000	1.000000	0.390625	0.593544	23.670189	0.000000	0.153878	0.017191	0.000000	262144.000000	12.476649	512.000000	512.000000	786432.000000	1.000000	0.000000	0.000000	0.000000	3.000000	4.462030	4.818897	5.061433	5.200387	5.483325	0.729089	1.000000	1.000000	1.000000	0.089921	0.156532	0.274062	0.421410	16.000000	39.000000	75.000000	163.000000	255.000000	0.047619	0.079365	0.142857	0.222222	0.000000	0.000000	0.015873	0.031746	0.000000	1.000000	2.000000	2.511549	3.121478	3.488460	0.118630	0.258583	0.374097	0.000000	0.031746	6.769432	0.822678
/home/lilith/work/codec-eval/codec-corpus/CID22/CID22-512/training/1200348.png	large	512	512	2317.092529	0.031311	0.185954	0.006681	0.003500	0.729980	0.177979	66.023132	0.038282	1.700590	3813.000000	0.116364	0.006060	0.004120	2.000000	0.009280	0.005400	5.000000	0.035309	3.702312	6.704102	6.308594	0.000000	0.000000	0.000000	0.000000	0.000000	0.000000	80.000000	80.000000	0.000000	0.000000	1.000000	0.000000	8.000000	0.000000	0.192699	2.500890	1.052442	0.021146	0.009254	1.000000	1.000000	0.555664	0.377697	14.549158	0.009766	0.024104	0.009766	0.000000	262144.000000	12.476649	512.000000	512.000000	786432.000000	1.000000	0.000000	0.000000	0.000000	3.000000	2.337927	3.213746	4.084549	4.489867	4.919497	0.044005	0.113028	0.320899	0.888590	0.021507	0.046547	0.142452	0.396560	1.000000	3.000000	6.000000	41.000000	255.000000	0.000000	0.000000	0.015873	0.031746	0.000000	0.000000	0.000000	0.015873	0.000000	0.000000	0.000000	0.841204	1.160899	1.241485	0.010945	0.017231	0.021146	0.000000	0.000000	83.782654	0.803635
/home/lilith/work/codec-eval/codec-corpus/CID22/CID22-512/training/Boxplot.png	large	512	512	1176.765137	0.069550	0.055084	0.000391	0.000888	0.804932	0.800049	21.064825	1.360545	1.253683	311.000000	0.009491	0.000490	0.000270	0.000000	0.015520	0.003820	10.000000	0.281473	0.991610	19.593750	2.320312	0.839844	0.000000	0.000000	0.000000	0.000000	0.000000	80.000000	80.000000	0.000000	0.000000	1.000000	0.000000	8.000000	0.000000	0.924683	1.112230	2.111119	0.000000	0.000000	1.000000	1.000000	0.022461	0.046833	53.000645	0.866211	0.068700	0.002325	0.000000	262144.000000	12.476649	512.000000	512.000000	786432.000000	1.000000	0.000000	0.000000	0.000000	3.000000	0.000000	0.000000	5.221698	5.354499	5.540119	0.000000	0.000000	0.000000	1.000000	0.000000	0.000000	0.000000	0.000000	0.000000	0.000000	2.000000	255.000000	255.000000	0.000000	0.000000	0.000000	0.000000	0.000000	0.000000	0.000000	0.000000	0.000000	0.000000	0.000000	0.000000	0.000000	0.000000	0.000000	0.000000	0.000000	0.000000	0.000000	16.301210	0.169699
/home/lilith/work/codec-eval/codec-corpus/CID22/CID22-512/training/Abstract-Art-1.png	large	512	512	2365.814453	0.071285	0.077817	0.003555	0.001812	0.745850	0.598877	31.564301	0.205530	1.288304	202.000000	0.006165	0.003700	0.010960	1.000000	0.010000	0.017750	4.000000	0.114497	3.751179	9.836914	5.104492	0.427734	0.000000	0.000000	0.000000	8.000000	1.000000	80.000000	80.000000	0.000000	0.000000	1.000000	0.000000	8.000000	0.000000	0.737720	1.819850	1.780436	0.000000	0.000000	1.000000	1.000000	0.309570	0.000000	24.514412	0.569336	0.038582	0.010200	0.000000	262144.000000	12.476649	512.000000	512.000000	786432.000000	1.000000	0.000000	0.000000	0.000000	3.000000	1.518514	3.411491	4.681750	4.942848	5.124648	0.000000	0.043444	0.372706	1.000000	0.000000	0.000000	0.014520	0.456246	0.000000	1.000000	15.000000	99.000000	229.000000	0.000000	0.000000	0.000000	0.047619	0.000000	0.000000	0.000000	0.000000	0.000000	0.000000	0.000000	0.000000	0.000000	0.000000	0.000000	0.000000	0.000000	0.000000	0.000000	24.408369	0.543877
/home/lilith/work/codec-eval/codec-corpus/CID22/CID22-512/training/pexels-photo-2686358.png	large	512	512	2764.735596	0.281103	0.102798	0.012756	0.008144	0.109375	0.021484	49.775761	0.487095	1.045961	1848.000000	0.056396	0.004820	0.003450	0.000000	0.013080	0.010010	2.000000	0.111697	4.466256	25.643555	8.750000	0.000000	0.000000	0.000000	0.000000	0.000000	0.000000	80.000000	80.000000	0.000000	0.000000	1.000000	0.000000	8.000000	0.000000	0.009174	4.010800	0.826022	0.216255	0.042868	1.000000	1.000000	0.430664	0.847439	15.959936	0.000000	0.126488	0.019903	0.000000	262144.000000	12.476649	512.000000	512.000000	786432.000000	1.000000	0.000000	0.000000	0.000000	3.000000	4.194424	4.639697	4.877618	4.999028	5.201068	0.420606	0.920738	1.000000	1.000000	0.082502	0.180610	0.312342	0.450231	12.000000	28.000000	51.000000	104.000000	255.000000	0.015873	0.047619	0.126984	0.190476	0.000000	0.000000	0.015873	0.031746	0.000000	0.000000	1.000000	1.327039	2.413300	2.999538	0.032286	0.106982	0.216255	0.000000	0.000000	6.963843	0.839667
/home/lilith/work/codec-eval/codec-corpus/CID22/CID22-512/training/551991.png	large	512	512	3784.931885	0.071369	0.197644	0.015107	0.005439	0.278564	0.080078	87.082527	0.101311	1.416260	2888.000000	0.088135	0.012450	0.022550	2.000000	0.010280	0.019600	2.000000	0.058821	4.566861	14.197266	14.369141	0.012695	0.000000	0.000000	0.000000	0.000000	0.000000	80.000000	80.000000	0.000000	0.000000	1.000000	0.000000	8.000000	0.000000	0.010529	3.398045	0.958340	0.060348	0.025014	1.000000	1.000000	0.666016	0.507244	11.770776	0.084961	0.054641	0.023577	0.000000	262144.000000	12.476649	512.000000	512.000000	786432.000000	1.000000	0.000000	0.000000	0.000000	3.000000	3.591258	4.067571	4.437846	4.654614	5.012475	0.234914	0.481856	0.832609	1.000000	0.100656	0.243309	0.424897	0.665053	2.000000	7.000000	19.000000	59.000000	217.000000	0.000000	0.015873	0.047619	0.079365	0.000000	0.000000	0.015873	0.031746	0.000000	0.000000	0.000000	0.902241	1.228850	1.859965	0.012319	0.025750	0.060348	0.000000	0.000000	23.454838	0.885290
/home/lilith/work/codec-eval/codec-corpus/CID22/CID22-512/training/1545529.png	large	512	512	4190.164062	0.052589	0.108659	0.005219	0.003546	0.718506	0.482422	37.167435	0.233343	1.550164	2913.000000	0.088898	0.003470	0.004150	2.000000	0.015980	0.014610	19.000000	0.071701	3.015827	11.191406	3.563477	0.012695	0.000000	0.000000	0.000000	0.000000	0.000000	80.000000	80.000000	0.000000	0.000000	1.000000	0.000000	8.000000	0.000000	0.195263	2.250701	1.358689	0.016304	0.000000	1.000000	1.000000	0.215820	0.136108	38.899616	0.017578	0.034924	0.006448	0.000000	262144.000000	12.476649	512.000000	512.000000	786432.000000	1.000000	0.000000	0.000000	0.000000	3.000000	1.585286	3.201016	4.379153	4.996317	5.630384	0.022772	0.040466	0.294510	1.000000	0.006288	0.020166	0.076231	0.261061	1.000000	3.000000	14.000000	109.000000	255.000000	0.000000	0.000000	0.000000	0.031746	0.000000	0.000000	0.000000	0.000000	0.000000	0.000000	0.000000	0.000000	0.767849	1.031409	0.000000	0.010608	0.016304	0.000000	0.000000	51.584602	0.636927
/home/lilith/work/codec-eval/codec-corpus/CID22/CID22-512/training/7062227.png	large	512	512	1413.866089	0.140330	0.086899	0.006982	0.008214	0.459229	0.076172	37.578918	0.490181	1.284034	4966.000000	0.151550	0.006790	0.007860	2.000000	0.065800	0.077110	29.000000	0.133952	3.539026	17.343750	9.592773	0.004883	0.000000	0.000000	0.000000	0.000000	0.000000	80.000000	80.000000	0.000000	0.000000	1.000000	0.000000	8.000000	0.000000	0.140251	3.217144	1.166292	0.053706	0.005629	1.000000	1.000000	0.396484	0.422985	28.287930	0.005859	0.066034	0.016338	0.000000	262144.000000	12.476649	512.000000	512.000000	786432.000000	1.000000	0.000000	0.000000	0.000000	3.000000	3.267157	4.198795	4.714654	5.012345	5.417729	0.093796	0.317197	0.961226	1.000000	0.024718	0.089903	0.279718	0.566000	3.000000	12.000000	38.000000	139.000000	255.000000	0.000000	0.000000	0.031746	0.095238	0.000000	0.000000	0.000000	0.015873	0.000000	0.000000	0.000000	0.777022	1.289688	1.824451	0.011246	0.027338	0.053706	0.000000	0.000000	21.941154	0.805312
/home/lilith/work/codec-eval/codec-corpus/CID22/CID22-512/training/162511.png	large	512	512	3895.131836	0.367990	0.116347	0.021288	0.011522	0.097656	0.006348	46.725315	1.501104	0.894178	3846.000000	0.117371	0.026060	0.030040	4.000000	0.043560	0.045360	6.000000	0.147269	4.576853	42.839844	14.698242	0.000000	0.000000	0.000000	0.000000	0.000000	0.000000	80.000000	80.000000	0.000000	0.000000	1.000000	0.000000	8.000000	0.000000	0.033554	4.297676	0.855634	0.221533	0.067799	1.000000	1.000000	0.325195	0.373093	31.299854	0.000000	0.167054	0.029855	0.000000	262144.000000	12.476649	512.000000	512.000000	786432.000000	1.000000	0.000000	0.000000	0.000000	3.000000	4.452275	4.913595	5.258788	5.399531	5.535069	0.613140	1.000000	1.000000	1.000000	0.142347	0.258422	0.432129	0.618222	16.000000	44.000000	88.000000	194.000000	255.000000	0.015873	0.079365	0.158730	0.238095	0.000000	0.015873	0.031746	0.047619	0.000000	0.000000	1.000000	1.803520	2.557507	3.014671	0.060165	0.134585	0.221533	0.000000	0.000000	5.502530	0.813097
/home/lilith/work/codec-eval/codec-corpus/CID22/CID22-512/training/3571065.png	large	512	512	2285.195557	0.824265	0.058455	0.018556	0.003398	0.000000	0.000000	26.658028	5.136427	0.737801	1177.000000	0.035919	0.015460	0.013310	0.000000	0.005600	0.005420	1.000000	0.920134	4.345747	42.533203	4.804688	0.000000	0.000000	0.000000	0.000000	0.000000	0.000000	80.000000	80.000000	0.000000	0.000000	1.000000	0.000000	8.000000	0.000000	0.080910	4.690301	0.183440	0.853935	0.071102	1.000000	1.000000	0.000000	0.000919	24.896235	0.000000	0.325397	0.010277	0.000000	262144.000000	12.476649	512.000000	512.000000	786432.000000	1.000000	0.000000	0.000000	0.000000	3.000000	4.708317	4.806953	4.900757	4.974131	5.075649	1.000000	1.000000	1.000000	1.000000	0.136806	0.179097	0.222384	0.272215	64.000000	110.000000	160.000000	255.000000	255.000000	0.253968	0.285714	0.333333	0.365079	0.000000	0.000000	0.000000	0.015873	1.000000	5.000000	11.000000	4.130221	4.364034	4.470517	0.578460	0.758743	0.853935	0.158730	0.222222	0.524332	0.501044
/home/lilith/work/codec-eval/codec-corpus/CID22/CID22-512/training/1248582.png	large	512	512	2853.521240	0.194109	0.084353	0.005724	0.009610	0.237549	0.009521	39.290710	0.437769	1.094051	1895.000000	0.057831	0.001850	0.002020	0.000000	0.023980	0.026380	6.000000	0.096543	4.412178	23.115234	8.541016	0.005859	0.000000	0.000000	0.000000	0.000000	0.000000	80.000000	80.000000	0.000000	0.000000	1.000000	0.000000	8.000000	0.000000	0.008579	3.711612	1.028232	0.074244	0.028890	1.000000	1.000000	0.588867	0.060333	19.991034	0.004883	0.088759	0.015935	0.000000	262144.000000	12.476649	512.000000	512.000000	786432.000000	1.000000	0.000000	0.000000	0.000000	3.000000	3.994790	4.564524	4.862003	4.982785	5.226852	0.237536	0.732782	1.000000	1.000000	0.055939	0.127964	0.291316	0.537515	5.000000	16.000000	43.000000	122.000000	255.000000	0.000000	0.015873	0.079365	0.142857	0.000000	0.000000	0.000000	0.031746	0.000000	0.000000	0.000000	1.494633	1.722223	2.052117	0.030661	0.047203	0.074244	0.000000	0.000000	13.520792	0.869994
/home/lilith/work/codec-eval/codec-corpus/CID22/CID22-512/training/5894435.png	large	512	512	8826.230469	0.080522	0.065187	0.006609	0.002430	0.499512	0.176514	23.703369	0.238998	1.548565	1196.000000	0.036499	0.003460	0.001620	1.000000	0.002990	0.002290	1.000000	0.179992	4.168254	9.140625	2.832031	0.154297	0.000000	0.000000	0.000000	0.000000	0.000000	80.000000	80.000000	0.000000	0.000000	1.000000	0.000000	8.000000	0.000000	0.360813	2.676799	1.486316	0.000000	0.000000	1.000000	1.000000	0.390625	0.126232	21.337559	0.171875	0.053664	0.007006	0.000000	262144.000000	12.476649	512.000000	512.000000	786432.000000	1.000000	0.000000	0.000000	0.000000	3.000000	3.017392	3.864774	4.335778	4.572487	5.105010	0.042455	0.242328	0.628649	1.000000	0.014759	0.050895	0.145623	0.254931	2.000000	7.000000	24.000000	100.000000	255.000000	0.000000	0.000000	0.015873	0.079365	0.000000	0.000000	0.000000	0.015873	0.000000	0.000000	0.000000	0.000000	0.000000	0.000000	0.000000	0.000000	0.000000	0.000000	0.000000	32.331841	0.682960
/home/lilith/work/codec-eval/codec-corpus/CID22/CID22-512/training/3534924.png	large	512	512	1399.954102	0.049946	0.121597	0.003755	0.003884	0.495605	0.002686	45.919724	0.193250	1.427032	1092.000000	0.033325	0.000740	0.000630	0.000000	0.007740	0.005740	8.000000	0.135539	3.272654	7.577148	2.381836	0.003906	0.000000	0.000000	0.000000	0.000000	0.000000	80.000000	80.000000	0.000000	0.000000	1.000000	0.000000	8.000000	0.000000	0.290771	3.198834	0.676361	0.103884	0.018513	1.000000	1.000000	0.220703	0.123535	22.944258	0.010742	0.031684	0.003984	0.000000	262144.000000	12.476649	512.000000	512.000000	786432.000000	1.000000	0.000000	0.000000	0.000000	3.000000	3.074085	3.398114	4.257165	4.840046	5.100951	0.133041	0.184950	0.300177	1.000000	0.023897	0.031534	0.047926	0.137865	7.000000	15.000000	27.000000	75.000000	255.000000	0.000000	0.000000	0.000000	0.031746	0.000000	0.000000	0.000000	0.000000	0.000000	0.000000	0.000000	1.868865	2.460522	2.558990	0.059217	0.090510	0.103884	0.000000	0.000000	27.405815	0.590510
/home/lilith/work/codec-eval/codec-corpus/CID22/CID22-512/training/pexels-photo-2802032.png	large	512	512	1956.755859	0.158333	0.122664	0.013625	0.004036	0.453369	0.001709	51.006958	0.628147	1.191203	1912.000000	0.058350	0.011480	0.012140	1.000000	0.006260	0.005340	2.000000	0.165450	3.596944	20.426758	11.645508	0.016602	0.000000	0.000000	0.000000	0.000000	0.000000	80.000000	80.000000	0.000000	0.000000	1.000000	0.000000	8.000000	0.000000	0.074341	3.470878	1.134314	0.076367	0.039341	1.000000	1.000000	0.531250	0.256252	26.626505	0.000000	0.093471	0.025949	0.000000	262144.000000	12.476649	512.000000	512.000000	786432.000000	1.000000	0.000000	0.000000	0.000000	3.000000	3.236395	4.608454	4.961020	5.083927	5.354723	0.131134	0.322106	1.000000	1.000000	0.062154	0.131098	0.400769	0.806673	2.000000	8.000000	49.000000	156.000000	255.000000	0.000000	0.015873	0.031746	0.190476	0.000000	0.000000	0.015873	0.047619	0.000000	0.000000	0.000000	1.584755	1.844224	2.018857	0.040750	0.057845	0.076367	0.000000	0.000000	15.179532	0.873603
/home/lilith/work/codec-eval/codec-corpus/CID22/CID22-512/training/pexels-photo-3193731.png	large	512	512	6117.110840	0.125700	0.189134	0.009328	0.007293	0.453857	0.153809	70.979904	0.438314	1.325826	5463.000000	0.166718	0.006480	0.005640	4.000000	0.025200	0.013170	12.000000	0.128466	4.460464	16.046875	9.962891	0.006836	0.000000	0.000000	0.000000	0.000000	0.000000	80.000000	80.000000	0.000000	0.000000	1.000000	0.000000	8.000000	0.000000	0.063786	3.075073	1.303738	0.032490	0.021873	1.000000	1.000000	0.352539	0.070126	28.092991	0.070312	0.074234	0.016044	0.000000	262144.000000	12.476649	512.000000	512.000000	786432.000000	1.000000	0.000000	0.000000	0.000000	3.000000	3.273750	4.090698	4.854258	5.106667	5.339117	0.062283	0.296332	0.786159	1.000000	0.033770	0.084687	0.194669	0.435599	2.000000	13.000000	36.000000	132.000000	255.000000	0.000000	0.000000	0.031746	0.126984	0.000000	0.000000	0.000000	0.015873	0.000000	0.000000	0.000000	0.748915	1.113941	1.339637	0.013385	0.024765	0.032490	0.000000	0.000000	20.354952	0.807843
/home/lilith/work/codec-eval/codec-corpus/CID22/CID22-512/training/1536017106.png	large	512	512	2181.733887	0.119351	0.184903	0.007329	0.006312	0.695801	0.682129	64.093529	0.859476	1.272511	3975.000000	0.121307	0.022820	0.032260	8.000000	0.126600	0.215460	62.000000	0.308130	1.887003	15.143555	18.822266	0.685547	0.000000	0.000000	0.000000	0.000000	0.000000	80.000000	80.000000	0.000000	0.000000	1.000000	0.000000	8.000000	0.000000	0.789661	1.452928	2.146098	0.000000	0.000000	1.000000	1.000000	0.032227	0.065254	32.992325	0.700195	0.070080	0.022104	0.000000	262144.000000	12.476649	512.000000	512.000000	786432.000000	1.000000	0.000000	0.000000	0.000000	3.000000	0.000000	4.274541	4.887149	5.059373	5.291828	0.000000	0.000000	0.853682	1.000000	0.000000	0.000000	0.054832	0.861497	0.000000	0.000000	52.000000	185.000000	255.000000	0.000000	0.000000	0.000000	0.142857	0.000000	0.000000	0.000000	0.000000	0.000000	0.000000	0.000000	0.000000	0.000000	0.000000	0.000000	0.000000	0.000000	0.000000	0.000000	13.344826	0.230747
/home/lilith/work/codec-eval/codec-corpus/CID22/CID22-512/training/2184504.png	large	512	512	3223.308350	0.260753	0.064866	0.010083	0.008232	0.135742	0.015381	29.191359	0.661001	1.322052	2035.000000	0.062103	0.005010	0.004150	0.000000	0.021130	0.018150	3.000000	0.167869	4.369213	20.780273	3.854492	0.009766	0.000000	0.000000	0.000000	0.000000	0.000000	80.000000	80.000000	0.000000	0.000000	1.000000	0.000000	8.000000	0.000000	0.136509	3.908854	0.820022	0.197297	0.042100	1.000000	1.000000	0.230469	0.614597	21.582647	0.009766	0.117777	0.007285	0.000000	262144.000000	12.476649	512.000000	512.000000	786432.000000	1.000000	0.000000	0.000000	0.000000	3.000000	4.037655	4.458765	4.808157	4.993878	5.158275	0.374514	0.731132	1.000000	1.000000	0.059616	0.091742	0.153908	0.253543	12.000000	30.000000	56.000000	131.000000	255.000000	0.015873	0.047619	0.111111	0.174603	0.000000	0.000000	0.000000	0.015873	0.000000	0.000000	1.000000	0.297622	2.524862	2.888241	0.004253	0.121452	0.197297	0.000000	0.000000	9.569454	0.774151
/home/lilith/work/codec-eval/codec-corpus/CID22/CID22-512/training/261045.png	large	512	512	2889.707275	0.153450	0.222378	0.010441	0.011072	0.465576	0.123291	85.034676	0.510435	1.289655	3695.000000	0.112762	0.012090	0.011190	2.000000	0.093510	0.091120	19.000000	0.216606	4.180034	12.940430	8.688477	0.003906	0.000000	0.000000	0.000000	0.000000	0.000000	80.000000	80.000000	0.000000	0.000000	1.000000	0.000000	8.000000	0.000000	0.238323	3.051778	1.246987	0.026222	0.016539	1.000000	1.000000	0.264648	0.214584	21.797291	0.008789	0.063058	0.013036	0.000000	262144.000000	12.476649	512.000000	512.000000	786432.000000	1.000000	0.000000	0.000000	0.000000	3.000000	3.198227	4.054148	4.639148	4.922208	5.201206	0.059952	0.257419	0.675564	1.000000	0.028436	0.091668	0.215044	0.434777	3.000000	17.000000	48.000000	127.000000	255.000000	0.000000	0.000000	0.031746	0.111111	0.000000	0.000000	0.000000	0.015873	0.000000	0.000000	0.000000	0.600360	1.176091	1.306089	0.008412	0.020179	0.026222	0.000000	0.000000	12.073823	0.684304
/home/lilith/work/codec-eval/codec-corpus/CID22/CID22-512/training/1570264.png	large	512	512	2450.016113	0.333409	0.020203	0.004764	0.004078	0.000732	0.000000	9.809583	0.696733	0.918454	773.000000	0.023590	0.001170	0.001520	0.000000	0.005370	0.008450	1.000000	0.273455	4.037450	17.577148	0.885742	0.000000	0.000000	0.000000	0.000000	0.000000	0.000000	80.000000	80.000000	0.000000	0.000000	1.000000	0.000000	8.000000	0.000000	0.010429	4.029518	0.402041	0.351224	0.032648	1.000000	1.000000	0.103516	0.000942	11.200926	0.000000	0.122520	0.001225	0.000000	262144.000000	12.476649	512.000000	512.000000	786432.000000	1.000000	0.000000	0.000000	0.000000	3.000000	3.968657	4.252464	4.648663	4.836012	5.002576	0.447004	0.599926	0.899989	1.000000	0.040931	0.052957	0.072734	0.106415	22.000000	39.000000	59.000000	109.000000	255.000000	0.047619	0.079365	0.111111	0.158730	0.000000	0.000000	0.000000	0.000000	0.000000	2.000000	4.000000	3.250420	3.448279	3.577016	0.235200	0.294856	0.351224	0.015873	0.031746	4.648104	0.653341
/home/lilith/work/codec-eval/codec-corpus/CID22/CID22-512/training/962312.png	large	512	512	6525.338379	0.193692	0.000000	0.000000	0.000000	0.652832	0.573730	0.000000	3.030995	0.969093	32.000000	0.000977	0.000000	0.000000	0.000000	0.000000	0.000000	0.000000	0.239121	2.965766	49.231445	0.000000	0.035156	0.000000	0.000000	0.000000	8.000000	1.000000	80.000000	80.000000	0.000000	0.000000	1.000000	0.000000	8.000000	0.000000	1.000000	2.596778	1.957298	0.008866	0.000000	1.000000	1.000000	0.133789	0.000000	52.894527	0.083984	0.127759	0.000000	1.000000	262144.000000	12.476649	512.000000	512.000000	786432.000000	1.000000	0.000000	0.000000	0.000000	3.000000	1.543873	5.043929	5.496729	5.664105	5.776506	0.021765	0.042499	1.000000	1.000000	0.000000	0.000000	0.000000	0.000000	1.000000	9.000000	119.000000	255.000000	255.000000	0.000000	0.000000	0.000000	0.317460	0.000000	0.000000	0.000000	0.000000	0.000000	0.000000	0.000000	0.000000	0.467976	0.676694	0.000000	0.005629	0.008866	0.000000	0.000000	5.087263	0.592168
/home/lilith/work/codec-eval/codec-corpus/CID22/CID22-512/training/7394483.png	large	512	512	1491.264404	0.071166	0.059764	0.003962	0.004897	0.589844	0.116455	24.563831	0.125443	1.464612	1241.000000	0.037872	0.001150	0.000820	0.000000	0.018970	0.007590	4.000000	0.091992	3.821332	9.296875	3.294922	0.000000	0.000000	0.000000	0.000000	0.000000	0.000000	80.000000	80.000000	0.000000	0.000000	1.000000	0.000000	8.000000	0.000000	0.109425	2.858875	1.040218	0.044303	0.004253	1.000000	1.000000	0.564453	0.299591	15.571987	0.041992	0.041791	0.006944	0.000000	262144.000000	12.476649	512.000000	512.000000	786432.000000	1.000000	0.000000	0.000000	0.000000	3.000000	2.660806	3.694055	4.423361	4.678932	5.021924	0.073968	0.162419	0.558942	1.000000	0.016226	0.033221	0.092860	0.322627	2.000000	5.000000	17.000000	70.000000	255.000000	0.000000	0.000000	0.015873	0.047619	0.000000	0.000000	0.000000	0.000000	0.000000	0.000000	0.000000	1.224015	1.446187	1.612122	0.021964	0.033775	0.044303	0.000000	0.000000	30.994984	0.874192
/home/lilith/work/codec-eval/codec-corpus/CID22/CID22-512/training/Temperament-pie-chart-according-to-Eysenck.png	large	512	512	5784.349121	0.140058	0.204561	0.008884	0.009487	0.629883	0.591064	85.334930	2.018938	1.110273	1783.000000	0.054413	0.026550	0.021100	6.000000	0.193480	0.155650	63.000000	0.257663	3.466316	33.097656	14.072266	0.610352	0.000000	0.000000	0.000000	0.000000	0.000000	80.000000	80.000000	0.000000	0.000000	1.000000	0.000000	8.000000	0.000000	0.443459	2.077922	2.375353	0.000000	0.000000	1.000000	1.000000	0.102539	0.212517	53.024635	0.617188	0.109282	0.023050	0.000000	262144.000000	12.476649	512.000000	512.000000	786432.000000	1.000000	0.000000	0.000000	0.000000	3.000000	0.000000	4.859161	5.337597	5.429829	5.580504	0.000000	0.000000	1.000000	1.000000	0.000000	0.000000	0.338636	0.851671	0.000000	1.000000	76.000000	255.000000	255.000000	0.000000	0.000000	0.000000	0.222222	0.000000	0.000000	0.000000	0.031746	0.000000	0.000000	0.000000	0.000000	0.000000	0.000000	0.000000	0.000000	0.000000	0.000000	0.000000	9.037558	0.345449
/home/lilith/work/codec-eval/codec-corpus/CID22/CID22-512/training/164338.png	large	512	512	4622.114258	0.399378	0.172142	0.010964	0.012211	0.128662	0.062012	61.737057	2.115450	0.984703	5879.000000	0.179413	0.010260	0.009320	2.000000	0.083350	0.082930	15.000000	0.173506	4.665876	47.379883	11.919922	0.003906	0.000000	0.000000	0.000000	0.000000	0.000000	80.000000	80.000000	0.000000	0.000000	1.000000	0.000000	8.000000	0.000000	0.123531	4.243774	1.120118	0.140813	0.028026	1.000000	1.000000	0.265625	0.193031	33.541649	0.007812	0.155661	0.020105	0.000000	262144.000000	12.476649	512.000000	512.000000	786432.000000	1.000000	0.000000	0.000000	0.000000	3.000000	4.633791	5.026006	5.274293	5.412751	5.583282	0.434711	1.000000	1.000000	1.000000	0.057887	0.163319	0.296369	0.596810	21.000000	56.000000	106.000000	223.000000	255.000000	0.000000	0.063492	0.126984	0.253968	0.000000	0.000000	0.015873	0.031746	0.000000	0.000000	1.000000	0.941234	1.361727	2.845563	0.013287	0.031697	0.140813	0.000000	0.000000	3.848295	0.730862
/home/lilith/work/codec-eval/codec-corpus/CID22/CID22-512/validation/162520.png	large	512	512	2543.429199	0.204679	0.172273	0.011485	0.007150	0.292969	0.001221	61.157906	0.474813	1.137518	2152.000000	0.065674	0.007680	0.003150	1.000000	0.018100	0.008010	2.000000	0.152835	4.425256	18.525391	5.957031	0.000000	0.000000	0.000000	0.000000	0.000000	0.000000	80.000000	80.000000	0.000000	0.000000	1.000000	0.000000	8.000000	0.000000	0.004211	3.628723	0.946728	0.087967	0.028108	1.000000	1.000000	0.422852	0.583359	19.405491	0.000000	0.098183	0.013610	0.000000	262144.000000	12.476649	512.000000	512.000000	786432.000000	1.000000	0.000000	0.000000	0.000000	3.000000	3.780601	4.392605	4.747416	4.944261	5.263654	0.206355	0.585002	1.000000	1.000000	0.053923	0.131174	0.234923	0.345475	5.000000	19.000000	47.000000	121.000000	255.000000	0.000000	0.015873	0.079365	0.174603	0.000000	0.000000	0.000000	0.015873	0.000000	0.000000	0.000000	1.854211	2.035180	2.173004	0.056393	0.070312	0.087967	0.000000	0.000000	11.565189	0.840596
/home/lilith/work/codec-eval/codec-corpus/CID22/CID22-512/training/35875869841_0b10e41e57_o.png	large	512	512	2965.858398	0.113560	0.200709	0.009740	0.009224	0.445068	0.011963	73.687523	0.456404	1.465195	3406.000000	0.103943	0.013890	0.009360	4.000000	0.088000	0.033250	26.000000	0.127276	3.904854	16.294922	13.724609	0.003906	0.000000	0.000000	0.000000	0.000000	0.000000	80.000000	80.000000	0.000000	0.000000	1.000000	0.000000	8.000000	0.000000	0.288548	3.133825	1.192559	0.035397	0.000000	1.000000	1.000000	0.267578	0.216484	29.731289	0.003906	0.061988	0.016354	0.000000	262144.000000	12.476649	512.000000	512.000000	786432.000000	1.000000	0.000000	0.000000	0.000000	3.000000	3.179767	4.084102	4.791220	5.085486	5.453853	0.050461	0.263786	0.794227	1.000000	0.021037	0.054445	0.192571	0.729197	4.000000	13.000000	33.000000	140.000000	255.000000	0.000000	0.000000	0.031746	0.095238	0.000000	0.000000	0.000000	0.015873	0.000000	0.000000	0.000000	1.406274	1.523219	1.616574	0.024426	0.030996	0.035397	0.000000	0.000000	25.578310	0.719555
/home/lilith/work/codec-eval/codec-corpus/CID22/CID22-512/training/7280783.png	large	512	512	1022.590454	0.134658	0.106741	0.013177	0.009502	0.154053	0.000000	45.577858	0.273064	1.284868	1946.000000	0.059387	0.007410	0.006660	1.000000	0.024610	0.024540	3.000000	0.187038	3.808075	12.331055	6.125977	0.000000	0.000000	0.000000	0.000000	0.000000	0.000000	80.000000	80.000000	0.000000	0.000000	1.000000	0.000000	8.000000	0.000000	0.002708	3.676072	0.573763	0.202229	0.060371	1.000000	1.000000	0.491211	0.858295	11.686559	0.000000	0.085550	0.013408	0.000000	262144.000000	12.476649	512.000000	512.000000	786432.000000	1.000000	0.000000	0.000000	0.000000	3.000000	3.752422	4.082165	4.342200	4.476527	4.786448	0.343423	0.560820	0.795643	1.000000	0.092726	0.137435	0.200948	0.294105	6.000000	16.000000	34.000000	91.000000	255.000000	0.015873	0.031746	0.079365	0.126984	0.000000	0.000000	0.015873	0.015873	0.000000	0.000000	1.000000	2.206657	2.554924	2.862392	0.068053	0.139783	0.202229	0.000000	0.000000	15.128848	0.839235
/home/lilith/work/codec-eval/codec-corpus/CID22/CID22-512/training/14768480444_bc0a1b4a2e_o.png	large	512	512	4616.340332	0.215168	0.256801	0.013037	0.015818	0.285156	0.053955	92.989136	0.789118	1.212018	8447.000000	0.257782	0.029680	0.020720	6.000000	0.414040	0.282130	88.000000	0.140844	4.334500	25.350586	31.180664	0.046875	0.000000	0.000000	0.000000	0.000000	0.000000	80.000000	80.000000	0.000000	0.000000	1.000000	0.000000	8.000000	0.000000	0.115528	3.667719	1.195549	0.097063	0.021298	1.000000	1.000000	0.323242	0.139637	29.706726	0.066406	0.110352	0.031017	0.000000	262144.000000	12.476649	512.000000	512.000000	786432.000000	1.000000	0.000000	0.000000	0.000000	3.000000	3.891488	4.528896	5.039954	5.233099	5.481236	0.190970	0.648849	1.000000	1.000000	0.040530	0.088501	0.344300	1.000000	6.000000	22.000000	57.000000	161.000000	255.000000	0.000000	0.015873	0.079365	0.174603	0.000000	0.000000	0.000000	0.047619	0.000000	0.000000	0.000000	0.000000	1.213764	2.354109	0.000000	0.029428	0.097063	0.000000	0.000000	11.241358	0.780272
/home/lilith/work/codec-eval/codec-corpus/CID22/CID22-512/training/45258.png	large	512	512	1368.531738	0.086879	0.211422	0.007455	0.007087	0.526123	0.065430	79.104225	0.246763	1.426468	1929.000000	0.058868	0.002720	0.002240	0.000000	0.021010	0.021110	5.000000	0.086430	3.241435	14.164062	7.888672	0.041992	0.000000	0.000000	0.000000	0.000000	0.000000	80.000000	80.000000	0.000000	0.000000	1.000000	0.000000	8.000000	0.000000	0.087868	2.930993	1.292576	0.031528	0.019819	1.000000	1.000000	0.317383	0.111992	25.674713	0.041992	0.056098	0.015005	0.000000	262144.000000	12.476649	512.000000	512.000000	786432.000000	1.000000	0.000000	0.000000	0.000000	3.000000	2.983175	3.895640	4.729414	4.994060	5.494398	0.046547	0.228101	0.686055	1.000000	0.029733	0.063786	0.228369	0.516262	4.000000	9.000000	23.000000	101.000000	255.000000	0.000000	0.000000	0.015873	0.079365	0.000000	0.000000	0.000000	0.031746	0.000000	0.000000	0.000000	0.000000	0.297629	1.643451	0.000000	0.004346	0.031528	0.000000	0.000000	31.920471	0.699116
/home/lilith/work/codec-eval/codec-corpus/CID22/CID22-512/training/pexels-photo-4577831.png	large	512	512	2298.945557	0.106330	0.110356	0.003328	0.003567	0.242188	0.059082	46.419273	0.192964	1.285771	1402.000000	0.042786	0.000400	0.001800	0.000000	0.003120	0.013470	1.000000	0.109146	4.202125	13.979492	5.573242	0.016602	0.000000	0.000000	0.000000	0.000000	0.000000	80.000000	80.000000	0.000000	0.000000	1.000000	0.000000	8.000000	0.000000	0.011929	3.440389	0.997935	0.081980	0.019095	1.000000	1.000000	0.536133	0.523743	14.181752	0.047852	0.068189	0.010618	0.000000	262144.000000	12.476649	512.000000	512.000000	786432.000000	1.000000	0.000000	0.000000	0.000000	3.000000	3.615398	4.103770	4.484795	4.667186	5.034966	0.249873	0.472084	0.850514	1.000000	0.045382	0.091956	0.207650	0.337080	5.000000	14.000000	28.000000	75.000000	255.000000	0.000000	0.031746	0.063492	0.095238	0.000000	0.000000	0.000000	0.015873	0.000000	0.000000	0.000000	0.000000	1.204123	2.054936	0.000000	0.027881	0.081980	0.000000	0.000000	18.837540	0.833268
/home/lilith/work/codec-eval/codec-corpus/CID22/CID22-512/training/670530.png	large	512	512	1490.093750	0.035696	0.074641	0.002504	0.001690	0.745117	0.281738	31.061295	0.115512	1.727395	723.000000	0.022064	0.000590	0.000690	0.000000	0.001440	0.001530	0.000000	0.156491	3.628583	4.628906	0.809570	0.001953	0.000000	0.000000	0.000000	0.000000	0.000000	80.000000	80.000000	0.000000	0.000000	1.000000	0.000000	8.000000	0.000000	0.056622	2.366061	1.026004	0.018471	0.004253	1.000000	1.000000	0.498047	0.002254	23.379650	0.021484	0.025453	0.001705	0.000000	262144.000000	12.476649	512.000000	512.000000	786432.000000	1.000000	0.000000	0.000000	0.000000	3.000000	2.325278	3.042766	3.672604	4.253978	4.897180	0.036582	0.113212	0.256013	0.532283	0.014651	0.027293	0.053288	0.095798	1.000000	2.000000	8.000000	79.000000	255.000000	0.000000	0.000000	0.000000	0.031746	0.000000	0.000000	0.000000	0.000000	0.000000	0.000000	0.000000	0.586517	0.965408	1.129831	0.007204	0.014331	0.018471	0.000000	0.000000	58.802326	0.778684
/home/lilith/work/codec-eval/codec-corpus/CID22/CID22-512/training/708587.png	large	512	512	5607.231934	0.118692	0.115987	0.011550	0.010657	0.549072	0.023193	47.034149	0.328608	1.234318	4692.000000	0.143188	0.010760	0.015280	5.000000	0.049500	0.065370	17.000000	0.105701	4.454117	16.437500	8.876953	0.006836	0.000000	0.000000	0.000000	0.000000	0.000000	80.000000	80.000000	0.000000	0.000000	1.000000	0.000000	8.000000	0.000000	0.156113	3.072660	1.217171	0.049435	0.024431	1.000000	1.000000	0.378906	0.160774	26.016005	0.023438	0.067662	0.018586	0.000000	262144.000000	12.476649	512.000000	512.000000	786432.000000	1.000000	0.000000	0.000000	0.000000	3.000000	2.659188	4.153689	4.869678	5.093285	5.449813	0.076505	0.161731	0.927644	1.000000	0.040984	0.068729	0.273657	0.587082	2.000000	7.000000	29.000000	117.000000	255.000000	0.000000	0.000000	0.015873	0.126984	0.000000	0.000000	0.000000	0.031746	0.000000	0.000000	0.000000	1.144181	1.534465	1.760492	0.021898	0.038921	0.049435	0.000000	0.000000	25.855963	0.820757
/home/lilith/work/codec-eval/codec-corpus/CID22/CID22-512/training/631317.png	large	512	512	2527.071045	0.257743	0.114572	0.018484	0.011435	0.054443	0.009033	45.350620	0.685443	1.308573	3196.000000	0.097534	0.020390	0.022440	5.000000	0.045450	0.046200	6.000000	0.205297	4.283660	21.480469	8.451172	0.000000	0.000000	0.000000	0.000000	0.000000	0.000000	80.000000	80.000000	0.000000	0.000000	1.000000	0.000000	8.000000	0.000000	0.104610	3.984796	0.667340	0.291416	0.064759	1.000000	1.000000	0.140625	0.526516	20.353733	0.000000	0.126116	0.019051	0.000000	262144.000000	12.476649	512.000000	512.000000	786432.000000	1.000000	0.000000	0.000000	0.000000	3.000000	4.025530	4.366717	4.766160	4.968124	5.293327	0.446003	0.709655	1.000000	1.000000	0.091801	0.147147	0.279954	0.498014	15.000000	31.000000	54.000000	133.000000	255.000000	0.031746	0.063492	0.111111	0.174603	0.000000	0.000000	0.015873	0.031746	0.000000	0.000000	1.000000	1.393575	3.036373	3.293304	0.029018	0.209734	0.291416	0.000000	0.015873	12.706291	0.744316
/home/lilith/work/codec-eval/codec-corpus/CID22/CID22-512/training/pexels-photo-3214683.png	large	512	512	5828.139648	0.078420	0.093271	0.004257	0.003994	0.499268	0.011230	35.419136	0.182186	1.552170	1943.000000	0.059296	0.000770	0.000690	0.000000	0.005620	0.003900	3.000000	0.072356	4.401325	12.952148	3.679688	0.000000	0.000000	0.000000	0.000000	0.000000	0.000000	80.000000	80.000000	0.000000	0.000000	1.000000	0.000000	8.000000	0.000000	0.358986	3.195846	0.965557	0.064169	0.000000	1.000000	1.000000	0.398438	0.256802	23.905651	0.003906	0.050394	0.008324	0.000000	262144.000000	12.476649	512.000000	512.000000	786432.000000	1.000000	0.000000	0.000000	0.000000	3.000000	3.116857	3.948092	4.521052	4.933323	5.413990	0.097001	0.265082	0.692630	1.000000	0.010196	0.039611	0.136692	0.310056	4.000000	9.000000	21.000000	81.000000	255.000000	0.000000	0.000000	0.031746	0.079365	0.000000	0.000000	0.000000	0.015873	0.000000	0.000000	0.000000	1.584756	1.958744	2.048187	0.037392	0.053474	0.064169	0.000000	0.000000	44.179363	0.791341
/home/lilith/work/codec-eval/codec-corpus/CID22/CID22-512/training/pexels-photo-2811087.png	large	512	512	3184.740234	0.100543	0.063038	0.003671	0.003687	0.302002	0.015625	28.523407	0.230170	1.498496	1137.000000	0.034698	0.000460	0.000380	0.000000	0.002830	0.002240	0.000000	0.151813	4.150046	10.910156	2.083984	0.000000	0.000000	0.000000	0.000000	0.000000	0.000000	80.000000	80.000000	0.000000	0.000000	1.000000	0.000000	8.000000	0.000000	0.104935	3.403594	0.751398	0.120945	0.018725	1.000000	1.000000	0.411133	0.540150	12.286480	0.020508	0.058594	0.003999	0.000000	262144.000000	12.476649	512.000000	512.000000	786432.000000	1.000000	0.000000	0.000000	0.000000	3.000000	3.410120	3.935550	4.314887	4.503145	5.125088	0.197294	0.365324	0.648607	1.000000	0.035458	0.059817	0.099789	0.158450	5.000000	16.000000	32.000000	82.000000	255.000000	0.000000	0.015873	0.047619	0.095238	0.000000	0.000000	0.000000	0.000000	0.000000	0.000000	0.000000	1.591066	1.983894	2.464987	0.042421	0.074242	0.120945	0.000000	0.000000	12.747668	0.800025
/home/lilith/work/codec-eval/codec-corpus/CID22/CID22-512/training/861443.png	large	512	512	2158.172852	0.007165	0.159237	0.003139	0.002929	0.931641	0.011475	77.157692	0.030622	1.991308	435.000000	0.013275	0.001280	0.001200	0.000000	0.005860	0.006760	4.000000	0.088297	3.995169	1.563477	0.995117	0.000000	0.000000	0.000000	0.000000	0.000000	0.000000	80.000000	80.000000	0.000000	0.000000	1.000000	0.000000	8.000000	0.000000	0.024929	1.989875	0.613511	0.029028	0.023309	1.000000	1.000000	0.029297	0.036190	28.592344	0.000000	0.006960	0.001953	0.000000	262144.000000	12.476649	512.000000	512.000000	786432.000000	1.000000	0.000000	0.000000	0.000000	3.000000	1.864715	2.080762	2.262451	3.475687	4.759779	0.037634	0.050507	0.068849	0.089003	0.027980	0.034210	0.044576	0.062420	2.000000	4.000000	6.000000	26.000000	194.000000	0.000000	0.000000	0.000000	0.000000	0.000000	0.000000	0.000000	0.000000	0.000000	0.000000	0.000000	1.255271	1.433118	1.517691	0.019813	0.025891	0.029028	0.000000	0.000000	162.224777	0.555429
/home/lilith/work/codec-eval/codec-corpus/CID22/CID22-512/validation/3762075.png	large	512	512	5631.873047	0.106506	0.155446	0.008075	0.005460	0.425293	0.304688	63.065933	0.175208	1.327134	3382.000000	0.103210	0.006100	0.010090	2.000000	0.016550	0.033970	11.000000	0.052609	3.873381	18.021484	9.413086	0.149414	0.000000	0.000000	0.000000	0.000000	0.000000	80.000000	80.000000	0.000000	0.000000	1.000000	0.000000	8.000000	0.000000	0.395649	2.858661	1.741773	0.000000	0.000000	1.000000	1.000000	0.567383	0.423088	18.524549	0.194336	0.059431	0.017857	0.000000	262144.000000	12.476649	512.000000	512.000000	786432.000000	1.000000	0.000000	0.000000	0.000000	3.000000	3.498136	4.320022	4.768022	4.968394	5.238390	0.021040	0.427754	1.000000	1.000000	0.000000	0.073685	0.280064	0.524074	1.000000	6.000000	18.000000	86.000000	255.000000	0.000000	0.000000	0.031746	0.095238	0.000000	0.000000	0.000000	0.031746	0.000000	0.000000	0.000000	0.000000	0.000000	0.000000	0.000000	0.000000	0.000000	0.000000	0.000000	42.340244	0.706570
/home/lilith/work/codec-eval/codec-corpus/CID22/CID22-512/training/pexels-photo-3680501.png	large	512	512	835.578613	0.156560	0.082900	0.008859	0.009198	0.277344	0.000000	38.463566	0.660722	1.255453	2062.000000	0.062927	0.005790	0.003930	1.000000	0.024020	0.024060	4.000000	0.288097	2.917771	12.272461	7.193359	0.000000	0.000000	0.000000	0.000000	0.000000	0.000000	80.000000	80.000000	0.000000	0.000000	1.000000	0.000000	8.000000	0.000000	0.022072	3.548481	0.694380	0.110999	0.054472	1.000000	1.000000	0.061523	0.069817	25.454712	0.000000	0.064608	0.014772	0.000000	262144.000000	12.476649	512.000000	512.000000	786432.000000	1.000000	0.000000	0.000000	0.000000	3.000000	3.312587	4.029337	4.670839	4.984936	5.298074	0.143267	0.217776	0.624202	1.000000	0.070988	0.115892	0.232706	0.345091	14.000000	27.000000	49.000000	146.000000	255.000000	0.000000	0.000000	0.015873	0.111111	0.000000	0.000000	0.000000	0.031746	0.000000	1.000000	2.000000	2.529699	2.719111	2.841506	0.072561	0.095209	0.110999	0.000000	0.000000	14.916611	0.456636
/home/lilith/work/codec-eval/codec-corpus/CID22/CID22-512/validation/164595.png	large	512	512	5543.333496	0.190601	0.076320	0.006201	0.005901	0.525879	0.099365	33.281036	1.979292	1.004345	1526.000000	0.046570	0.005620	0.008510	1.000000	0.033910	0.062950	15.000000	0.419355	4.539829	28.231445	4.023438	0.005859	0.000000	0.000000	0.000000	0.000000	0.000000	80.000000	80.000000	0.000000	0.000000	1.000000	0.000000	8.000000	0.000000	0.080055	3.179184	1.416065	0.036938	0.009002	1.000000	1.000000	0.348633	0.361385	46.344112	0.010742	0.094820	0.008696	0.000000	262144.000000	12.476649	512.000000	512.000000	786432.000000	1.000000	0.000000	0.000000	0.000000	3.000000	2.841741	4.692758	5.294159	5.446810	5.539871	0.064648	0.195060	1.000000	1.000000	0.019129	0.037611	0.143897	0.352011	3.000000	12.000000	82.000000	255.000000	255.000000	0.000000	0.000000	0.015873	0.126984	0.000000	0.000000	0.000000	0.015873	0.000000	0.000000	0.000000	1.111849	1.299669	1.497448	0.018160	0.026990	0.036938	0.000000	0.000000	8.105406	0.754773
/home/lilith/work/codec-eval/codec-corpus/CID22/CID22-512/training/AgilityCourseElements.png	large	512	512	839.601562	0.040744	0.078449	0.001796	0.000256	0.867188	0.854980	22.757881	0.616557	1.488824	334.000000	0.010193	0.009140	0.005820	11.000000	0.001240	0.002330	4.000000	0.224684	0.533477	12.153320	4.309570	0.861328	0.000000	0.000000	0.000000	0.000000	0.000000	80.000000	80.000000	0.000000	0.000000	1.000000	0.000000	8.000000	0.000000	0.983864	0.681555	1.695426	0.000000	0.000000	1.000000	1.000000	0.039062	0.000072	51.540199	0.885742	0.040117	0.004139	0.000000	262144.000000	12.476649	512.000000	512.000000	786432.000000	1.000000	0.000000	0.000000	0.000000	3.000000	0.000000	0.000000	4.539044	5.319991	5.519845	0.000000	0.000000	0.000000	1.000000	0.000000	0.000000	0.000000	0.000000	0.000000	0.000000	0.000000	194.000000	255.000000	0.000000	0.000000	0.000000	0.000000	0.000000	0.000000	0.000000	0.000000	0.000000	0.000000	0.000000	0.000000	0.000000	0.000000	0.000000	0.000000	0.000000	0.000000	0.000000	37.891418	0.112618
/home/lilith/work/codec-eval/codec-corpus/gb82/sand-lossless.png	large	576	576	1543.137207	0.629837	0.075573	0.030335	0.016545	0.004051	0.000000	30.516510	1.883242	0.883744	1983.000000	0.060516	0.037870	0.045750	1.000000	0.067220	0.081520	3.000000	0.374842	4.099463	29.551592	9.691418	0.000000	0.000000	0.000000	0.000000	0.000000	0.000000	80.000000	80.000000	0.000000	0.000000	1.000000	0.000000	8.000000	0.000000	0.043897	4.451362	0.320355	0.643974	0.154412	1.000000	1.000000	0.049180	0.653516	15.608593	0.000000	0.224687	0.023970	0.000000	331776.000000	12.712215	576.000000	576.000000	995328.000000	1.000000	0.000000	0.000000	0.000000	3.000000	4.462461	4.663435	4.820140	4.920968	5.134804	0.825902	1.000000	1.000000	1.000000	0.199536	0.262918	0.346210	0.461792	35.000000	63.000000	95.000000	157.000000	255.000000	0.142857	0.190476	0.222222	0.269841	0.000000	0.000000	0.015873	0.031746	0.000000	2.000000	6.000000	3.479998	3.946817	4.086315	0.344097	0.551918	0.643974	0.047619	0.111111	1.498923	0.666557
/home/lilith/work/codec-eval/codec-corpus/CID22/CID22-512/training/60003.png	large	512	512	3856.424561	0.098552	0.105273	0.007865	0.004885	0.410400	0.029785	43.376816	0.226977	1.327642	1886.000000	0.057556	0.003180	0.005450	1.000000	0.006050	0.009770	1.000000	0.088514	3.970661	15.426758	4.412109	0.001953	0.000000	0.000000	0.000000	0.000000	0.000000	80.000000	80.000000	0.000000	0.000000	1.000000	0.000000	8.000000	0.000000	0.005207	3.233752	1.199723	0.022106	0.028679	1.000000	1.000000	0.414062	0.000027	21.263008	0.000000	0.066003	0.009208	0.000000	262144.000000	12.476649	512.000000	512.000000	786432.000000	1.000000	0.000000	0.000000	0.000000	3.000000	3.416763	4.229586	4.726792	4.929702	5.202508	0.110526	0.374309	0.967762	1.000000	0.039527	0.071123	0.144059	0.272802	3.000000	10.000000	27.000000	92.000000	255.000000	0.000000	0.000000	0.047619	0.111111	0.000000	0.000000	0.000000	0.015873	0.000000	0.000000	0.000000	1.176091	1.316691	1.380211	0.014829	0.019277	0.022106	0.000000	0.000000	19.378561	0.754153
/home/lilith/work/codec-eval/codec-corpus/CID22/CID22-512/training/3584430.png	large	512	512	2888.469727	0.008299	0.121445	0.005026	0.004422	0.835449	0.022217	54.559925	0.013451	1.925678	1168.000000	0.035645	0.000960	0.000720	0.000000	0.005100	0.003980	1.000000	0.044199	4.120518	3.350586	3.611328	0.000000	0.000000	0.000000	0.000000	0.000000	0.000000	80.000000	80.000000	0.000000	0.000000	1.000000	0.000000	8.000000	0.000000	0.000000	2.500303	0.715359	0.034892	0.028962	1.000000	1.000000	0.518555	0.366577	13.251375	0.000000	0.016912	0.007254	0.000000	262144.000000	12.476649	512.000000	512.000000	786432.000000	1.000000	0.000000	0.000000	0.000000	3.000000	2.514692	2.903497	3.276677	3.790091	4.677196	0.070457	0.137614	0.223011	0.348317	0.046692	0.078487	0.122503	0.186933	2.000000	3.000000	5.000000	17.000000	145.000000	0.000000	0.000000	0.015873	0.015873	0.000000	0.000000	0.000000	0.015873	0.000000	0.000000	0.000000	1.284078	1.414972	1.544068	0.021488	0.026476	0.034892	0.000000	0.000000	130.781464	0.831649
/home/lilith/work/codec-eval/codec-corpus/CID22/CID22-512/training/7256805.png	large	512	512	2275.333252	0.043872	0.082197	0.002799	0.002469	0.750000	0.172607	33.815804	0.155303	1.615323	1144.000000	0.034912	0.001240	0.001040	0.000000	0.006700	0.006790	4.000000	0.177607	3.889784	5.584961	2.123047	0.003906	0.000000	0.000000	0.000000	0.000000	0.000000	80.000000	80.000000	0.000000	0.000000	1.000000	0.000000	8.000000	0.000000	0.033367	2.518530	0.985197	0.026427	0.004255	1.000000	1.000000	0.443359	0.482586	20.772564	0.041016	0.031095	0.003782	0.000000	262144.000000	12.476649	512.000000	512.000000	786432.000000	1.000000	0.000000	0.000000	0.000000	3.000000	2.370576	3.069945	4.041489	4.506213	4.930472	0.056191	0.118245	0.267690	0.719078	0.010036	0.025051	0.045825	0.116632	1.000000	3.000000	9.000000	87.000000	255.000000	0.000000	0.000000	0.015873	0.031746	0.000000	0.000000	0.000000	0.000000	0.000000	0.000000	0.000000	0.895389	1.188577	1.317018	0.012833	0.021172	0.026427	0.000000	0.000000	57.044346	0.798752
/home/lilith/work/codec-eval/codec-corpus/CID22/CID22-512/training/64271.png	large	512	512	1111.316162	0.076355	0.091007	0.007294	0.006009	0.743408	0.000000	46.772964	0.201371	1.580639	1241.000000	0.037872	0.002950	0.001620	0.000000	0.011650	0.007200	2.000000	0.147377	3.349710	8.135742	1.880859	0.000000	0.000000	0.000000	0.000000	0.000000	0.000000	80.000000	80.000000	0.000000	0.000000	1.000000	0.000000	8.000000	0.000000	0.003292	2.403662	1.172626	0.025103	0.031929	1.000000	1.000000	0.229492	0.004280	20.936531	0.000000	0.035683	0.003441	0.000000	262144.000000	12.476649	512.000000	512.000000	786432.000000	1.000000	0.000000	0.000000	0.000000	3.000000	1.816137	3.088573	4.506259	4.776828	5.105099	0.031576	0.054430	0.258921	1.000000	0.036212	0.042683	0.061701	0.134752	2.000000	4.000000	19.000000	94.000000	255.000000	0.000000	0.000000	0.000000	0.015873	0.000000	0.000000	0.000000	0.000000	0.000000	0.000000	0.000000	1.278754	1.363788	1.427070	0.017869	0.022664	0.025103	0.000000	0.000000	31.777121	0.671982
/home/lilith/work/codec-eval/codec-corpus/gb82/prudential-lossless.png	large	576	576	1115.812988	0.042305	0.094206	0.007095	0.003918	0.754051	0.002894	31.302586	0.161477	1.815709	2729.000000	0.083282	0.003320	0.003800	1.000000	0.005830	0.006980	3.000000	0.106683	2.941886	6.583414	3.549663	0.000000	0.000000	0.000000	0.000000	0.000000	0.000000	80.000000	80.000000	0.000000	0.000000	1.000000	0.000000	8.000000	0.000000	0.103558	2.469054	1.025970	0.027946	0.032525	1.000000	1.000000	0.189007	0.043991	30.047577	0.000000	0.029695	0.006245	0.000000	331776.000000	12.712215	576.000000	576.000000	995328.000000	1.000000	0.000000	0.000000	0.000000	3.000000	2.160198	3.105425	4.037862	4.600473	5.244516	0.038312	0.079640	0.265067	0.807742	0.044233	0.058607	0.088095	0.227601	2.000000	4.000000	11.000000	73.000000	255.000000	0.000000	0.000000	0.000000	0.031746	0.000000	0.000000	0.000000	0.000000	0.000000	0.000000	0.000000	1.239537	1.379081	1.460288	0.018765	0.024448	0.027946	0.000000	0.000000	84.520424	0.686965
/home/lilith/work/codec-eval/codec-corpus/CID22/CID22-512/training/262780.png	large	512	512	1223.023438	0.121982	0.214809	0.006522	0.005704	0.139648	0.000000	80.526657	0.444765	1.319170	1389.000000	0.042389	0.002470	0.003310	0.000000	0.013380	0.018300	4.000000	0.467924	3.896197	9.117188	2.703125	0.000000	0.000000	0.000000	0.000000	0.000000	0.000000	80.000000	80.000000	0.000000	0.000000	1.000000	0.000000	8.000000	0.000000	0.000290	3.640475	0.500575	0.183075	0.037583	1.000000	1.000000	0.106445	0.382809	19.621616	0.000000	0.081520	0.004061	0.000000	262144.000000	12.476649	512.000000	512.000000	786432.000000	1.000000	0.000000	0.000000	0.000000	3.000000	3.674309	3.979978	4.290390	4.444435	4.736276	0.279033	0.423907	0.649864	0.903745	0.049476	0.071266	0.114486	0.182467	10.000000	20.000000	38.000000	118.000000	255.000000	0.015873	0.031746	0.063492	0.111111	0.000000	0.000000	0.000000	0.000000	0.000000	0.000000	1.000000	2.475308	2.770852	2.971276	0.094533	0.141178	0.183075	0.000000	0.000000	27.544889	0.642991
/home/lilith/work/codec-eval/codec-corpus/CID22/CID22-512/validation/382297.png	large	512	512	1674.865845	0.204641	0.267592	0.024338	0.012994	0.290039	0.003906	104.160316	1.255974	1.070494	9728.000000	0.296875	0.044200	0.089410	9.000000	0.093400	0.177120	24.000000	0.214895	3.826953	28.111328	30.947266	0.006836	0.000000	0.000000	0.000000	0.000000	0.000000	80.000000	80.000000	0.000000	0.000000	1.000000	0.000000	8.000000	0.000000	0.001575	3.809035	1.006429	0.114314	0.048724	1.000000	1.000000	0.254883	0.063469	37.860027	0.002930	0.126690	0.048937	0.000000	262144.000000	12.476649	512.000000	512.000000	786432.000000	1.000000	0.000000	0.000000	0.000000	3.000000	3.792715	4.715614	5.155801	5.274705	5.456279	0.205204	0.569133	1.000000	1.000000	0.118471	0.394267	0.868046	1.000000	8.000000	21.000000	70.000000	213.000000	255.000000	0.000000	0.015873	0.079365	0.238095	0.000000	0.015873	0.031746	0.079365	0.000000	0.000000	1.000000	1.973633	2.404727	2.554792	0.048717	0.088639	0.114314	0.000000	0.000000	10.204241	0.757006
/home/lilith/work/codec-eval/codec-corpus/CID22/CID22-512/training/7062197.png	large	512	512	2418.933350	0.136534	0.175031	0.010664	0.012696	0.493652	0.185303	69.373138	0.535294	1.165436	4355.000000	0.132904	0.014760	0.014450	2.000000	0.099710	0.100330	24.000000	0.100531	3.293338	20.027344	15.891602	0.005859	0.000000	0.000000	0.000000	0.000000	0.000000	80.000000	80.000000	0.000000	0.000000	1.000000	0.000000	8.000000	0.000000	0.007401	2.969331	1.534876	0.016795	0.011456	1.000000	1.000000	0.458008	0.115238	32.284042	0.021484	0.069677	0.026274	0.000000	262144.000000	12.476649	512.000000	512.000000	786432.000000	1.000000	0.000000	0.000000	0.000000	3.000000	3.093854	4.390501	4.983691	5.201879	5.549494	0.030800	0.271628	1.000000	1.000000	0.030069	0.127517	0.463896	0.803416	2.000000	9.000000	41.000000	144.000000	255.000000	0.000000	0.000000	0.015873	0.111111	0.000000	0.000000	0.015873	0.047619	0.000000	0.000000	0.000000	0.297622	0.841202	1.055357	0.003600	0.011690	0.016795	0.000000	0.000000	15.304432	0.746805
/home/lilith/work/codec-eval/codec-corpus/CID22/CID22-512/training/Lungs-Cross-Section-Illustration.png	large	512	512	8974.535156	0.117030	0.181271	0.010764	0.007022	0.682617	0.659180	67.741295	1.545143	1.062386	1818.000000	0.055481	0.036800	0.027360	15.000000	0.117970	0.080060	50.000000	0.157960	2.338322	29.973633	20.906250	0.673828	0.000000	0.000000	0.000000	0.000000	0.000000	80.000000	80.000000	0.000000	0.000000	1.000000	0.000000	8.000000	0.000000	0.681366	1.655044	2.244499	0.000000	0.000000	1.000000	1.000000	0.116211	0.262684	58.392529	0.680664	0.077272	0.022709	0.000000	262144.000000	12.476649	512.000000	512.000000	786432.000000	1.000000	0.000000	0.000000	0.000000	3.000000	0.000000	4.250186	5.428793	5.589217	5.733171	0.000000	0.000000	1.000000	1.000000	0.000000	0.000000	0.034860	0.708979	0.000000	1.000000	50.000000	255.000000	255.000000	0.000000	0.000000	0.000000	0.126984	0.000000	0.000000	0.000000	0.000000	0.000000	0.000000	0.000000	0.000000	0.000000	0.000000	0.000000	0.000000	0.000000	0.000000	0.000000	12.039827	0.314853
/home/lilith/work/codec-eval/codec-corpus/gb82/waves-lossless.png	large	576	576	3615.845215	0.169452	0.034813	0.002946	0.002535	0.078897	0.000772	12.175204	0.315660	1.278031	676.000000	0.020630	0.000290	0.000390	0.000000	0.001340	0.001860	0.000000	0.122868	4.603715	17.012537	1.227580	0.000000	0.000000	0.000000	0.000000	0.000000	0.000000	80.000000	80.000000	0.000000	0.000000	1.000000	0.000000	8.000000	0.000000	0.180685	3.864710	0.557230	0.243122	0.023167	1.000000	1.000000	0.297975	0.057828	11.827320	0.000000	0.093049	0.002112	0.000000	331776.000000	12.712215	576.000000	576.000000	995328.000000	1.000000	0.000000	0.000000	0.000000	3.000000	3.891069	4.265312	4.568283	4.747701	5.049362	0.379693	0.636262	1.000000	1.000000	0.033494	0.051954	0.080099	0.115997	11.000000	22.000000	37.000000	77.000000	255.000000	0.015873	0.047619	0.095238	0.126984	0.000000	0.000000	0.000000	0.000000	0.000000	0.000000	1.000000	2.567541	2.925538	3.155564	0.125185	0.195612	0.243122	0.000000	0.015873	8.419742	0.806374
/home/lilith/work/codec-eval/codec-corpus/CID22/CID22-512/training/pexels-photo-4672246.png	large	512	512	1861.175049	0.072897	0.193139	0.006778	0.005013	0.606934	0.000977	72.154251	0.173195	1.593067	2594.000000	0.079163	0.002910	0.002520	0.000000	0.011340	0.009130	5.000000	0.150514	4.005466	7.907227	6.130859	0.000000	0.000000	0.000000	0.000000	0.000000	0.000000	80.000000	80.000000	0.000000	0.000000	1.000000	0.000000	8.000000	0.000000	0.078754	2.977134	0.869390	0.053716	0.008803	1.000000	1.000000	0.292969	0.176216	16.316597	0.000000	0.042287	0.011114	0.000000	262144.000000	12.476649	512.000000	512.000000	786432.000000	1.000000	0.000000	0.000000	0.000000	3.000000	2.813070	3.610193	4.332842	4.592865	4.914597	0.075283	0.189257	0.469204	1.000000	0.023093	0.051600	0.145473	0.416108	3.000000	8.000000	19.000000	83.000000	255.000000	0.000000	0.000000	0.015873	0.063492	0.000000	0.000000	0.000000	0.015873	0.000000	0.000000	0.000000	1.806180	1.917768	2.011716	0.040238	0.048391	0.053716	0.000000	0.000000	32.655445	0.739166
/home/lilith/work/codec-eval/codec-corpus/gb82/sumac-lossless.png	large	576	576	4023.290771	0.175453	0.094947	0.010025	0.008192	0.080440	0.002315	46.157352	0.172936	1.034929	2625.000000	0.080109	0.002480	0.001830	0.000000	0.010320	0.008310	2.000000	0.029281	4.506247	29.260366	11.648024	0.002893	0.000000	0.000000	0.000000	0.000000	0.000000	80.000000	80.000000	0.000000	0.000000	1.000000	0.000000	8.000000	0.000000	0.003656	4.099555	0.709962	0.297529	0.069717	1.000000	1.000000	0.904532	0.644745	13.203901	0.007715	0.096570	0.024628	0.000000	331776.000000	12.712215	576.000000	576.000000	995328.000000	1.000000	0.000000	0.000000	0.000000	3.000000	4.184922	4.676839	4.947919	5.085399	5.243891	0.493216	0.968077	1.000000	1.000000	0.107842	0.168713	0.307962	0.519599	5.000000	11.000000	23.000000	70.000000	255.000000	0.031746	0.047619	0.079365	0.126984	0.000000	0.000000	0.015873	0.031746	0.000000	0.000000	0.000000	2.046727	2.932910	3.173182	0.080092	0.225179	0.297529	0.000000	0.015873	23.849789	0.956941
/home/lilith/work/codec-eval/codec-corpus/CID22/CID22-512/training/pexels-photo-2908983.png	large	512	512	667.956482	0.000785	0.173510	0.003892	0.003028	0.822266	0.124512	64.976105	0.004114	1.541869	719.000000	0.021942	0.000400	0.000640	0.000000	0.001700	0.002610	0.000000	0.034059	3.477740	2.406250	3.889648	0.000000	0.000000	0.000000	0.000000	0.000000	0.000000	80.000000	80.000000	0.000000	0.000000	1.000000	0.000000	8.000000	0.000000	0.012589	2.394358	0.720956	0.031531	0.021784	1.000000	1.000000	0.670898	0.266331	3.987375	0.022461	0.014323	0.007906	0.000000	262144.000000	12.476649	512.000000	512.000000	786432.000000	1.000000	0.000000	0.000000	0.000000	3.000000	2.467516	2.919201	3.291337	3.492612	3.953233	0.068355	0.132745	0.228261	0.352866	0.039509	0.072088	0.134033	0.242618	1.000000	2.000000	3.000000	11.000000	51.000000	0.000000	0.000000	0.015873	0.015873	0.000000	0.000000	0.000000	0.015873	0.000000	0.000000	0.000000	0.859402	1.157135	1.320925	0.013828	0.025096	0.031531	0.000000	0.000000	34.067448	0.887645
/home/lilith/work/codec-eval/codec-corpus/CID22/CID22-512/training/675951.png	large	512	512	4932.141602	0.090314	0.181923	0.013615	0.007686	0.316650	0.023926	75.669922	0.182013	1.310478	8265.000000	0.252228	0.006490	0.013310	4.000000	0.014680	0.024230	6.000000	0.058120	4.724313	18.666992	14.533203	0.005859	0.000000	0.000000	0.000000	0.000000	0.000000	80.000000	80.000000	0.000000	0.000000	1.000000	0.000000	8.000000	0.000000	0.054100	3.502881	0.965236	0.082287	0.074356	1.000000	1.000000	0.682617	0.490135	20.175787	0.026367	0.061384	0.026879	0.000000	262144.000000	12.476649	512.000000	512.000000	786432.000000	1.000000	0.000000	0.000000	0.000000	3.000000	3.611164	4.194485	4.680997	4.911576	5.432475	0.212254	0.505406	0.976499	1.000000	0.115735	0.199174	0.413317	0.656420	3.000000	8.000000	17.000000	88.000000	255.000000	0.000000	0.015873	0.031746	0.079365	0.000000	0.000000	0.015873	0.047619	0.000000	0.000000	0.000000	1.224017	1.763310	2.197237	0.020963	0.045058	0.082287	0.000000	0.000000	46.395359	0.885593
/home/lilith/work/codec-eval/codec-corpus/CID22/CID22-512/training/Verkehrstote Deutschland 1953-2012.png	large	512	512	1831.129150	0.075279	0.034402	0.000863	0.002023	0.821045	0.816650	13.131788	1.199892	1.086547	68.000000	0.002075	0.002650	0.001500	2.000000	0.095560	0.054180	72.000000	0.134365	0.692990	26.415039	2.219727	0.836914	0.000000	0.000000	0.000000	8.000000	1.000000	80.000000	80.000000	0.000000	0.000000	1.000000	0.000000	8.000000	0.000000	0.993725	1.123784	2.168557	0.000000	0.000000	1.000000	1.000000	0.087891	0.001942	56.122185	0.866211	0.066112	0.003860	0.000000	262144.000000	12.476649	512.000000	512.000000	786432.000000	1.000000	0.000000	0.000000	0.000000	3.000000	0.000000	0.000000	5.501558	5.612397	5.716555	0.000000	0.000000	0.000000	1.000000	0.000000	0.000000	0.000000	0.000000	0.000000	0.000000	5.000000	252.000000	255.000000	0.000000	0.000000	0.000000	0.000000	0.000000	0.000000	0.000000	0.000000	0.000000	0.000000	0.000000	0.000000	0.000000	0.000000	0.000000	0.000000	0.000000	0.000000	0.000000	15.479088	0.182754
/home/lilith/work/codec-eval/codec-corpus/CID22/CID22-512/validation/225228.png	large	512	512	4837.233398	0.080913	0.111242	0.008939	0.007068	0.394287	0.008545	47.448612	0.191919	1.429686	2894.000000	0.088318	0.005270	0.002870	1.000000	0.025340	0.015220	8.000000	0.064214	4.588268	18.102539	8.757812	0.012695	0.000000	0.000000	0.000000	0.000000	0.000000	80.000000	80.000000	0.000000	0.000000	1.000000	0.000000	8.000000	0.000000	0.040993	3.416152	1.009528	0.073588	0.023094	1.000000	1.000000	0.738281	0.601768	23.912962	0.064453	0.060469	0.017237	0.000000	262144.000000	12.476649	512.000000	512.000000	786432.000000	1.000000	0.000000	0.000000	0.000000	3.000000	3.443026	4.184093	4.735280	4.978242	5.317012	0.175479	0.420891	0.956730	1.000000	0.041622	0.099181	0.257518	0.450667	2.000000	6.000000	17.000000	94.000000	255.000000	0.000000	0.015873	0.031746	0.079365	0.000000	0.000000	0.015873	0.031746	0.000000	0.000000	0.000000	1.284079	1.747096	2.014678	0.025908	0.048951	0.073588	0.000000	0.000000	37.456215	0.912004
/home/lilith/work/codec-eval/codec-corpus/gb82/rain-lossless.png	large	576	576	1602.742065	0.049071	0.016760	0.001164	0.000855	0.743441	0.265625	5.803550	0.331093	1.453206	511.000000	0.015594	0.000210	0.000190	0.000000	0.000540	0.000540	0.000000	0.490077	2.945470	4.857281	0.224687	0.006750	0.000000	0.000000	0.000000	0.000000	0.000000	80.000000	80.000000	0.000000	0.000000	1.000000	0.000000	8.000000	0.000000	0.764127	2.392549	1.071386	0.023937	0.000000	1.000000	1.000000	0.082932	0.009042	27.270832	0.007715	0.038006	0.000291	0.000000	331776.000000	12.712215	576.000000	576.000000	995328.000000	1.000000	0.000000	0.000000	0.000000	3.000000	2.061109	3.082942	4.164869	4.548259	4.894420	0.036972	0.071518	0.243075	0.773164	0.000000	0.013098	0.045391	0.063070	2.000000	5.000000	12.000000	124.000000	255.000000	0.000000	0.000000	0.000000	0.015873	0.000000	0.000000	0.000000	0.000000	0.000000	0.000000	0.000000	0.767851	1.196849	1.314062	0.010539	0.019616	0.023937	0.000000	0.000000	51.709686	0.646275
/home/lilith/work/codec-eval/codec-corpus/CID22/CID22-512/training/159741.png	large	512	512	3992.393799	0.093225	0.170278	0.006523	0.005022	0.316650	0.018311	59.239414	0.248055	1.418567	5401.000000	0.164825	0.003420	0.006830	2.000000	0.007570	0.014450	5.000000	0.083523	4.603700	18.018555	9.685547	0.009766	0.000000	0.000000	0.000000	0.000000	0.000000	80.000000	80.000000	0.000000	0.000000	1.000000	0.000000	8.000000	0.000000	0.090744	3.481062	0.983056	0.092014	0.024401	1.000000	1.000000	0.624023	0.216274	25.528240	0.050781	0.062376	0.014664	0.000000	262144.000000	12.476649	512.000000	512.000000	786432.000000	1.000000	0.000000	0.000000	0.000000	3.000000	3.536234	4.172256	4.767636	4.992306	5.332445	0.198065	0.429240	0.920337	1.000000	0.042380	0.085531	0.197133	0.475440	3.000000	7.000000	22.000000	104.000000	255.000000	0.000000	0.015873	0.047619	0.079365	0.000000	0.000000	0.000000	0.015873	0.000000	0.000000	0.000000	0.297622	1.913483	2.236631	0.004253	0.061111	0.092014	0.000000	0.000000	37.653877	0.867114
/home/lilith/work/codec-eval/codec-corpus/CID22/CID22-512/training/2666598.png	large	512	512	1841.840698	0.220963	0.074890	0.008185	0.006919	0.144287	0.007080	31.129045	1.076348	1.447147	3416.000000	0.104248	0.006190	0.010050	3.000000	0.026650	0.036170	7.000000	0.518772	3.991996	14.692383	2.904297	0.000000	0.000000	0.000000	0.000000	0.000000	0.000000	80.000000	80.000000	0.000000	0.000000	1.000000	0.000000	8.000000	0.000000	0.068085	3.809525	0.764423	0.150574	0.029267	1.000000	1.000000	0.045898	0.036312	28.544077	0.001953	0.135742	0.005425	0.000000	262144.000000	12.476649	512.000000	512.000000	786432.000000	1.000000	0.000000	0.000000	0.000000	3.000000	3.941160	4.305282	4.607422	4.831649	5.214323	0.330518	0.547543	0.855483	1.000000	0.045469	0.071384	0.114185	0.185728	11.000000	29.000000	63.000000	196.000000	255.000000	0.000000	0.047619	0.126984	0.206349	0.000000	0.000000	0.000000	0.000000	0.000000	0.000000	1.000000	1.630779	2.126243	2.769331	0.037232	0.069642	0.150574	0.000000	0.000000	12.185903	0.586830
/home/lilith/work/codec-eval/codec-corpus/CID22/CID22-512/training/pexels-photo-7438498.png	large	512	512	5110.481934	0.142735	0.133359	0.005546	0.007422	0.433838	0.084961	57.265465	0.437016	1.367288	3639.000000	0.111053	0.001690	0.001980	1.000000	0.025760	0.028050	9.000000	0.126593	4.495538	17.284180	8.326172	0.000000	0.000000	0.000000	0.000000	0.000000	0.000000	80.000000	80.000000	0.000000	0.000000	1.000000	0.000000	8.000000	0.000000	0.088352	3.267911	1.167052	0.046991	0.000000	1.000000	1.000000	0.381836	0.381588	24.725521	0.052734	0.072126	0.015997	0.000000	262144.000000	12.476649	512.000000	512.000000	786432.000000	1.000000	0.000000	0.000000	0.000000	3.000000	3.371887	4.217535	4.824677	5.066603	5.377937	0.098897	0.318143	0.918966	1.000000	0.020711	0.049383	0.272943	0.597840	3.000000	15.000000	39.000000	126.000000	255.000000	0.000000	0.000000	0.031746	0.111111	0.000000	0.000000	0.000000	0.031746	0.000000	0.000000	0.000000	0.859398	1.373087	1.672097	0.017364	0.033916	0.046991	0.000000	0.000000	19.682842	0.793092
/home/lilith/work/codec-eval/codec-corpus/CID22/CID22-512/training/EPICA Delta D Plot.png	large	512	512	997.368774	0.155357	0.059388	0.006209	0.010135	0.591309	0.582031	22.187399	1.398426	1.173035	410.000000	0.012512	0.018030	0.002210	2.000000	0.343000	0.045440	61.000000	0.405494	1.190122	21.146484	6.707031	0.789062	0.000000	0.000000	0.000000	0.000000	0.000000	80.000000	80.000000	0.000000	0.000000	1.000000	0.000000	8.000000	0.000000	0.939423	1.779265	2.226907	0.000000	0.000000	1.000000	1.000000	0.041016	0.014473	40.199444	0.815430	0.076001	0.013920	0.000000	262144.000000	12.476649	512.000000	512.000000	786432.000000	1.000000	0.000000	0.000000	0.000000	3.000000	0.000000	4.208179	4.864071	5.182388	5.516133	0.000000	0.000000	0.897757	1.000000	0.000000	0.000000	0.000000	0.691038	0.000000	0.000000	76.000000	240.000000	255.000000	0.000000	0.000000	0.000000	0.095238	0.000000	0.000000	0.000000	0.000000	0.000000	0.000000	0.000000	0.000000	0.000000	0.000000	0.000000	0.000000	0.000000	0.000000	0.000000	10.654034	0.295396
/home/lilith/work/codec-eval/codec-corpus/CID22/CID22-512/training/pexels-photo-4177747.png	large	512	512	4361.647949	0.361036	0.165215	0.019227	0.020845	0.168213	0.030273	63.447941	1.240801	1.095382	4335.000000	0.132294	0.016750	0.009460	5.000000	0.136000	0.067230	17.000000	0.282656	4.436126	29.275391	18.271484	0.001953	0.000000	0.000000	0.000000	0.000000	0.000000	80.000000	80.000000	0.000000	0.000000	1.000000	0.000000	8.000000	0.000000	0.034405	4.065398	0.906834	0.157377	0.036102	1.000000	1.000000	0.187500	0.263752	21.444092	0.007812	0.162404	0.036706	0.000000	262144.000000	12.476649	512.000000	512.000000	786432.000000	1.000000	0.000000	0.000000	0.000000	3.000000	4.354661	4.708476	4.922152	5.045138	5.289197	0.435766	0.992807	1.000000	1.000000	0.092389	0.262981	0.614870	0.851098	14.000000	41.000000	81.000000	175.000000	255.000000	0.000000	0.063492	0.174603	0.238095	0.000000	0.000000	0.031746	0.063492	0.000000	0.000000	1.000000	1.255273	2.296082	2.769274	0.029854	0.086859	0.157377	0.000000	0.000000	5.971478	0.739916
/home/lilith/work/codec-eval/codec-corpus/CID22/CID22-512/training/pexels-photo-6926600.png	large	512	512	2099.332275	0.267324	0.069188	0.003546	0.003944	0.469482	0.016357	26.503830	1.978615	1.055504	1110.000000	0.033875	0.001260	0.002820	0.000000	0.008010	0.017360	3.000000	0.491531	3.904719	23.671875	3.306641	0.000000	0.000000	0.000000	0.000000	0.000000	0.000000	80.000000	80.000000	0.000000	0.000000	1.000000	0.000000	8.000000	0.000000	0.111267	3.365985	1.302469	0.045483	0.004633	1.000000	1.000000	0.106445	0.110996	38.174030	0.000000	0.103051	0.004852	0.000000	262144.000000	12.476649	512.000000	512.000000	786432.000000	1.000000	0.000000	0.000000	0.000000	3.000000	3.474508	4.623745	5.063821	5.295910	5.478168	0.059274	0.366307	1.000000	1.000000	0.014995	0.050642	0.130022	0.247148	6.000000	33.000000	98.000000	247.000000	255.000000	0.000000	0.000000	0.031746	0.206349	0.000000	0.000000	0.000000	0.000000	0.000000	0.000000	0.000000	1.557620	1.774402	1.871792	0.031409	0.039404	0.045483	0.000000	0.000000	5.857059	0.609699
/home/lilith/work/codec-eval/codec-corpus/CID22/CID22-512/validation/2079234.png	large	512	512	1647.715210	0.211603	0.137163	0.005210	0.005206	0.385498	0.098389	54.510101	0.756319	0.969063	1229.000000	0.037506	0.000980	0.003390	0.000000	0.007470	0.021020	2.000000	0.217382	3.891828	21.209961	4.346680	0.034180	0.000000	0.000000	0.000000	0.000000	0.000000	80.000000	80.000000	0.000000	0.000000	1.000000	0.000000	8.000000	0.000000	0.053898	3.343469	1.441777	0.021883	0.019607	1.000000	1.000000	0.313477	0.169857	23.507954	0.001953	0.090402	0.007456	0.000000	262144.000000	12.476649	512.000000	512.000000	786432.000000	1.000000	0.000000	0.000000	0.000000	3.000000	3.913228	4.666003	4.852561	4.916900	5.069827	0.030817	0.656096	1.000000	1.000000	0.027426	0.069538	0.154926	0.277930	4.000000	21.000000	57.000000	180.000000	255.000000	0.000000	0.000000	0.079365	0.158730	0.000000	0.000000	0.000000	0.015873	0.000000	0.000000	0.000000	1.125786	1.248816	1.320925	0.014769	0.018484	0.021883	0.000000	0.000000	11.156634	0.692935
/home/lilith/work/codec-eval/codec-corpus/CID22/CID22-512/validation/4215100.png	large	512	512	3489.644531	0.126363	0.160849	0.004230	0.002629	0.457764	0.008545	60.530437	0.290121	1.377861	874.000000	0.026672	0.001550	0.002380	0.000000	0.006950	0.013090	8.000000	0.160307	4.389480	12.352539	4.460938	0.003906	0.000000	0.000000	0.000000	0.000000	0.000000	80.000000	80.000000	0.000000	0.000000	1.000000	0.000000	8.000000	0.000000	0.000187	3.211294	1.021808	0.060427	0.023862	1.000000	1.000000	0.471680	0.296719	17.968498	0.036133	0.069382	0.008061	0.000000	262144.000000	12.476649	512.000000	512.000000	786432.000000	1.000000	0.000000	0.000000	0.000000	3.000000	3.219257	4.086162	4.553592	4.725286	5.113199	0.112760	0.298047	0.782785	1.000000	0.040492	0.077482	0.136108	0.231085	2.000000	12.000000	34.000000	100.000000	255.000000	0.000000	0.000000	0.031746	0.126984	0.000000	0.000000	0.000000	0.015873	0.000000	0.000000	0.000000	1.306090	1.606786	1.819133	0.032555	0.045585	0.060427	0.000000	0.000000	18.867165	0.855857
/home/lilith/work/codec-eval/codec-corpus/CID22/CID22-512/training/No-interference.png	large	512	512	529.498901	0.066996	0.036167	0.004446	0.000572	0.739014	0.733643	10.602274	1.031795	1.543935	122.000000	0.003723	0.044380	0.007300	14.000000	0.004930	0.000810	1.000000	0.421826	0.527345	10.158203	2.495117	0.813477	0.000000	0.000000	0.000000	8.000000	1.000000	80.000000	80.000000	0.000000	0.000000	1.000000	0.000000	8.000000	0.000000	0.988262	1.092896	1.914426	0.000000	0.000000	1.000000	1.000000	0.004883	0.000000	52.833073	0.845703	0.043806	0.006309	0.000000	262144.000000	12.476649	512.000000	512.000000	786432.000000	1.000000	0.000000	0.000000	0.000000	3.000000	0.000000	2.918153	4.852099	5.163161	5.533882	0.000000	0.000000	0.191120	1.000000	0.000000	0.000000	0.000000	0.000000	0.000000	0.000000	12.000000	255.000000	255.000000	0.000000	0.000000	0.000000	0.000000	0.000000	0.000000	0.000000	0.000000	0.000000	0.000000	0.000000	0.000000	0.000000	0.000000	0.000000	0.000000	0.000000	0.000000	0.000000	22.359570	0.148717
/home/lilith/work/codec-eval/codec-corpus/gb82/reflect-lossless.png	large	576	576	2267.846436	0.088302	0.088003	0.004710	0.002721	0.355324	0.051119	30.745541	0.154573	1.151436	917.000000	0.027985	0.000750	0.002420	0.000000	0.001910	0.004980	0.000000	0.110637	4.336140	10.822565	5.151398	0.000000	0.000000	0.000000	0.000000	0.000000	0.000000	80.000000	80.000000	0.000000	0.000000	1.000000	0.000000	8.000000	0.000000	0.082948	3.292497	0.908601	0.065798	0.016572	1.000000	1.000000	0.534233	0.129099	11.130268	0.000000	0.057369	0.010378	0.000000	331776.000000	12.712215	576.000000	576.000000	995328.000000	1.000000	0.000000	0.000000	0.000000	3.000000	3.475869	4.002509	4.333004	4.491963	4.803487	0.151358	0.407201	0.764571	1.000000	0.044907	0.100819	0.202682	0.337261	3.000000	10.000000	24.000000	65.000000	231.000000	0.000000	0.015873	0.047619	0.095238	0.000000	0.000000	0.000000	0.015873	0.000000	0.000000	0.000000	1.196850	1.576738	1.908150	0.025359	0.042329	0.065798	0.000000	0.000000	14.081846	0.858585
/home/lilith/work/codec-eval/codec-corpus/CID22/CID22-512/validation/2190188.png	large	512	512	5095.659668	0.148157	0.241687	0.012275	0.005278	0.319092	0.010498	84.709198	0.382937	1.223299	4355.000000	0.132904	0.012750	0.016800	6.000000	0.012620	0.014350	4.000000	0.072448	4.533542	25.212891	15.060547	0.001953	0.000000	0.000000	0.000000	0.000000	0.000000	80.000000	80.000000	0.000000	0.000000	1.000000	0.000000	8.000000	0.000000	0.243984	3.615405	1.084015	0.057901	0.014924	1.000000	1.000000	0.593750	0.117153	27.700075	0.004883	0.080900	0.021996	0.000000	262144.000000	12.476649	512.000000	512.000000	786432.000000	1.000000	0.000000	0.000000	0.000000	3.000000	3.692724	4.509700	5.040007	5.266016	5.496469	0.179226	0.535904	1.000000	1.000000	0.032845	0.105232	0.352531	0.749553	4.000000	11.000000	30.000000	121.000000	255.000000	0.000000	0.015873	0.047619	0.126984	0.000000	0.000000	0.000000	0.031746	0.000000	0.000000	0.000000	1.590368	1.759196	2.041147	0.028081	0.039945	0.057901	0.000000	0.000000	30.809776	0.846137
/home/lilith/work/codec-eval/codec-corpus/CID22/CID22-512/validation/1044329.png	large	512	512	3643.300781	0.283757	0.198398	0.023766	0.020764	0.235107	0.121582	65.031273	1.867514	0.867331	2821.000000	0.086090	0.049920	0.101070	13.000000	0.215360	0.340400	27.000000	0.246602	3.604692	36.689453	31.350586	0.050781	0.000000	0.000000	0.000000	0.000000	0.000000	80.000000	80.000000	0.000000	0.000000	1.000000	0.000000	8.000000	0.000000	0.044720	3.857677	1.445541	0.024946	0.020040	1.000000	1.000000	0.116211	0.108994	35.467163	0.031250	0.157087	0.044860	0.000000	262144.000000	12.476649	512.000000	512.000000	786432.000000	1.000000	0.000000	0.000000	0.000000	3.000000	4.424420	4.977257	5.191135	5.256241	5.449448	0.238811	1.000000	1.000000	1.000000	0.054843	0.206329	0.662590	1.000000	10.000000	41.000000	104.000000	225.000000	255.000000	0.000000	0.015873	0.174603	0.253968	0.000000	0.000000	0.015873	0.079365	0.000000	0.000000	0.000000	0.000000	0.859403	1.226836	0.000000	0.013747	0.024946	0.000000	0.000000	4.534517	0.682002
/home/lilith/work/codec-eval/codec-corpus/CID22/CID22-512/training/pexels-photo-6096399.png	large	512	512	785.293762	0.047208	0.031889	0.001785	0.001526	0.682373	0.232422	16.249210	0.118803	1.815295	911.000000	0.027802	0.000240	0.000380	0.000000	0.000950	0.001170	0.000000	0.202888	3.384350	4.241211	0.724609	0.073242	0.000000	0.000000	0.000000	0.000000	0.000000	80.000000	80.000000	0.000000	0.000000	1.000000	0.000000	8.000000	0.000000	0.085945	2.464787	1.163806	0.017100	0.000000	1.000000	1.000000	0.232422	0.577164	12.381254	0.131836	0.025670	0.001473	0.000000	262144.000000	12.476649	512.000000	512.000000	786432.000000	1.000000	0.000000	0.000000	0.000000	3.000000	2.624733	3.253304	3.933712	4.186486	4.687944	0.047526	0.135505	0.304721	0.605494	0.007508	0.027607	0.050004	0.085658	2.000000	7.000000	18.000000	68.000000	255.000000	0.000000	0.000000	0.000000	0.031746	0.000000	0.000000	0.000000	0.000000	0.000000	0.000000	0.000000	0.000000	0.000000	0.859402	0.000000	0.000000	0.017100	0.000000	0.000000	33.565521	0.667601
/home/lilith/work/codec-eval/codec-corpus/CID22/CID22-512/validation/2670327.png	large	512	512	3152.043945	0.100739	0.127925	0.010203	0.006587	0.408203	0.030273	47.738945	0.276793	1.514659	4098.000000	0.125061	0.009850	0.012880	5.000000	0.027030	0.035660	13.000000	0.080557	4.316110	16.486328	8.567383	0.001953	0.000000	0.000000	0.000000	0.000000	0.000000	80.000000	80.000000	0.000000	0.000000	1.000000	0.000000	8.000000	0.000000	0.099632	3.365589	1.009640	0.061627	0.022698	1.000000	1.000000	0.468750	0.371826	28.696310	0.001953	0.064174	0.015501	0.000000	262144.000000	12.476649	512.000000	512.000000	786432.000000	1.000000	0.000000	0.000000	0.000000	3.000000	3.410767	4.078436	4.719124	5.018275	5.445337	0.154566	0.380462	0.835685	1.000000	0.046014	0.118822	0.245087	0.469071	4.000000	10.000000	27.000000	108.000000	255.000000	0.000000	0.015873	0.047619	0.095238	0.000000	0.000000	0.000000	0.015873	0.000000	0.000000	0.000000	1.384432	1.691164	1.913483	0.026791	0.040648	0.061627	0.000000	0.000000	31.590475	0.845805
/home/lilith/work/codec-eval/codec-corpus/CID22/CID22-512/training/1583339.png	large	512	512	1617.833130	0.150666	0.174754	0.007865	0.007004	0.429688	0.262939	58.633003	0.532599	1.293031	3560.000000	0.108643	0.005350	0.006800	3.000000	0.038880	0.035240	23.000000	0.187402	3.812132	13.951172	4.537109	0.000000	0.000000	0.000000	0.000000	0.000000	0.000000	80.000000	80.000000	0.000000	0.000000	1.000000	0.000000	8.000000	0.000000	0.021027	2.913107	1.385765	0.021717	0.005581	1.000000	1.000000	0.120117	0.367432	26.218878	0.000000	0.067553	0.008743	0.000000	262144.000000	12.476649	512.000000	512.000000	786432.000000	1.000000	0.000000	0.000000	0.000000	3.000000	3.279382	4.117569	4.635375	5.025302	5.257320	0.030751	0.283017	0.832295	1.000000	0.018532	0.078885	0.139785	0.273534	4.000000	19.000000	42.000000	134.000000	255.000000	0.000000	0.000000	0.031746	0.111111	0.000000	0.000000	0.000000	0.015873	0.000000	0.000000	0.000000	0.881349	1.176091	1.245746	0.011489	0.018166	0.021717	0.000000	0.000000	20.548563	0.660377
/home/lilith/work/codec-eval/codec-corpus/gb82/mies-lossless.png	large	576	576	5897.491699	0.433128	0.103560	0.023749	0.011523	0.065972	0.000000	37.634884	1.571547	0.790472	3100.000000	0.094604	0.018780	0.003890	1.000000	0.028880	0.005770	1.000000	0.064593	4.281015	55.176472	10.797493	0.000000	0.000000	0.000000	0.000000	0.000000	0.000000	80.000000	80.000000	0.000000	0.000000	1.000000	0.000000	8.000000	0.000000	0.080488	4.561070	0.768293	0.332008	0.101592	1.000000	1.000000	0.512054	0.418560	27.595781	0.000000	0.175369	0.021246	0.000000	331776.000000	12.712215	576.000000	576.000000	995328.000000	1.000000	0.000000	0.000000	0.000000	3.000000	4.784987	5.155004	5.345917	5.427381	5.565989	0.845990	1.000000	1.000000	1.000000	0.150487	0.237660	0.377810	0.514577	20.000000	52.000000	88.000000	169.000000	255.000000	0.047619	0.111111	0.190476	0.238095	0.000000	0.000000	0.015873	0.031746	0.000000	1.000000	2.000000	2.500695	2.856691	3.421069	0.115921	0.185727	0.332008	0.000000	0.015873	3.392113	0.864273
/home/lilith/work/codec-eval/codec-corpus/CID22/CID22-512/training/adriankierman-report-page.png	large	512	512	3373.471680	0.148437	0.167598	0.015708	0.007108	0.606201	0.572510	73.779854	2.866332	0.843607	243.000000	0.007416	0.072540	0.041000	5.000000	0.128330	0.121600	90.000000	0.186182	1.863488	45.731445	17.575195	0.661133	0.000000	0.000000	0.000000	8.000000	1.000000	80.000000	80.000000	0.000000	0.000000	1.000000	0.000000	8.000000	0.000000	0.258492	2.091794	2.496938	0.000000	0.000000	1.000000	1.000000	0.095703	0.137127	56.899509	0.655273	0.120443	0.027111	0.000000	262144.000000	12.476649	512.000000	512.000000	786432.000000	1.000000	0.000000	0.000000	0.000000	3.000000	0.000000	5.184860	5.510489	5.719289	5.719320	0.000000	0.000000	1.000000	1.000000	0.011194	0.013377	0.525410	0.857133	0.000000	1.000000	107.000000	255.000000	255.000000	0.000000	0.000000	0.000000	0.253968	0.000000	0.000000	0.000000	0.047619	0.000000	0.000000	0.000000	0.000000	0.000000	0.000000	0.000000	0.000000	0.000000	0.000000	0.000000	6.599402	0.324372
/home/lilith/work/codec-eval/codec-corpus/gb82/city-lossless.png	large	576	576	3159.156006	0.283536	0.051559	0.005494	0.004174	0.306520	0.196759	17.478947	0.966067	1.010624	3900.000000	0.119019	0.001820	0.002410	0.000000	0.008320	0.009530	7.000000	0.139773	4.144850	29.989393	4.583414	0.000000	0.000000	0.000000	0.000000	0.000000	0.000000	80.000000	80.000000	0.000000	0.000000	1.000000	0.000000	8.000000	0.000000	0.171179	3.580532	1.459857	0.026854	0.018476	1.000000	1.000000	0.270974	0.141445	23.148964	0.000000	0.130244	0.009766	0.000000	331776.000000	12.712215	576.000000	576.000000	995328.000000	1.000000	0.000000	0.000000	0.000000	3.000000	4.208414	4.750693	5.040390	5.142003	5.357916	0.053173	0.935370	1.000000	1.000000	0.029890	0.066616	0.141716	0.271250	8.000000	33.000000	69.000000	149.000000	255.000000	0.000000	0.000000	0.111111	0.238095	0.000000	0.000000	0.000000	0.015873	0.000000	0.000000	0.000000	1.004724	1.202420	1.277320	0.016544	0.021775	0.026854	0.000000	0.000000	6.297911	0.783837
/home/lilith/work/codec-eval/codec-corpus/CID22/CID22-512/training/klepas-Gentle-giants-of-the-sea-3.png	large	512	512	6395.167969	0.141260	0.138384	0.010250	0.007711	0.632324	0.405518	60.205868	1.521603	1.202157	1229.000000	0.037506	0.030780	0.042390	8.000000	0.137460	0.101020	49.000000	0.323950	4.140034	19.979492	8.891602	0.275391	0.000000	0.000000	0.000000	0.000000	0.000000	80.000000	80.000000	0.000000	0.000000	1.000000	0.000000	8.000000	0.000000	0.211216	2.457060	1.781925	0.000000	0.000000	1.000000	1.000000	0.248047	0.000656	42.757851	0.484375	0.088883	0.013269	0.000000	262144.000000	12.476649	512.000000	512.000000	786432.000000	1.000000	0.000000	0.000000	0.000000	3.000000	1.903090	4.458977	4.958117	5.176056	5.707448	0.032112	0.066587	1.000000	1.000000	0.000000	0.022671	0.188520	0.554306	0.000000	4.000000	71.000000	244.000000	255.000000	0.000000	0.000000	0.000000	0.174603	0.000000	0.000000	0.000000	0.015873	0.000000	0.000000	0.000000	0.000000	0.000000	0.000000	0.000000	0.000000	0.000000	0.000000	0.000000	9.631877	0.624313
/home/lilith/work/codec-eval/codec-corpus/gb82/sunset-lossless.png	large	576	576	2540.157471	0.010117	0.172800	0.002888	0.002163	0.854360	0.132716	70.863914	0.036599	1.943198	1467.000000	0.044769	0.001030	0.003230	1.000000	0.004020	0.011690	4.000000	0.044204	3.244935	3.355834	4.656702	0.001929	0.000000	0.000000	0.000000	0.000000	0.000000	80.000000	80.000000	0.000000	0.000000	1.000000	0.000000	8.000000	0.000000	0.000567	2.333702	0.767531	0.034626	0.003102	1.000000	1.000000	0.436837	0.182310	29.798237	0.001929	0.013837	0.006597	0.000000	331776.000000	12.712215	576.000000	576.000000	995328.000000	1.000000	0.000000	0.000000	0.000000	3.000000	2.205770	2.758912	3.294631	3.642737	5.076201	0.051230	0.096461	0.185181	0.347558	0.020663	0.056242	0.115632	0.213740	1.000000	3.000000	5.000000	26.000000	255.000000	0.000000	0.000000	0.000000	0.015873	0.000000	0.000000	0.000000	0.015873	0.000000	0.000000	0.000000	0.951214	1.399834	1.553087	0.015157	0.028187	0.034626	0.000000	0.000000	276.380585	0.805060
/home/lilith/work/codec-eval/codec-corpus/CID22/CID22-512/validation/2736139.png	large	512	512	7381.174805	0.189751	0.084158	0.008940	0.008021	0.323242	0.078613	30.925741	0.900139	1.030689	3363.000000	0.102631	0.007530	0.007600	3.000000	0.042510	0.042510	12.000000	0.094209	4.504770	33.603516	7.675781	0.019531	0.000000	0.000000	0.000000	0.000000	0.000000	80.000000	80.000000	0.000000	0.000000	1.000000	0.000000	8.000000	0.000000	0.043449	3.581736	1.372897	0.043180	0.015030	1.000000	1.000000	0.446289	0.308960	39.405212	0.039062	0.101857	0.014338	0.000000	262144.000000	12.476649	512.000000	512.000000	786432.000000	1.000000	0.000000	0.000000	0.000000	3.000000	3.710359	4.699958	5.340124	5.522836	5.673817	0.151578	0.500143	1.000000	1.000000	0.037489	0.091084	0.236891	0.451363	4.000000	20.000000	60.000000	175.000000	255.000000	0.000000	0.015873	0.063492	0.174603	0.000000	0.000000	0.000000	0.015873	0.000000	0.000000	0.000000	0.000000	1.224013	1.623249	0.000000	0.025563	0.043180	0.000000	0.000000	11.260701	0.816278
/home/lilith/work/codec-eval/codec-corpus/CID22/CID22-512/training/pexels-photo-2846602.png	large	512	512	2963.690186	0.072277	0.096570	0.005549	0.005295	0.353760	0.010010	46.753666	0.147027	1.425772	1911.000000	0.058319	0.001250	0.000680	0.000000	0.007320	0.003940	2.000000	0.050882	4.402730	15.846680	5.498047	0.000000	0.000000	0.000000	0.000000	0.000000	0.000000	80.000000	80.000000	0.000000	0.000000	1.000000	0.000000	8.000000	0.000000	0.020130	3.423859	0.915395	0.084385	0.026297	1.000000	1.000000	0.576172	0.803196	20.023661	0.015625	0.053757	0.009502	0.000000	262144.000000	12.476649	512.000000	512.000000	786432.000000	1.000000	0.000000	0.000000	0.000000	3.000000	3.416991	4.103325	4.623858	4.891009	5.334986	0.172609	0.382580	0.891941	1.000000	0.046223	0.083536	0.171862	0.296657	4.000000	10.000000	21.000000	71.000000	255.000000	0.000000	0.015873	0.031746	0.079365	0.000000	0.000000	0.000000	0.015873	0.000000	0.000000	0.000000	1.531479	1.868406	2.158316	0.039799	0.060750	0.084385	0.000000	0.000000	34.180187	0.865670
/home/lilith/work/codec-eval/codec-corpus/CID22/CID22-512/training/akfcrc022.png	large	512	512	9780.866211	0.077202	0.335198	0.008279	0.002421	0.726074	0.716064	114.526817	0.989175	0.995951	184.000000	0.005615	0.031680	0.043270	5.000000	0.019660	0.026310	4.000000	0.074410	1.996772	34.541016	19.405273	0.817383	0.000000	0.000000	0.000000	8.000000	1.000000	80.000000	80.000000	0.000000	0.000000	1.000000	0.000000	8.000000	0.000000	0.720131	1.604449	2.303372	0.000000	0.000000	1.000000	1.000000	0.174805	0.004456	54.242649	0.838867	0.073552	0.018152	0.000000	262144.000000	12.476649	512.000000	512.000000	786432.000000	1.000000	0.000000	0.000000	0.000000	3.000000	0.000000	4.500192	5.582031	5.672608	5.778769	0.000000	0.000000	1.000000	1.000000	0.000000	0.000000	0.022654	1.000000	0.000000	1.000000	17.000000	213.000000	255.000000	0.000000	0.000000	0.000000	0.142857	0.000000	0.000000	0.000000	0.000000	0.000000	0.000000	0.000000	0.000000	0.000000	0.000000	0.000000	0.000000	0.000000	0.000000	0.000000	14.306918	0.304395
/home/lilith/work/codec-eval/codec-corpus/CID22/CID22-512/training/nicubunu_Game_baddie_Policeman.png	large	512	512	9505.655273	0.033697	0.084175	0.002070	0.000266	0.753174	0.638184	27.891619	0.189873	1.505428	334.000000	0.010193	0.002690	0.002520	5.000000	0.000290	0.000280	0.000000	0.069580	3.294110	10.716797	2.499023	0.451172	0.000000	0.000000	0.000000	0.000000	0.000000	80.000000	80.000000	0.000000	0.000000	1.000000	0.000000	8.000000	0.000000	0.606766	1.580812	1.751171	0.000000	0.000000	1.000000	1.000000	0.282227	0.001667	40.467098	0.678711	0.030211	0.004728	0.000000	262144.000000	12.476649	512.000000	512.000000	786432.000000	1.000000	0.000000	0.000000	0.000000	3.000000	1.125785	3.072043	4.462779	5.100752	5.516988	0.000000	0.025489	0.272307	1.000000	0.000000	0.000000	0.023409	0.221156	0.000000	1.000000	2.000000	111.000000	255.000000	0.000000	0.000000	0.000000	0.015873	0.000000	0.000000	0.000000	0.000000	0.000000	0.000000	0.000000	0.000000	0.000000	0.000000	0.000000	0.000000	0.000000	0.000000	0.000000	53.065193	0.483462
/home/lilith/work/codec-eval/codec-corpus/CID22/CID22-512/training/2693208.png	large	512	512	3297.906250	0.221242	0.119919	0.010949	0.019704	0.140625	0.003906	63.378391	0.666443	1.092044	1022.000000	0.031189	0.008190	0.006600	1.000000	0.134840	0.117750	21.000000	0.137835	4.343510	28.121094	19.783203	0.000000	0.000000	0.000000	0.000000	0.000000	0.000000	80.000000	80.000000	0.000000	0.000000	1.000000	0.000000	8.000000	0.000000	0.001328	4.026471	0.843340	0.167636	0.081963	1.000000	1.000000	0.411133	0.014099	24.541550	0.000000	0.126984	0.040194	0.000000	262144.000000	12.476649	512.000000	512.000000	786432.000000	1.000000	0.000000	0.000000	0.000000	3.000000	4.182952	4.663513	4.970964	5.112714	5.301866	0.435007	0.904906	1.000000	1.000000	0.173349	0.348514	0.628768	0.893738	7.000000	23.000000	54.000000	145.000000	255.000000	0.015873	0.047619	0.126984	0.190476	0.000000	0.015873	0.031746	0.063492	0.000000	0.000000	0.000000	1.733273	2.356952	2.777325	0.049345	0.106533	0.167636	0.000000	0.000000	11.347937	0.842414
/home/lilith/work/codec-eval/codec-corpus/clic2025/final-test/50fe4c3d47d864858e1aaa60fecef5c453b4e18d2b368718eeb5c1e249e0c902.png	large	2048	1296	3318.240967	0.308161	0.118835	0.013132	0.007389	0.067505	0.004517	45.101791	2.099378	0.988155	7333.000000	0.223785	0.006900	0.006760	1.000000	0.013980	0.012650	5.000000	0.068004	4.549096	38.297974	12.872709	0.000000	0.000000	0.000000	0.000000	0.000000	0.000000	80.000000	80.000000	0.000000	0.000000	1.000000	0.000000	8.000000	0.000000	0.075653	4.268438	0.729133	0.336119	0.058145	1.000000	1.000000	0.614272	0.453314	20.898064	0.000000	0.121979	0.020465	0.000000	2654208.000000	14.791656	1296.000000	2048.000000	7962624.000000	0.632812	0.457581	0.000000	0.012346	3.000000	4.361407	4.806427	5.102067	5.262235	5.423317	0.655844	1.000000	1.000000	1.000000	0.105099	0.226857	0.380459	0.580723	12.000000	30.000000	57.000000	128.000000	255.000000	0.031746	0.063492	0.111111	0.174603	0.000000	0.000000	0.015873	0.031746	0.000000	0.000000	1.000000	2.133339	2.901322	3.318220	0.085461	0.209061	0.336119	0.000000	0.015873	7.990457	0.894726
/home/lilith/work/codec-eval/codec-corpus/CID22/CID22-512/training/newplot (1).png	large	512	512	177.320099	0.032969	0.032559	0.001887	0.002350	0.875977	0.685791	14.798717	0.295713	1.662920	597.000000	0.018219	0.001610	0.007310	5.000000	0.020280	0.107110	60.000000	0.649521	1.092937	3.210938	2.066406	0.853516	0.000000	0.000000	0.000000	0.000000	0.000000	80.000000	80.000000	0.000000	0.000000	1.000000	0.000000	8.000000	0.000000	0.174957	1.047714	1.580423	0.000000	0.000000	1.000000	1.000000	0.118164	0.003326	32.567589	0.865234	0.025065	0.005844	0.000000	262144.000000	12.476649	512.000000	512.000000	786432.000000	1.000000	0.000000	0.000000	0.000000	3.000000	0.000000	2.562293	3.891899	4.584850	4.954802	0.000000	0.000000	0.130367	0.533517	0.000000	0.000000	0.029758	0.096569	0.000000	0.000000	7.000000	118.000000	255.000000	0.000000	0.000000	0.000000	0.000000	0.000000	0.000000	0.000000	0.000000	0.000000	0.000000	0.000000	0.000000	0.000000	0.000000	0.000000	0.000000	0.000000	0.000000	0.000000	59.437851	0.256915
/home/lilith/work/codec-eval/codec-corpus/gb82/nyc-lossless.png	large	576	576	4343.636719	0.108392	0.030280	0.004055	0.003201	0.406057	0.015239	10.786407	0.247641	1.147701	624.000000	0.019043	0.000740	0.001000	0.000000	0.002780	0.003380	0.000000	0.233498	4.444488	8.435873	1.135005	0.000000	0.000000	0.000000	0.000000	0.000000	0.000000	80.000000	80.000000	0.000000	0.000000	1.000000	0.000000	8.000000	0.000000	0.205488	3.197317	0.869227	0.065985	0.019491	1.000000	1.000000	0.451302	0.041733	11.390346	0.012536	0.057446	0.001791	0.000000	331776.000000	12.712215	576.000000	576.000000	995328.000000	1.000000	0.000000	0.000000	0.000000	3.000000	3.382186	3.902566	4.213476	4.398543	4.640051	0.142403	0.354415	0.621028	0.920762	0.024781	0.043458	0.072094	0.113670	3.000000	13.000000	32.000000	82.000000	230.000000	0.000000	0.015873	0.031746	0.095238	0.000000	0.000000	0.000000	0.000000	0.000000	0.000000	0.000000	1.310428	1.667306	1.885078	0.028347	0.048727	0.065985	0.000000	0.000000	12.150380	0.835866
/home/lilith/work/codec-eval/codec-corpus/CID22/CID22-512/training/pexels-photo-3568544.png	large	512	512	3983.565430	0.052087	0.086675	0.003007	0.003549	0.485107	0.026367	45.657009	0.148929	1.651968	1112.000000	0.033936	0.000320	0.000320	0.000000	0.002780	0.002970	1.000000	0.149403	4.289316	7.583008	2.464844	0.000000	0.000000	0.000000	0.000000	0.000000	0.000000	80.000000	80.000000	0.000000	0.000000	1.000000	0.000000	8.000000	0.000000	0.000671	3.093558	0.796661	0.070556	0.023350	1.000000	1.000000	0.351562	0.556526	15.562808	0.001953	0.036303	0.004356	0.000000	262144.000000	12.476649	512.000000	512.000000	786432.000000	1.000000	0.000000	0.000000	0.000000	3.000000	3.102004	3.659938	4.125907	4.407313	4.910758	0.131493	0.232258	0.476521	0.824280	0.037111	0.057094	0.096732	0.189620	4.000000	10.000000	22.000000	70.000000	255.000000	0.000000	0.000000	0.015873	0.047619	0.000000	0.000000	0.000000	0.000000	0.000000	0.000000	0.000000	1.322222	1.739870	1.985581	0.029210	0.051166	0.070556	0.000000	0.000000	35.604717	0.772490
/home/lilith/work/codec-eval/codec-corpus/gb82/night-lossless.png	large	576	576	3537.497803	0.140380	0.002418	0.000458	0.000253	0.409915	0.213735	0.819279	0.313418	1.380468	121.000000	0.003693	0.000040	0.000040	0.000000	0.000100	0.000100	0.000000	0.079270	3.155061	16.349083	0.000000	0.036644	0.000000	0.000000	0.000000	8.000000	1.000000	80.000000	80.000000	0.000000	0.000000	1.000000	0.000000	8.000000	0.000000	1.000000	3.109323	1.408694	0.022692	0.000000	1.000000	1.000000	0.370299	0.000000	20.867748	0.051109	0.070747	0.000000	0.000000	331776.000000	12.712215	576.000000	576.000000	995328.000000	1.000000	0.000000	0.000000	0.000000	3.000000	3.533446	4.209071	4.687464	4.966267	5.411978	0.050581	0.437808	0.954075	1.000000	0.000000	0.000000	0.013323	0.023004	3.000000	14.000000	32.000000	98.000000	255.000000	0.000000	0.000000	0.047619	0.111111	0.000000	0.000000	0.000000	0.000000	0.000000	0.000000	0.000000	0.000000	0.586513	1.265702	0.000000	0.009255	0.022692	0.000000	0.000000	21.950916	0.760979
/home/lilith/work/codec-eval/codec-corpus/CID22/CID22-512/validation/2253934.png	large	512	512	2664.549316	0.107977	0.072814	0.007851	0.006196	0.582275	0.106201	31.266726	0.337093	1.433928	1586.000000	0.048401	0.007370	0.005960	5.000000	0.023740	0.022380	5.000000	0.112623	3.113795	11.103516	3.874023	0.014648	0.000000	0.000000	0.000000	0.000000	0.000000	80.000000	80.000000	0.000000	0.000000	1.000000	0.000000	8.000000	0.000000	0.024879	2.930240	1.200067	0.034571	0.021017	1.000000	1.000000	0.245117	0.454151	28.433962	0.016602	0.050115	0.007518	0.000000	262144.000000	12.476649	512.000000	512.000000	786432.000000	1.000000	0.000000	0.000000	0.000000	3.000000	2.788699	3.941756	4.583150	4.894368	5.197862	0.074170	0.172282	0.666805	1.000000	0.032165	0.079057	0.158566	0.280673	2.000000	10.000000	31.000000	118.000000	255.000000	0.000000	0.000000	0.015873	0.095238	0.000000	0.000000	0.000000	0.015873	0.000000	0.000000	0.000000	0.000000	1.189895	1.464034	0.000000	0.023277	0.034571	0.000000	0.000000	23.441528	0.769237
/home/lilith/work/codec-eval/codec-corpus/gb82-sc/graph.png	large	796	481	415.836517	0.054811	0.027908	0.001111	0.000811	0.811953	0.808754	11.763168	1.066416	1.485540	199.000000	0.006073	0.002790	0.012570	9.000000	0.012900	0.059270	50.000000	0.481309	0.341712	9.001683	2.010943	0.904040	0.000000	0.000000	0.000000	8.000000	1.000000	80.000000	80.000000	0.000000	0.000000	1.000000	0.000000	8.000000	0.000000	0.019706	0.848191	1.795319	0.000000	0.000000	1.000000	1.000000	0.005051	0.004672	52.781544	0.908249	0.037104	0.003848	0.000000	382876.000000	12.855467	481.000000	796.000000	1148628.000000	0.604271	0.503732	0.019651	0.069798	3.000000	0.000000	0.000000	4.339900	5.015466	5.440615	0.000000	0.000000	0.000000	0.969550	0.000000	0.000000	0.000000	0.047553	0.000000	0.000000	0.000000	209.000000	255.000000	0.000000	0.000000	0.000000	0.000000	0.000000	0.000000	0.000000	0.000000	0.000000	0.000000	0.000000	0.000000	0.000000	0.000000	0.000000	0.000000	0.000000	0.000000	0.000000	25.819601	0.115437
/home/lilith/work/codec-eval/codec-corpus/CID22/CID22-512/training/pexels-photo-3289880.png	large	512	512	1828.508667	0.000207	0.135763	0.002303	0.002923	0.825928	0.000488	73.254921	0.019464	1.642464	322.000000	0.009827	0.000200	0.000220	0.000000	0.001440	0.001700	0.000000	0.145408	3.989444	2.200195	2.710938	0.000000	0.000000	0.000000	0.000000	0.000000	0.000000	80.000000	80.000000	0.000000	0.000000	1.000000	0.000000	8.000000	0.000000	0.000000	2.627056	0.451329	0.059752	0.021119	1.000000	1.000000	0.187500	0.000000	1.860840	0.000000	0.012618	0.005363	0.000000	262144.000000	12.476649	512.000000	512.000000	786432.000000	1.000000	0.000000	0.000000	0.000000	3.000000	2.597627	2.919528	3.231689	3.422300	3.751047	0.081720	0.136786	0.213767	0.322691	0.038667	0.063764	0.122789	0.196459	3.000000	6.000000	10.000000	17.000000	39.000000	0.000000	0.000000	0.015873	0.015873	0.000000	0.000000	0.000000	0.015873	0.000000	0.000000	0.000000	1.830809	1.977080	2.077141	0.040845	0.051949	0.059752	0.000000	0.000000	2.220050	0.717517
/home/lilith/work/codec-eval/codec-corpus/CID22/CID22-512/training/Performance-Graph.png	large	512	512	3318.941650	0.038714	0.174541	0.004737	0.000473	0.704590	0.630615	66.408722	0.195117	1.481059	436.000000	0.013306	0.009950	0.008440	1.000000	0.000720	0.001060	0.000000	0.056447	2.884159	11.376953	8.975586	0.853516	0.000000	0.000000	0.000000	0.000000	0.000000	80.000000	80.000000	0.000000	0.000000	1.000000	0.000000	8.000000	0.000000	0.268448	1.341884	1.869587	0.000000	0.000000	1.000000	1.000000	0.242188	0.000000	40.550053	0.893555	0.025577	0.010169	0.000000	262144.000000	12.476649	512.000000	512.000000	786432.000000	1.000000	0.000000	0.000000	0.000000	3.000000	0.000000	3.152513	4.584478	5.227128	5.426108	0.000000	0.000000	0.300489	1.000000	0.000000	0.000000	0.262732	0.581260	0.000000	0.000000	9.000000	95.000000	255.000000	0.000000	0.000000	0.000000	0.031746	0.000000	0.000000	0.000000	0.015873	0.000000	0.000000	0.000000	0.000000	0.000000	0.000000	0.000000	0.000000	0.000000	0.000000	0.000000	67.358261	0.335775
/home/lilith/work/codec-eval/codec-corpus/CID22/CID22-512/validation/2389166.png	large	512	512	1920.494629	0.151746	0.119317	0.012874	0.008632	0.426758	0.133545	47.996223	0.530415	1.573607	4083.000000	0.124603	0.018110	0.017710	5.000000	0.050140	0.045040	17.000000	0.225576	3.788423	14.251953	7.929688	0.000000	0.000000	0.000000	0.000000	0.000000	0.000000	80.000000	80.000000	0.000000	0.000000	1.000000	0.000000	8.000000	0.000000	0.051445	3.181559	1.221125	0.036899	0.014973	1.000000	1.000000	0.338867	0.046898	26.731136	0.023438	0.083938	0.016214	0.000000	262144.000000	12.476649	512.000000	512.000000	786432.000000	1.000000	0.000000	0.000000	0.000000	3.000000	3.453889	4.209729	4.576537	4.892559	5.280115	0.081417	0.364341	0.918631	1.000000	0.029624	0.121524	0.251000	0.457526	3.000000	16.000000	39.000000	144.000000	255.000000	0.000000	0.000000	0.047619	0.126984	0.000000	0.000000	0.000000	0.031746	0.000000	0.000000	0.000000	0.974857	1.228850	1.439085	0.017257	0.026821	0.036899	0.000000	0.000000	23.974886	0.800006
/home/lilith/work/codec-eval/codec-corpus/CID22/CID22-512/training/pexels-photo-7078290.png	large	512	512	1017.350281	0.218849	0.098898	0.004811	0.005086	0.123291	0.000000	41.679489	0.477719	0.991216	1331.000000	0.040619	0.000800	0.001460	0.000000	0.006030	0.011020	1.000000	0.118186	3.614561	23.343750	5.655273	0.003906	0.000000	0.000000	0.000000	0.000000	0.000000	80.000000	80.000000	0.000000	0.000000	1.000000	0.000000	8.000000	0.000000	0.012127	3.982953	0.700405	0.191906	0.043711	1.000000	1.000000	0.318359	0.611267	17.034861	0.000000	0.099377	0.011285	0.000000	262144.000000	12.476649	512.000000	512.000000	786432.000000	1.000000	0.000000	0.000000	0.000000	3.000000	4.101816	4.523201	4.850061	4.936626	5.080159	0.347323	0.802935	1.000000	1.000000	0.075551	0.138209	0.219845	0.300651	12.000000	28.000000	51.000000	101.000000	255.000000	0.015873	0.047619	0.095238	0.142857	0.000000	0.000000	0.015873	0.015873	0.000000	0.000000	1.000000	2.385131	2.725861	2.947671	0.091984	0.143002	0.191906	0.000000	0.000000	6.600816	0.786244
/home/lilith/work/codec-eval/codec-corpus/CID22/CID22-512/training/pexels-photo-796526.png	large	512	512	2349.944336	0.094784	0.070503	0.003503	0.002445	0.211426	0.000000	28.364433	0.169621	1.323275	1129.000000	0.034454	0.000380	0.000340	0.000000	0.001350	0.001170	0.000000	0.175136	4.238875	8.968750	1.586914	0.001953	0.000000	0.000000	0.000000	0.000000	0.000000	80.000000	80.000000	0.000000	0.000000	1.000000	0.000000	8.000000	0.000000	0.101856	3.509746	0.564971	0.148392	0.019832	1.000000	1.000000	0.249023	0.520584	7.402040	0.000000	0.068561	0.003100	0.000000	262144.000000	12.476649	512.000000	512.000000	786432.000000	1.000000	0.000000	0.000000	0.000000	3.000000	3.623353	3.894564	4.136379	4.272851	4.647422	0.275697	0.453450	0.646427	0.862296	0.029822	0.050002	0.083540	0.127105	8.000000	17.000000	29.000000	60.000000	225.000000	0.000000	0.031746	0.063492	0.095238	0.000000	0.000000	0.000000	0.000000	0.000000	0.000000	1.000000	2.154576	2.382017	2.671853	0.069298	0.102886	0.148392	0.000000	0.000000	7.267271	0.792415
/home/lilith/work/codec-eval/codec-corpus/CID22/CID22-512/training/67216.png	large	512	512	3320.481689	0.190199	0.101609	0.022987	0.014002	0.066406	0.000000	43.371536	0.385569	1.373798	4258.000000	0.129944	0.020410	0.016870	4.000000	0.047210	0.033570	3.000000	0.167469	4.328176	15.335938	11.311523	0.001953	0.000000	0.000000	0.000000	0.000000	0.000000	80.000000	80.000000	0.000000	0.000000	1.000000	0.000000	8.000000	0.000000	0.016483	3.846598	0.522803	0.276242	0.106276	1.000000	1.000000	0.255859	0.250320	13.578250	0.000000	0.104756	0.028088	0.000000	262144.000000	12.476649	512.000000	512.000000	786432.000000	1.000000	0.000000	0.000000	0.000000	3.000000	3.854009	4.183738	4.499341	4.734616	5.280781	0.386832	0.595324	0.863597	1.000000	0.151282	0.226165	0.352730	0.517492	11.000000	23.000000	42.000000	98.000000	255.000000	0.031746	0.047619	0.095238	0.142857	0.000000	0.015873	0.015873	0.047619	0.000000	0.000000	1.000000	2.754145	3.021545	3.179583	0.165092	0.228417	0.276242	0.000000	0.015873	10.988925	0.795275
/home/lilith/work/codec-eval/codec-corpus/CID22/CID22-512/training/pexels-photo-3155588.png	large	512	512	2832.744141	0.091268	0.078077	0.005807	0.004577	0.570557	0.085205	43.842445	0.254280	1.371455	2371.000000	0.072357	0.002180	0.000810	0.000000	0.006460	0.003920	2.000000	0.090776	4.017198	14.056641	4.847656	0.027344	0.000000	0.000000	0.000000	0.000000	0.000000	80.000000	80.000000	0.000000	0.000000	1.000000	0.000000	8.000000	0.000000	0.000576	2.880151	1.310257	0.024556	0.019787	1.000000	1.000000	0.368164	0.817444	23.099258	0.074219	0.049185	0.008820	0.000000	262144.000000	12.476649	512.000000	512.000000	786432.000000	1.000000	0.000000	0.000000	0.000000	3.000000	2.867458	3.894696	4.684942	5.042181	5.365728	0.071626	0.200148	0.645164	1.000000	0.035252	0.062451	0.144733	0.269296	2.000000	8.000000	23.000000	104.000000	255.000000	0.000000	0.000000	0.015873	0.079365	0.000000	0.000000	0.000000	0.015873	0.000000	0.000000	0.000000	0.000000	0.859403	1.129835	0.000000	0.014348	0.024556	0.000000	0.000000	31.921703	0.770032
/home/lilith/work/codec-eval/codec-corpus/CID22/CID22-512/validation/1418519.png	large	512	512	1620.448975	0.039419	0.099117	0.003038	0.002547	0.723877	0.098389	36.843044	0.112004	1.652728	1731.000000	0.052826	0.000750	0.000860	0.000000	0.003020	0.003780	2.000000	0.107061	3.812329	6.655273	2.291992	0.003906	0.000000	0.000000	0.000000	0.000000	0.000000	80.000000	80.000000	0.000000	0.000000	1.000000	0.000000	8.000000	0.000000	0.131596	2.548965	0.972242	0.038305	0.018521	1.000000	1.000000	0.691406	0.155079	21.358934	0.088867	0.027995	0.004263	0.000000	262144.000000	12.476649	512.000000	512.000000	786432.000000	1.000000	0.000000	0.000000	0.000000	3.000000	2.377233	3.178240	3.938557	4.572802	5.071918	0.061312	0.121989	0.302792	0.732054	0.026433	0.043717	0.085265	0.172161	1.000000	2.000000	5.000000	76.000000	255.000000	0.000000	0.000000	0.015873	0.031746	0.000000	0.000000	0.000000	0.000000	0.000000	0.000000	0.000000	1.079182	1.310429	1.452697	0.019882	0.030628	0.038305	0.000000	0.000000	69.066284	0.908689
/home/lilith/work/codec-eval/codec-corpus/CID22/CID22-512/training/pexels-photo-4210863.png	large	512	512	4428.978027	0.737344	0.064892	0.017417	0.015316	0.002197	0.000000	30.328388	4.125576	0.756468	2214.000000	0.067566	0.010600	0.014400	1.000000	0.057130	0.062110	8.000000	0.693676	4.618533	51.210938	8.710938	0.000000	0.000000	0.000000	0.000000	0.000000	0.000000	80.000000	80.000000	0.000000	0.000000	1.000000	0.000000	8.000000	0.000000	0.025696	4.710970	0.329382	0.824600	0.109120	1.000000	1.000000	0.086914	0.023205	27.348415	0.000000	0.289047	0.014090	0.000000	262144.000000	12.476649	512.000000	512.000000	786432.000000	1.000000	0.000000	0.000000	0.000000	3.000000	4.742190	4.934353	5.061765	5.127806	5.352736	1.000000	1.000000	1.000000	1.000000	0.138799	0.172346	0.229948	0.398095	50.000000	94.000000	149.000000	255.000000	255.000000	0.158730	0.222222	0.301587	0.365079	0.000000	0.000000	0.000000	0.015873	0.000000	3.000000	7.000000	3.446294	4.202028	4.353315	0.362044	0.663650	0.824600	0.031746	0.111111	1.179721	0.569021
/home/lilith/work/codec-eval/codec-corpus/CID22/CID22-512/validation/2775196.png	large	512	512	2844.319092	0.122985	0.132331	0.007109	0.009632	0.465576	0.010010	52.236835	0.240799	1.321724	1247.000000	0.038055	0.003400	0.015590	1.000000	0.040650	0.202410	25.000000	0.218993	4.449704	9.339844	10.371094	0.000000	0.000000	0.000000	0.000000	0.000000	0.000000	80.000000	80.000000	0.000000	0.000000	1.000000	0.000000	8.000000	0.000000	0.000626	3.123642	0.976586	0.064428	0.025950	1.000000	1.000000	0.444336	0.131786	12.834546	0.001953	0.057757	0.019671	0.000000	262144.000000	12.476649	512.000000	512.000000	786432.000000	1.000000	0.000000	0.000000	0.000000	3.000000	3.263103	3.980820	4.379380	4.597144	4.808919	0.092137	0.296897	0.679383	1.000000	0.047429	0.148803	0.369272	0.596209	3.000000	13.000000	34.000000	87.000000	219.000000	0.000000	0.000000	0.031746	0.095238	0.000000	0.000000	0.000000	0.031746	0.000000	0.000000	0.000000	1.431364	1.743805	1.863324	0.034288	0.055346	0.064428	0.000000	0.000000	11.135292	0.822663
/home/lilith/work/codec-eval/codec-corpus/CID22/CID22-512/training/pexels-photo-1029599.png	large	512	512	2736.781738	0.433833	0.120947	0.023664	0.013484	0.133789	0.000000	46.587814	1.255101	1.000803	4555.000000	0.139008	0.026630	0.029100	3.000000	0.051570	0.053900	5.000000	0.184872	4.265492	33.040039	16.996094	0.001953	0.000000	0.000000	0.000000	0.000000	0.000000	80.000000	80.000000	0.000000	0.000000	1.000000	0.000000	8.000000	0.000000	0.117481	4.229383	0.780365	0.169887	0.033059	1.000000	1.000000	0.208008	0.394894	20.934299	0.000000	0.166202	0.037032	0.000000	262144.000000	12.476649	512.000000	512.000000	786432.000000	1.000000	0.000000	0.000000	0.000000	3.000000	4.455780	4.729949	5.004479	5.132794	5.429177	0.664826	1.000000	1.000000	1.000000	0.100837	0.307581	0.521296	0.756552	21.000000	50.000000	83.000000	155.000000	255.000000	0.015873	0.095238	0.190476	0.238095	0.000000	0.000000	0.031746	0.063492	0.000000	0.000000	1.000000	2.220067	2.630793	2.832818	0.073796	0.137021	0.169887	0.000000	0.000000	3.618128	0.763665
/home/lilith/work/codec-eval/codec-corpus/CID22/CID22-512/validation/1189261.png	large	512	512	3087.487549	0.183612	0.223730	0.016446	0.009984	0.342773	0.003418	98.838501	0.484209	1.226788	6699.000000	0.204437	0.020120	0.050910	14.000000	0.064280	0.073240	43.000000	0.117902	4.351655	21.320312	20.048828	0.000000	0.000000	0.000000	0.000000	0.000000	0.000000	80.000000	80.000000	0.000000	0.000000	1.000000	0.000000	8.000000	0.000000	0.017349	3.525543	1.099455	0.062056	0.041075	1.000000	1.000000	0.439453	0.398239	22.986162	0.013672	0.087317	0.030676	0.000000	262144.000000	12.476649	512.000000	512.000000	786432.000000	1.000000	0.000000	0.000000	0.000000	3.000000	3.634521	4.476186	4.917411	5.112253	5.368942	0.139691	0.482295	1.000000	1.000000	0.058017	0.193685	0.454950	0.905981	5.000000	16.000000	43.000000	129.000000	255.000000	0.000000	0.015873	0.047619	0.142857	0.000000	0.000000	0.015873	0.047619	0.000000	0.000000	0.000000	1.570944	1.788765	1.926133	0.033448	0.047581	0.062056	0.000000	0.000000	16.467093	0.827551
/home/lilith/work/codec-eval/codec-corpus/CID22/CID22-512/training/newplot.png	large	512	512	196.839706	0.040334	0.033140	0.001626	0.001966	0.849609	0.613770	15.041345	0.331402	1.477345	397.000000	0.012115	0.000800	0.007870	1.000000	0.009570	0.126390	55.000000	0.600982	1.120529	4.075195	2.322266	0.808594	0.000000	0.000000	0.000000	0.000000	0.000000	80.000000	80.000000	0.000000	0.000000	1.000000	0.000000	8.000000	0.000000	0.174068	1.349250	1.672605	0.000000	0.000000	1.000000	1.000000	0.050781	0.003490	32.406925	0.813477	0.028785	0.006154	0.000000	262144.000000	12.476649	512.000000	512.000000	786432.000000	1.000000	0.000000	0.000000	0.000000	3.000000	0.000000	2.664862	4.220263	4.599145	5.031496	0.000000	0.000000	0.147968	0.963222	0.000000	0.000000	0.040146	0.105370	0.000000	0.000000	8.000000	128.000000	255.000000	0.000000	0.000000	0.000000	0.000000	0.000000	0.000000	0.000000	0.000000	0.000000	0.000000	0.000000	0.000000	0.000000	0.000000	0.000000	0.000000	0.000000	0.000000	0.000000	52.699329	0.312959
/home/lilith/work/codec-eval/codec-corpus/CID22/CID22-512/validation/1420710.png	large	512	512	2171.406738	0.514087	0.043460	0.017857	0.010888	0.000000	0.000000	32.931896	1.060181	0.761393	784.000000	0.023926	0.011410	0.008010	0.000000	0.025830	0.017930	2.000000	0.128798	4.306501	43.286133	6.362305	0.000000	0.000000	0.000000	0.000000	0.000000	0.000000	80.000000	80.000000	0.000000	0.000000	1.000000	0.000000	8.000000	0.000000	0.000397	4.615195	0.306359	0.891711	0.112972	1.000000	1.000000	0.411133	0.983982	16.764008	0.000000	0.185314	0.015144	0.000000	262144.000000	12.476649	512.000000	512.000000	786432.000000	1.000000	0.000000	0.000000	0.000000	3.000000	4.637514	4.836253	4.988071	5.065198	5.218817	1.000000	1.000000	1.000000	1.000000	0.144137	0.189338	0.246238	0.296956	26.000000	47.000000	72.000000	140.000000	255.000000	0.126984	0.142857	0.174603	0.222222	0.000000	0.000000	0.015873	0.031746	0.000000	2.000000	4.000000	3.806425	4.062530	4.190436	0.540564	0.737767	0.891711	0.079365	0.111111	5.389021	0.857842
/home/lilith/work/codec-eval/codec-corpus/CID22/CID22-512/validation/1475938.png	large	512	512	4277.219727	0.082590	0.051830	0.003647	0.002896	0.692871	0.360352	21.699764	0.310174	1.418837	2193.000000	0.066925	0.001850	0.003280	2.000000	0.008320	0.026000	15.000000	0.136225	4.078382	10.856445	3.237305	0.135742	0.000000	0.000000	0.000000	0.000000	0.000000	80.000000	80.000000	0.000000	0.000000	1.000000	0.000000	8.000000	0.000000	0.186264	2.310851	1.570311	0.000000	0.000000	1.000000	1.000000	0.282227	0.007717	27.735821	0.162109	0.042969	0.004263	0.000000	262144.000000	12.476649	512.000000	512.000000	786432.000000	1.000000	0.000000	0.000000	0.000000	3.000000	2.218429	3.543377	4.613461	4.915055	5.258125	0.024726	0.087748	0.444440	1.000000	0.014914	0.030521	0.059427	0.163062	1.000000	4.000000	23.000000	113.000000	255.000000	0.000000	0.000000	0.000000	0.047619	0.000000	0.000000	0.000000	0.000000	0.000000	0.000000	0.000000	0.000000	0.000000	0.000000	0.000000	0.000000	0.000000	0.000000	0.000000	33.105114	0.649615
/home/lilith/work/codec-eval/codec-corpus/CID22/CID22-512/validation/844297.png	large	512	512	2736.144287	0.015345	0.112497	0.002760	0.003599	0.647461	0.029541	49.812767	0.025711	1.614466	1275.000000	0.038910	0.000330	0.000270	0.000000	0.003780	0.002640	1.000000	0.044294	4.375531	5.465820	3.358398	0.000000	0.000000	0.000000	0.000000	0.000000	0.000000	80.000000	80.000000	0.000000	0.000000	1.000000	0.000000	8.000000	0.000000	0.000095	2.792096	0.781756	0.052570	0.019433	1.000000	1.000000	0.587891	0.510323	9.194749	0.004883	0.025639	0.007161	0.000000	262144.000000	12.476649	512.000000	512.000000	786432.000000	1.000000	0.000000	0.000000	0.000000	3.000000	2.752709	3.343430	3.904119	4.159217	4.538457	0.091279	0.183055	0.372512	0.704924	0.032582	0.066486	0.135369	0.226938	2.000000	4.000000	8.000000	28.000000	153.000000	0.000000	0.000000	0.015873	0.031746	0.000000	0.000000	0.000000	0.015873	0.000000	0.000000	0.000000	1.295224	1.613942	1.797614	0.025114	0.040062	0.052570	0.000000	0.000000	54.238354	0.868121
/home/lilith/work/codec-eval/codec-corpus/gb82/mc2-lossless.png	large	576	576	1938.503418	0.002888	0.058382	0.002222	0.001336	0.888310	0.342400	23.242355	0.009450	1.598146	332.000000	0.010132	0.000260	0.000420	0.000000	0.000670	0.001270	0.000000	0.079321	3.822526	1.587271	0.748312	0.019286	0.000000	0.000000	0.000000	0.000000	0.000000	80.000000	80.000000	0.000000	0.000000	1.000000	0.000000	8.000000	0.000000	0.037806	2.078904	0.876622	0.022994	0.006267	1.000000	1.000000	0.354870	0.283538	4.162837	0.068467	0.010133	0.001179	0.000000	331776.000000	12.712215	576.000000	576.000000	995328.000000	1.000000	0.000000	0.000000	0.000000	3.000000	2.224945	2.723251	3.125136	3.456053	3.991353	0.030775	0.093185	0.176999	0.287505	0.021063	0.035502	0.065725	0.094211	0.000000	2.000000	5.000000	16.000000	84.000000	0.000000	0.000000	0.000000	0.015873	0.000000	0.000000	0.000000	0.000000	0.000000	0.000000	0.000000	0.000000	0.748914	1.055356	0.000000	0.015212	0.022994	0.000000	0.000000	47.034260	0.783049
/home/lilith/work/codec-eval/codec-corpus/gb82-sc/gui.png	large	1356	1132	992.170410	0.017204	0.034919	0.000083	0.000051	0.890092	0.867682	11.209268	0.189667	1.833058	147.000000	0.004486	0.000110	0.001690	1.000000	0.000270	0.004150	3.000000	0.064081	2.080684	4.948891	0.242044	0.929605	0.000000	0.000000	0.000000	8.000000	1.000000	80.000000	80.000000	0.000000	0.000000	1.000000	0.000000	8.000000	0.000000	0.994865	0.597915	1.419236	0.000000	0.000000	1.000000	1.000000	0.127290	0.000000	37.145672	0.959499	0.013960	0.000230	0.000000	1534992.000000	14.244036	1132.000000	1356.000000	4604976.000000	0.834808	0.180553	0.006494	0.032678	3.000000	0.000000	0.000000	3.374382	4.059012	5.450968	0.000000	0.000000	0.000000	0.387400	0.000000	0.000000	0.000000	0.000000	0.000000	0.000000	0.000000	61.000000	255.000000	0.000000	0.000000	0.000000	0.000000	0.000000	0.000000	0.000000	0.000000	0.000000	0.000000	0.000000	0.000000	0.000000	0.000000	0.000000	0.000000	0.000000	0.000000	0.000000	110.376335	0.154654
/home/lilith/work/codec-eval/codec-corpus/gb82/guitar-lossless.png	large	576	576	900.299377	0.097603	0.150185	0.004020	0.005894	0.421103	0.040702	65.673019	0.250926	1.393504	2333.000000	0.071198	0.001890	0.001330	0.000000	0.032100	0.017400	7.000000	0.112046	3.452134	13.009644	6.031823	0.001929	0.000000	0.000000	0.000000	0.000000	0.000000	80.000000	80.000000	0.000000	0.000000	1.000000	0.000000	8.000000	0.000000	0.704159	3.288022	0.983493	0.067974	0.000000	1.000000	1.000000	0.602700	0.069942	18.858063	0.006750	0.062390	0.009980	0.000000	331776.000000	12.712215	576.000000	576.000000	995328.000000	1.000000	0.000000	0.000000	0.000000	3.000000	3.319886	4.109405	4.600667	4.818618	5.050714	0.125479	0.357998	0.888261	1.000000	0.000000	0.000000	0.128058	0.427311	3.000000	7.000000	20.000000	102.000000	255.000000	0.000000	0.000000	0.031746	0.095238	0.000000	0.000000	0.000000	0.000000	0.000000	0.000000	0.000000	1.337147	1.747098	1.982272	0.028797	0.049142	0.067974	0.000000	0.000000	31.067255	0.874367
/home/lilith/work/codec-eval/codec-corpus/CID22/CID22-512/validation/5055743.png	large	512	512	3657.463135	0.097507	0.108712	0.006445	0.005308	0.429688	0.066406	45.262562	0.188905	1.490027	2739.000000	0.083588	0.002850	0.002770	1.000000	0.021020	0.014780	24.000000	0.072480	4.501345	14.821289	5.086914	0.003906	0.000000	0.000000	0.000000	0.000000	0.000000	80.000000	80.000000	0.000000	0.000000	1.000000	0.000000	8.000000	0.000000	0.053364	3.235217	1.061100	0.048365	0.017185	1.000000	1.000000	0.631836	0.519035	19.666332	0.041992	0.056083	0.010262	0.000000	262144.000000	12.476649	512.000000	512.000000	786432.000000	1.000000	0.000000	0.000000	0.000000	3.000000	3.294490	4.026809	4.633026	4.915053	5.281283	0.133324	0.340432	0.762155	1.000000	0.026129	0.061052	0.153878	0.308959	2.000000	8.000000	24.000000	82.000000	255.000000	0.000000	0.015873	0.031746	0.079365	0.000000	0.000000	0.000000	0.015873	0.000000	0.000000	0.000000	1.188577	1.418869	1.685182	0.019658	0.033193	0.048365	0.000000	0.000000	32.707947	0.881448
/home/lilith/work/codec-eval/codec-corpus/CID22/CID22-512/training/ularapi_Semarang_City_Logo.png	large	512	512	11037.401367	0.150413	0.231865	0.009823	0.009751	0.550049	0.525146	90.338921	1.912048	0.801748	697.000000	0.021271	0.039330	0.026090	20.000000	0.302550	0.076000	56.000000	0.063112	2.578704	63.333984	16.634766	0.699219	0.000000	0.000000	0.000000	0.000000	0.000000	80.000000	80.000000	0.000000	0.000000	1.000000	0.000000	8.000000	0.000000	0.642704	2.685992	2.639748	0.000000	0.000000	1.000000	1.000000	0.367188	0.004105	62.934082	0.730469	0.096664	0.016803	0.000000	262144.000000	12.476649	512.000000	512.000000	786432.000000	1.000000	0.000000	0.000000	0.000000	3.000000	3.098595	5.551541	5.755386	5.782425	5.833391	0.000000	0.244796	1.000000	1.000000	0.000000	0.000000	0.028718	0.525181	0.000000	3.000000	93.000000	246.000000	255.000000	0.000000	0.000000	0.015873	0.111111	0.000000	0.000000	0.000000	0.000000	0.000000	0.000000	0.000000	0.000000	0.000000	0.000000	0.000000	0.000000	0.000000	0.000000	0.000000	6.957788	0.469966
/home/lilith/work/codec-eval/codec-corpus/gb82/mc1-lossless.png	large	576	576	1596.158325	0.060691	0.174957	0.009815	0.003735	0.416281	0.143904	56.655983	0.092302	1.222821	1058.000000	0.032288	0.006160	0.005710	1.000000	0.005240	0.005240	1.000000	0.079130	3.945773	9.185149	6.957570	0.009643	0.000000	0.000000	0.000000	0.000000	0.000000	80.000000	80.000000	0.000000	0.000000	1.000000	0.000000	8.000000	0.000000	0.049437	3.090231	1.055274	0.031733	0.020082	1.000000	1.000000	0.619094	0.443350	9.215785	0.058824	0.053191	0.015276	0.000000	331776.000000	12.712215	576.000000	576.000000	995328.000000	1.000000	0.000000	0.000000	0.000000	3.000000	3.327969	3.909235	4.242503	4.426901	4.729241	0.144429	0.354786	0.681899	1.000000	0.045318	0.129150	0.268000	0.412045	2.000000	7.000000	18.000000	52.000000	182.000000	0.000000	0.000000	0.031746	0.079365	0.000000	0.000000	0.000000	0.031746	0.000000	0.000000	0.000000	0.467978	1.146129	1.288639	0.006906	0.026475	0.031733	0.000000	0.000000	16.012070	0.879262
/home/lilith/work/codec-eval/codec-corpus/CID22/CID22-512/validation/1279330.png	large	512	512	4180.395996	0.079166	0.133264	0.007476	0.005350	0.316406	0.076660	55.639637	0.090209	1.364038	3806.000000	0.116150	0.002140	0.001310	1.000000	0.007950	0.005650	5.000000	0.026429	4.575921	19.770508	8.658203	0.016602	0.000000	0.000000	0.000000	0.000000	0.000000	80.000000	80.000000	0.000000	0.000000	1.000000	0.000000	8.000000	0.000000	0.077320	3.508096	1.063284	0.073176	0.008991	1.000000	1.000000	0.867188	0.453884	19.613253	0.091797	0.060934	0.017904	0.000000	262144.000000	12.476649	512.000000	512.000000	786432.000000	1.000000	0.000000	0.000000	0.000000	3.000000	3.633462	4.330269	4.777908	5.010761	5.334184	0.224125	0.519778	1.000000	1.000000	0.030679	0.140165	0.277850	0.418884	2.000000	5.000000	11.000000	62.000000	255.000000	0.000000	0.015873	0.047619	0.079365	0.000000	0.000000	0.015873	0.031746	0.000000	0.000000	0.000000	0.676694	1.373085	1.984245	0.010349	0.034218	0.073176	0.000000	0.000000	76.629578	0.943510
/home/lilith/work/codec-eval/codec-corpus/gb82/dog-lossless.png	large	576	576	3458.084717	0.042752	0.083697	0.009047	0.007071	0.384066	0.000193	38.014896	0.095738	1.725162	2756.000000	0.084106	0.002440	0.003790	0.000000	0.010180	0.015670	2.000000	0.081536	4.528950	9.146577	3.681774	0.000000	0.000000	0.000000	0.000000	0.000000	0.000000	80.000000	80.000000	0.000000	0.000000	1.000000	0.000000	8.000000	0.000000	0.021852	3.293386	0.639641	0.124913	0.056865	1.000000	1.000000	0.559306	0.446392	12.889377	0.001929	0.045155	0.007240	0.000000	331776.000000	12.712215	576.000000	576.000000	995328.000000	1.000000	0.000000	0.000000	0.000000	3.000000	3.250203	3.724940	4.154787	4.434834	4.841600	0.200886	0.317617	0.564229	0.915296	0.074185	0.101101	0.137600	0.185953	4.000000	8.000000	17.000000	52.000000	217.000000	0.000000	0.015873	0.031746	0.063492	0.000000	0.000000	0.000000	0.015873	0.000000	0.000000	0.000000	2.002639	2.303062	2.463496	0.064709	0.100697	0.124913	0.000000	0.000000	26.932816	0.879517
/home/lilith/work/codec-eval/codec-corpus/gb82/girl-lossless.png	large	576	576	8070.111328	0.081083	0.107035	0.005458	0.005197	0.503472	0.375964	43.451508	0.231962	1.475601	5921.000000	0.180695	0.002970	0.005340	1.000000	0.017130	0.030110	8.000000	0.067205	3.639218	14.427194	8.049180	0.347155	0.000000	0.000000	0.000000	0.000000	0.000000	80.000000	80.000000	0.000000	0.000000	1.000000	0.000000	8.000000	0.000000	0.419229	2.356393	1.902712	0.000000	0.000000	1.000000	1.000000	0.307618	0.255501	27.161457	0.357763	0.051048	0.011648	0.000000	331776.000000	12.712215	576.000000	576.000000	995328.000000	1.000000	0.000000	0.000000	0.000000	3.000000	3.058592	3.863374	4.673657	5.081948	5.496950	0.000000	0.239442	0.657521	1.000000	0.000000	0.043618	0.127453	0.500598	1.000000	9.000000	23.000000	92.000000	255.000000	0.000000	0.000000	0.015873	0.079365	0.000000	0.000000	0.000000	0.015873	0.000000	0.000000	0.000000	0.000000	0.000000	0.000000	0.000000	0.000000	0.000000	0.000000	0.000000	28.938208	0.549681
/home/lilith/work/codec-eval/codec-corpus/CID22/CID22-512/training/pexels-photo-635405.png	large	512	512	2161.793457	0.153588	0.127529	0.019915	0.010930	0.101074	0.000000	46.294537	0.433062	1.248025	5621.000000	0.171539	0.016700	0.004900	2.000000	0.037680	0.006970	7.000000	0.039403	4.258719	28.681641	16.842773	0.000000	0.000000	0.000000	0.000000	0.000000	0.000000	80.000000	80.000000	0.000000	0.000000	1.000000	0.000000	8.000000	0.000000	0.029312	4.024562	0.727529	0.290169	0.069174	1.000000	1.000000	0.912109	0.130386	30.958929	0.000000	0.091952	0.031917	0.000000	262144.000000	12.476649	512.000000	512.000000	786432.000000	1.000000	0.000000	0.000000	0.000000	3.000000	3.943345	4.502850	5.155072	5.374272	5.560353	0.459759	0.728174	1.000000	1.000000	0.133844	0.261693	0.493435	0.773296	5.000000	13.000000	38.000000	126.000000	255.000000	0.031746	0.047619	0.079365	0.126984	0.000000	0.015873	0.031746	0.047619	0.000000	0.000000	0.000000	2.568128	2.876470	3.132375	0.145486	0.210622	0.290169	0.000000	0.015873	17.407974	0.956895
/home/lilith/work/codec-eval/codec-corpus/gb82/flowers-lossless.png	large	576	576	2432.727051	0.276906	0.124240	0.015453	0.007237	0.115162	0.000000	39.156883	0.715368	0.968229	5118.000000	0.156189	0.007870	0.007870	1.000000	0.009260	0.008470	1.000000	0.182029	4.163832	21.918997	13.069431	0.000000	0.000000	0.000000	0.000000	0.000000	0.000000	80.000000	80.000000	0.000000	0.000000	1.000000	0.000000	8.000000	0.000000	0.018356	4.005124	0.677180	0.215874	0.044036	1.000000	1.000000	0.256509	0.047933	17.388569	0.000000	0.129969	0.026970	0.000000	331776.000000	12.712215	576.000000	576.000000	995328.000000	1.000000	0.000000	0.000000	0.000000	3.000000	4.091961	4.497676	4.806732	4.923859	5.118000	0.454074	0.804423	1.000000	1.000000	0.085126	0.166559	0.392862	0.715950	13.000000	32.000000	57.000000	122.000000	255.000000	0.015873	0.063492	0.126984	0.190476	0.000000	0.000000	0.015873	0.047619	0.000000	0.000000	1.000000	2.260332	2.627366	2.972485	0.074390	0.136117	0.215874	0.000000	0.000000	6.441371	0.790442
/home/lilith/work/codec-eval/codec-corpus/CID22/CID22-512/training/pexels-photo-1075776.png	large	512	512	5208.581543	0.213549	0.260209	0.014985	0.014737	0.225342	0.014648	92.692101	0.719544	1.045735	8317.000000	0.253815	0.009740	0.014530	3.000000	0.070120	0.089550	20.000000	0.092322	4.720424	33.366211	23.045898	0.001953	0.000000	0.000000	0.000000	0.000000	0.000000	80.000000	80.000000	0.000000	0.000000	1.000000	0.000000	8.000000	0.000000	0.007839	3.905939	1.076029	0.107402	0.038021	1.000000	1.000000	0.481445	0.047626	28.762480	0.006836	0.109499	0.033622	0.000000	262144.000000	12.476649	512.000000	512.000000	786432.000000	1.000000	0.000000	0.000000	0.000000	3.000000	4.099540	4.731177	5.210659	5.337697	5.498238	0.304904	0.811827	1.000000	1.000000	0.082908	0.222461	0.506691	0.873488	7.000000	22.000000	56.000000	149.000000	255.000000	0.000000	0.031746	0.095238	0.174603	0.000000	0.000000	0.031746	0.047619	0.000000	0.000000	0.000000	1.228851	1.768892	2.322188	0.025332	0.053899	0.107402	0.000000	0.000000	11.711164	0.850980
/home/lilith/work/codec-eval/codec-corpus/CID22/CID22-512/training/pexels-photo-7078476.png	large	512	512	2633.181885	0.365068	0.106389	0.010519	0.009637	0.075928	0.001465	40.666176	0.901664	0.866708	1587.000000	0.048431	0.003810	0.005860	0.000000	0.022570	0.029500	4.000000	0.152232	4.360682	33.624023	12.443359	0.012695	0.000000	0.000000	0.000000	0.000000	0.000000	80.000000	80.000000	0.000000	0.000000	1.000000	0.000000	8.000000	0.000000	0.014809	4.334863	0.613113	0.452061	0.054627	1.000000	1.000000	0.278320	0.470959	18.396654	0.001953	0.160141	0.021872	0.000000	262144.000000	12.476649	512.000000	512.000000	786432.000000	1.000000	0.000000	0.000000	0.000000	3.000000	4.457957	4.733762	4.928728	5.071898	5.177013	0.753967	1.000000	1.000000	1.000000	0.099412	0.234561	0.428314	0.648721	17.000000	40.000000	68.000000	136.000000	255.000000	0.047619	0.095238	0.158730	0.222222	0.000000	0.000000	0.015873	0.031746	0.000000	0.000000	1.000000	1.991226	3.106611	3.609032	0.063065	0.239000	0.452061	0.000000	0.015873	6.408351	0.807694
/home/lilith/work/codec-eval/codec-corpus/CID22/CID22-512/validation/1025469.png	large	512	512	2467.529785	0.053626	0.135212	0.004888	0.003475	0.703369	0.016602	45.446194	0.221183	1.637566	1942.000000	0.059265	0.003140	0.005010	1.000000	0.006350	0.020820	8.000000	0.303195	4.032093	5.395508	2.666016	0.005859	0.000000	0.000000	0.000000	0.000000	0.000000	80.000000	80.000000	0.000000	0.000000	1.000000	0.000000	8.000000	0.000000	0.007092	2.718049	0.932492	0.039752	0.021382	1.000000	1.000000	0.197266	0.176479	29.064308	0.000000	0.033792	0.005084	0.000000	262144.000000	12.476649	512.000000	512.000000	786432.000000	1.000000	0.000000	0.000000	0.000000	3.000000	2.507097	3.273696	4.289298	4.619166	4.947037	0.073331	0.122663	0.288654	0.899716	0.026505	0.036771	0.078156	0.156102	2.000000	5.000000	17.000000	102.000000	255.000000	0.000000	0.000000	0.000000	0.031746	0.000000	0.000000	0.000000	0.000000	0.000000	0.000000	0.000000	1.245744	1.429096	1.623250	0.021947	0.030320	0.039752	0.000000	0.000000	47.989956	0.710928
/home/lilith/work/codec-eval/codec-corpus/gb82/pixel-lossless.png	large	576	576	2794.590820	0.018060	0.066490	0.003032	0.002482	0.799190	0.326775	23.225622	0.015862	1.601809	2093.000000	0.063873	0.000640	0.000770	0.000000	0.002580	0.002700	2.000000	0.025324	3.683104	5.266152	1.987464	0.026037	0.000000	0.000000	0.000000	0.000000	0.000000	80.000000	80.000000	0.000000	0.000000	1.000000	0.000000	8.000000	0.000000	0.130920	2.225763	1.073417	0.018938	0.011976	1.000000	1.000000	0.547734	0.019851	12.113787	0.172613	0.016975	0.003444	0.000000	331776.000000	12.712215	576.000000	576.000000	995328.000000	1.000000	0.000000	0.000000	0.000000	3.000000	2.044344	2.888741	3.765826	4.441284	4.896354	0.034282	0.081341	0.221038	0.614304	0.016298	0.022614	0.044474	0.098936	0.000000	1.000000	2.000000	27.000000	128.000000	0.000000	0.000000	0.000000	0.015873	0.000000	0.000000	0.000000	0.000000	0.000000	0.000000	0.000000	0.297623	0.859402	1.105516	0.003403	0.013223	0.018938	0.000000	0.000000	77.451668	0.807356
/home/lilith/work/codec-eval/codec-corpus/CID22/CID22-512/training/pexels-photo-4354221.png	large	512	512	3653.041016	0.139196	0.148049	0.009671	0.009665	0.371094	0.036621	51.243675	0.552207	1.269227	4411.000000	0.134613	0.004810	0.003770	2.000000	0.031860	0.026880	8.000000	0.130278	4.359279	21.837891	9.087891	0.001953	0.000000	0.000000	0.000000	0.000000	0.000000	80.000000	80.000000	0.000000	0.000000	1.000000	0.000000	8.000000	0.000000	0.014805	3.417352	1.182752	0.044961	0.038198	1.000000	1.000000	0.383789	0.289494	33.651081	0.010742	0.084744	0.017392	0.000000	262144.000000	12.476649	512.000000	512.000000	786432.000000	1.000000	0.000000	0.000000	0.000000	3.000000	3.648407	4.284647	4.930052	5.224978	5.477731	0.108015	0.493506	1.000000	1.000000	0.058645	0.123059	0.272353	0.521638	4.000000	14.000000	36.000000	150.000000	255.000000	0.000000	0.000000	0.063492	0.126984	0.000000	0.000000	0.000000	0.031746	0.000000	0.000000	0.000000	1.168332	1.499818	1.657862	0.024789	0.035805	0.044961	0.000000	0.000000	24.901361	0.823749
/home/lilith/work/codec-eval/codec-corpus/CID22/CID22-512/validation/2887497.png	large	512	512	2652.487549	0.119427	0.038141	0.002077	0.001979	0.625488	0.411865	21.429474	0.205977	1.265989	445.000000	0.013580	0.000250	0.002340	0.000000	0.001510	0.009480	1.000000	0.209377	4.040280	7.685547	0.867188	0.020508	0.000000	0.000000	0.000000	0.000000	0.000000	80.000000	80.000000	0.000000	0.000000	1.000000	0.000000	8.000000	0.000000	0.000069	2.468830	1.380029	0.016458	0.000000	1.000000	1.000000	0.139648	0.000000	12.594882	0.050781	0.043899	0.000868	0.000000	262144.000000	12.476649	512.000000	512.000000	786432.000000	1.000000	0.000000	0.000000	0.000000	3.000000	2.148448	3.848735	4.428017	4.568639	4.797429	0.029699	0.088417	0.583834	1.000000	0.009255	0.025521	0.069200	0.108860	2.000000	10.000000	32.000000	80.000000	255.000000	0.000000	0.000000	0.000000	0.079365	0.000000	0.000000	0.000000	0.000000	0.000000	0.000000	0.000000	0.000000	0.586516	0.942010	0.000000	0.008380	0.016458	0.000000	0.000000	10.247868	0.691706
/home/lilith/work/codec-eval/codec-corpus/CID22/CID22-512/training/pexels-photo-4352249.png	large	512	512	1901.112549	0.166911	0.046058	0.008789	0.003967	0.203613	0.004639	23.355440	0.271265	1.263764	834.000000	0.025452	0.002080	0.001760	0.000000	0.002660	0.002600	0.000000	0.128843	4.219128	16.609375	4.356445	0.000000	0.000000	0.000000	0.000000	0.000000	0.000000	80.000000	80.000000	0.000000	0.000000	1.000000	0.000000	8.000000	0.000000	0.021065	3.788422	0.711357	0.140541	0.018997	1.000000	1.000000	0.467773	0.702137	15.166740	0.000000	0.101082	0.010944	0.000000	262144.000000	12.476649	512.000000	512.000000	786432.000000	1.000000	0.000000	0.000000	0.000000	3.000000	3.989247	4.255586	4.517803	4.696631	4.975262	0.407998	0.735692	1.000000	1.000000	0.045431	0.143070	0.218020	0.269126	8.000000	18.000000	32.000000	88.000000	255.000000	0.015873	0.031746	0.111111	0.142857	0.000000	0.000000	0.000000	0.015873	0.000000	0.000000	1.000000	1.874699	2.395764	2.630872	0.052850	0.096529	0.140541	0.000000	0.000000	26.718382	0.850177
/home/lilith/work/codec-eval/codec-corpus/CID22/CID22-512/training/pexels-photo-951408.png	large	512	512	3781.582520	0.120278	0.105345	0.009715	0.003840	0.393311	0.107422	34.251587	0.528795	1.072887	2105.000000	0.064240	0.009110	0.005720	2.000000	0.007930	0.006690	4.000000	0.107064	4.371863	23.387695	7.359375	0.007812	0.000000	0.000000	0.000000	0.000000	0.000000	80.000000	80.000000	0.000000	0.000000	1.000000	0.000000	8.000000	0.000000	0.023872	3.426004	1.229809	0.044635	0.012242	1.000000	1.000000	0.691406	0.033955	32.235889	0.106445	0.074777	0.013098	0.000000	262144.000000	12.476649	512.000000	512.000000	786432.000000	1.000000	0.000000	0.000000	0.000000	3.000000	3.493543	4.449050	5.050483	5.225466	5.329142	0.147324	0.446854	1.000000	1.000000	0.039151	0.092465	0.251599	0.467813	2.000000	7.000000	35.000000	144.000000	255.000000	0.000000	0.015873	0.031746	0.111111	0.000000	0.000000	0.000000	0.015873	0.000000	0.000000	0.000000	0.941231	1.242650	1.560617	0.019170	0.030217	0.044635	0.000000	0.000000	22.151855	0.903463
/home/lilith/work/codec-eval/codec-corpus/CID22/CID22-512/validation/297394.png	large	512	512	2961.567383	0.195377	0.286835	0.022399	0.023254	0.310547	0.095703	103.697830	0.682099	0.966667	13160.000000	0.401611	0.051200	0.032860	10.000000	0.336770	0.259560	57.000000	0.149257	4.331674	22.217773	39.526367	0.004883	0.000000	0.000000	0.000000	0.000000	0.000000	80.000000	80.000000	0.000000	0.000000	1.000000	0.000000	8.000000	0.000000	0.019497	3.516508	1.253257	0.033950	0.015977	1.000000	1.000000	0.289062	0.066193	25.004759	0.008789	0.096230	0.047015	0.000000	262144.000000	12.476649	512.000000	512.000000	786432.000000	1.000000	0.000000	0.000000	0.000000	3.000000	3.737112	4.566446	4.974857	5.113914	5.206286	0.161587	0.540267	1.000000	1.000000	0.036887	0.183601	0.927852	1.000000	6.000000	22.000000	55.000000	149.000000	255.000000	0.000000	0.015873	0.063492	0.158730	0.000000	0.000000	0.015873	0.079365	0.000000	0.000000	0.000000	0.586518	1.157133	1.453892	0.006937	0.019973	0.033950	0.000000	0.000000	12.017078	0.764431
/home/lilith/work/codec-eval/codec-corpus/CID22/CID22-512/training/pexels-photo-3586798.png	large	512	512	4925.102051	0.161373	0.092505	0.007038	0.007334	0.289062	0.005859	38.603069	0.520949	1.397905	3818.000000	0.116516	0.002410	0.001400	1.000000	0.017120	0.009540	3.000000	0.154348	4.472313	17.938477	5.010742	0.000000	0.000000	0.000000	0.000000	0.000000	0.000000	80.000000	80.000000	0.000000	0.000000	1.000000	0.000000	8.000000	0.000000	0.025936	3.598547	0.867769	0.104747	0.023863	1.000000	1.000000	0.330078	0.275780	23.491217	0.000000	0.083256	0.010975	0.000000	262144.000000	12.476649	512.000000	512.000000	786432.000000	1.000000	0.000000	0.000000	0.000000	3.000000	3.668046	4.252379	4.690025	4.959380	5.359192	0.207244	0.483236	0.978083	1.000000	0.047090	0.100112	0.193098	0.287485	7.000000	18.000000	42.000000	136.000000	255.000000	0.000000	0.015873	0.063492	0.126984	0.000000	0.000000	0.000000	0.015873	0.000000	0.000000	0.000000	1.695565	2.135481	2.396961	0.045912	0.073419	0.104747	0.000000	0.000000	19.080885	0.788893
/home/lilith/work/codec-eval/codec-corpus/gb82/path-lossless.png	large	576	576	4650.728516	0.203814	0.051275	0.005664	0.003225	0.322724	0.000772	22.276939	0.651378	1.353091	735.000000	0.022430	0.001560	0.000900	0.000000	0.002640	0.002470	0.000000	0.275009	4.344119	13.266152	1.663452	0.001929	0.000000	0.000000	0.000000	0.000000	0.000000	80.000000	80.000000	0.000000	0.000000	1.000000	0.000000	8.000000	0.000000	0.003888	3.527209	0.805480	0.101657	0.019912	1.000000	1.000000	0.166827	0.223337	19.662638	0.000000	0.084064	0.002617	0.000000	331776.000000	12.712215	576.000000	576.000000	995328.000000	1.000000	0.000000	0.000000	0.000000	3.000000	3.636231	4.079267	4.582004	4.861143	5.223575	0.171175	0.419589	0.726487	1.000000	0.033933	0.063308	0.095850	0.139430	9.000000	27.000000	53.000000	126.000000	255.000000	0.000000	0.015873	0.063492	0.126984	0.000000	0.000000	0.000000	0.000000	0.000000	0.000000	1.000000	2.089022	2.297179	2.402879	0.058059	0.079110	0.101657	0.000000	0.000000	9.974626	0.698804
/home/lilith/work/codec-eval/codec-corpus/gb82/haze-lossless.png	large	576	576	610.181396	0.003847	0.073430	0.002422	0.002091	0.924769	0.044946	25.285425	0.010269	1.882338	987.000000	0.030121	0.000430	0.000650	0.000000	0.001430	0.001720	0.000000	0.081709	3.049917	1.113790	1.292189	0.000000	0.000000	0.000000	0.000000	0.000000	0.000000	80.000000	80.000000	0.000000	0.000000	1.000000	0.000000	8.000000	0.000000	0.101342	2.039266	0.610829	0.033847	0.017288	1.000000	1.000000	0.156220	0.072434	8.602421	0.000000	0.006490	0.002373	0.000000	331776.000000	12.712215	576.000000	576.000000	995328.000000	1.000000	0.000000	0.000000	0.000000	3.000000	1.838849	2.293604	2.841829	3.362338	4.178718	0.042370	0.057679	0.101124	0.204661	0.029960	0.047691	0.064871	0.088062	1.000000	2.000000	4.000000	15.000000	134.000000	0.000000	0.000000	0.000000	0.000000	0.000000	0.000000	0.000000	0.000000	0.000000	0.000000	0.000000	1.215836	1.406274	1.482293	0.020973	0.028246	0.033847	0.000000	0.000000	154.579056	0.740366
/home/lilith/work/codec-eval/codec-corpus/gb82/mc3-lossless.png	large	576	576	1087.903564	0.003130	0.048168	0.001389	0.000840	0.919367	0.571566	17.367815	0.005593	1.934951	383.000000	0.011688	0.000160	0.000410	0.000000	0.000420	0.000820	0.000000	0.058713	3.182550	1.131148	0.487946	0.108968	0.000000	0.000000	0.000000	0.000000	0.000000	80.000000	80.000000	0.000000	0.000000	1.000000	0.000000	8.000000	0.000000	0.021261	1.609091	0.958153	0.000000	0.000000	1.000000	1.000000	0.353905	0.098913	5.973775	0.354870	0.006016	0.000949	0.000000	331776.000000	12.712215	576.000000	576.000000	995328.000000	1.000000	0.000000	0.000000	0.000000	3.000000	1.476213	2.197108	2.953639	3.384507	3.908484	0.023888	0.039367	0.096259	0.226360	0.004346	0.020102	0.028882	0.057984	0.000000	1.000000	2.000000	14.000000	88.000000	0.000000	0.000000	0.000000	0.000000	0.000000	0.000000	0.000000	0.000000	0.000000	0.000000	0.000000	0.000000	0.000000	0.000000	0.000000	0.000000	0.000000	0.000000	0.000000	77.397705	0.682231
/home/lilith/work/codec-eval/codec-corpus/clic2025/training/aed95e005df28e790519eefb6eb1e565.png	large	2048	1367	1587.602539	0.021881	0.184440	0.005287	0.002416	0.837086	0.023093	102.674988	0.385594	2.207709	3056.000000	0.093262	0.002770	0.003520	1.000000	0.005390	0.004710	4.000000	0.183252	3.715514	3.247830	3.398264	0.000000	0.000000	0.000000	0.000000	0.000000	0.000000	80.000000	80.000000	0.000000	0.000000	1.000000	0.000000	8.000000	0.000000	0.000980	2.426684	0.753962	0.029108	0.013052	1.000000	1.000000	0.084860	0.225455	26.164064	0.000000	0.014511	0.005235	0.000000	2799616.000000	14.844993	1367.000000	2048.000000	8398848.000000	0.667480	0.404245	0.000732	0.006584	3.000000	2.190289	2.564370	3.685333	4.146461	4.731366	0.037240	0.052513	0.084656	0.482784	0.019508	0.027595	0.046204	0.268590	4.000000	9.000000	15.000000	56.000000	255.000000	0.000000	0.000000	0.000000	0.000000	0.000000	0.000000	0.000000	0.000000	0.000000	0.000000	0.000000	1.496367	1.668473	1.766111	0.019148	0.025216	0.029108	0.000000	0.000000	108.196777	0.391068
/home/lilith/work/codec-eval/codec-corpus/gb82/house-lossless.png	large	576	576	5941.264648	0.016433	0.165159	0.003095	0.002448	0.853974	0.403549	62.402267	0.015222	1.727670	1688.000000	0.051514	0.000760	0.001340	0.000000	0.003270	0.005670	3.000000	0.013493	4.001184	4.482160	3.407907	0.015429	0.000000	0.000000	0.000000	0.000000	0.000000	80.000000	80.000000	0.000000	0.000000	1.000000	0.000000	8.000000	0.000000	0.231162	2.088335	1.011691	0.019848	0.011583	1.000000	1.000000	0.473481	0.133479	15.913981	0.039537	0.013638	0.005434	0.000000	331776.000000	12.712215	576.000000	576.000000	995328.000000	1.000000	0.000000	0.000000	0.000000	3.000000	1.841594	2.619599	3.556182	4.267133	5.134009	0.028186	0.063002	0.161346	0.472643	0.017418	0.026994	0.057265	0.179829	1.000000	1.000000	3.000000	26.000000	126.000000	0.000000	0.000000	0.000000	0.015873	0.000000	0.000000	0.000000	0.000000	0.000000	0.000000	0.000000	0.000000	1.055354	1.157135	0.000000	0.016615	0.019848	0.000000	0.000000	86.548637	0.777343
/home/lilith/work/codec-eval/codec-corpus/CID22/CID22-512/training/pexels-photo-7114620.png	large	512	512	3643.021484	0.035631	0.130244	0.004313	0.004345	0.388184	0.028564	63.814602	0.057401	1.578573	2488.000000	0.075928	0.000550	0.000600	0.000000	0.003880	0.003720	2.000000	0.039824	4.343522	11.523438	4.094727	0.003906	0.000000	0.000000	0.000000	0.000000	0.000000	80.000000	80.000000	0.000000	0.000000	1.000000	0.000000	8.000000	0.000000	0.001148	3.262165	0.862760	0.074380	0.023184	1.000000	1.000000	0.611328	0.803547	13.321383	0.048828	0.044457	0.007921	0.000000	262144.000000	12.476649	512.000000	512.000000	786432.000000	1.000000	0.000000	0.000000	0.000000	3.000000	3.324077	3.885784	4.383003	4.615771	4.934322	0.155537	0.347398	0.685471	1.000000	0.038636	0.069901	0.129872	0.220312	3.000000	7.000000	14.000000	42.000000	211.000000	0.000000	0.015873	0.031746	0.063492	0.000000	0.000000	0.000000	0.015873	0.000000	0.000000	0.000000	1.356983	1.767967	2.025050	0.031958	0.053206	0.074380	0.000000	0.000000	35.607456	0.888111
/home/lilith/work/codec-eval/codec-corpus/CID22/CID22-512/validation/2936831.png	large	512	512	4504.229980	0.071090	0.117932	0.010607	0.006323	0.500732	0.025879	41.411812	0.281357	1.507312	1351.000000	0.041229	0.008040	0.004660	1.000000	0.014310	0.007280	1.000000	0.125690	4.479869	10.420898	3.907227	0.000000	0.000000	0.000000	0.000000	0.000000	0.000000	80.000000	80.000000	0.000000	0.000000	1.000000	0.000000	8.000000	0.000000	0.287163	3.010699	0.975424	0.057829	0.012692	1.000000	1.000000	0.384766	0.263649	34.995346	0.002930	0.052269	0.009611	0.000000	262144.000000	12.476649	512.000000	512.000000	786432.000000	1.000000	0.000000	0.000000	0.000000	3.000000	3.055038	3.686631	4.156761	4.635370	5.429821	0.089014	0.243177	0.504577	0.850787	0.018111	0.029237	0.206497	0.293695	2.000000	9.000000	24.000000	113.000000	255.000000	0.000000	0.000000	0.015873	0.079365	0.000000	0.000000	0.000000	0.015873	0.000000	0.000000	0.000000	1.422220	1.662758	1.803521	0.032514	0.046632	0.057829	0.000000	0.000000	38.940464	0.839730
/home/lilith/work/codec-eval/codec-corpus/gb82-sc/terminal.png	large	1646	1062	1734.832520	0.055241	0.037555	0.000459	0.000878	0.810754	0.804213	13.992338	1.694020	1.269324	342.000000	0.010437	0.000620	0.000460	4.000000	0.005410	0.005080	7.000000	0.135441	1.510048	14.917387	1.079731	0.856868	0.000000	0.000000	0.000000	0.000000	0.000000	80.000000	80.000000	0.000000	0.000000	1.000000	0.000000	8.000000	0.000000	0.335389	0.830553	1.861734	0.000000	0.000000	1.000000	1.000000	0.070125	0.003045	48.133469	0.888569	0.042542	0.003141	0.000000	1748052.000000	14.374013	1062.000000	1646.000000	5244156.000000	0.645200	0.438194	0.003101	0.035685	3.000000	0.000000	0.000000	5.006220	5.246383	5.579881	0.000000	0.000000	0.000000	1.000000	0.000000	0.000000	0.000000	0.046002	0.000000	0.000000	0.000000	185.000000	255.000000	0.000000	0.000000	0.000000	0.000000	0.000000	0.000000	0.000000	0.000000	0.000000	0.000000	0.000000	0.000000	0.000000	0.000000	0.000000	0.000000	0.000000	0.000000	0.000000	21.585506	0.144463
/home/lilith/work/codec-eval/codec-corpus/CID22/CID22-512/training/pexels-photo-6635187.png	large	512	512	1583.874756	0.139338	0.191688	0.008841	0.017482	0.336182	0.000244	72.449127	0.289067	1.593535	2020.000000	0.061646	0.004270	0.002530	1.000000	0.115010	0.067380	10.000000	0.246572	3.711589	10.828125	9.465820	0.000000	0.000000	0.000000	0.000000	0.000000	0.000000	80.000000	80.000000	0.000000	0.000000	1.000000	0.000000	8.000000	0.000000	0.003304	3.448119	0.751962	0.108173	0.060149	1.000000	1.000000	0.388672	0.087326	14.678419	0.005859	0.072653	0.015005	0.000000	262144.000000	12.476649	512.000000	512.000000	786432.000000	1.000000	0.000000	0.000000	0.000000	3.000000	3.425687	4.018981	4.495766	4.621343	4.936629	0.196660	0.364273	0.705087	1.000000	0.104514	0.166094	0.270364	0.469572	5.000000	16.000000	36.000000	94.000000	255.000000	0.000000	0.015873	0.047619	0.111111	0.000000	0.000000	0.000000	0.015873	0.000000	0.000000	0.000000	1.811136	2.194123	2.417368	0.056143	0.086021	0.108173	0.000000	0.000000	14.549337	0.776181
/home/lilith/work/codec-eval/codec-corpus/CID22/CID22-512/validation/6078297.png	large	512	512	2209.824219	0.062772	0.057238	0.004697	0.002650	0.399658	0.005127	27.566826	0.073073	1.268403	1086.000000	0.033142	0.000560	0.000410	0.000000	0.003400	0.003420	2.000000	0.059660	3.658607	10.009766	3.242188	0.000000	0.000000	0.000000	0.000000	0.000000	0.000000	80.000000	80.000000	0.000000	0.000000	1.000000	0.000000	8.000000	0.000000	0.001633	3.286349	0.699617	0.136663	0.024326	1.000000	1.000000	0.856445	0.032867	11.785213	0.006836	0.051432	0.007053	0.000000	262144.000000	12.476649	512.000000	512.000000	786432.000000	1.000000	0.000000	0.000000	0.000000	3.000000	3.232169	3.625415	4.383313	4.675457	4.957573	0.191776	0.324639	0.518394	1.000000	0.043407	0.075052	0.124780	0.185815	2.000000	5.000000	12.000000	54.000000	255.000000	0.000000	0.015873	0.031746	0.063492	0.000000	0.000000	0.000000	0.015873	0.000000	0.000000	0.000000	1.865920	2.249466	2.489607	0.061681	0.100872	0.136663	0.000000	0.000000	51.545670	0.942432
/home/lilith/work/codec-eval/codec-corpus/CID22/CID22-512/validation/5458393.png	large	512	512	3825.823730	0.272544	0.158921	0.015552	0.028493	0.496826	0.040039	69.313393	1.292619	0.837108	5592.000000	0.170654	0.018620	0.015350	2.000000	0.352540	0.294190	34.000000	0.140611	3.898779	40.432617	34.619141	0.006836	0.000000	0.000000	0.000000	0.000000	0.000000	80.000000	80.000000	0.000000	0.000000	1.000000	0.000000	8.000000	0.000000	0.005470	3.232419	1.795771	0.020427	0.025711	1.000000	1.000000	0.201172	0.407753	28.175306	0.000000	0.139261	0.047278	0.000000	262144.000000	12.476649	512.000000	512.000000	786432.000000	1.000000	0.000000	0.000000	0.000000	3.000000	3.001274	5.134942	5.280492	5.345865	5.493416	0.030311	0.205492	1.000000	1.000000	0.033806	0.060455	1.000000	1.000000	2.000000	31.000000	84.000000	193.000000	255.000000	0.000000	0.000000	0.015873	0.285714	0.000000	0.000000	0.000000	0.111111	0.000000	0.000000	0.000000	0.859400	1.144187	1.230447	0.011278	0.016732	0.020427	0.000000	0.000000	5.916527	0.684744
/home/lilith/work/codec-eval/codec-corpus/CID22/CID22-512/validation/3156482.png	large	512	512	4954.813477	0.124640	0.096136	0.006914	0.005508	0.456787	0.083008	39.994728	0.738475	1.159017	4126.000000	0.125916	0.007640	0.011360	5.000000	0.034600	0.056110	13.000000	0.197442	4.099581	17.049805	5.690430	0.005859	0.000000	0.000000	0.000000	0.000000	0.000000	80.000000	80.000000	0.000000	0.000000	1.000000	0.000000	8.000000	0.000000	0.005722	3.191187	1.238966	0.035401	0.019090	1.000000	1.000000	0.203125	0.034794	35.939289	0.001953	0.068995	0.011207	0.000000	262144.000000	12.476649	512.000000	512.000000	786432.000000	1.000000	0.000000	0.000000	0.000000	3.000000	3.240034	4.195928	4.958212	5.239414	5.390633	0.071756	0.294009	0.847080	1.000000	0.029450	0.074082	0.172173	0.346301	3.000000	12.000000	45.000000	170.000000	255.000000	0.000000	0.000000	0.031746	0.095238	0.000000	0.000000	0.000000	0.015873	0.000000	0.000000	0.000000	1.202420	1.350976	1.515211	0.019388	0.027668	0.035401	0.000000	0.000000	16.780144	0.741643
/home/lilith/work/codec-eval/codec-corpus/gb82/grass-lossless.png	large	576	576	1905.621582	0.298731	0.060267	0.018158	0.005617	0.076003	0.000000	35.131641	0.683680	1.052434	1844.000000	0.056274	0.011990	0.002610	0.000000	0.007100	0.003680	0.000000	0.165015	4.198201	24.339441	9.347156	0.000000	0.000000	0.000000	0.000000	0.000000	0.000000	80.000000	80.000000	0.000000	0.000000	1.000000	0.000000	8.000000	0.000000	0.001456	4.119856	0.590049	0.336503	0.054111	1.000000	1.000000	0.551591	0.000383	16.716253	0.000000	0.134500	0.019501	0.000000	331776.000000	12.712215	576.000000	576.000000	995328.000000	1.000000	0.000000	0.000000	0.000000	3.000000	4.241615	4.548624	4.743039	4.861725	5.012128	0.616267	0.993532	1.000000	1.000000	0.111268	0.207045	0.330815	0.467371	12.000000	30.000000	56.000000	121.000000	255.000000	0.031746	0.079365	0.126984	0.190476	0.000000	0.000000	0.015873	0.031746	0.000000	0.000000	1.000000	2.438913	2.895837	3.265080	0.130225	0.215510	0.336503	0.000000	0.015873	7.347388	0.876726
/home/lilith/work/codec-eval/codec-corpus/CID22/CID22-512/training/pexels-photo-4405455.png	large	512	512	747.007935	0.090468	0.157151	0.008258	0.022383	0.270508	0.008789	85.150230	0.184665	1.257348	578.000000	0.017639	0.002230	0.001490	0.000000	0.110970	0.072480	10.000000	0.139007	3.336065	10.942383	24.160156	0.001953	0.000000	0.000000	0.000000	0.000000	0.000000	80.000000	80.000000	0.000000	0.000000	1.000000	0.000000	8.000000	0.000000	0.008801	3.434238	0.770270	0.102168	0.101230	1.000000	1.000000	0.388672	0.189541	9.458943	0.004883	0.056811	0.039574	0.000000	262144.000000	12.476649	512.000000	512.000000	786432.000000	1.000000	0.000000	0.000000	0.000000	3.000000	3.562047	4.013361	4.335776	4.483166	4.726516	0.224616	0.420561	0.755812	1.000000	0.222396	0.397820	0.687755	1.000000	6.000000	16.000000	30.000000	68.000000	173.000000	0.000000	0.015873	0.047619	0.079365	0.000000	0.015873	0.031746	0.063492	0.000000	0.000000	0.000000	1.397940	1.902750	2.327869	0.032694	0.064003	0.102168	0.000000	0.000000	7.856568	0.813626
/home/lilith/work/codec-eval/codec-corpus/CID22/CID22-512/training/pexels-photo-7263002.png	large	512	512	4231.455078	0.201677	0.228306	0.011414	0.009561	0.174316	0.001221	86.125290	0.375464	1.204708	3010.000000	0.091858	0.007050	0.007710	2.000000	0.032380	0.027170	14.000000	0.076789	4.664632	26.633789	12.400391	0.001953	0.000000	0.000000	0.000000	0.000000	0.000000	80.000000	80.000000	0.000000	0.000000	1.000000	0.000000	8.000000	0.000000	0.245747	3.950870	0.821412	0.178549	0.020778	1.000000	1.000000	0.521484	0.165371	21.297930	0.002930	0.110057	0.022941	0.000000	262144.000000	12.476649	512.000000	512.000000	786432.000000	1.000000	0.000000	0.000000	0.000000	3.000000	4.020889	4.634033	5.003605	5.141906	5.280378	0.311081	0.772029	1.000000	1.000000	0.048827	0.116198	0.270547	0.802858	8.000000	19.000000	37.000000	105.000000	255.000000	0.015873	0.031746	0.095238	0.158730	0.000000	0.000000	0.000000	0.031746	0.000000	0.000000	1.000000	2.206827	2.555076	2.775508	0.088025	0.135234	0.178549	0.000000	0.000000	25.091745	0.865519
/home/lilith/work/codec-eval/codec-corpus/CID22/CID22-512/validation/3637739.png	large	512	512	3812.080322	0.124770	0.025972	0.001873	0.002159	0.544678	0.091553	12.207587	0.479038	1.221484	885.000000	0.027008	0.000390	0.000520	0.000000	0.004710	0.005380	5.000000	0.084389	4.466426	18.559570	1.250000	0.003906	0.000000	0.000000	0.000000	0.000000	0.000000	80.000000	80.000000	0.000000	0.000000	1.000000	0.000000	8.000000	0.000000	0.110561	3.135240	1.219427	0.044705	0.003102	1.000000	1.000000	0.451172	0.009544	31.201349	0.002930	0.054362	0.002062	0.000000	262144.000000	12.476649	512.000000	512.000000	786432.000000	1.000000	0.000000	0.000000	0.000000	3.000000	2.796563	4.183583	5.031285	5.217068	5.410537	0.085766	0.180306	0.966936	1.000000	0.009858	0.023176	0.054779	0.123760	3.000000	10.000000	39.000000	137.000000	255.000000	0.000000	0.000000	0.015873	0.095238	0.000000	0.000000	0.000000	0.000000	0.000000	0.000000	0.000000	0.999321	1.422989	1.716001	0.015167	0.031425	0.044705	0.000000	0.000000	17.390575	0.801614
/home/lilith/work/codec-eval/codec-corpus/gb82/baby-lossless.png	large	576	576	2694.321289	0.032185	0.102760	0.002699	0.003044	0.674576	0.234954	46.747234	0.056603	1.889865	1397.000000	0.042633	0.000510	0.000570	0.000000	0.003510	0.003650	2.000000	0.050566	3.930707	6.723240	2.335583	0.205400	0.000000	0.000000	0.000000	0.000000	0.000000	80.000000	80.000000	0.000000	0.000000	1.000000	0.000000	8.000000	0.000000	0.338105	2.378999	1.433565	0.000000	0.000000	1.000000	1.000000	0.416586	0.508014	15.109875	0.206365	0.028180	0.004470	0.000000	331776.000000	12.712215	576.000000	576.000000	995328.000000	1.000000	0.000000	0.000000	0.000000	3.000000	2.658965	3.284991	4.103008	4.557564	4.914051	0.051551	0.159149	0.338047	0.883035	0.003260	0.041781	0.084059	0.209274	1.000000	4.000000	10.000000	45.000000	169.000000	0.000000	0.000000	0.015873	0.031746	0.000000	0.000000	0.000000	0.000000	0.000000	0.000000	0.000000	0.000000	0.000000	0.000000	0.000000	0.000000	0.000000	0.000000	0.000000	42.710884	0.687652
/home/lilith/work/codec-eval/codec-corpus/clic2025/training/0c49a5cce349020bbba2f97ae41e90ba.png	large	2048	1358	4101.692383	0.072524	0.215337	0.005001	0.005454	0.569853	0.083295	88.419617	0.771149	1.370685	3170.000000	0.096741	0.003560	0.004920	1.000000	0.027020	0.047360	12.000000	0.101843	4.119539	12.422891	10.645975	0.001940	0.000000	0.000000	0.000000	0.000000	0.000000	80.000000	80.000000	0.000000	0.000000	1.000000	0.000000	8.000000	0.000000	0.172368	3.005812	1.116615	0.036078	0.000000	1.000000	1.000000	0.361785	0.012338	26.753546	0.000000	0.042800	0.012825	0.000000	2781184.000000	14.838387	1358.000000	2048.000000	8343552.000000	0.663086	0.410851	0.001473	0.013255	3.000000	2.827036	3.924531	4.605257	4.931844	5.167137	0.070569	0.188488	0.715378	1.000000	0.020746	0.046359	0.252308	0.721822	3.000000	8.000000	19.000000	99.000000	255.000000	0.000000	0.000000	0.015873	0.063492	0.000000	0.000000	0.000000	0.015873	0.000000	0.000000	0.000000	0.859397	1.317016	1.681243	0.013229	0.024953	0.036078	0.000000	0.000000	48.883736	0.759582
/home/lilith/work/codec-eval/codec-corpus/CID22/CID22-512/validation/3316926.png	large	512	512	2592.899658	0.139234	0.129776	0.017393	0.006149	0.444092	0.124023	57.927879	0.266875	1.218831	2007.000000	0.061249	0.030390	0.009960	3.000000	0.022870	0.006650	3.000000	0.061121	4.376257	19.857422	15.240234	0.007812	0.000000	0.000000	0.000000	0.000000	0.000000	80.000000	80.000000	0.000000	0.000000	1.000000	0.000000	8.000000	0.000000	0.037285	3.275963	1.320634	0.033368	0.011668	1.000000	1.000000	0.578125	0.716736	18.537859	0.042969	0.061647	0.019965	0.000000	262144.000000	12.476649	512.000000	512.000000	786432.000000	1.000000	0.000000	0.000000	0.000000	3.000000	3.632570	4.406423	4.840070	4.975730	5.181946	0.075374	0.503137	1.000000	1.000000	0.024741	0.118741	0.499312	0.799055	2.000000	12.000000	36.000000	89.000000	255.000000	0.000000	0.000000	0.047619	0.095238	0.000000	0.000000	0.000000	0.031746	0.000000	0.000000	0.000000	0.698970	1.204120	1.396852	0.011377	0.022399	0.033368	0.000000	0.000000	18.391489	0.856871
/home/lilith/work/codec-eval/codec-corpus/CID22/CID22-512/validation/3653963.png	large	512	512	3685.465332	0.125490	0.055881	0.005161	0.005868	0.242432	0.002930	23.004055	0.208294	1.221081	1316.000000	0.040161	0.001260	0.001390	0.000000	0.010610	0.014810	2.000000	0.111867	4.591880	14.351562	1.996094	0.004883	0.000000	0.000000	0.000000	0.000000	0.000000	80.000000	80.000000	0.000000	0.000000	1.000000	0.000000	8.000000	0.000000	0.084454	3.562705	0.780477	0.151002	0.025912	1.000000	1.000000	0.523438	0.136547	11.452970	0.005859	0.069506	0.003658	0.000000	262144.000000	12.476649	512.000000	512.000000	786432.000000	1.000000	0.000000	0.000000	0.000000	3.000000	3.617222	4.127518	4.473031	4.650642	4.981312	0.267679	0.485086	0.870775	1.000000	0.040833	0.071542	0.121747	0.169857	6.000000	15.000000	31.000000	76.000000	247.000000	0.015873	0.031746	0.047619	0.095238	0.000000	0.000000	0.000000	0.000000	0.000000	0.000000	0.000000	1.113944	2.353598	2.613297	0.022034	0.113860	0.151002	0.000000	0.000000	13.616478	0.863201
/home/lilith/work/codec-eval/codec-corpus/CID22/CID22-512/validation/6292444.png	large	512	512	3937.435059	0.087940	0.170311	0.006904	0.009738	0.440186	0.212402	64.707092	0.132303	1.349717	3035.000000	0.092621	0.005620	0.002870	3.000000	0.083180	0.043520	40.000000	0.041819	4.211020	16.691406	9.951172	0.027344	0.000000	0.000000	0.000000	0.000000	0.000000	80.000000	80.000000	0.000000	0.000000	1.000000	0.000000	8.000000	0.000000	0.051407	3.019486	1.429399	0.017686	0.009163	1.000000	1.000000	0.649414	0.335361	19.122562	0.043945	0.055401	0.015625	0.000000	262144.000000	12.476649	512.000000	512.000000	786432.000000	1.000000	0.000000	0.000000	0.000000	3.000000	3.308748	4.147923	4.790028	4.956748	5.264900	0.049795	0.353967	0.946055	1.000000	0.027339	0.072609	0.230091	0.557231	2.000000	6.000000	16.000000	71.000000	255.000000	0.000000	0.000000	0.031746	0.095238	0.000000	0.000000	0.000000	0.015873	0.000000	0.000000	0.000000	0.000000	0.676692	1.030777	0.000000	0.010165	0.017686	0.000000	0.000000	51.834702	0.822589
/home/lilith/work/codec-eval/codec-corpus/CID22/CID22-512/training/pexels-photo-7266811.png	large	512	512	5617.636230	0.341290	0.059410	0.006602	0.005358	0.186768	0.015137	25.767120	1.847702	0.986733	2302.000000	0.070251	0.001470	0.001630	0.000000	0.007740	0.006760	4.000000	0.221239	4.571478	40.381836	4.625000	0.005859	0.000000	0.000000	0.000000	0.000000	0.000000	80.000000	80.000000	0.000000	0.000000	1.000000	0.000000	8.000000	0.000000	0.095909	4.075739	1.070434	0.125345	0.028664	1.000000	1.000000	0.446289	0.439079	33.911324	0.013672	0.156095	0.010060	0.000000	262144.000000	12.476649	512.000000	512.000000	786432.000000	1.000000	0.000000	0.000000	0.000000	3.000000	4.370446	4.866547	5.233914	5.364862	5.537944	0.373799	1.000000	1.000000	1.000000	0.051156	0.093319	0.164792	0.288584	10.000000	36.000000	85.000000	249.000000	255.000000	0.000000	0.047619	0.142857	0.238095	0.000000	0.000000	0.000000	0.015873	0.000000	0.000000	0.000000	1.350976	1.808611	2.433144	0.031117	0.059144	0.125345	0.000000	0.000000	7.735695	0.823124
/home/lilith/work/codec-eval/codec-corpus/gb82/bulb-lossless.png	large	576	576	2811.323975	0.024357	0.021274	0.001152	0.000586	0.654321	0.014853	8.483839	0.051658	1.699957	639.000000	0.019501	0.000130	0.000090	0.000000	0.000370	0.000230	0.000000	0.049535	4.430396	7.229508	0.323047	0.000000	0.000000	0.000000	0.000000	0.000000	0.000000	80.000000	80.000000	0.000000	0.000000	1.000000	0.000000	8.000000	0.000000	0.247724	2.935328	0.693197	0.083602	0.000000	1.000000	1.000000	0.538091	0.004090	18.629562	0.009643	0.028195	0.000306	0.000000	331776.000000	12.712215	576.000000	576.000000	995328.000000	1.000000	0.000000	0.000000	0.000000	3.000000	2.855481	3.231979	3.702323	4.524960	5.168174	0.123259	0.204377	0.326432	0.558749	0.000000	0.023394	0.035855	0.057182	3.000000	5.000000	8.000000	47.000000	194.000000	0.000000	0.015873	0.015873	0.031746	0.000000	0.000000	0.000000	0.000000	0.000000	0.000000	0.000000	1.690197	2.040837	2.200671	0.044385	0.062884	0.083602	0.000000	0.000000	59.351727	0.865368
/home/lilith/work/codec-eval/codec-corpus/CID22/CID22-512/validation/373965.png	large	512	512	5689.574219	0.251225	0.026735	0.006822	0.003864	0.467285	0.333252	12.124179	1.324005	1.107545	1295.000000	0.039520	0.004530	0.005180	0.000000	0.007730	0.010030	2.000000	0.363459	4.314058	22.264648	1.876953	0.030273	0.000000	0.000000	0.000000	0.000000	0.000000	80.000000	80.000000	0.000000	0.000000	1.000000	0.000000	8.000000	0.000000	0.075935	3.054307	1.648628	0.017300	0.000000	1.000000	1.000000	0.173828	0.003315	27.415581	0.118164	0.110135	0.003271	0.000000	262144.000000	12.476649	512.000000	512.000000	786432.000000	1.000000	0.000000	0.000000	0.000000	3.000000	3.398978	4.660858	5.014079	5.122287	5.330618	0.032451	0.298993	1.000000	1.000000	0.005280	0.033286	0.116292	0.160598	2.000000	31.000000	84.000000	200.000000	255.000000	0.000000	0.000000	0.031746	0.222222	0.000000	0.000000	0.000000	0.000000	0.000000	0.000000	0.000000	0.000000	0.676693	0.941233	0.000000	0.009626	0.017300	0.000000	0.000000	6.346617	0.653893
/home/lilith/work/codec-eval/codec-corpus/CID22/CID22-512/validation/70497.png	large	512	512	5003.758789	0.085156	0.210537	0.009913	0.006962	0.387451	0.064453	71.645409	0.155992	1.448594	6191.000000	0.188934	0.006380	0.008130	3.000000	0.018220	0.025890	7.000000	0.074897	4.442522	15.226562	11.622070	0.003906	0.000000	0.000000	0.000000	0.000000	0.000000	80.000000	80.000000	0.000000	0.000000	1.000000	0.000000	8.000000	0.000000	0.034775	3.311824	1.053672	0.051534	0.021781	1.000000	1.000000	0.613281	0.238323	17.843357	0.009766	0.056718	0.020384	0.000000	262144.000000	12.476649	512.000000	512.000000	786432.000000	1.000000	0.000000	0.000000	0.000000	3.000000	3.480115	4.149496	4.576810	4.815624	5.128334	0.138314	0.424176	0.918963	1.000000	0.047165	0.122395	0.323246	0.581291	2.000000	7.000000	20.000000	76.000000	255.000000	0.000000	0.015873	0.031746	0.079365	0.000000	0.000000	0.015873	0.031746	0.000000	0.000000	0.000000	1.188577	1.443019	1.739866	0.018441	0.033060	0.051534	0.000000	0.000000	40.958893	0.877246
/home/lilith/work/codec-eval/codec-corpus/clic2025/training/b51d5fb537246482ef7a7ab63f093cab.png	large	2048	1117	1314.148926	0.003381	0.165073	0.001419	0.001968	0.902455	0.364732	78.637695	0.028427	2.400135	2385.000000	0.072784	0.000140	0.000140	0.000000	0.001200	0.001240	0.000000	0.062247	3.698462	1.332378	1.627507	0.108883	0.000000	0.000000	0.000000	0.000000	0.000000	80.000000	80.000000	0.000000	0.000000	1.000000	0.000000	8.000000	0.000000	0.002141	1.644184	0.988173	0.000000	0.000000	1.000000	1.000000	0.172875	0.051653	12.759739	0.179561	0.006959	0.002759	0.000000	2287616.000000	14.643021	1117.000000	2048.000000	6862848.000000	0.545410	0.606217	0.002686	0.002686	3.000000	1.490486	2.210143	3.028158	3.440277	4.068944	0.023512	0.039034	0.092243	0.244847	0.019060	0.041094	0.070032	0.121156	0.000000	2.000000	4.000000	17.000000	223.000000	0.000000	0.000000	0.000000	0.000000	0.000000	0.000000	0.000000	0.000000	0.000000	0.000000	0.000000	0.000000	0.000000	0.000000	0.000000	0.000000	0.000000	0.000000	0.000000	208.700684	0.635375
/home/lilith/work/codec-eval/codec-corpus/clic2025/training/c80999cd5533e448167cd9b3ccfa2a37.png	large	2048	878	3189.036621	0.233361	0.330221	0.023147	0.013002	0.112956	0.000217	147.367432	1.482221	1.233903	8010.000000	0.244446	0.019530	0.017130	3.000000	0.032500	0.044870	9.000000	0.142410	4.472538	21.487427	23.382978	0.000000	0.000000	0.000000	0.000000	0.000000	0.000000	80.000000	80.000000	0.000000	0.000000	1.000000	0.000000	8.000000	0.000000	0.000183	3.946237	0.664564	0.239229	0.108334	1.000000	1.000000	0.543520	0.007950	17.574017	0.005803	0.107903	0.038163	0.000000	1798144.000000	14.402266	878.000000	2048.000000	5394432.000000	0.428711	0.846972	0.002278	0.020501	3.000000	4.018523	4.375913	4.768882	4.914560	5.224632	0.448677	0.705688	1.000000	1.000000	0.180160	0.278519	0.471887	0.711357	8.000000	26.000000	54.000000	122.000000	255.000000	0.031746	0.047619	0.095238	0.158730	0.000000	0.015873	0.031746	0.063492	0.000000	0.000000	0.000000	2.219945	2.673697	2.985399	0.100647	0.167806	0.239229	0.000000	0.015873	8.293508	0.839482
/home/lilith/work/codec-eval/codec-corpus/clic2025/final-test/581048154e3c4b579c79155742dcf643c18b9bb47782aca7f0768eff185bc32e.png	large	1456	2048	4605.972656	0.264656	0.049534	0.005709	0.004061	0.097724	0.000392	18.832512	2.153444	1.281729	3957.000000	0.120758	0.000970	0.000720	0.000000	0.002860	0.002570	0.000000	0.178070	4.701848	20.968147	3.198842	0.000000	0.000000	0.000000	0.000000	0.000000	0.000000	80.000000	80.000000	0.000000	0.000000	1.000000	0.000000	8.000000	0.000000	0.096138	3.974747	0.629298	0.224232	0.043675	1.000000	1.000000	0.209459	0.198603	18.356388	0.000000	0.114528	0.006435	0.000000	2981888.000000	14.908067	1456.000000	2048.000000	8945664.000000	0.710938	0.341171	0.000000	0.010989	3.000000	4.042895	4.459851	4.711246	4.847097	5.181828	0.395346	0.748358	1.000000	1.000000	0.061088	0.083409	0.121150	0.170100	14.000000	30.000000	55.000000	127.000000	255.000000	0.015873	0.047619	0.111111	0.174603	0.000000	0.000000	0.000000	0.015873	0.000000	1.000000	2.000000	2.450152	2.889302	3.122825	0.103857	0.167945	0.224232	0.000000	0.000000	9.758582	0.768799
/home/lilith/work/codec-eval/codec-corpus/CID22/CID22-512/validation/7062219.png	large	512	512	4901.117188	0.256395	0.129122	0.011620	0.013598	0.133057	0.010986	51.140549	0.603169	1.004476	5455.000000	0.166473	0.011110	0.009670	2.000000	0.106870	0.095470	19.000000	0.061786	4.659225	32.051758	16.259766	0.002930	0.000000	0.000000	0.000000	0.000000	0.000000	80.000000	80.000000	0.000000	0.000000	1.000000	0.000000	8.000000	0.000000	0.135799	4.045148	0.920870	0.178708	0.029577	1.000000	1.000000	0.634766	0.273258	24.278572	0.016602	0.102477	0.025933	0.000000	262144.000000	12.476649	512.000000	512.000000	786432.000000	1.000000	0.000000	0.000000	0.000000	3.000000	4.179975	4.814480	5.064094	5.185232	5.384177	0.419528	0.952126	1.000000	1.000000	0.074464	0.208065	0.488668	0.848421	9.000000	26.000000	54.000000	124.000000	255.000000	0.015873	0.047619	0.095238	0.142857	0.000000	0.000000	0.015873	0.047619	0.000000	0.000000	0.000000	1.253764	2.216827	2.752770	0.028576	0.097082	0.178708	0.000000	0.000000	10.305236	0.880322
/home/lilith/work/codec-eval/codec-corpus/CID22/CID22-512/validation/7552578.png	large	512	512	4068.466553	0.032629	0.107074	0.002180	0.001663	0.811035	0.454346	41.705555	0.101101	1.717901	1118.000000	0.034119	0.000910	0.002780	1.000000	0.002920	0.009060	3.000000	0.068079	3.553881	6.168945	1.948242	0.139648	0.000000	0.000000	0.000000	0.000000	0.000000	80.000000	80.000000	0.000000	0.000000	1.000000	0.000000	8.000000	0.000000	0.504684	1.939032	1.386381	0.000000	0.000000	1.000000	1.000000	0.258789	0.329868	31.907074	0.233398	0.019454	0.003193	0.000000	262144.000000	12.476649	512.000000	512.000000	786432.000000	1.000000	0.000000	0.000000	0.000000	3.000000	1.891747	2.672776	4.030857	4.566837	5.269005	0.015037	0.064100	0.157031	0.812798	0.000000	0.014009	0.026848	0.160477	1.000000	3.000000	8.000000	67.000000	255.000000	0.000000	0.000000	0.000000	0.015873	0.000000	0.000000	0.000000	0.000000	0.000000	0.000000	0.000000	0.000000	0.000000	0.000000	0.000000	0.000000	0.000000	0.000000	0.000000	101.658272	0.569856
/home/lilith/work/codec-eval/codec-corpus/clic2025/training/afe3676bbfcf7183d697ff7b5d5bd45b.png	large	2048	1365	2366.011963	0.086915	0.109513	0.005289	0.005419	0.371209	0.110869	42.297924	0.446547	1.354903	4565.000000	0.139313	0.000750	0.000760	0.000000	0.004810	0.004700	1.000000	0.052291	3.984405	16.974928	7.840887	0.044359	0.000000	0.000000	0.000000	0.000000	0.000000	80.000000	80.000000	0.000000	0.000000	1.000000	0.000000	8.000000	0.000000	0.048674	3.237659	1.300881	0.030046	0.000000	1.000000	1.000000	0.734812	0.263363	18.192757	0.110897	0.061104	0.014878	0.000000	2795520.000000	14.843529	1365.000000	2048.000000	8386560.000000	0.666504	0.405709	0.002198	0.008059	3.000000	3.539873	4.244426	4.700640	4.896237	5.182717	0.126850	0.467295	1.000000	1.000000	0.033464	0.098267	0.254111	0.450622	2.000000	6.000000	17.000000	73.000000	255.000000	0.000000	0.000000	0.047619	0.095238	0.000000	0.000000	0.000000	0.031746	0.000000	0.000000	0.000000	0.000000	0.676697	1.273001	0.000000	0.013557	0.030046	0.000000	0.000000	47.069489	0.871519
/home/lilith/work/codec-eval/codec-corpus/clic2025/final-test/2a760bf1ccea6998be3890dcc2371b23f35fe3006562884b45bc534a621d5c12.png	large	2048	928	713.906616	0.014950	0.063117	0.001163	0.000636	0.948808	0.864823	31.711714	0.385464	1.910210	1520.000000	0.046387	0.000580	0.000610	1.000000	0.000660	0.000860	2.000000	0.091281	2.728596	3.623047	0.684570	0.274414	0.000000	0.000000	0.000000	0.000000	0.000000	80.000000	80.000000	0.000000	0.000000	1.000000	0.000000	8.000000	0.000000	0.064254	1.100708	1.061573	0.000000	0.000000	1.000000	1.000000	0.092773	0.003045	54.175056	0.529297	0.006960	0.001070	0.000000	1900544.000000	14.457651	928.000000	2048.000000	5701632.000000	0.453125	0.791587	0.000000	0.000000	3.000000	1.113951	1.306093	1.812809	3.345570	5.540018	0.005629	0.025336	0.032445	0.058107	0.000000	0.014726	0.027594	0.033366	0.000000	0.000000	1.000000	66.000000	255.000000	0.000000	0.000000	0.000000	0.000000	0.000000	0.000000	0.000000	0.000000	0.000000	0.000000	0.000000	0.000000	0.000000	0.000000	0.000000	0.000000	0.000000	0.000000	0.000000	135.290436	0.480607
/home/lilith/work/codec-eval/codec-corpus/clic2025/training/d79d465ac77c36518e0f0d626bf97ec4.png	large	1638	2048	6877.104492	0.112532	0.049851	0.000240	0.000170	0.535714	0.224440	17.559248	2.923830	1.631473	517.000000	0.015778	0.000020	0.000020	0.000000	0.000070	0.000080	0.000000	0.559303	4.184413	8.415039	0.050781	0.064453	0.000000	0.000000	0.000000	0.000000	0.000000	80.000000	80.000000	0.000000	0.000000	1.000000	0.000000	8.000000	0.000000	0.687805	2.853127	1.232965	0.021813	0.000000	1.000000	1.000000	0.075195	0.000011	35.220444	0.080078	0.046425	0.000078	0.000000	3354624.000000	15.025850	1638.000000	2048.000000	10063872.000000	0.799805	0.223388	0.001221	0.015873	3.000000	3.173000	3.511463	4.190296	4.666948	5.291961	0.072039	0.126491	0.346500	0.837925	0.000000	0.000000	0.016711	0.028176	5.000000	21.000000	46.000000	174.000000	255.000000	0.000000	0.000000	0.000000	0.047619	0.000000	0.000000	0.000000	0.000000	0.000000	0.000000	0.000000	0.000000	0.000000	1.031410	0.000000	0.000000	0.021813	0.000000	0.000000	22.456661	0.459332
/home/lilith/work/codec-eval/codec-corpus/CID22/CID22-512/validation/792079.png	large	512	512	1097.521729	0.042019	0.156800	0.008537	0.007334	0.784668	0.308350	71.517174	0.077132	1.759873	5699.000000	0.173920	0.009080	0.004110	4.000000	0.031950	0.011710	11.000000	0.064903	3.474947	6.994141	9.214844	0.013672	0.000000	0.000000	0.000000	0.000000	0.000000	80.000000	80.000000	0.000000	0.000000	1.000000	0.000000	8.000000	0.000000	0.020882	2.207998	1.210680	0.023530	0.017616	1.000000	1.000000	0.446289	0.015881	20.171680	0.060547	0.025825	0.011393	0.000000	262144.000000	12.476649	512.000000	512.000000	786432.000000	1.000000	0.000000	0.000000	0.000000	3.000000	1.783547	2.844778	4.332948	4.769413	5.096819	0.031838	0.058610	0.202131	1.000000	0.027270	0.044186	0.108872	0.658683	0.000000	1.000000	7.000000	58.000000	255.000000	0.000000	0.000000	0.000000	0.015873	0.000000	0.000000	0.000000	0.000000	0.000000	0.000000	0.000000	0.000000	0.982692	1.168791	0.000000	0.017986	0.023530	0.000000	0.000000	82.332481	0.809628
/home/lilith/work/codec-eval/codec-corpus/gb82-sc/gmessages.png	large	1440	3088	1009.787964	0.020857	0.020730	0.000293	0.000159	0.914583	0.906713	10.670524	0.797808	1.499466	455.000000	0.013885	0.000030	0.000040	0.000000	0.000070	0.000080	0.000000	0.082079	1.696440	8.752408	0.190751	0.917148	0.000000	0.000000	0.000000	0.000000	0.000000	80.000000	80.000000	0.000000	0.000000	1.000000	0.000000	8.000000	0.000000	0.004793	0.486804	1.454326	0.000000	0.000000	1.000000	1.000000	0.066474	0.000000	47.020321	0.923892	0.018473	0.000367	0.000000	4446720.000000	15.307677	1440.000000	3088.000000	13340160.000000	0.466321	0.762881	0.000000	0.005181	3.000000	0.000000	0.000000	2.536559	5.260521	5.535852	0.000000	0.000000	0.000000	0.138507	0.000000	0.000000	0.000000	0.000000	0.000000	0.000000	0.000000	122.000000	255.000000	0.000000	0.000000	0.000000	0.000000	0.000000	0.000000	0.000000	0.000000	0.000000	0.000000	0.000000	0.000000	0.000000	0.000000	0.000000	0.000000	0.000000	0.000000	0.000000	67.728363	0.093229
/home/lilith/work/codec-eval/codec-corpus/clic2025/training/b939ac34faa94b5d0e753d570edc7048.png	large	2048	972	3616.330811	0.126718	0.201963	0.006135	0.007513	0.547001	0.234249	78.627251	1.775907	1.221117	12836.000000	0.391724	0.002560	0.005100	1.000000	0.026060	0.050440	13.000000	0.155227	4.242727	18.572121	14.275895	0.073572	0.000000	0.000000	0.000000	0.000000	0.000000	80.000000	80.000000	0.000000	0.000000	1.000000	0.000000	8.000000	0.000000	0.027245	2.858202	1.593905	0.012180	0.000000	1.000000	1.000000	0.348500	0.234403	32.021610	0.119071	0.071728	0.020467	0.000000	1990656.000000	14.503975	972.000000	2048.000000	5971968.000000	0.474609	0.745263	0.004115	0.020576	3.000000	2.836918	4.396805	4.953779	5.152009	5.336816	0.040468	0.193168	1.000000	1.000000	0.018342	0.067833	0.337892	0.888025	1.000000	8.000000	46.000000	158.000000	255.000000	0.000000	0.000000	0.015873	0.111111	0.000000	0.000000	0.000000	0.031746	0.000000	0.000000	0.000000	0.000000	0.000000	0.676696	0.000000	0.000000	0.012180	0.000000	0.000000	14.672811	0.727395
/home/lilith/work/codec-eval/codec-corpus/clic2025/training/1e2f9d41529197f10d32bfa68a1e0bcc.png	large	2048	1365	3155.755127	0.624846	0.147579	0.066257	0.026894	0.000000	0.000000	78.758400	5.422972	0.646778	2214.000000	0.067566	0.121270	0.146960	4.000000	0.131870	0.160150	7.000000	0.104054	4.361234	66.164902	44.793636	0.000000	0.000000	0.000000	0.000000	0.000000	0.000000	80.000000	80.000000	0.000000	0.000000	1.000000	0.000000	8.000000	0.000000	0.007802	4.915116	0.343606	1.000000	0.547434	1.000000	1.000000	0.512054	0.508592	24.491673	0.000000	0.255147	0.097259	0.000000	2795520.000000	14.843529	1365.000000	2048.000000	8386560.000000	0.666504	0.405709	0.002198	0.008059	3.000000	4.986754	5.173666	5.304627	5.361748	5.418374	1.000000	1.000000	1.000000	1.000000	0.679472	0.855023	1.000000	1.000000	32.000000	60.000000	94.000000	166.000000	255.000000	0.174603	0.222222	0.253968	0.301587	0.063492	0.079365	0.095238	0.111111	0.000000	2.000000	5.000000	3.933104	4.271490	4.418477	0.674629	0.930902	1.000000	0.111111	0.158730	2.570538	0.872256
/home/lilith/work/codec-eval/codec-corpus/clic2025/training/2c1f84548ef99faec2b4f9bf12227c83.png	large	1365	2048	7130.641602	0.020382	0.085085	0.001970	0.001665	0.713610	0.271511	31.259918	0.147456	1.669377	2924.000000	0.089233	0.000220	0.000250	0.000000	0.001430	0.001420	1.000000	0.054261	4.373035	5.193829	1.283510	0.088717	0.000000	0.000000	0.000000	0.000000	0.000000	80.000000	80.000000	0.000000	0.000000	1.000000	0.000000	8.000000	0.000000	0.064243	2.331147	1.214956	0.007178	0.000000	1.000000	1.000000	0.369335	0.181728	13.037766	0.175506	0.019562	0.002572	0.000000	2795520.000000	14.843529	1365.000000	2048.000000	8386560.000000	0.666504	0.405709	0.002198	0.008059	3.000000	2.398700	3.178145	3.887631	4.316306	4.791518	0.043127	0.114619	0.286009	0.686846	0.000000	0.023313	0.045389	0.109754	1.000000	4.000000	9.000000	39.000000	255.000000	0.000000	0.000000	0.000000	0.031746	0.000000	0.000000	0.000000	0.000000	0.000000	0.000000	0.000000	0.000000	0.000000	0.467979	0.000000	0.000000	0.007178	0.000000	0.000000	96.566460	0.705683
/home/lilith/work/codec-eval/codec-corpus/clic2025/training/4a18abf66d65ad1a95ce455c8b6cd8de.png	large	1463	2048	2506.715576	0.178916	0.171936	0.010448	0.014147	0.308331	0.011117	78.587006	1.994738	1.247874	2173.000000	0.066315	0.005340	0.006600	0.000000	0.067570	0.079940	7.000000	0.124293	3.575551	16.322393	10.949807	0.004826	0.000000	0.000000	0.000000	0.000000	0.000000	80.000000	80.000000	0.000000	0.000000	1.000000	0.000000	8.000000	0.000000	0.001398	3.511861	0.947206	0.072090	0.000000	1.000000	1.000000	0.172780	0.000036	22.191940	0.004826	0.065101	0.020439	0.000000	2996224.000000	14.912864	1463.000000	2048.000000	8988672.000000	0.714355	0.336375	0.000684	0.006152	3.000000	3.359287	4.189416	4.873819	5.178672	5.392371	0.128305	0.209783	0.858275	1.000000	0.034419	0.111441	0.359004	0.778978	13.000000	29.000000	52.000000	124.000000	255.000000	0.000000	0.000000	0.015873	0.126984	0.000000	0.000000	0.000000	0.031746	0.000000	0.000000	1.000000	1.031407	2.045079	2.524721	0.009617	0.042909	0.072090	0.000000	0.000000	9.735950	0.477705
/home/lilith/work/codec-eval/codec-corpus/clic2025/training/100a02c269c5948392f283b2aa3bb4da.png	large	2048	1365	4253.747070	0.020979	0.118666	0.004120	0.003582	0.577091	0.192210	48.662914	0.150738	1.737484	4729.000000	0.144318	0.000570	0.000500	0.000000	0.003000	0.002940	3.000000	0.028713	4.072932	9.160077	4.432015	0.020251	0.000000	0.000000	0.000000	0.000000	0.000000	80.000000	80.000000	0.000000	0.000000	1.000000	0.000000	8.000000	0.000000	0.045036	2.718874	1.180582	0.019163	0.000000	1.000000	1.000000	0.480231	0.546494	20.966835	0.048216	0.025516	0.008556	0.000000	2795520.000000	14.843529	1365.000000	2048.000000	8386560.000000	0.666504	0.405709	0.002198	0.008059	3.000000	2.806477	3.618060	4.214996	4.490767	5.085337	0.053957	0.183346	0.508111	1.000000	0.022546	0.050558	0.143135	0.301621	2.000000	6.000000	11.000000	32.000000	250.000000	0.000000	0.000000	0.015873	0.031746	0.000000	0.000000	0.000000	0.015873	0.000000	0.000000	0.000000	0.000000	0.748914	1.076917	0.000000	0.010610	0.019163	0.000000	0.000000	97.147453	0.764643
/home/lilith/work/codec-eval/codec-corpus/clic2025/final-test/b0b3744cc6b5ad6426b1ac02909b4389ea7fc4140d72a888ccdfb21f573a6db4.png	large	2048	1360	3867.600830	0.258193	0.186248	0.020479	0.010906	0.402344	0.000460	66.631935	4.102793	1.095424	15929.000000	0.486115	0.022150	0.025080	4.000000	0.039550	0.047450	10.000000	0.322079	4.624026	23.693346	17.542912	0.000000	0.000000	0.000000	0.000000	0.000000	0.000000	80.000000	80.000000	0.000000	0.000000	1.000000	0.000000	8.000000	0.000000	0.013634	3.524242	1.123854	0.059038	0.010807	1.000000	1.000000	0.121504	0.106137	29.401716	0.000000	0.117877	0.032006	0.000000	2785280.000000	14.839859	1360.000000	2048.000000	8355840.000000	0.664062	0.409379	0.000000	0.011765	3.000000	3.567196	4.586192	4.955537	5.135487	5.378116	0.080112	0.435313	1.000000	1.000000	0.035088	0.161065	0.553763	0.951025	9.000000	29.000000	73.000000	207.000000	255.000000	0.000000	0.000000	0.047619	0.222222	0.000000	0.000000	0.015873	0.063492	0.000000	0.000000	1.000000	1.871792	2.054457	2.143015	0.039288	0.050430	0.059038	0.000000	0.000000	9.560800	0.651854
/home/lilith/work/codec-eval/codec-corpus/clic2025/final-test/0369d229ba4c9965d5caeb38c359a027a810968eee930b81520b604e76b4df14.png	large	1360	2048	4701.915039	0.043880	0.286845	0.005137	0.004683	0.703460	0.098501	111.424835	0.470456	1.884329	7015.000000	0.214081	0.001670	0.001580	0.000000	0.008140	0.008530	7.000000	0.114767	4.490367	5.442623	5.198650	0.000000	0.000000	0.000000	0.000000	0.000000	0.000000	80.000000	80.000000	0.000000	0.000000	1.000000	0.000000	8.000000	0.000000	0.002265	2.567743	0.953987	0.029164	0.009719	1.000000	1.000000	0.161041	0.246756	18.920092	0.003857	0.024338	0.007577	0.000000	2785280.000000	14.839859	1360.000000	2048.000000	8355840.000000	0.664062	0.409379	0.000000	0.011765	3.000000	2.429727	3.266217	3.898012	4.248952	5.205685	0.041102	0.108100	0.289641	0.623055	0.028028	0.048164	0.109018	0.264656	3.000000	8.000000	18.000000	75.000000	255.000000	0.000000	0.000000	0.000000	0.031746	0.000000	0.000000	0.000000	0.015873	0.000000	0.000000	0.000000	0.999999	1.396853	1.518308	0.014802	0.024501	0.029164	0.000000	0.000000	42.209648	0.641132
/home/lilith/work/codec-eval/codec-corpus/clic2025/final-test/1b4ad095795ac552b38a21d51be7bfaee8e7d0a70619d84767814321df4ed062.png	large	2048	1216	2410.076172	0.117265	0.107344	0.007535	0.003835	0.497786	0.094661	35.330746	0.809224	1.339327	2875.000000	0.087738	0.005940	0.006370	1.000000	0.010320	0.009430	3.000000	0.332920	4.369012	7.490234	3.379883	0.001953	0.000000	0.000000	0.000000	0.000000	0.000000	80.000000	80.000000	0.000000	0.000000	1.000000	0.000000	8.000000	0.000000	0.053724	2.989627	1.038169	0.038938	0.009419	1.000000	1.000000	0.282227	0.129913	11.965716	0.009766	0.058206	0.007192	0.000000	2490368.000000	14.727942	1216.000000	2048.000000	7471104.000000	0.593750	0.521297	0.000000	0.000000	3.000000	3.126735	3.882481	4.287779	4.444341	4.666335	0.087640	0.255728	0.598557	0.938186	0.031755	0.078427	0.164925	0.252458	3.000000	14.000000	34.000000	91.000000	255.000000	0.000000	0.000000	0.031746	0.095238	0.000000	0.000000	0.000000	0.015873	0.000000	0.000000	0.000000	0.881349	1.356980	1.510000	0.014665	0.030503	0.038938	0.000000	0.000000	13.837453	0.781110
/home/lilith/work/codec-eval/codec-corpus/clic2025/training/d1a9be98d1936065967adac50a6fb750.png	large	2048	1270	2291.981445	0.056871	0.076093	0.002164	0.001622	0.736013	0.515373	29.362061	0.226396	1.593376	1553.000000	0.047394	0.000340	0.000310	0.000000	0.001380	0.001400	0.000000	0.070279	3.919648	7.059730	1.318882	0.010597	0.000000	0.000000	0.000000	0.000000	0.000000	80.000000	80.000000	0.000000	0.000000	1.000000	0.000000	8.000000	0.000000	0.740680	2.162393	1.304685	0.014650	0.000000	1.000000	1.000000	0.271676	0.215728	11.059365	0.019268	0.030859	0.003058	0.000000	2600960.000000	14.771391	1270.000000	2048.000000	7802880.000000	0.620117	0.477847	0.001575	0.007874	3.000000	1.528072	3.305214	4.346228	4.622120	4.879675	0.020459	0.030403	0.351141	1.000000	0.000000	0.000000	0.034770	0.155468	2.000000	4.000000	12.000000	56.000000	255.000000	0.000000	0.000000	0.000000	0.031746	0.000000	0.000000	0.000000	0.000000	0.000000	0.000000	0.000000	0.000000	0.748911	1.000000	0.000000	0.009331	0.014650	0.000000	0.000000	34.327122	0.598011
/home/lilith/work/codec-eval/codec-corpus/gb82-sc/windows.png	large	2560	1392	3159.786865	0.066230	0.048655	0.007409	0.005270	0.786500	0.774625	15.422240	5.820934	1.180002	1593.000000	0.048615	0.129740	0.042120	26.000000	0.417150	0.130150	84.000000	0.386694	1.931880	21.409883	6.476744	0.830426	0.000000	0.000000	0.000000	0.000000	0.000000	80.000000	80.000000	0.000000	0.000000	1.000000	0.000000	8.000000	0.000000	0.916591	1.042402	2.029092	0.000000	0.000000	1.000000	1.000000	0.031008	0.005686	65.406860	0.843992	0.063846	0.011551	0.000000	3563520.000000	15.086260	1392.000000	2560.000000	10690560.000000	0.543750	0.609266	0.000000	0.011494	3.000000	0.000000	0.000000	5.154968	5.443427	5.637906	0.000000	0.000000	0.000000	1.000000	0.000000	0.000000	0.000000	0.270324	0.000000	0.000000	7.000000	255.000000	255.000000	0.000000	0.000000	0.000000	0.000000	0.000000	0.000000	0.000000	0.000000	0.000000	0.000000	0.000000	0.000000	0.000000	0.000000	0.000000	0.000000	0.000000	0.000000	0.000000	15.371271	0.149904
/home/lilith/work/codec-eval/codec-corpus/clic2025/training/100f17892cf7bb12beb12479641fcc4c.png	large	1365	2048	373.890045	0.059264	0.019491	0.001586	0.001099	0.739706	0.282353	11.012901	0.488188	1.740273	690.000000	0.021057	0.000200	0.000190	0.000000	0.000640	0.000610	0.000000	0.567651	2.359462	2.499518	0.182257	0.031823	0.000000	0.000000	0.000000	0.000000	0.000000	80.000000	80.000000	0.000000	0.000000	1.000000	0.000000	8.000000	0.000000	0.007124	2.345697	1.072723	0.019673	0.000000	1.000000	1.000000	0.019286	0.076551	10.563240	0.064609	0.026481	0.000321	0.000000	2795520.000000	14.843529	1365.000000	2048.000000	8386560.000000	0.666504	0.405709	0.002198	0.008059	3.000000	2.276318	3.161214	3.896436	4.134372	4.394907	0.038554	0.073821	0.236024	0.541204	0.003600	0.022730	0.038432	0.064255	2.000000	9.000000	23.000000	72.000000	236.000000	0.000000	0.000000	0.000000	0.015873	0.000000	0.000000	0.000000	0.000000	0.000000	0.000000	0.000000	0.000000	0.586518	1.096370	0.000000	0.010738	0.019673	0.000000	0.000000	20.642139	0.532826
/home/lilith/work/codec-eval/codec-corpus/clic2025/training/3140d643a1f57e80ff265507984d95a0.png	large	2048	1152	1591.282715	0.020350	0.096442	0.003827	0.003381	0.701280	0.155599	40.775356	0.123842	1.866945	5395.000000	0.164642	0.001670	0.003580	2.000000	0.008850	0.014780	9.000000	0.076883	4.086509	4.982422	2.785156	0.000000	0.000000	0.000000	0.000000	0.000000	0.000000	80.000000	80.000000	0.000000	0.000000	1.000000	0.000000	8.000000	0.000000	0.041727	2.571013	0.963015	0.029351	0.013334	1.000000	1.000000	0.416992	0.050242	15.070815	0.009766	0.026832	0.005286	0.000000	2359296.000000	14.673874	1152.000000	2048.000000	7077888.000000	0.562500	0.575364	0.000000	0.000000	3.000000	2.497966	3.270034	3.915650	4.229445	4.934301	0.054833	0.132289	0.325665	0.714915	0.021229	0.038507	0.094645	0.196037	1.000000	4.000000	9.000000	39.000000	226.000000	0.000000	0.000000	0.015873	0.031746	0.000000	0.000000	0.000000	0.000000	0.000000	0.000000	0.000000	0.777018	1.179247	1.368461	0.010727	0.020992	0.029351	0.000000	0.000000	59.021168	0.798885
/home/lilith/work/codec-eval/codec-corpus/clic2025/training/11f2b039b293758398b1a7a8afa64bb2.png	large	1638	2048	1572.899414	0.108963	0.199234	0.005190	0.004163	0.662115	0.515990	74.384201	1.462053	1.540278	5531.000000	0.168793	0.002410	0.002080	1.000000	0.011700	0.009780	4.000000	0.220651	3.652327	7.617188	2.805664	0.156250	0.000000	0.000000	0.000000	0.000000	0.000000	80.000000	80.000000	0.000000	0.000000	1.000000	0.000000	8.000000	0.000000	0.001996	2.212163	1.507470	0.000000	0.000000	1.000000	1.000000	0.229492	0.281497	20.969744	0.205078	0.038613	0.005921	0.000000	3354624.000000	15.025850	1638.000000	2048.000000	10063872.000000	0.799805	0.223388	0.001221	0.015873	3.000000	2.206109	3.437014	4.348489	4.738519	5.117107	0.021002	0.089385	0.314640	1.000000	0.000000	0.024668	0.098013	0.234973	1.000000	9.000000	34.000000	129.000000	255.000000	0.000000	0.000000	0.000000	0.031746	0.000000	0.000000	0.000000	0.000000	0.000000	0.000000	0.000000	0.000000	0.000000	0.000000	0.000000	0.000000	0.000000	0.000000	0.000000	22.267347	0.566212
/home/lilith/work/codec-eval/codec-corpus/gb82-sc/windows95.png	large	640	480	4478.113770	0.268383	0.082272	0.003851	0.005135	0.360000	0.360000	27.185276	14.937757	0.831067	14.000000	0.000427	0.049400	0.054600	38.000000	0.677060	0.658980	207.000000	0.865223	1.665641	68.498337	10.990833	0.645000	0.000000	0.000000	0.000000	4.000000	1.000000	80.000000	80.000000	0.000000	0.000000	1.000000	0.000000	8.000000	0.000000	0.974661	3.117141	2.501490	0.000000	0.000000	1.000000	1.000000	0.015833	0.000000	71.990051	0.687500	0.202209	0.018307	0.000000	307200.000000	12.635254	480.000000	640.000000	921600.000000	0.750000	0.287682	0.000000	0.000000	3.000000	4.325844	5.376163	5.546820	5.619324	5.719807	0.000000	0.942141	1.000000	1.000000	0.000000	0.000000	0.000000	0.000000	0.000000	126.000000	255.000000	255.000000	255.000000	0.000000	0.000000	0.095238	0.412698	0.000000	0.000000	0.000000	0.000000	0.000000	0.000000	0.000000	0.000000	0.000000	0.000000	0.000000	0.000000	0.000000	0.000000	0.000000	-0.407090	0.331019
/home/lilith/work/codec-eval/codec-corpus/gb82-sc/codec_wiki.png	large	2560	1664	1485.818481	0.039132	0.308348	0.000580	0.001356	0.844471	0.843269	146.044037	1.794329	1.548996	785.000000	0.023956	0.000390	0.001060	2.000000	0.028790	0.233940	27.000000	0.105405	2.321043	6.331055	3.601562	0.906250	0.000000	0.000000	0.000000	0.000000	0.000000	80.000000	80.000000	0.000000	0.000000	1.000000	0.000000	8.000000	0.000000	0.304789	0.467114	1.363005	0.000000	0.000000	1.000000	1.000000	0.061523	0.000120	59.760498	0.919922	0.013517	0.002635	0.000000	4259840.000000	15.264742	1664.000000	2560.000000	12779520.000000	0.650000	0.430783	0.000000	0.000000	3.000000	0.000000	0.000000	1.220355	4.424097	5.513576	0.000000	0.000000	0.000000	0.013314	0.000000	0.000000	0.000000	0.010756	0.000000	0.000000	0.000000	172.000000	255.000000	0.000000	0.000000	0.000000	0.000000	0.000000	0.000000	0.000000	0.000000	0.000000	0.000000	0.000000	0.000000	0.000000	0.000000	0.000000	0.000000	0.000000	0.000000	0.000000	42.372334	0.088997
/home/lilith/work/codec-eval/codec-corpus/clic2025/training/14ab4af28901fbeb1356b06d2d08ae06.png	large	1391	2048	1510.874023	0.111967	0.104071	0.003452	0.004112	0.522498	0.000113	38.193104	1.554417	1.273005	5490.000000	0.167542	0.000970	0.001220	0.000000	0.007990	0.008780	8.000000	0.261378	3.516126	11.839806	3.342718	0.000000	0.000000	0.000000	0.000000	0.000000	0.000000	80.000000	80.000000	0.000000	0.000000	1.000000	0.000000	8.000000	0.000000	0.048441	3.235391	0.940601	0.079122	0.011793	1.000000	1.000000	0.172816	0.184431	26.590685	0.000000	0.072631	0.007074	0.000000	2848768.000000	14.862397	1391.000000	2048.000000	8546304.000000	0.679199	0.386841	0.000719	0.012221	3.000000	3.010618	4.077511	4.610827	4.819847	5.183609	0.107629	0.233543	0.769954	1.000000	0.025582	0.042498	0.096182	0.272245	4.000000	10.000000	29.000000	143.000000	255.000000	0.000000	0.000000	0.015873	0.126984	0.000000	0.000000	0.000000	0.000000	0.000000	0.000000	0.000000	1.862951	2.053979	2.172046	0.053279	0.067497	0.079122	0.000000	0.000000	29.938168	0.759694
/home/lilith/work/codec-eval/codec-corpus/clic2025/training/ef576c4ed599d75d72145a8f34b58ccb.png	large	2048	1152	1833.435547	0.062554	0.135856	0.007173	0.006760	0.495226	0.025391	55.820347	0.479231	1.466615	12542.000000	0.382751	0.008270	0.010300	11.000000	0.026430	0.035890	17.000000	0.114044	3.800730	9.280273	8.561523	0.000000	0.000000	0.000000	0.000000	0.000000	0.000000	80.000000	80.000000	0.000000	0.000000	1.000000	0.000000	8.000000	0.000000	0.015218	3.174390	0.857336	0.048779	0.020072	1.000000	1.000000	0.231445	0.038293	15.263525	0.000000	0.045092	0.016617	0.000000	2359296.000000	14.673874	1152.000000	2048.000000	7077888.000000	0.562500	0.575364	0.000000	0.000000	3.000000	3.123030	3.748808	4.371490	4.690241	4.984574	0.096310	0.242090	0.553575	1.000000	0.048966	0.104900	0.236977	0.451087	6.000000	14.000000	25.000000	68.000000	255.000000	0.000000	0.000000	0.015873	0.063492	0.000000	0.000000	0.000000	0.031746	0.000000	0.000000	0.000000	1.370781	1.753965	2.024216	0.023416	0.036428	0.048779	0.000000	0.000000	22.006472	0.658610
/home/lilith/work/codec-eval/codec-corpus/clic2025/training/ddcd24d99f48eaa369207882a6f37831.png	large	2048	1365	2950.963135	0.037426	0.091455	0.003164	0.002363	0.675437	0.124196	40.532013	0.248226	1.635390	6681.000000	0.203888	0.000610	0.002030	0.000000	0.002260	0.003450	1.000000	0.109265	4.458634	4.895854	2.881389	0.000000	0.000000	0.000000	0.000000	0.000000	0.000000	80.000000	80.000000	0.000000	0.000000	1.000000	0.000000	8.000000	0.000000	0.017264	2.675466	0.911132	0.030710	0.007636	1.000000	1.000000	0.196721	0.040163	12.394859	0.002893	0.026236	0.005082	0.000000	2795520.000000	14.843529	1365.000000	2048.000000	8386560.000000	0.666504	0.405709	0.002198	0.008059	3.000000	2.641336	3.299494	3.900387	4.340650	4.767855	0.055847	0.149837	0.324658	0.649367	0.025941	0.037685	0.093232	0.224992	3.000000	8.000000	16.000000	51.000000	251.000000	0.000000	0.000000	0.015873	0.031746	0.000000	0.000000	0.000000	0.000000	0.000000	0.000000	0.000000	1.096368	1.289688	1.475081	0.016029	0.024384	0.030710	0.000000	0.000000	24.093731	0.712559
/home/lilith/work/codec-eval/codec-corpus/clic2025/training/4cd6910a0b7b39365fda5df87618d091.png	large	2048	1022	2269.390381	0.079154	0.131725	0.000544	0.000303	0.770020	0.741211	43.318020	4.112965	1.164305	192.000000	0.005859	0.002940	0.002620	5.000000	0.004350	0.003870	8.000000	0.284930	1.821501	27.688274	0.638704	0.786463	0.000000	0.000000	0.000000	8.000000	1.000000	80.000000	80.000000	0.000000	0.000000	1.000000	0.000000	8.000000	0.000000	0.909316	1.244409	2.141309	0.000000	0.000000	1.000000	1.000000	0.040991	0.000000	59.813412	0.821735	0.077837	0.001332	0.000000	2093056.000000	14.554135	1022.000000	2048.000000	6279168.000000	0.499023	0.695102	0.001957	0.001957	3.000000	0.000000	2.161368	5.421921	5.543057	5.607846	0.000000	0.000000	0.095209	1.000000	0.000000	0.000000	0.000000	0.042725	0.000000	0.000000	17.000000	255.000000	255.000000	0.000000	0.000000	0.000000	0.000000	0.000000	0.000000	0.000000	0.000000	0.000000	0.000000	0.000000	0.000000	0.000000	0.000000	0.000000	0.000000	0.000000	0.000000	0.000000	14.447779	0.209157
/home/lilith/work/codec-eval/codec-corpus/clic2025/final-test/02809272b4ca9b08af45771501b741296187c7e26907efb44abbbfcb6cd804f7.png	large	1360	2048	4499.141113	0.225006	0.095643	0.007902	0.006152	0.196606	0.050452	34.764683	3.049078	0.874021	7061.000000	0.215485	0.002370	0.002410	0.000000	0.011340	0.011020	6.000000	0.159915	4.471482	30.403086	6.927676	0.002893	0.000000	0.000000	0.000000	0.000000	0.000000	80.000000	80.000000	0.000000	0.000000	1.000000	0.000000	8.000000	0.000000	0.124877	3.808741	1.214436	0.044260	0.016027	1.000000	1.000000	0.367406	0.316336	29.834335	0.010608	0.131025	0.015230	0.000000	2785280.000000	14.839859	1360.000000	2048.000000	8355840.000000	0.664062	0.409379	0.000000	0.011765	3.000000	4.110278	4.741900	5.091580	5.214542	5.290693	0.297507	0.813066	1.000000	1.000000	0.042783	0.103084	0.226592	0.377841	7.000000	23.000000	63.000000	177.000000	255.000000	0.000000	0.031746	0.111111	0.206349	0.000000	0.000000	0.000000	0.031746	0.000000	0.000000	0.000000	0.586517	1.179249	1.672099	0.008529	0.023433	0.044260	0.000000	0.000000	10.253132	0.793948
/home/lilith/work/codec-eval/codec-corpus/clic2025/training/5dbdb989cf026f7ab3dd7167d7fc0fe2.png	large	1365	2048	2329.865723	0.275489	0.156888	0.009569	0.007110	0.053287	0.000000	60.133293	2.655638	1.090733	10042.000000	0.306458	0.007180	0.006850	2.000000	0.021140	0.021730	6.000000	0.161992	4.207862	22.883318	10.999036	0.000000	0.000000	0.000000	0.000000	0.000000	0.000000	80.000000	80.000000	0.000000	0.000000	1.000000	0.000000	8.000000	0.000000	0.043624	4.035232	0.589882	0.230733	0.026421	1.000000	1.000000	0.205400	0.563108	17.841619	0.000000	0.101177	0.017756	0.000000	2795520.000000	14.843529	1365.000000	2048.000000	8386560.000000	0.666504	0.405709	0.002198	0.008059	3.000000	3.975391	4.481385	4.842161	5.016724	5.186921	0.382962	0.674855	1.000000	1.000000	0.043901	0.087698	0.230268	0.632157	20.000000	39.000000	64.000000	128.000000	255.000000	0.015873	0.047619	0.079365	0.142857	0.000000	0.000000	0.000000	0.031746	0.000000	1.000000	3.000000	2.639922	3.146981	3.331171	0.096822	0.172160	0.230733	0.000000	0.000000	6.216274	0.697743
/home/lilith/work/codec-eval/codec-corpus/clic2025/training/8bb119b8ca17492392e1e3ea4b811b32.png	large	1365	2048	2988.978760	0.049693	0.064994	0.002203	0.002264	0.516263	0.127105	33.521523	0.405487	1.575228	1371.000000	0.041840	0.000240	0.000330	0.000000	0.001300	0.002060	0.000000	0.154445	4.380111	6.118611	1.221794	0.014465	0.000000	0.000000	0.000000	0.000000	0.000000	80.000000	80.000000	0.000000	0.000000	1.000000	0.000000	8.000000	0.000000	0.122793	2.967268	0.951289	0.029235	0.007933	1.000000	1.000000	0.156220	0.743489	16.012396	0.021215	0.039216	0.001776	0.000000	2795520.000000	14.843529	1365.000000	2048.000000	8386560.000000	0.666504	0.405709	0.002198	0.008059	3.000000	3.052399	3.508184	4.055922	4.351680	4.828764	0.136284	0.230180	0.406746	0.773495	0.033154	0.056931	0.084189	0.123329	5.000000	11.000000	20.000000	61.000000	255.000000	0.000000	0.000000	0.015873	0.047619	0.000000	0.000000	0.000000	0.000000	0.000000	0.000000	0.000000	0.000000	1.125782	1.320926	0.000000	0.022131	0.029235	0.000000	0.000000	43.876453	0.718368
/home/lilith/work/codec-eval/codec-corpus/gb82-sc/imessage.png	large	1206	2622	2577.605469	0.026193	0.189581	0.002459	0.001625	0.889383	0.873210	68.188980	0.899222	1.528804	506.000000	0.015442	0.009580	0.014380	3.000000	0.027550	0.041020	11.000000	0.077490	2.283487	9.695402	3.995211	0.729885	0.000000	0.000000	0.000000	0.000000	0.000000	80.000000	80.000000	0.000000	0.000000	1.000000	0.000000	8.000000	0.000000	0.764009	0.777118	1.552792	0.000000	0.000000	1.000000	1.000000	0.071839	0.000000	47.943714	0.804598	0.020161	0.004683	0.000000	3162132.000000	14.966757	1206.000000	2622.000000	9486396.000000	0.459954	0.776628	0.002422	0.009061	3.000000	0.000000	1.055348	4.100922	5.150691	5.650965	0.000000	0.000000	0.019037	0.866380	0.000000	0.000000	0.006356	0.026508	0.000000	0.000000	1.000000	132.000000	255.000000	0.000000	0.000000	0.000000	0.000000	0.000000	0.000000	0.000000	0.000000	0.000000	0.000000	0.000000	0.000000	0.000000	0.000000	0.000000	0.000000	0.000000	0.000000	0.000000	51.226997	0.198370
/home/lilith/work/codec-eval/codec-corpus/clic2025/final-test/0d154749c7771f58e89ad343653ec4e20d6f037da829f47f5598e5d0a4ab61f0.png	large	1360	2048	1930.476562	0.131892	0.054249	0.007422	0.006052	0.072059	0.003281	29.214993	1.162388	1.278656	1531.000000	0.046722	0.001340	0.001470	0.000000	0.005750	0.005500	0.000000	0.238066	4.163812	10.986500	3.167792	0.000000	0.000000	0.000000	0.000000	0.000000	0.000000	80.000000	80.000000	0.000000	0.000000	1.000000	0.000000	8.000000	0.000000	0.020911	3.693063	0.461561	0.233484	0.064694	1.000000	1.000000	0.092575	0.769443	8.807899	0.000000	0.069064	0.005587	0.000000	2785280.000000	14.839859	1360.000000	2048.000000	8355840.000000	0.664062	0.409379	0.000000	0.011765	3.000000	3.710550	3.988088	4.201177	4.367328	4.698777	0.332765	0.502354	0.715708	0.944107	0.083775	0.105949	0.134171	0.171944	15.000000	27.000000	42.000000	77.000000	255.000000	0.015873	0.031746	0.063492	0.095238	0.000000	0.000000	0.000000	0.015873	0.000000	1.000000	2.000000	2.053976	2.956138	3.206755	0.055113	0.176018	0.233484	0.000000	0.000000	7.045880	0.727942
/home/lilith/work/codec-eval/codec-corpus/clic2025/final-test/2397c73f8feeb8f630fe055da5551c671794afae80528e8612dc62fc0cf61294.png	large	1360	2048	5836.685059	0.125386	0.096947	0.004626	0.006825	0.618224	0.337024	39.289967	1.164144	1.383808	2833.000000	0.086456	0.001760	0.001430	0.000000	0.026620	0.020340	5.000000	0.149626	4.058210	11.307618	6.058824	0.146577	0.000000	0.000000	0.000000	0.000000	0.000000	80.000000	80.000000	0.000000	0.000000	1.000000	0.000000	8.000000	0.000000	0.007144	2.392814	1.669853	0.000000	0.000000	1.000000	1.000000	0.160077	0.510471	21.354334	0.189007	0.058104	0.012414	0.000000	2785280.000000	14.839859	1360.000000	2048.000000	8355840.000000	0.664062	0.409379	0.000000	0.011765	3.000000	2.220066	4.068046	4.690497	4.902009	5.108927	0.016282	0.088270	0.758941	1.000000	0.000000	0.034475	0.178058	0.524500	2.000000	8.000000	35.000000	117.000000	255.000000	0.000000	0.000000	0.000000	0.111111	0.000000	0.000000	0.000000	0.015873	0.000000	0.000000	0.000000	0.000000	0.000000	0.000000	0.000000	0.000000	0.000000	0.000000	0.000000	17.539225	0.559756
/home/lilith/work/codec-eval/codec-corpus/clic2025/final-test/2684452db505ddbbb53f42a3f3bcfe86fdd0d6d8d98c029db4b4c6fc1f55b750.png	large	1360	2048	3619.911865	0.088579	0.079974	0.006890	0.006979	0.470701	0.042873	31.850330	1.098162	1.361854	4541.000000	0.138580	0.002380	0.001130	0.000000	0.018380	0.009300	5.000000	0.166483	4.451265	13.261331	4.420444	0.000000	0.000000	0.000000	0.000000	0.000000	0.000000	80.000000	80.000000	0.000000	0.000000	1.000000	0.000000	8.000000	0.000000	0.037834	3.130416	1.072640	0.045258	0.031671	1.000000	1.000000	0.313404	0.453077	31.891933	0.002893	0.062329	0.008679	0.000000	2785280.000000	14.839859	1360.000000	2048.000000	8355840.000000	0.664062	0.409379	0.000000	0.011765	3.000000	3.172603	3.877910	4.601930	5.040553	5.371237	0.098961	0.264798	0.631877	1.000000	0.053845	0.088471	0.155010	0.312597	3.000000	10.000000	25.000000	124.000000	255.000000	0.000000	0.000000	0.031746	0.079365	0.000000	0.000000	0.000000	0.015873	0.000000	0.000000	0.000000	0.845098	1.476895	1.755875	0.012391	0.033165	0.045258	0.000000	0.000000	36.362438	0.781558
/home/lilith/work/codec-eval/codec-corpus/clic2025/training/28d24b9c83de066597ff96a68769884f.png	large	2048	1332	3993.040771	0.021295	0.168428	0.001837	0.001203	0.838897	0.275805	73.904091	0.142415	1.786527	1904.000000	0.058105	0.000260	0.000210	0.000000	0.000960	0.000890	0.000000	0.068426	4.020081	3.473481	0.559306	0.000000	0.000000	0.000000	0.000000	0.000000	0.000000	80.000000	80.000000	0.000000	0.000000	1.000000	0.000000	8.000000	0.000000	0.219602	2.053661	0.926193	0.019737	0.000000	1.000000	1.000000	0.193828	0.387851	19.914780	0.002893	0.013883	0.000949	0.000000	2727936.000000	14.819056	1332.000000	2048.000000	8183808.000000	0.650391	0.430182	0.003003	0.009009	3.000000	1.711675	2.471085	3.377443	4.155901	5.004858	0.026661	0.045165	0.129503	0.372857	0.013883	0.025298	0.032904	0.053211	1.000000	3.000000	6.000000	41.000000	255.000000	0.000000	0.000000	0.000000	0.000000	0.000000	0.000000	0.000000	0.000000	0.000000	0.000000	0.000000	0.902240	1.133838	1.217073	0.011376	0.016808	0.019737	0.000000	0.000000	115.594948	0.637904
/home/lilith/work/codec-eval/codec-corpus/clic2025/final-test/79b1bb29124f590c2e99e6c71c18affe25115d594a821cadc58bf24bf94dae8d.png	large	2048	1280	5219.381836	0.235030	0.233098	0.014004	0.011894	0.461548	0.004395	77.575363	5.339050	1.125150	15537.000000	0.474152	0.009960	0.015860	3.000000	0.050760	0.059480	11.000000	0.276476	4.445478	26.912109	13.935547	0.000000	0.000000	0.000000	0.000000	0.000000	0.000000	80.000000	80.000000	0.000000	0.000000	1.000000	0.000000	8.000000	0.000000	0.033014	3.469885	1.248269	0.053199	0.031830	1.000000	1.000000	0.101562	0.215218	37.477665	0.000000	0.102617	0.022321	0.000000	2621440.000000	14.779234	1280.000000	2048.000000	7864320.000000	0.625000	0.470004	0.000000	0.000000	3.000000	3.292253	4.735918	5.184222	5.320015	5.481538	0.084096	0.278027	1.000000	1.000000	0.064219	0.140495	0.348900	0.691563	7.000000	29.000000	89.000000	236.000000	255.000000	0.000000	0.000000	0.031746	0.190476	0.000000	0.000000	0.015873	0.031746	0.000000	0.000000	0.000000	1.570940	1.835591	1.957846	0.031882	0.044048	0.053199	0.000000	0.000000	6.941148	0.637990
/home/lilith/work/codec-eval/codec-corpus/clic2025/training/7e499613c3e376ea93afb3649719abeb.png	large	1535	2048	4670.517090	0.077341	0.111450	0.002853	0.001842	0.683550	0.366370	53.525990	0.680163	1.470464	2257.000000	0.068878	0.000390	0.000330	0.000000	0.001330	0.001020	0.000000	0.149276	4.286739	9.342939	2.463977	0.182517	0.000000	0.000000	0.000000	0.000000	0.000000	80.000000	80.000000	0.000000	0.000000	1.000000	0.000000	8.000000	0.000000	0.002190	2.318990	1.534053	0.000000	0.000000	1.000000	1.000000	0.372719	0.682854	21.337475	0.294909	0.043212	0.005093	0.000000	3143680.000000	14.960905	1535.000000	2048.000000	9431040.000000	0.749512	0.288333	0.000651	0.000651	3.000000	2.355756	3.535642	4.463219	4.795824	5.213160	0.029154	0.113737	0.439583	1.000000	0.000000	0.034652	0.089497	0.184994	1.000000	5.000000	19.000000	92.000000	255.000000	0.000000	0.000000	0.000000	0.047619	0.000000	0.000000	0.000000	0.000000	0.000000	0.000000	0.000000	0.000000	0.000000	0.000000	0.000000	0.000000	0.000000	0.000000	0.000000	38.571453	0.707300
/home/lilith/work/codec-eval/codec-corpus/clic2025/final-test/1cba10ad9bb4ced57e42f7656c5f2a58d32dc6bad084957d2f8d1c78e0fcd224.png	large	1648	2048	3713.794922	0.013297	0.097663	0.004353	0.004413	0.838338	0.177128	36.657471	0.139146	1.964413	4081.000000	0.124542	0.000930	0.000770	0.000000	0.007940	0.006500	2.000000	0.141556	3.685897	2.215459	1.317874	0.025121	0.000000	0.000000	0.000000	0.000000	0.000000	80.000000	80.000000	0.000000	0.000000	1.000000	0.000000	8.000000	0.000000	0.191158	2.144438	0.903670	0.023617	0.011714	1.000000	1.000000	0.111111	0.176292	14.008330	0.038647	0.012637	0.002561	0.000000	3375104.000000	15.031937	1648.000000	2048.000000	10125312.000000	0.804688	0.217301	0.000000	0.009709	3.000000	2.043301	2.680733	3.433007	3.890294	4.375525	0.033408	0.061515	0.154319	0.393960	0.026948	0.047450	0.083690	0.163820	2.000000	5.000000	10.000000	36.000000	189.000000	0.000000	0.000000	0.000000	0.015873	0.000000	0.000000	0.000000	0.000000	0.000000	0.000000	0.000000	0.000000	0.999321	1.207079	0.000000	0.017907	0.023617	0.000000	0.000000	53.124187	0.633480
/home/lilith/work/codec-eval/codec-corpus/clic2025/final-test/bb7344a2ba499b2d48b891abee1b903dc17d265437ac57028b5999b6cd5bcdc4.png	large	2048	1024	772.078247	0.052661	0.047784	0.002082	0.001340	0.773682	0.679199	18.890654	0.890690	1.568135	852.000000	0.026001	0.001310	0.001540	1.000000	0.003140	0.006510	2.000000	0.182451	1.627267	7.677734	1.879883	0.667969	0.000000	0.000000	0.000000	0.000000	0.000000	80.000000	80.000000	0.000000	0.000000	1.000000	0.000000	8.000000	0.000000	0.039050	1.569786	1.811053	0.000000	0.000000	1.000000	1.000000	0.250977	0.000385	39.720440	0.696289	0.036381	0.003162	0.000000	2097152.000000	14.556090	1024.000000	2048.000000	6291456.000000	0.500000	0.693147	0.000000	0.000000	3.000000	0.000000	2.988162	4.099244	4.831758	5.422448	0.000000	0.000000	0.230216	0.798700	0.000000	0.000000	0.030542	0.143631	0.000000	0.000000	9.000000	126.000000	255.000000	0.000000	0.000000	0.000000	0.031746	0.000000	0.000000	0.000000	0.000000	0.000000	0.000000	0.000000	0.000000	0.000000	0.000000	0.000000	0.000000	0.000000	0.000000	0.000000	50.102165	0.392185
/home/lilith/work/codec-eval/codec-corpus/clic2025/final-test/4ebc0e6c463bcf8ada38673c268aae56d44864347fd74b81a9fb5659bf96a010.png	large	1360	2048	2827.844482	0.084864	0.094903	0.002580	0.003000	0.447398	0.014932	36.616768	1.019169	1.850721	3429.000000	0.104645	0.000370	0.000460	0.000000	0.003080	0.003720	1.000000	0.263381	4.246315	7.431051	1.484089	0.011572	0.000000	0.000000	0.000000	0.000000	0.000000	80.000000	80.000000	0.000000	0.000000	1.000000	0.000000	8.000000	0.000000	0.056267	3.259777	0.761950	0.061146	0.003337	1.000000	1.000000	0.106075	0.176928	12.805532	0.012536	0.041450	0.002541	0.000000	2785280.000000	14.839859	1360.000000	2048.000000	8355840.000000	0.664062	0.409379	0.000000	0.011765	3.000000	3.182414	3.807796	4.143693	4.357753	4.842513	0.079501	0.234108	0.570592	0.874015	0.021254	0.047270	0.094745	0.150858	13.000000	24.000000	37.000000	80.000000	255.000000	0.000000	0.000000	0.015873	0.063492	0.000000	0.000000	0.000000	0.000000	0.000000	0.000000	1.000000	0.000000	2.274158	2.654282	0.000000	0.048843	0.061146	0.000000	0.000000	16.088409	0.517165
/home/lilith/work/codec-eval/codec-corpus/clic2025/training/22ea12c903e41583b7c469cb86040157.png	large	1638	2048	1618.951782	0.034598	0.245975	0.002230	0.003220	0.816233	0.212608	106.043793	0.298881	1.845259	3079.000000	0.093964	0.000620	0.000900	0.000000	0.009280	0.013720	9.000000	0.133096	3.737404	5.463867	4.642578	0.000000	0.000000	0.000000	0.000000	0.000000	0.000000	80.000000	80.000000	0.000000	0.000000	1.000000	0.000000	8.000000	0.000000	0.015184	2.445971	1.003594	0.025083	0.000000	1.000000	1.000000	0.139648	0.051325	17.981676	0.000000	0.022817	0.005255	0.000000	3354624.000000	15.025850	1638.000000	2048.000000	10063872.000000	0.799805	0.223388	0.001221	0.015873	3.000000	2.116442	2.892364	4.193854	4.552933	5.041968	0.035307	0.070498	0.183066	0.923042	0.022504	0.037951	0.070712	0.273412	2.000000	5.000000	12.000000	59.000000	255.000000	0.000000	0.000000	0.000000	0.015873	0.000000	0.000000	0.000000	0.000000	0.000000	0.000000	0.000000	1.064809	1.322219	1.454607	0.013896	0.021754	0.025083	0.000000	0.000000	52.941109	0.589006
/home/lilith/work/codec-eval/codec-corpus/clic2025/training/870516c65d81fb9267de6865964083a9.png	large	2048	1360	5387.393555	0.171939	0.107632	0.005686	0.006983	0.375115	0.125804	43.804958	1.476707	1.211936	10930.000000	0.333557	0.001290	0.001510	0.000000	0.015420	0.013960	8.000000	0.117137	4.675080	18.415623	6.343298	0.005786	0.000000	0.000000	0.000000	0.000000	0.000000	80.000000	80.000000	0.000000	0.000000	1.000000	0.000000	8.000000	0.000000	0.013902	3.312755	1.281731	0.031580	0.010170	1.000000	1.000000	0.320154	0.337237	22.652033	0.021215	0.082947	0.012628	0.000000	2785280.000000	14.839859	1360.000000	2048.000000	8355840.000000	0.664062	0.409379	0.000000	0.011765	3.000000	3.509034	4.326201	4.948498	5.104128	5.289719	0.101223	0.374399	1.000000	1.000000	0.031042	0.090345	0.197238	0.412833	6.000000	20.000000	46.000000	117.000000	255.000000	0.000000	0.000000	0.047619	0.158730	0.000000	0.000000	0.000000	0.015873	0.000000	0.000000	0.000000	0.467981	1.157134	1.320924	0.009139	0.023538	0.031580	0.000000	0.000000	11.406974	0.750649
/home/lilith/work/codec-eval/codec-corpus/gb82-sc/imac_dark.png	large	2940	1912	2419.252686	0.057426	0.064912	0.000966	0.000420	0.745945	0.729726	21.709627	3.896874	1.186440	3127.000000	0.095428	0.002570	0.002010	1.000000	0.002270	0.001640	1.000000	0.137802	1.895388	28.735466	1.306202	0.752907	0.000000	0.000000	0.000000	0.000000	0.000000	80.000000	80.000000	0.000000	0.000000	1.000000	0.000000	8.000000	0.000000	0.169315	1.289460	2.175347	0.000000	0.000000	1.000000	1.000000	0.096899	0.017780	60.428310	0.801357	0.065861	0.002384	0.000000	5621280.000000	15.542070	1912.000000	2940.000000	16863840.000000	0.650340	0.430260	0.001361	0.005550	3.000000	0.000000	2.928396	5.379387	5.613362	5.669904	0.000000	0.000000	0.228553	1.000000	0.000000	0.000000	0.000000	0.028686	0.000000	0.000000	15.000000	211.000000	255.000000	0.000000	0.000000	0.000000	0.031746	0.000000	0.000000	0.000000	0.000000	0.000000	0.000000	0.000000	0.000000	0.000000	0.000000	0.000000	0.000000	0.000000	0.000000	0.000000	20.850616	0.226487
/home/lilith/work/codec-eval/codec-corpus/clic2025/training/9466a908d088d32ee73f04116c40e48c.png	large	1371	2048	3425.587402	0.006137	0.132686	0.001080	0.001270	0.844017	0.196469	51.169884	0.047818	1.880948	2670.000000	0.081482	0.000100	0.000090	0.000000	0.000650	0.000540	0.000000	0.111118	4.047066	1.930010	0.742090	0.001918	0.000000	0.000000	0.000000	0.000000	0.000000	80.000000	80.000000	0.000000	0.000000	1.000000	0.000000	8.000000	0.000000	0.078873	2.244067	0.753322	0.032855	0.000000	1.000000	1.000000	0.398849	0.230664	6.612809	0.035475	0.012144	0.001096	0.000000	2807808.000000	14.847915	1371.000000	2048.000000	8423424.000000	0.669434	0.401323	0.003647	0.003647	3.000000	2.103590	2.729772	3.374333	3.688797	4.120062	0.049259	0.085514	0.169736	0.368779	0.015716	0.029125	0.047102	0.073199	1.000000	2.000000	5.000000	23.000000	126.000000	0.000000	0.000000	0.000000	0.015873	0.000000	0.000000	0.000000	0.000000	0.000000	0.000000	0.000000	0.942006	1.223610	1.396851	0.017358	0.026097	0.032855	0.000000	0.000000	58.854801	0.826555
/home/lilith/work/codec-eval/codec-corpus/clic2025/final-test/c9510efb03d1852c29ecad84cc0558768728681a3b9b04eae0dbbd9be142dd95.png	large	2048	1360	4533.443359	0.051196	0.142885	0.004848	0.004882	0.569393	0.058249	55.189667	0.241203	1.637931	9378.000000	0.286194	0.001040	0.001080	0.000000	0.009930	0.008870	13.000000	0.030451	4.511878	11.372228	6.724205	0.017358	0.000000	0.000000	0.000000	0.000000	0.000000	80.000000	80.000000	0.000000	0.000000	1.000000	0.000000	8.000000	0.000000	0.109351	2.927076	1.108067	0.032963	0.011898	1.000000	1.000000	0.523626	0.298995	20.812483	0.018322	0.035940	0.010761	0.000000	2785280.000000	14.839859	1360.000000	2048.000000	8355840.000000	0.664062	0.409379	0.000000	0.011765	3.000000	2.827764	3.781540	4.467752	4.730253	5.167137	0.066759	0.198803	0.618118	1.000000	0.028213	0.058062	0.151697	0.362095	3.000000	6.000000	11.000000	52.000000	255.000000	0.000000	0.000000	0.015873	0.047619	0.000000	0.000000	0.000000	0.015873	0.000000	0.000000	0.000000	0.000000	1.321900	1.643300	0.000000	0.023290	0.032963	0.000000	0.000000	65.231979	0.791525
/home/lilith/work/codec-eval/codec-corpus/clic2025/final-test/e0d8e29cadfc99663c7d1a4a5afe20c454ec54d0d873776ec397c59405c74790.png	large	1360	2048	5117.247070	0.070678	0.052807	0.001645	0.001356	0.755940	0.289619	21.416199	0.803548	1.712771	1310.000000	0.039978	0.000180	0.000150	0.000000	0.000850	0.000700	0.000000	0.433669	3.953528	3.957570	0.270010	0.028930	0.000000	0.000000	0.000000	0.000000	0.000000	80.000000	80.000000	0.000000	0.000000	1.000000	0.000000	8.000000	0.000000	0.350992	2.221457	1.135602	0.020867	0.000000	1.000000	1.000000	0.117647	0.159225	18.398167	0.052073	0.030521	0.000459	0.000000	2785280.000000	14.839859	1360.000000	2048.000000	8355840.000000	0.664062	0.409379	0.000000	0.011765	3.000000	1.943789	2.965017	4.023715	4.423065	4.799291	0.030860	0.062954	0.201395	0.690587	0.000000	0.025460	0.040250	0.060401	2.000000	4.000000	19.000000	106.000000	255.000000	0.000000	0.000000	0.000000	0.015873	0.000000	0.000000	0.000000	0.000000	0.000000	0.000000	0.000000	0.000000	0.676695	1.129832	0.000000	0.009584	0.020867	0.000000	0.000000	36.202259	0.615393
/home/lilith/work/codec-eval/codec-corpus/clic2025/final-test/07b9f93f170a0381836bdf301280a5b80b2c4be6e66f793a3c335dc200fb4e5b.png	large	2048	1360	4918.061523	0.190032	0.212503	0.013782	0.005154	0.518612	0.008387	89.243057	2.140318	1.415279	8651.000000	0.264008	0.017770	0.014930	4.000000	0.010360	0.011190	4.000000	0.225644	4.727238	14.983606	7.554484	0.000000	0.000000	0.000000	0.000000	0.000000	0.000000	80.000000	80.000000	0.000000	0.000000	1.000000	0.000000	8.000000	0.000000	0.022162	3.231900	1.052733	0.048185	0.006897	1.000000	1.000000	0.075217	0.257382	23.540983	0.000000	0.079059	0.016041	0.000000	2785280.000000	14.839859	1360.000000	2048.000000	8355840.000000	0.664062	0.409379	0.000000	0.011765	3.000000	2.602992	4.209220	4.689727	5.004476	5.379215	0.060143	0.123904	0.802282	1.000000	0.025775	0.054985	0.271818	0.472671	8.000000	21.000000	53.000000	142.000000	255.000000	0.000000	0.000000	0.000000	0.142857	0.000000	0.000000	0.000000	0.031746	0.000000	0.000000	1.000000	1.678831	2.081382	2.173505	0.031045	0.041937	0.048185	0.000000	0.000000	13.888368	0.514838
/home/lilith/work/codec-eval/codec-corpus/clic2025/training/2a2420f929cd47122eae364a2bc27710.png	large	2048	1365	2247.802246	0.050474	0.083117	0.003756	0.003830	0.636144	0.060317	32.224461	0.584359	1.792181	1917.000000	0.058502	0.000800	0.001010	0.000000	0.007000	0.009240	3.000000	0.351965	4.105229	4.800386	1.414658	0.001929	0.000000	0.000000	0.000000	0.000000	0.000000	80.000000	80.000000	0.000000	0.000000	1.000000	0.000000	8.000000	0.000000	0.146534	2.735151	0.867225	0.041886	0.013666	1.000000	1.000000	0.430087	0.509004	17.867987	0.013500	0.033154	0.002862	0.000000	2795520.000000	14.843529	1365.000000	2048.000000	8386560.000000	0.666504	0.405709	0.002198	0.008059	3.000000	2.713858	3.375984	3.914657	4.165463	4.706811	0.076317	0.177190	0.366824	0.602121	0.025726	0.042883	0.076643	0.170466	2.000000	5.000000	15.000000	88.000000	255.000000	0.000000	0.000000	0.015873	0.031746	0.000000	0.000000	0.000000	0.000000	0.000000	0.000000	0.000000	1.064809	1.382186	1.595911	0.018486	0.030314	0.041886	0.000000	0.000000	51.794117	0.813234
/home/lilith/work/codec-eval/codec-corpus/clic2025/final-test/86127fbdb368eb28c3039cf61aff1c4cfdc4ade24070c8f2389968d5ead681e1.png	large	2048	976	2632.831543	0.263901	0.039723	0.009297	0.004689	0.165323	0.011971	13.009135	2.538329	1.126673	972.000000	0.029663	0.005470	0.004970	2.000000	0.010830	0.008180	13.000000	0.161166	4.115408	28.069098	2.959693	0.006718	0.000000	0.000000	0.000000	0.000000	0.000000	80.000000	80.000000	0.000000	0.000000	1.000000	0.000000	8.000000	0.000000	0.368996	3.984085	0.925571	0.116576	0.014282	1.000000	1.000000	0.205374	0.081200	27.430542	0.008637	0.133382	0.006154	0.000000	1998848.000000	14.508081	976.000000	2048.000000	5996544.000000	0.476562	0.741156	0.000000	0.016393	3.000000	4.161772	4.671997	4.982558	5.127426	5.525988	0.353479	0.856756	1.000000	1.000000	0.044421	0.109797	0.166208	0.221132	13.000000	31.000000	62.000000	160.000000	255.000000	0.000000	0.047619	0.126984	0.206349	0.000000	0.000000	0.000000	0.015873	0.000000	0.000000	1.000000	1.723766	2.184649	2.648467	0.031558	0.071287	0.116576	0.000000	0.000000	10.365153	0.730442
/home/lilith/work/codec-eval/codec-corpus/clic2025/training/097cb426910ba8ce2525dd8bb7fb1777.png	large	1507	2048	734.327209	0.024559	0.037971	0.000866	0.000812	0.814696	0.581024	13.965720	0.291254	2.161860	1164.000000	0.035522	0.000080	0.000080	0.000000	0.000470	0.000470	0.000000	0.330611	2.923602	1.615234	0.206055	0.035156	0.000000	0.000000	0.000000	0.000000	0.000000	80.000000	80.000000	0.000000	0.000000	1.000000	0.000000	8.000000	0.000000	0.068661	1.821659	1.032687	0.011148	0.000000	1.000000	1.000000	0.075195	0.046469	8.072692	0.057617	0.008867	0.000403	0.000000	3086336.000000	14.942495	1507.000000	2048.000000	9259008.000000	0.735840	0.306743	0.003318	0.019244	3.000000	1.444972	2.662699	3.489798	3.661172	4.211637	0.018239	0.026124	0.132484	0.299383	0.000000	0.017364	0.029357	0.042574	1.000000	4.000000	16.000000	57.000000	212.000000	0.000000	0.000000	0.000000	0.000000	0.000000	0.000000	0.000000	0.000000	0.000000	0.000000	0.000000	0.000000	0.467980	0.808719	0.000000	0.006109	0.011148	0.000000	0.000000	20.352331	0.431542
/home/lilith/work/codec-eval/codec-corpus/clic2025/training/a36713f1943dac6bc74dea50cadaee6f.png	large	1365	2048	2569.725586	0.136915	0.282537	0.014346	0.014350	0.517647	0.000226	114.457893	2.125237	1.251699	18120.000000	0.552979	0.014030	0.009570	3.000000	0.089660	0.065050	21.000000	0.147396	3.983660	16.756027	16.641273	0.000000	0.000000	0.000000	0.000000	0.000000	0.000000	80.000000	80.000000	0.000000	0.000000	1.000000	0.000000	8.000000	0.000000	0.068296	3.340565	0.993834	0.052050	0.026329	1.000000	1.000000	0.144648	0.064786	30.765345	0.000000	0.065421	0.025394	0.000000	2795520.000000	14.843529	1365.000000	2048.000000	8386560.000000	0.666504	0.405709	0.002198	0.008059	3.000000	3.011121	4.163798	4.891984	5.153656	5.343719	0.068684	0.165147	0.884655	1.000000	0.039919	0.119572	0.436780	0.830207	10.000000	22.000000	46.000000	149.000000	255.000000	0.000000	0.000000	0.015873	0.111111	0.000000	0.000000	0.000000	0.047619	0.000000	0.000000	1.000000	2.036866	2.185932	2.247820	0.035535	0.047055	0.052050	0.000000	0.000000	16.402578	0.520837
/home/lilith/work/codec-eval/codec-corpus/clic2025/final-test/a365e6541bab5c0f4e01bf43a0c3a655d88292a8ac45403a889c308d11854555.png	large	2048	1360	6413.577148	0.312444	0.106511	0.010732	0.008477	0.199908	0.045037	38.218464	5.618712	1.088792	6782.000000	0.206970	0.006010	0.007130	1.000000	0.020260	0.025390	8.000000	0.265339	4.668490	31.874638	6.458052	0.033751	0.000000	0.000000	0.000000	0.000000	0.000000	80.000000	80.000000	0.000000	0.000000	1.000000	0.000000	8.000000	0.000000	0.033018	3.829549	1.221144	0.078199	0.041467	1.000000	1.000000	0.164899	0.166974	33.908058	0.034716	0.144066	0.013378	0.000000	2785280.000000	14.839859	1360.000000	2048.000000	8355840.000000	0.664062	0.409379	0.000000	0.011765	3.000000	4.030397	4.694365	5.179560	5.344853	5.487920	0.269654	0.663442	1.000000	1.000000	0.068502	0.108738	0.214417	0.399374	14.000000	39.000000	84.000000	237.000000	255.000000	0.000000	0.031746	0.126984	0.222222	0.000000	0.000000	0.000000	0.015873	0.000000	0.000000	0.000000	0.000000	1.431365	2.232004	0.000000	0.029383	0.078199	0.000000	0.000000	7.643006	0.662533
/home/lilith/work/codec-eval/codec-corpus/clic2025/training/5e5ce43575fa67fdc0dd37146d7f479e.png	large	2048	1641	2720.729980	0.244387	0.150145	0.004366	0.003273	0.042050	0.000000	54.250614	3.212990	1.490789	7403.000000	0.225922	0.003420	0.005330	3.000000	0.007320	0.014500	6.000000	0.316255	4.500170	11.063107	3.288350	0.000000	0.000000	0.000000	0.000000	0.000000	0.000000	80.000000	80.000000	0.000000	0.000000	1.000000	0.000000	8.000000	0.000000	0.094484	3.616358	0.544628	0.132353	0.000000	1.000000	1.000000	0.053398	0.110824	20.089724	0.001942	0.043027	0.005502	0.000000	3360768.000000	15.027680	1641.000000	2048.000000	10082304.000000	0.801270	0.221558	0.004266	0.014016	3.000000	3.462265	3.648968	4.485636	4.968972	5.327494	0.163439	0.202821	0.300374	1.000000	0.018366	0.029235	0.056691	0.207083	23.000000	42.000000	64.000000	134.000000	255.000000	0.000000	0.000000	0.015873	0.031746	0.000000	0.000000	0.000000	0.000000	0.000000	2.000000	4.000000	2.922693	3.100521	3.209783	0.090697	0.117675	0.132353	0.000000	0.000000	8.904701	0.339743
/home/lilith/work/codec-eval/codec-corpus/clic2025/final-test/da52c4f66dc00c2f381e8475fbf8a7aa2c5433a9c59cc175646c62e02892faf7.png	large	2048	1360	3727.108643	0.287763	0.128088	0.013791	0.012761	0.045841	0.000230	50.924026	1.940140	0.976050	12259.000000	0.374115	0.005530	0.004250	1.000000	0.032740	0.026200	10.000000	0.073504	4.535103	38.029896	15.765670	0.000000	0.000000	0.000000	0.000000	0.000000	0.000000	80.000000	80.000000	0.000000	0.000000	1.000000	0.000000	8.000000	0.000000	0.036299	4.342796	0.667635	0.378259	0.065519	1.000000	1.000000	0.676953	0.511383	21.731358	0.000000	0.140883	0.031884	0.000000	2785280.000000	14.839859	1360.000000	2048.000000	8355840.000000	0.664062	0.409379	0.000000	0.011765	3.000000	4.469892	4.847930	5.092397	5.197253	5.344047	0.727803	1.000000	1.000000	1.000000	0.132949	0.248444	0.434829	0.658775	11.000000	26.000000	51.000000	130.000000	255.000000	0.031746	0.079365	0.142857	0.190476	0.000000	0.015873	0.031746	0.047619	0.000000	0.000000	1.000000	2.367326	3.018434	3.433440	0.102712	0.235618	0.378259	0.000000	0.015873	12.240504	0.902773
/home/lilith/work/codec-eval/codec-corpus/clic2025/final-test/a2a946cc516f9eec0f141da3c31a96df94fe342c651af46f0d38f6c04400323a.png	large	1360	2048	1800.624146	0.090652	0.115156	0.006725	0.006912	0.542907	0.163206	47.325672	0.803840	1.399292	10447.000000	0.318817	0.003420	0.002530	2.000000	0.029910	0.021450	16.000000	0.108846	3.474645	12.113790	8.085825	0.006750	0.000000	0.000000	0.000000	0.000000	0.000000	80.000000	80.000000	0.000000	0.000000	1.000000	0.000000	8.000000	0.000000	0.054017	2.866115	1.240489	0.023206	0.000000	1.000000	1.000000	0.351977	0.005470	23.401026	0.005786	0.051553	0.013608	0.000000	2785280.000000	14.839859	1360.000000	2048.000000	8355840.000000	0.664062	0.409379	0.000000	0.011765	3.000000	2.774471	3.942417	4.630748	4.916096	5.215203	0.040490	0.184136	0.708844	1.000000	0.021568	0.055216	0.170840	0.437253	3.000000	8.000000	23.000000	100.000000	255.000000	0.000000	0.000000	0.015873	0.079365	0.000000	0.000000	0.000000	0.015873	0.000000	0.000000	0.000000	0.586511	1.230451	1.386667	0.006162	0.018814	0.023206	0.000000	0.000000	35.905750	0.720376
/home/lilith/work/codec-eval/codec-corpus/clic2025/final-test/937476dd72f98638f34299dda5e9c252621b5e809c364692fc2934e000583286.png	large	2048	1536	2992.653076	0.890993	0.000000	0.000000	0.000000	0.000000	0.000000	0.000000	17.804478	0.569250	32.000000	0.000977	0.000000	0.000000	0.000000	0.000000	0.000000	0.000000	0.204774	4.561956	69.129883	0.000000	0.000000	0.000000	0.000000	0.000000	8.000000	1.000000	80.000000	80.000000	0.000000	0.000000	1.000000	0.000000	8.000000	0.000000	1.000000	4.970624	0.187533	1.000000	0.000000	1.000000	1.000000	0.058594	0.000000	29.698256	0.000000	0.311012	0.000000	1.000000	3145728.000000	14.961555	1536.000000	2048.000000	9437184.000000	0.750000	0.287682	0.000000	0.000000	3.000000	4.992954	5.096720	5.181416	5.213912	5.294828	1.000000	1.000000	1.000000	1.000000	0.000000	0.000000	0.000000	0.000000	66.000000	112.000000	164.000000	255.000000	255.000000	0.238095	0.269841	0.317460	0.349206	0.000000	0.000000	0.000000	0.000000	1.000000	6.000000	12.000000	4.386265	4.620859	4.744473	1.000000	1.000000	1.000000	0.174603	0.222222	0.406430	0.826921
/home/lilith/work/codec-eval/codec-corpus/gb82-sc/imac_g3.png	large	2940	1912	3923.463867	0.078938	0.048232	0.002332	0.001120	0.724925	0.708706	15.316603	8.254455	0.926690	1105.000000	0.033722	0.006500	0.005100	4.000000	0.008110	0.006660	5.000000	0.102940	1.510746	36.665699	2.093023	0.786822	0.000000	0.000000	0.000000	0.000000	0.000000	80.000000	80.000000	0.000000	0.000000	1.000000	0.000000	8.000000	0.000000	0.963463	1.172507	2.188098	0.000000	0.000000	1.000000	1.000000	0.119186	0.001624	70.128593	0.831395	0.063892	0.003045	0.000000	5621280.000000	15.542070	1912.000000	2940.000000	16863840.000000	0.650340	0.430260	0.001361	0.005550	3.000000	0.000000	0.000000	5.626924	5.717159	5.760070	0.000000	0.000000	0.000000	1.000000	0.000000	0.000000	0.000000	0.028482	0.000000	0.000000	49.000000	255.000000	255.000000	0.000000	0.000000	0.000000	0.000000	0.000000	0.000000	0.000000	0.000000	0.000000	0.000000	0.000000	0.000000	0.000000	0.000000	0.000000	0.000000	0.000000	0.000000	0.000000	10.674411	0.202400
/home/lilith/work/codec-eval/codec-corpus/clic2025/final-test/608cb09e6ffc66d4bc838d4088bf4c0ab889d7e83d4f5d78805cbc4497e432a1.png	large	1632	2048	2319.201660	0.166605	0.167165	0.010767	0.011682	0.207250	0.000000	62.523815	1.547218	1.129784	17525.000000	0.534821	0.004250	0.005390	1.000000	0.041830	0.048540	17.000000	0.113986	4.176902	17.169922	16.464844	0.001953	0.000000	0.000000	0.000000	0.000000	0.000000	80.000000	80.000000	0.000000	0.000000	1.000000	0.000000	8.000000	0.000000	0.012770	3.595800	0.843107	0.086687	0.023382	1.000000	1.000000	0.283203	0.150637	18.183153	0.000000	0.071057	0.024461	0.000000	3342336.000000	15.022181	1632.000000	2048.000000	10027008.000000	0.796875	0.227057	0.000000	0.000000	3.000000	3.503669	4.359274	4.745506	4.922515	5.119104	0.152849	0.402606	1.000000	1.000000	0.039803	0.133464	0.487492	0.913202	12.000000	25.000000	43.000000	105.000000	255.000000	0.000000	0.015873	0.047619	0.111111	0.000000	0.000000	0.015873	0.047619	0.000000	1.000000	2.000000	2.161695	2.363494	2.495198	0.049395	0.070686	0.086687	0.000000	0.000000	12.561204	0.710936
/home/lilith/work/codec-eval/codec-corpus/clic2025/training/a10ae819a2d24873079c93346200cab3.png	large	1366	2048	2130.000977	0.083443	0.253965	0.006946	0.007526	0.407036	0.007958	112.606659	0.321838	1.402792	12935.000000	0.394745	0.001110	0.001000	0.000000	0.007910	0.007270	1.000000	0.055186	4.225456	12.042430	10.013500	0.000000	0.000000	0.000000	0.000000	0.000000	0.000000	80.000000	80.000000	0.000000	0.000000	1.000000	0.000000	8.000000	0.000000	0.018551	3.305190	0.896980	0.075062	0.028158	1.000000	1.000000	0.553520	0.282471	11.420948	0.000000	0.055747	0.017557	0.000000	2797568.000000	14.844261	1366.000000	2048.000000	8392704.000000	0.666992	0.404977	0.001464	0.007321	3.000000	3.344831	4.020573	4.436424	4.709706	5.065646	0.142655	0.356507	0.782555	1.000000	0.051052	0.116502	0.267415	0.523291	3.000000	9.000000	22.000000	52.000000	212.000000	0.000000	0.015873	0.031746	0.095238	0.000000	0.000000	0.015873	0.031746	0.000000	0.000000	0.000000	1.513343	1.822414	2.084521	0.033466	0.055615	0.075062	0.000000	0.000000	10.154166	0.868092
/home/lilith/work/codec-eval/codec-corpus/clic2025/final-test/ff32adfa29d4b5de26293352f53cc983d12d3ededd71fe65ca0ef0d887be65c4.png	large	2048	1360	4242.909180	0.071667	0.229411	0.010725	0.006364	0.372128	0.023438	87.663704	0.372810	1.391521	14434.000000	0.440491	0.007880	0.002670	1.000000	0.010300	0.007570	9.000000	0.036038	4.693726	15.305690	12.983606	0.010608	0.000000	0.000000	0.000000	0.000000	0.000000	80.000000	80.000000	0.000000	0.000000	1.000000	0.000000	8.000000	0.000000	0.045965	3.381546	0.958631	0.082335	0.030912	1.000000	1.000000	0.713597	0.314699	14.528650	0.048216	0.048308	0.018674	0.000000	2785280.000000	14.839859	1360.000000	2048.000000	8355840.000000	0.664062	0.409379	0.000000	0.011765	3.000000	3.455521	4.071486	4.632790	4.771521	5.128187	0.189746	0.415336	0.859721	1.000000	0.055632	0.116617	0.237121	0.584252	3.000000	7.000000	18.000000	65.000000	255.000000	0.000000	0.015873	0.031746	0.063492	0.000000	0.000000	0.015873	0.031746	0.000000	0.000000	0.000000	0.000000	1.783548	2.115402	0.000000	0.050605	0.082335	0.000000	0.000000	22.880226	0.898055
/home/lilith/work/codec-eval/codec-corpus/clic2025/training/60430844748882ff66b9a5598ef06dd6.png	large	1446	2048	3837.497803	0.005769	0.289147	0.002439	0.002412	0.889651	0.551525	122.293182	0.033808	2.048014	4356.000000	0.132935	0.000430	0.000410	0.000000	0.002500	0.002160	3.000000	0.065610	3.813856	1.625977	2.371094	0.006836	0.000000	0.000000	0.000000	0.000000	0.000000	80.000000	80.000000	0.000000	0.000000	1.000000	0.000000	8.000000	0.000000	0.002276	1.792372	0.863228	0.016033	0.000000	1.000000	1.000000	0.124023	0.074492	9.135839	0.045898	0.006665	0.003937	0.000000	2961408.000000	14.901175	1446.000000	2048.000000	8884224.000000	0.706055	0.348063	0.001383	0.017981	3.000000	1.565258	2.148448	3.133614	3.606272	4.289140	0.025041	0.036071	0.084432	0.277196	0.000000	0.019930	0.044150	0.144044	1.000000	2.000000	4.000000	18.000000	117.000000	0.000000	0.000000	0.000000	0.000000	0.000000	0.000000	0.000000	0.000000	0.000000	0.000000	0.000000	0.000000	0.777016	0.974854	0.000000	0.011793	0.016033	0.000000	0.000000	75.150085	0.606756
/home/lilith/work/codec-eval/codec-corpus/clic2025/final-test/f67f11de4ca9ebda3db52c41fd3d26c3105687b2d37571e54631a1e4486d0b30.png	large	1632	2048	3455.178223	0.010480	0.116346	0.003281	0.002820	0.835901	0.192110	51.561611	0.204614	1.953334	3974.000000	0.121277	0.000710	0.000360	0.000000	0.003070	0.002040	1.000000	0.240152	3.592364	1.428711	1.400391	0.000000	0.000000	0.000000	0.000000	0.000000	0.000000	80.000000	80.000000	0.000000	0.000000	1.000000	0.000000	8.000000	0.000000	0.005651	2.178941	0.739997	0.024301	0.000000	1.000000	1.000000	0.037109	0.041805	9.856632	0.000000	0.005875	0.002806	0.000000	3342336.000000	15.022181	1632.000000	2048.000000	10027008.000000	0.796875	0.227057	0.000000	0.000000	3.000000	1.841887	2.714945	3.254004	3.444745	4.318045	0.030055	0.043274	0.117351	0.239346	0.000000	0.030088	0.082639	0.137313	3.000000	7.000000	16.000000	39.000000	255.000000	0.000000	0.000000	0.000000	0.000000	0.000000	0.000000	0.000000	0.000000	0.000000	0.000000	0.000000	1.182825	1.380211	1.480501	0.015543	0.020912	0.024301	0.000000	0.000000	40.361137	0.429756
/home/lilith/work/codec-eval/codec-corpus/clic2025/final-test/ebfd571f1c6824316047a29cb5f376eec15f56dd51821119c1842be068a8b950.png	large	2048	2048	1282.247925	0.095009	0.042176	0.003580	0.001586	0.794434	0.779053	13.285745	5.951031	1.217218	2819.000000	0.086029	0.022710	0.012350	16.000000	0.023470	0.011550	7.000000	0.444866	1.748468	16.048828	1.818359	0.826172	0.000000	0.000000	0.000000	0.000000	0.000000	80.000000	80.000000	0.000000	0.000000	1.000000	0.000000	8.000000	0.000000	0.968265	0.854747	1.858829	0.000000	0.000000	1.000000	1.000000	0.007812	0.000551	47.674126	0.837891	0.059229	0.003410	0.000000	4194304.000000	15.249238	2048.000000	2048.000000	12582912.000000	1.000000	0.000000	0.000000	0.000000	3.000000	0.000000	0.000000	5.034303	5.279810	5.396219	0.000000	0.000000	0.000000	1.000000	0.000000	0.000000	0.000000	0.013241	0.000000	0.000000	30.000000	255.000000	255.000000	0.000000	0.000000	0.000000	0.000000	0.000000	0.000000	0.000000	0.000000	0.000000	0.000000	0.000000	0.000000	0.000000	0.000000	0.000000	0.000000	0.000000	0.000000	0.000000	14.233336	0.126719
/home/lilith/work/codec-eval/codec-corpus/clic2025/final-test/8426ed2245c791232862b0a0b2a62a1f17031e8e6e38921fe939df0b3a05ac41.png	large	2048	2048	2411.678223	0.004309	0.074697	0.001903	0.001369	0.871704	0.004639	29.302956	0.074142	2.541562	1669.000000	0.050934	0.000210	0.000270	0.000000	0.000790	0.001010	0.000000	0.168706	4.203139	1.554688	0.254883	0.000000	0.000000	0.000000	0.000000	0.000000	0.000000	80.000000	80.000000	0.000000	0.000000	1.000000	0.000000	8.000000	0.000000	0.486968	2.294342	0.609721	0.039704	0.003337	1.000000	1.000000	0.117188	0.228497	10.721706	0.000000	0.010866	0.000481	0.000000	4194304.000000	15.249238	2048.000000	2048.000000	12582912.000000	1.000000	0.000000	0.000000	0.000000	3.000000	2.041393	2.570543	3.278378	3.583964	4.114089	0.047705	0.061839	0.140623	0.332672	0.021002	0.032434	0.045438	0.063214	2.000000	5.000000	7.000000	20.000000	194.000000	0.000000	0.000000	0.000000	0.015873	0.000000	0.000000	0.000000	0.000000	0.000000	0.000000	0.000000	1.569485	1.698970	1.770392	0.028371	0.035588	0.039704	0.000000	0.000000	95.475227	0.626904
/home/lilith/work/codec-eval/codec-corpus/clic2025/final-test/d0208a1e9b4fde642b9752da2907d82d5b530a6e2e6e18ef71d5524a92d1cf9a.png	large	1360	2048	2787.704346	0.420510	0.116058	0.019555	0.006546	0.076240	0.006344	44.067047	4.394871	0.958702	5628.000000	0.171753	0.015070	0.023310	3.000000	0.008420	0.013170	1.000000	0.323140	4.405874	28.166828	12.994214	0.000000	0.000000	0.000000	0.000000	0.000000	0.000000	80.000000	80.000000	0.000000	0.000000	1.000000	0.000000	8.000000	0.000000	0.033322	4.212492	0.663569	0.362783	0.041995	1.000000	1.000000	0.138862	0.032832	19.844271	0.002893	0.178261	0.031027	0.000000	2785280.000000	14.839859	1360.000000	2048.000000	8355840.000000	0.664062	0.409379	0.000000	0.011765	3.000000	4.366143	4.655685	4.848731	4.980898	5.165946	0.644339	1.000000	1.000000	1.000000	0.124998	0.272016	0.433565	0.648314	20.000000	48.000000	84.000000	173.000000	255.000000	0.031746	0.111111	0.190476	0.253968	0.000000	0.000000	0.031746	0.047619	0.000000	1.000000	2.000000	1.762961	2.844749	3.385268	0.053651	0.206671	0.362783	0.000000	0.015873	4.883633	0.746225
/home/lilith/work/codec-eval/codec-corpus/clic2025/final-test/eda6d42794b0d0140628fa90fc0c14a7ba88159b8474d0077027c32ee2ddf6f0.png	large	1632	2048	4522.109863	0.234017	0.104518	0.006216	0.005567	0.225490	0.000000	43.634106	4.176395	1.160823	9001.000000	0.274689	0.002110	0.001750	1.000000	0.012910	0.009440	7.000000	0.216496	4.518660	27.238281	5.809570	0.000000	0.000000	0.000000	0.000000	0.000000	0.000000	80.000000	80.000000	0.000000	0.000000	1.000000	0.000000	8.000000	0.000000	0.018204	4.001875	0.747702	0.146612	0.018318	1.000000	1.000000	0.169922	0.424716	28.782354	0.000000	0.114134	0.010215	0.000000	3342336.000000	15.022181	1632.000000	2048.000000	10027008.000000	0.796875	0.227057	0.000000	0.000000	3.000000	3.965207	4.697094	4.993475	5.141959	5.444720	0.254959	0.624390	1.000000	1.000000	0.034613	0.070797	0.166918	0.375565	17.000000	34.000000	69.000000	188.000000	255.000000	0.000000	0.031746	0.095238	0.190476	0.000000	0.000000	0.000000	0.015873	0.000000	1.000000	3.000000	2.778863	2.886129	2.953004	0.098000	0.119069	0.146612	0.000000	0.000000	10.041053	0.649933
/mnt/v/output/codec-corpus-2026-05-01-multiaxis/grayscale/gray_007_47x47.png	large	47	47	11690.576172	0.559239	0.000000	0.000000	0.000000	0.000000	0.000000	0.000000	1.024206	0.388501	32.000000	0.014486	0.000000	0.000000	0.000000	0.000000	0.000000	0.000000	0.127334	3.102759	236.160004	0.000000	0.000000	0.000000	0.000000	0.000000	8.000000	1.000000	80.000000	80.000000	0.000000	0.000000	1.000000	0.000000	8.000000	0.000000	1.000000	5.643070	0.153035	1.000000	0.000000	1.000000	1.000000	0.600000	0.000000	64.266167	0.000000	0.400000	0.000000	1.000000	2209.000000	7.700295	47.000000	47.000000	6627.000000	1.000000	0.000000	0.043006	0.854233	3.000000														79.000000	162.000000	246.000000	255.000000	255.000000									0.000000	1.000000	3.000000									-1.153468	0.865892
/mnt/v/output/codec-corpus-2026-05-01-multiaxis/alpha/alpha_000_91x137.png	large	91	137	1181.529175	0.206618	0.149670	0.026636	0.033689	0.433155	0.433155	54.256813	1.142584	0.918833	145.000000	0.011631	0.215020	0.324590	18.000000	1.976510	3.098220	157.000000	0.997215	1.231894	32.005348	47.219250	0.438503	0.000000	0.000000	0.000000	8.000000	1.000000	80.000000	80.000000	0.000000	0.000000	1.000000	0.000000	8.000000	0.000000	0.847598	2.590353	2.290676	0.000000	0.000000	1.000000	1.000000	0.000000	0.000081	50.985844	0.443850	0.148629	0.070113	0.000000	12467.000000	9.430840	91.000000	137.000000	37401.000000	0.664234	0.409121	0.108847	0.232053	3.000000	4.046941	4.675767	4.940207	5.324355	5.420455	0.000000	0.523989	1.000000	1.000000	0.000000	0.010753	0.912566	1.000000	0.000000	50.000000	149.000000	255.000000	255.000000	0.000000	0.000000	0.095238	0.301587	0.000000	0.000000	0.000000	0.142857	0.000000	0.000000	0.000000	0.000000	0.000000	0.000000	0.000000	0.000000	0.000000	0.000000	0.000000	2.610782	0.287197
/mnt/v/output/codec-corpus-2026-05-01-multiaxis/grayscale/gray_035_73x73.png	large	73	73	9207.870117	0.373650	0.000000	0.000000	0.000000	0.271605	0.259259	0.000000	1.176506	0.462184	32.000000	0.006005	0.000000	0.000000	0.000000	0.000000	0.000000	0.000000	0.171552	2.358407	137.851852	0.000000	0.098765	0.000000	0.000000	0.000000	8.000000	1.000000	80.000000	80.000000	0.000000	0.000000	1.000000	0.000000	8.000000	0.000000	1.000000	4.276107	2.038585	0.012098	0.000000	1.000000	1.000000	0.320988	0.000000	64.726524	0.000000	0.253772	0.000000	1.000000	5329.000000	8.580919	73.000000	73.000000	15987.000000	1.000000	0.000000	0.200976	0.729405	3.000000														10.000000	148.000000	235.000000	255.000000	255.000000									0.000000	0.000000	0.000000									-0.676922	0.668784
/mnt/v/output/codec-corpus-2026-05-01-multiaxis/illustration-screen/illustration_052_256x37.png	large	256	37	11789.359375	0.162623	0.005024	0.000220	0.000410	0.406250	0.273438	2.494794	0.434632	0.626955	79.000000	0.008340	0.000010	0.000010	0.000000	0.000190	0.000370	0.000000	0.079457	2.241281	82.117188	0.000000	0.320312	0.000000	0.000000	0.000000	8.000000	1.000000	80.000000	80.000000	0.000000	0.000000	1.000000	0.000000	8.000000	0.000000	0.994405	3.617892	2.187234	0.000000	0.000000	1.000000	1.000000	0.359375	0.000000	56.270241	0.296875	0.168775	0.000000	0.000000	9472.000000	9.156096	37.000000	256.000000	28416.000000	0.144531	1.934260	0.081081	0.729730	3.000000	4.852312	5.543057	5.667668	5.695865	5.723276	0.037431	1.000000	1.000000	1.000000	0.000000	0.019787	0.042023	0.050080	1.000000	12.000000	129.000000	253.000000	255.000000	0.000000	0.000000	0.142857	0.333333	0.000000	0.000000	0.000000	0.000000	0.000000	0.000000	0.000000	0.000000	0.000000	0.000000	0.000000	0.000000	0.000000	0.000000	0.000000	4.124037	0.673406
/mnt/v/output/codec-corpus-2026-05-01-multiaxis/illustration-screen/illustration_025_256x256.png	large	256	256	10633.064453	0.029589	0.000000	0.000000	0.000000	0.875977	0.838867	0.000000	0.290959	1.284249	32.000000	0.000977	0.000000	0.000000	0.000000	0.000000	0.000000	0.000000	0.072405	0.967785	14.203125	0.000000	0.872070	0.000000	0.000000	0.000000	8.000000	1.000000	80.000000	80.000000	0.000000	0.000000	1.000000	0.000000	8.000000	0.000000	1.000000	0.811903	1.784901	0.000000	0.000000	1.000000	1.000000	0.113281	0.000000	71.694458	0.875000	0.030118	0.000000	1.000000	65536.000000	11.090355	256.000000	256.000000	196608.000000	1.000000	0.000000	0.000000	0.000000	3.000000	0.000000	0.000000	4.873404	5.524426	5.808202	0.000000	0.000000	0.000000	1.000000	0.000000	0.000000	0.000000	0.000000	0.000000	0.000000	1.000000	213.000000	255.000000	0.000000	0.000000	0.000000	0.000000	0.000000	0.000000	0.000000	0.000000	0.000000	0.000000	0.000000	0.000000	0.000000	0.000000	0.000000	0.000000	0.000000	0.000000	0.000000	33.097664	0.156543
/mnt/v/output/codec-corpus-2026-05-01-multiaxis/illustration-screen/illustration_105_180x256.png	large	180	256	0.064724	0.000000	0.000000	0.000000	0.000000	1.000000	0.988636	0.000000	0.000149	1.185157	2.000000	0.000061	0.000000	0.000000	0.000000	0.000000	0.000000	0.000000	0.828902	0.007369	0.000000	0.000000	0.970170	0.000000	0.000000	0.000000	2.000000	1.000000	80.000000	80.000000	0.000000	0.000000	1.000000	0.000000	8.000000	0.000000	1.000000	0.068632	0.315170	0.000000	0.000000	1.000000	1.000000	0.005682	0.000000	0.000000	0.977273	0.000000	0.000000	1.000000	46080.000000	10.738134	180.000000	256.000000	138240.000000	0.703125	0.352221	0.022222	0.066667	3.000000	0.000000	0.000000	0.000000	0.467981	1.653213	0.000000	0.000000	0.000000	0.000000	0.000000	0.000000	0.000000	0.000000	0.000000	0.000000	0.000000	1.000000	43.000000	0.000000	0.000000	0.000000	0.000000	0.000000	0.000000	0.000000	0.000000	0.000000	0.000000	0.000000	0.000000	0.000000	0.000000	0.000000	0.000000	0.000000	0.000000	0.000000	1088.533691	0.027690
/mnt/v/output/codec-corpus-2026-05-01-multiaxis/illustration-screen/illustration_027_256x47.png	large	256	47	10645.307617	0.342843	0.000000	0.000000	0.000000	0.243750	0.187500	0.000000	1.419814	0.487076	32.000000	0.002660	0.000000	0.000000	0.000000	0.000000	0.000000	0.000000	0.112028	2.307458	172.056244	0.000000	0.131250	0.000000	0.000000	0.000000	8.000000	1.000000	80.000000	80.000000	0.000000	0.000000	1.000000	0.000000	8.000000	0.000000	1.000000	4.415570	2.142468	0.000000	0.000000	1.000000	1.000000	0.450000	0.000000	62.028526	0.137500	0.288393	0.000000	1.000000	12032.000000	9.395325	47.000000	256.000000	36096.000000	0.183594	1.695030	0.021277	0.361702	3.000000	5.607084	5.729564	5.782610	5.796419	5.818712	1.000000	1.000000	1.000000	1.000000	0.000000	0.000000	0.000000	0.000000	10.000000	121.000000	208.000000	255.000000	255.000000	0.000000	0.111111	0.349206	0.428571	0.000000	0.000000	0.000000	0.000000	0.000000	0.000000	0.000000	0.000000	0.000000	0.000000	0.000000	0.000000	0.000000	0.000000	0.000000	-0.276632	0.722802
/mnt/v/output/codec-corpus-2026-05-01-multiaxis/alpha/alpha_028_91x137.png	large	91	137	6255.773926	0.301062	0.323006	0.013541	0.039647	0.187166	0.122995	137.122162	0.905114	0.594707	355.000000	0.028475	0.013810	0.007730	3.000000	0.725920	0.362240	22.000000	0.160245	3.605790	70.090912	68.208557	0.149733	0.000000	0.000000	0.000000	0.000000	0.000000	80.000000	80.000000	0.000000	0.000000	1.000000	0.000000	8.000000	0.000000	0.388225	4.184916	1.799429	0.000000	0.000000	1.000000	1.000000	0.459893	0.021978	52.938000	0.144385	0.202699	0.068585	0.000000	12467.000000	9.430840	91.000000	137.000000	37401.000000	0.664234	0.409121	0.108847	0.232053	3.000000	5.005167	5.364369	5.522562	5.561622	5.567255	0.677771	1.000000	1.000000	1.000000	0.026167	1.000000	1.000000	1.000000	6.000000	53.000000	122.000000	255.000000	255.000000	0.000000	0.095238	0.206349	0.269841	0.000000	0.000000	0.079365	0.126984	0.000000	0.000000	0.000000	0.000000	0.000000	0.000000	0.000000	0.000000	0.000000	0.000000	0.000000	3.837987	0.697582
/mnt/v/output/codec-corpus-2026-05-01-multiaxis/hdr/hdr_020_gm-Cats_2010-04-06_14.jpg	large	600	401	2018.480957	0.391127	0.071608	0.002817	0.001897	0.048800	0.000000	32.938297	1.265092	0.916770	1523.000000	0.046478	0.000370	0.000580	0.000000	0.001340	0.001870	0.000000	0.272438	4.290176	29.924801	3.092000	0.000000	0.000000	0.000000	0.000000	0.000000	0.000000	80.000000	80.000000	0.000000	0.000000	1.000000	0.000000	8.000000	0.000000	0.036085	4.205324	0.558363	0.354423	0.000000	1.000000	1.000000	0.337600	0.693746	20.248520	0.000000	0.171441	0.006667	0.000000	240600.000000	12.390891	401.000000	600.000000	721800.000000	0.668333	0.402968	0.017456	0.051239	3.000000	4.277276	4.593429	4.930332	5.024870	5.125457	0.556825	0.899337	1.000000	1.000000	0.026948	0.060152	0.110309	0.177966	17.000000	43.000000	82.000000	182.000000	255.000000	0.031746	0.079365	0.158730	0.253968	0.000000	0.000000	0.000000	0.015873	0.000000	1.000000	2.000000	2.672097	3.187587	3.388590	0.170349	0.286221	0.354423	0.000000	0.031746	5.961828	0.766610
/mnt/v/output/codec-corpus-2026-05-01-multiaxis/illustration-screen/illustration_102_256x109.png	large	256	109	0.000000	0.000000	0.000000	0.000000	0.000000	1.000000	1.000000	0.000000	0.000000	0.000000	1.000000	0.000036	0.000000	0.000000	0.000000	0.000000	0.000000	0.000000	0.000000	0.000000	0.000000	0.000000	1.000000	0.000000	0.000000	0.000000	2.000000	1.000000	80.000000	80.000000	0.000000	0.000000	1.000000	0.000000	8.000000	0.000000	1.000000	-0.000001	0.000000	0.000000	0.000000	1.000000	1.000000	0.000000	0.000000	0.000000	1.000000	0.000000	0.000000	1.000000	27904.000000	10.236526	109.000000	256.000000	83712.000000	0.425781	0.853830	0.027523	0.174312	3.000000	0.000000	0.000000	0.000000	0.000000	0.000000	0.000000	0.000000	0.000000	0.000000	0.000000	0.000000	0.000000	0.000000	0.000000	0.000000	0.000000	0.000000	0.000000	0.000000	0.000000	0.000000	0.000000	0.000000	0.000000	0.000000	0.000000	0.000000	0.000000	0.000000	0.000000	0.000000	0.000000	0.000000	0.000000	0.000000	0.000000	0.000000	0.000000	0.000000
/mnt/v/output/codec-corpus-2026-05-01-multiaxis/grayscale/gray_021_137x137.png	large	137	137	1005.614014	0.299416	0.000000	0.000000	0.000000	0.186851	0.058824	0.000000	0.798749	0.682157	29.000000	0.001545	0.000000	0.000000	0.000000	0.000000	0.000000	0.000000	0.490572	2.603861	30.494810	0.000000	0.024221	0.000000	0.000000	0.000000	8.000000	1.000000	80.000000	80.000000	0.000000	0.000000	1.000000	0.000000	8.000000	0.000000	1.000000	3.904701	1.221046	0.071971	0.000000	1.000000	1.000000	0.072664	0.000000	39.711761	0.055363	0.170868	0.000000	1.000000	18769.000000	9.839962	137.000000	137.000000	56307.000000	1.000000	0.000000	0.104800	0.363951	3.000000	4.089507	4.898431	5.045933	5.067773	5.161479	0.386694	0.771633	1.000000	1.000000	0.000000	0.000000	0.000000	0.000000	10.000000	48.000000	121.000000	255.000000	255.000000	0.000000	0.063492	0.111111	0.317460	0.000000	0.000000	0.000000	0.000000	0.000000	0.000000	0.000000	0.000000	1.031411	2.133539	0.000000	0.018075	0.071971	0.000000	0.000000	4.068889	0.656108
/mnt/v/output/codec-corpus-2026-05-01-multiaxis/hdr/hdr_034_gain_mapped-test_chart-gray_51.jpg	large	600	600	7907.178223	0.043411	0.000000	0.000000	0.000000	0.810667	0.810667	0.000000	1.457552	1.328010	32.000000	0.000977	0.000000	0.000000	0.000000	0.000000	0.000000	0.000000	0.201205	2.321267	18.608000	0.000000	1.000000	0.000000	0.000000	0.000000	8.000000	1.000000	80.000000	80.000000	0.000000	0.000000	1.000000	0.000000	8.000000	0.000000	1.000000	0.841782	1.859289	0.000000	0.000000	1.000000	1.000000	0.016000	0.000000	88.464935	1.000000	0.048381	0.000000	1.000000	360000.000000	12.793859	600.000000	600.000000	1080000.000000	1.000000	0.000000	0.000000	0.026844	3.000000	0.000000	0.000000	4.789551	5.390276	5.682941	0.000000	0.000000	0.000000	1.000000	0.000000	0.000000	0.000000	0.000000	0.000000	0.000000	18.000000	255.000000	255.000000	0.000000	0.000000	0.000000	0.000000	0.000000	0.000000	0.000000	0.000000	0.000000	0.000000	0.000000	0.000000	0.000000	0.000000	0.000000	0.000000	0.000000	0.000000	0.000000	29.307980	0.136147
/mnt/v/output/codec-corpus-2026-05-01-multiaxis/hdr/hdr_048_minnie-320x240-yuv-icc.jpg	large	320	240	4341.836914	0.097756	0.035900	0.002819	0.001936	0.303333	0.043333	13.956814	0.235310	0.985022	819.000000	0.024994	0.000340	0.000350	0.000000	0.001210	0.000960	0.000000	0.067694	4.164823	27.796667	1.655000	0.001667	0.000000	0.000000	0.000000	0.000000	0.000000	80.000000	80.000000	0.000000	0.000000	1.000000	0.000000	8.000000	0.000000	0.056901	3.610077	1.160730	0.064470	0.017070	1.000000	1.000000	0.760833	0.040625	31.120646	0.033333	0.083029	0.002606	0.000000	76800.000000	11.248960	240.000000	320.000000	230400.000000	0.750000	0.287682	0.000000	0.066667	3.000000	3.666645	4.585347	5.135148	5.255902	5.362742	0.212113	0.533552	1.000000	1.000000	0.031461	0.053254	0.078025	0.115429	3.000000	9.000000	34.000000	128.000000	255.000000	0.000000	0.015873	0.047619	0.126984	0.000000	0.000000	0.000000	0.000000	0.000000	0.000000	0.000000	1.113942	1.487846	1.860993	0.022806	0.037518	0.064470	0.000000	0.000000	13.885769	0.920900
/mnt/v/output/codec-corpus-2026-05-01-multiaxis/illustration-screen/illustration_034_256x46.png	large	256	46	1010.935791	0.509118	0.143998	0.033682	0.032637	0.062500	0.000000	66.643875	0.322067	0.584317	1460.000000	0.123981	0.046820	0.042860	2.000000	0.339170	0.165530	11.000000	0.337208	3.766217	28.381250	26.918751	0.000000	0.000000	0.000000	0.000000	0.000000	0.000000	80.000000	80.000000	0.000000	0.000000	1.000000	0.000000	8.000000	0.000000	0.004501	4.282506	0.588494	0.542995	0.197534	1.000000	1.000000	0.075000	0.657715	16.099361	0.000000	0.181548	0.052083	0.000000	11776.000000	9.373818	46.000000	256.000000	35328.000000	0.179688	1.716536	0.043478	0.391304	3.000000	4.463496	4.616462	4.739804	4.794617	4.918940	0.765087	1.000000	1.000000	1.000000	0.341196	0.490811	0.654447	0.874049	29.000000	58.000000	91.000000	160.000000	255.000000	0.079365	0.111111	0.190476	0.238095	0.015873	0.031746	0.047619	0.063492	0.000000	1.000000	3.000000	1.913483	2.943981	3.825037	0.055342	0.218234	0.542995	0.000000	0.015873	2.347557	0.716172
/mnt/v/output/codec-corpus-2026-05-01-multiaxis/hdr/hdr_023_gm-Kitten_with_paws_on_table_(square).jpg	large	600	600	3252.428467	0.045228	0.000000	0.000000	0.000000	0.393600	0.006044	0.000000	0.093935	1.581898	32.000000	0.000977	0.000000	0.000000	0.000000	0.000000	0.000000	0.000000	0.063508	4.406043	9.690666	0.000000	0.002667	0.000000	0.000000	0.000000	8.000000	1.000000	80.000000	80.000000	0.000000	0.000000	1.000000	0.000000	8.000000	0.000000	1.000000	3.365435	0.631151	0.150255	0.000000	1.000000	1.000000	0.502222	0.000000	14.733504	0.006222	0.041961	0.000000	1.000000	360000.000000	12.793859	600.000000	600.000000	1080000.000000	1.000000	0.000000	0.000000	0.026844	3.000000	3.265746	3.791129	4.217714	4.459935	4.985358	0.191898	0.318247	0.605004	1.000000	0.000000	0.000000	0.000000	0.000000	5.000000	10.000000	18.000000	47.000000	255.000000	0.000000	0.015873	0.031746	0.063492	0.000000	0.000000	0.000000	0.000000	0.000000	0.000000	1.000000	2.261858	2.561623	2.669651	0.099226	0.125963	0.150255	0.000000	0.000000	34.343739	0.841927
/mnt/v/output/codec-corpus-2026-05-01-multiaxis/illustration-screen/illustration_109_255x74.png	large	255	74	2763.945557	0.191000	0.113301	0.018406	0.014125	0.326165	0.017921	43.162922	0.536763	0.827671	1556.000000	0.082459	0.023820	0.026310	1.000000	0.079010	0.087170	6.000000	0.220944	2.825856	42.458782	17.795698	0.007168	0.000000	0.000000	0.000000	0.000000	0.000000	80.000000	80.000000	0.000000	0.000000	1.000000	0.000000	8.000000	0.000000	0.361049	3.764294	1.154961	0.112349	0.030530	1.000000	1.000000	0.469534	0.003595	45.312344	0.000000	0.140354	0.034136	0.000000	18870.000000	9.845328	74.000000	255.000000	56610.000000	0.290196	1.237198	0.085321	0.302385	3.000000	3.503510	5.059430	5.363524	5.481593	5.543687	0.210981	0.429507	1.000000	1.000000	0.090423	0.255011	0.532020	0.840846	4.000000	16.000000	97.000000	255.000000	255.000000	0.000000	0.015873	0.047619	0.285714	0.000000	0.000000	0.015873	0.063492	0.000000	0.000000	0.000000	1.621792	2.067254	2.392697	0.043922	0.077709	0.112349	0.000000	0.000000	6.944783	0.868168
/mnt/v/output/codec-corpus-2026-05-01-multiaxis/grayscale/gray_008_91x91.png	large	91	91	368.335114	0.228914	0.000000	0.000000	0.000000	0.272727	0.256198	0.000000	0.124602	0.809271	27.000000	0.003260	0.000000	0.000000	0.000000	0.000000	0.000000	0.000000	0.370054	1.576777	13.950413	0.000000	0.256198	0.000000	0.000000	0.000000	8.000000	1.000000	80.000000	80.000000	0.000000	0.000000	1.000000	0.000000	8.000000	0.000000	1.000000	3.085739	1.798490	0.000000	0.000000	1.000000	1.000000	0.099174	0.000000	22.733730	0.314050	0.102191	0.000000	1.000000	8281.000000	9.021719	91.000000	91.000000	24843.000000	1.000000	0.000000	0.112909	0.112909	3.000000	3.995245	4.337698	4.486923	4.659676	4.798904	0.021343	0.592699	1.000000	1.000000	0.000000	0.000000	0.000000	0.000000	2.000000	26.000000	59.000000	121.000000	255.000000	0.000000	0.000000	0.095238	0.142857	0.000000	0.000000	0.000000	0.000000	0.000000	0.000000	0.000000	0.000000	0.000000	0.000000	0.000000	0.000000	0.000000	0.000000	0.000000	10.930688	0.537655
/mnt/v/output/codec-corpus-2026-05-01-multiaxis/illustration-screen/illustration_024_256x256.png	large	256	256	7239.221680	0.098639	0.000000	0.000000	0.000000	0.625977	0.604492	0.000000	0.737140	0.739034	29.000000	0.000885	0.000000	0.000000	0.000000	0.000000	0.000000	0.000000	0.084855	1.416047	47.845703	0.000000	0.615234	0.000000	0.000000	0.000000	8.000000	1.000000	80.000000	80.000000	0.000000	0.000000	1.000000	0.000000	8.000000	0.000000	1.000000	2.080160	2.522715	0.000000	0.000000	1.000000	1.000000	0.228516	0.000000	54.631176	0.592773	0.099516	0.000000	1.000000	65536.000000	11.090355	256.000000	256.000000	196608.000000	1.000000	0.000000	0.000000	0.000000	3.000000	0.000000	5.316952	5.598538	5.624203	5.639485	0.000000	0.000000	1.000000	1.000000	0.000000	0.000000	0.000000	0.000000	0.000000	2.000000	62.000000	239.000000	255.000000	0.000000	0.000000	0.000000	0.238095	0.000000	0.000000	0.000000	0.000000	0.000000	0.000000	0.000000	0.000000	0.000000	0.000000	0.000000	0.000000	0.000000	0.000000	0.000000	9.118195	0.352492
/mnt/v/output/codec-corpus-2026-05-01-multiaxis/illustration-screen/illustration_032_250x256.png	large	250	256	4132.926758	0.132672	0.231930	0.012065	0.010692	0.454637	0.394153	92.716202	0.418306	0.717347	197.000000	0.006012	0.024140	0.027830	1.000000	0.135090	0.162720	12.000000	0.081288	2.336577	40.484879	29.487904	0.440524	0.000000	0.000000	0.000000	8.000000	1.000000	80.000000	80.000000	0.000000	0.000000	1.000000	0.000000	8.000000	0.000000	0.454078	2.806515	2.343538	0.000000	0.000000	1.000000	1.000000	0.327621	0.000000	35.408703	0.379032	0.107735	0.034578	0.000000	64000.000000	11.066638	250.000000	256.000000	192000.000000	0.976562	0.023717	0.024000	0.024000	3.000000	4.108591	4.929368	5.358580	5.412600	5.426260	0.000000	0.770195	1.000000	1.000000	0.000000	0.047885	1.000000	1.000000	0.000000	7.000000	70.000000	166.000000	255.000000	0.000000	0.000000	0.095238	0.190476	0.000000	0.000000	0.000000	0.079365	0.000000	0.000000	0.000000	0.000000	0.000000	0.000000	0.000000	0.000000	0.000000	0.000000	0.000000	7.133511	0.515912
/mnt/v/output/codec-corpus-2026-05-01-multiaxis/hdr/hdr_021_gm-Cats_dual_on_the_snowy_ground-01-Zenera.jpg	large	600	419	3466.774414	0.358430	0.049206	0.005862	0.001486	0.146154	0.014103	15.216643	0.989731	1.156365	1495.000000	0.045624	0.000990	0.000810	0.000000	0.000860	0.000820	0.000000	0.268786	4.474163	24.938461	4.546154	0.008462	0.000000	0.000000	0.000000	0.000000	0.000000	80.000000	80.000000	0.000000	0.000000	1.000000	0.000000	8.000000	0.000000	0.094662	3.976981	0.829554	0.220949	0.013896	1.000000	1.000000	0.287692	0.102985	19.434113	0.011538	0.163712	0.009548	0.000000	251400.000000	12.434800	419.000000	600.000000	754200.000000	0.698333	0.359059	0.011933	0.083469	3.000000	4.168321	4.555626	4.846472	5.004522	5.302900	0.394215	0.812825	1.000000	1.000000	0.042259	0.092778	0.168269	0.263466	15.000000	39.000000	73.000000	157.000000	255.000000	0.015873	0.047619	0.174603	0.253968	0.000000	0.000000	0.000000	0.015873	0.000000	0.000000	1.000000	1.204118	2.632204	2.898725	0.030473	0.160781	0.220949	0.000000	0.000000	5.591413	0.775900
/mnt/v/output/codec-corpus-2026-05-01-multiaxis/illustration-screen/illustration_038_256x215.png	large	256	215	5562.495605	0.223888	0.199417	0.015734	0.011946	0.364183	0.312500	66.212746	0.798015	0.996871	4273.000000	0.130402	0.032710	0.042150	8.000000	0.164860	0.167300	50.000000	0.136729	2.702758	44.515625	27.668270	0.230769	0.000000	0.000000	0.000000	0.000000	0.000000	80.000000	80.000000	0.000000	0.000000	1.000000	0.000000	8.000000	0.000000	0.709738	3.281066	2.016850	0.000000	0.000000	1.000000	1.000000	0.243990	0.050894	42.052769	0.262019	0.138755	0.036172	0.000000	55040.000000	10.915815	215.000000	256.000000	165120.000000	0.839844	0.174539	0.004651	0.041860	3.000000	4.231368	4.994566	5.373337	5.567541	5.711549	0.026841	0.911562	1.000000	1.000000	0.000000	0.029866	0.510522	1.000000	1.000000	27.000000	92.000000	231.000000	255.000000	0.000000	0.000000	0.111111	0.253968	0.000000	0.000000	0.000000	0.063492	0.000000	0.000000	0.000000	0.000000	0.000000	0.000000	0.000000	0.000000	0.000000	0.000000	0.000000	6.078193	0.632394
/mnt/v/output/codec-corpus-2026-05-01-multiaxis/illustration-screen/screencontent_148_174x255.png	large	174	255	2569.841309	0.420590	0.000000	0.000000	0.000000	0.110599	0.019969	0.000000	1.968248	0.724538	32.000000	0.000977	0.000000	0.000000	0.000000	0.000000	0.000000	0.000000	0.426271	3.671645	65.264206	0.000000	0.003072	0.000000	0.000000	0.000000	8.000000	1.000000	80.000000	80.000000	0.000000	0.000000	1.000000	0.000000	8.000000	0.000000	1.000000	4.455461	0.993820	0.181729	0.000000	1.000000	1.000000	0.027650	0.000000	40.108517	0.004608	0.247214	0.000000	1.000000	44370.000000	10.700319	174.000000	255.000000	133110.000000	0.682353	0.382208	0.015461	0.107776	3.000000	4.927760	5.083750	5.201384	5.301569	5.473593	0.686157	1.000000	1.000000	1.000000	0.000000	0.000000	0.000000	0.000000	26.000000	87.000000	163.000000	255.000000	255.000000	0.015873	0.111111	0.285714	0.365079	0.000000	0.000000	0.000000	0.000000	0.000000	0.000000	1.000000	0.965407	2.147482	3.004644	0.016168	0.085358	0.181729	0.000000	0.000000	1.163215	0.676385
/mnt/v/output/codec-corpus-2026-05-01-multiaxis/alpha/alpha_001_91x137.png	large	91	137	10599.205078	0.137745	0.119498	0.004230	0.002573	0.534759	0.524064	41.678516	0.426086	0.680668	227.000000	0.018208	0.011370	0.035440	1.000000	0.035010	0.119190	6.000000	0.056742	1.743020	81.133690	15.219252	0.524064	0.000000	0.000000	0.000000	8.000000	1.000000	80.000000	80.000000	0.000000	0.000000	1.000000	0.000000	8.000000	0.000000	0.920590	2.719353	2.611572	0.000000	0.000000	1.000000	1.000000	0.379679	0.000000	59.163830	0.561497	0.101944	0.012987	0.000000	12467.000000	9.430840	91.000000	137.000000	37401.000000	0.664234	0.409121	0.108847	0.232053	3.000000	1.511676	5.594296	5.803961	5.826448	5.837509	0.000000	0.032631	1.000000	1.000000	0.000000	0.000000	0.000000	1.000000	0.000000	8.000000	109.000000	246.000000	255.000000	0.000000	0.000000	0.000000	0.158730	0.000000	0.000000	0.000000	0.000000	0.000000	0.000000	0.000000	0.000000	0.000000	0.000000	0.000000	0.000000	0.000000	0.000000	0.000000	4.938363	0.489777
/mnt/v/output/codec-corpus-2026-05-01-multiaxis/grayscale/gray_036_73x73.png	large	73	73	2877.399902	0.262346	0.000000	0.000000	0.000000	0.432099	0.407407	0.000000	1.473490	0.637872	32.000000	0.006005	0.000000	0.000000	0.000000	0.000000	0.000000	0.000000	0.717988	1.684578	71.407410	0.000000	0.370370	0.000000	0.000000	0.000000	8.000000	1.000000	80.000000	80.000000	0.000000	0.000000	1.000000	0.000000	8.000000	0.000000	1.000000	3.057377	2.490267	0.000000	0.000000	1.000000	1.000000	0.012346	0.000000	65.449661	0.370370	0.225750	0.000000	1.000000	5329.000000	8.580919	73.000000	73.000000	15987.000000	1.000000	0.000000	0.200976	0.729405	3.000000														0.000000	77.000000	255.000000	255.000000	255.000000									0.000000	0.000000	0.000000									0.389288	0.380098
/mnt/v/output/codec-corpus-2026-05-01-multiaxis/illustration-screen/screencontent_195_256x188.png	large	256	188	1711.927124	0.240899	0.000000	0.000000	0.000000	0.398098	0.000000	0.000000	0.784324	0.861515	30.000000	0.000916	0.000000	0.000000	0.000000	0.000000	0.000000	0.000000	0.386269	4.035425	26.384510	0.000000	0.002717	0.000000	0.000000	0.000000	8.000000	1.000000	80.000000	80.000000	0.000000	0.000000	1.000000	0.000000	8.000000	0.000000	1.000000	3.823886	0.994423	0.109114	0.000000	1.000000	1.000000	0.085598	0.000000	28.564737	0.000000	0.137638	0.000000	1.000000	48128.000000	10.781619	188.000000	256.000000	144384.000000	0.734375	0.308735	0.021277	0.021277	3.000000	4.255182	4.778538	4.917665	4.999770	5.235239	0.145735	0.873584	1.000000	1.000000	0.000000	0.000000	0.000000	0.000000	11.000000	32.000000	101.000000	236.000000	255.000000	0.000000	0.015873	0.142857	0.253968	0.000000	0.000000	0.000000	0.000000	0.000000	1.000000	2.000000	2.318976	2.494654	2.594876	0.071907	0.093061	0.109114	0.000000	0.000000	5.629659	0.648031
/mnt/v/output/codec-corpus-2026-05-01-multiaxis/illustration-screen/illustration_095_256x115.png	large	256	115	2408.061523	0.478116	0.101517	0.025862	0.018813	0.011161	0.000000	47.745087	0.727265	0.722115	1444.000000	0.049049	0.025070	0.020190	1.000000	0.086220	0.071510	6.000000	0.208723	4.248671	49.049107	17.915178	0.000000	0.000000	0.000000	0.000000	0.000000	0.000000	80.000000	80.000000	0.000000	0.000000	1.000000	0.000000	8.000000	0.000000	0.073064	4.600065	0.506923	0.635405	0.162985	1.000000	1.000000	0.160714	0.775286	28.103832	0.000000	0.216376	0.043438	0.000000	29440.000000	10.290110	115.000000	256.000000	88320.000000	0.449219	0.800245	0.043478	0.113043	3.000000	4.668062	4.958972	5.160084	5.268177	5.404975	1.000000	1.000000	1.000000	1.000000	0.246483	0.373989	0.540859	0.641370	30.000000	65.000000	109.000000	205.000000	255.000000	0.095238	0.142857	0.222222	0.285714	0.015873	0.015873	0.047619	0.063492	0.000000	2.000000	4.000000	3.015333	3.616566	3.989291	0.204737	0.421213	0.635405	0.000000	0.063492	2.803129	0.775655
/mnt/v/output/codec-corpus-2026-05-01-multiaxis/illustration-screen/screencontent_145_193x256.png	large	193	256	5819.158203	0.379228	0.224060	0.019437	0.012385	0.131510	0.069010	80.992790	1.855762	0.840655	5442.000000	0.166077	0.024830	0.034060	3.000000	0.076980	0.076720	8.000000	0.274870	3.753917	73.920570	24.238281	0.080729	0.000000	0.000000	0.000000	0.000000	0.000000	80.000000	80.000000	0.000000	0.000000	1.000000	0.000000	8.000000	0.000000	0.499130	4.342838	1.380294	0.066720	0.000000	1.000000	1.000000	0.233073	0.098243	46.117821	0.080729	0.220672	0.038008	0.000000	49408.000000	10.807868	193.000000	256.000000	148224.000000	0.753906	0.282487	0.036269	0.160622	3.000000	4.827078	5.203981	5.435096	5.507001	5.740232	0.717861	1.000000	1.000000	1.000000	0.000000	0.213375	0.731744	1.000000	14.000000	74.000000	147.000000	255.000000	255.000000	0.000000	0.095238	0.222222	0.333333	0.000000	0.000000	0.015873	0.079365	0.000000	0.000000	0.000000	0.000000	0.808718	1.988933	0.000000	0.013836	0.066720	0.000000	0.000000	2.041260	0.711031
/mnt/v/output/codec-corpus-2026-05-01-multiaxis/illustration-screen/illustration_081_254x256.png	large	254	256	4788.233887	0.052561	0.172814	0.005068	0.002944	0.735887	0.478831	82.389221	0.177988	1.108751	488.000000	0.014893	0.004390	0.016470	1.000000	0.010080	0.031790	3.000000	0.082564	3.776097	16.923388	10.149194	0.142137	0.000000	0.000000	0.000000	0.000000	0.000000	80.000000	80.000000	0.000000	0.000000	1.000000	0.000000	8.000000	0.000000	0.205478	2.347999	1.570629	0.022345	0.003329	1.000000	1.000000	0.315524	0.000000	36.311295	0.158266	0.049107	0.014993	0.000000	65024.000000	11.082512	254.000000	256.000000	195072.000000	0.992188	0.007843	0.007874	0.007874	3.000000	1.662610	3.554217	5.059489	5.312012	5.500611	0.030379	0.050247	0.384155	1.000000	0.015307	0.024486	0.101344	0.987970	0.000000	1.000000	9.000000	144.000000	235.000000	0.000000	0.000000	0.000000	0.063492	0.000000	0.000000	0.000000	0.000000	0.000000	0.000000	0.000000	0.000000	0.297625	1.083119	0.000000	0.005629	0.022345	0.000000	0.000000	23.748333	0.753706
/mnt/v/output/codec-corpus-2026-05-01-multiaxis/alpha/alpha_029_91x137.png	large	91	137	0.000000	0.000000	0.000000	0.000000	0.000000	1.000000	1.000000	0.000000	0.000000	0.000000	1.000000	0.000080	0.000000	0.000000	0.000000	0.000000	0.000000	0.000000	0.000000	0.000000	0.000000	0.000000	1.000000	0.000000	0.000000	0.000000	2.000000	1.000000	80.000000	80.000000	0.000000	0.000000	1.000000	0.000000	8.000000	0.000000	1.000000	-0.000001	0.000000	0.000000	0.000000	1.000000	1.000000	0.000000	0.000000	0.000000	1.000000	0.000000	0.000000	1.000000	12467.000000	9.430840	91.000000	137.000000	37401.000000	0.664234	0.409121	0.108847	0.232053	3.000000	0.000000	0.000000	0.000000	0.000000	0.000000	0.000000	0.000000	0.000000	0.000000	0.000000	0.000000	0.000000	0.000000	0.000000	0.000000	0.000000	0.000000	0.000000	0.000000	0.000000	0.000000	0.000000	0.000000	0.000000	0.000000	0.000000	0.000000	0.000000	0.000000	0.000000	0.000000	0.000000	0.000000	0.000000	0.000000	0.000000	0.000000	0.000000	0.000000
/mnt/v/output/codec-corpus-2026-05-01-multiaxis/illustration-screen/illustration_088_256x192.png	large	256	192	616.677795	0.167396	0.113080	0.007095	0.009640	0.475260	0.110677	38.032433	0.331036	0.954893	778.000000	0.023743	0.011500	0.020240	1.000000	0.185680	0.178050	23.000000	0.251323	2.797939	17.768229	15.289062	0.000000	0.000000	0.000000	0.000000	0.000000	0.000000	80.000000	80.000000	0.000000	0.000000	1.000000	0.000000	8.000000	0.000000	0.086711	3.200109	1.300313	0.034099	0.009139	1.000000	1.000000	0.240885	0.202840	23.370302	0.000000	0.078662	0.020089	0.000000	49152.000000	10.802672	192.000000	256.000000	147456.000000	0.750000	0.287682	0.000000	0.000000	3.000000	3.399501	4.465665	4.660163	4.880471	5.098726	0.061377	0.381301	1.000000	1.000000	0.018452	0.045361	0.524731	0.903387	3.000000	15.000000	51.000000	174.000000	255.000000	0.000000	0.000000	0.047619	0.126984	0.000000	0.000000	0.000000	0.031746	0.000000	0.000000	0.000000	1.018597	1.310427	1.510001	0.017697	0.025976	0.034099	0.000000	0.000000	14.311032	0.744101
/mnt/v/output/codec-corpus-2026-05-01-multiaxis/illustration-screen/screencontent_166_196x256.png	large	196	256	2386.462158	0.371403	0.013023	0.003166	0.002140	0.157552	0.006510	6.131447	0.662957	0.968224	241.000000	0.007355	0.000620	0.000820	0.000000	0.002000	0.002150	0.000000	0.226600	3.701709	32.610676	0.130208	0.036458	0.000000	0.000000	0.000000	8.000000	1.000000	80.000000	80.000000	0.000000	0.000000	1.000000	0.000000	8.000000	0.000000	0.215322	4.011873	1.050291	0.052735	0.020326	1.000000	1.000000	0.217448	0.002850	26.379948	0.000000	0.136140	0.000000	0.000000	50176.000000	10.823292	196.000000	256.000000	150528.000000	0.765625	0.267063	0.020408	0.142857	3.000000	4.314180	4.715748	4.939336	5.127127	5.376608	0.589488	0.982107	1.000000	1.000000	0.026793	0.033525	0.045387	0.060558	15.000000	46.000000	85.000000	206.000000	255.000000	0.000000	0.079365	0.126984	0.190476	0.000000	0.000000	0.000000	0.000000	0.000000	0.000000	0.000000	1.368461	1.595910	1.825669	0.025118	0.037667	0.052735	0.000000	0.000000	6.602682	0.730078
/mnt/v/output/codec-corpus-2026-05-01-multiaxis/illustration-screen/illustration_036_160x160.png	large	160	160	9183.042969	0.045449	0.275781	0.013291	0.006730	0.502500	0.477500	114.573761	0.263078	0.894927	8.000000	0.000312	0.117930	0.120260	4.000000	0.194300	0.199000	6.000000	0.096671	2.243349	25.434999	37.452499	0.782500	0.000000	0.000000	0.000000	4.000000	1.000000	80.000000	80.000000	0.000000	0.000000	1.000000	0.000000	8.000000	0.000000	0.281250	2.206997	2.227551	0.000000	0.000000	1.000000	1.000000	0.270000	0.437500	63.522491	0.972500	0.049286	0.038571	0.000000	25600.000000	10.150348	160.000000	160.000000	76800.000000	1.000000	0.000000	0.000000	0.000000	3.000000	2.989450	4.482531	5.413817	5.447976	5.530124	0.000000	0.237613	1.000000	1.000000	0.000000	0.329172	1.000000	1.000000	0.000000	0.000000	17.000000	171.000000	255.000000	0.000000	0.000000	0.015873	0.079365	0.000000	0.000000	0.015873	0.063492	0.000000	0.000000	0.000000	0.000000	0.000000	0.000000	0.000000	0.000000	0.000000	0.000000	0.000000	13.543337	0.475288
/mnt/v/output/codec-corpus-2026-05-01-multiaxis/illustration-screen/illustration_028_256x256.png	large	256	256	4456.734863	0.031957	0.256702	0.003326	0.004849	0.845703	0.821289	118.256859	0.099699	1.190237	119.000000	0.003632	0.007080	0.005790	2.000000	0.092440	0.063920	12.000000	0.080197	1.327072	9.196289	12.146484	0.813477	0.000000	0.000000	0.000000	8.000000	1.000000	80.000000	80.000000	0.000000	0.000000	1.000000	0.000000	8.000000	0.000000	0.559341	0.810508	1.740130	0.000000	0.000000	1.000000	1.000000	0.100586	0.003571	31.101351	0.804688	0.029111	0.014896	0.000000	65536.000000	11.090355	256.000000	256.000000	196608.000000	1.000000	0.000000	0.000000	0.000000	3.000000	0.000000	0.000000	4.675309	5.120886	5.294425	0.000000	0.000000	0.000000	1.000000	0.000000	0.000000	0.000000	0.863499	0.000000	0.000000	0.000000	118.000000	255.000000	0.000000	0.000000	0.000000	0.000000	0.000000	0.000000	0.000000	0.000000	0.000000	0.000000	0.000000	0.000000	0.000000	0.000000	0.000000	0.000000	0.000000	0.000000	0.000000	36.171749	0.154031
/mnt/v/output/codec-corpus-2026-05-01-multiaxis/grayscale/gray_022_73x73.png	large	73	73	2240.889404	0.158758	0.000000	0.000000	0.000000	0.518519	0.518519	0.000000	0.916943	0.623816	32.000000	0.006005	0.000000	0.000000	0.000000	0.000000	0.000000	0.000000	0.491951	1.033681	49.271606	0.000000	0.444444	0.000000	0.000000	0.000000	8.000000	1.000000	80.000000	80.000000	0.000000	0.000000	1.000000	0.000000	8.000000	0.000000	1.000000	2.639697	2.527714	0.000000	0.000000	1.000000	1.000000	0.000000	0.000000	65.934242	0.432099	0.165785	0.000000	1.000000	5329.000000	8.580919	73.000000	73.000000	15987.000000	1.000000	0.000000	0.200976	0.729405	3.000000														0.000000	8.000000	189.000000	255.000000	255.000000									0.000000	0.000000	0.000000									2.725917	0.371872
/mnt/v/output/codec-corpus-2026-05-01-multiaxis/illustration-screen/illustration_106_256x246.png	large	256	246	11387.972656	0.071013	0.002078	0.000089	0.000221	0.722917	0.645833	0.919250	0.513562	0.856456	92.000000	0.002808	0.000000	0.000000	0.000000	0.000140	0.000100	0.000000	0.048345	1.223525	40.856251	0.000000	0.733333	0.000000	0.000000	0.000000	8.000000	1.000000	80.000000	80.000000	0.000000	0.000000	1.000000	0.000000	8.000000	0.000000	1.000000	1.805436	2.310019	0.000000	0.000000	1.000000	1.000000	0.229167	0.000000	66.307983	0.709375	0.055903	0.000000	0.000000	62976.000000	11.050509	246.000000	256.000000	188928.000000	0.960938	0.039846	0.008130	0.040650	3.000000	0.467982	4.158000	5.739856	5.803470	5.815772	0.000000	0.006494	0.859914	1.000000	0.000000	0.000000	0.011793	0.026812	0.000000	1.000000	24.000000	209.000000	255.000000	0.000000	0.000000	0.000000	0.111111	0.000000	0.000000	0.000000	0.000000	0.000000	0.000000	0.000000	0.000000	0.000000	0.000000	0.000000	0.000000	0.000000	0.000000	0.000000	12.191503	0.379437
/mnt/v/output/codec-corpus-2026-05-01-multiaxis/illustration-screen/illustration_035_256x256.png	large	256	256	7314.022949	0.076171	0.088056	0.003151	0.002160	0.659180	0.616211	31.845093	0.430439	1.028755	197.000000	0.006012	0.005650	0.004870	0.000000	0.016710	0.016790	1.000000	0.047889	1.677852	30.910156	4.935547	0.807617	0.000000	0.000000	0.000000	8.000000	1.000000	80.000000	80.000000	0.000000	0.000000	1.000000	0.000000	8.000000	0.000000	0.819427	1.813196	2.343368	0.000000	0.000000	1.000000	1.000000	0.298828	0.165741	58.438133	0.795898	0.046658	0.005580	0.000000	65536.000000	11.090355	256.000000	256.000000	196608.000000	1.000000	0.000000	0.000000	0.000000	3.000000	0.000000	4.525718	5.602425	5.653707	5.771857	0.000000	0.000000	1.000000	1.000000	0.000000	0.000000	0.000000	0.573120	0.000000	1.000000	40.000000	193.000000	255.000000	0.000000	0.000000	0.000000	0.079365	0.000000	0.000000	0.000000	0.000000	0.000000	0.000000	0.000000	0.000000	0.000000	0.000000	0.000000	0.000000	0.000000	0.000000	0.000000	15.523839	0.353768
/mnt/v/output/codec-corpus-2026-05-01-multiaxis/illustration-screen/illustration_031_243x256.png	large	243	256	4651.194336	0.363118	0.280864	0.051479	0.011841	0.196875	0.147917	115.747993	1.660532	0.641569	1137.000000	0.034698	0.195830	0.219590	7.000000	0.060970	0.076250	3.000000	0.243299	3.857259	53.182293	58.564583	0.144792	0.000000	0.000000	0.000000	0.000000	0.000000	80.000000	80.000000	0.000000	0.000000	1.000000	0.000000	8.000000	0.000000	0.233636	4.043397	1.746651	0.000000	0.000000	1.000000	1.000000	0.191667	0.062227	32.403351	0.138542	0.208333	0.071147	0.000000	62208.000000	11.038239	243.000000	256.000000	186624.000000	0.949219	0.052116	0.020576	0.053498	3.000000	4.734824	5.157308	5.326120	5.361020	5.411647	0.656557	1.000000	1.000000	1.000000	0.279250	0.586197	1.000000	1.000000	15.000000	85.000000	145.000000	255.000000	255.000000	0.000000	0.158730	0.238095	0.285714	0.000000	0.015873	0.079365	0.111111	0.000000	0.000000	0.000000	0.000000	0.000000	0.000000	0.000000	0.000000	0.000000	0.000000	0.000000	1.029792	0.585217
/mnt/v/output/codec-corpus-2026-05-01-multiaxis/illustration-screen/screencontent_138_192x256.png	large	192	256	3142.218994	0.357520	0.152055	0.017615	0.019601	0.115885	0.000000	56.927509	0.684721	0.894294	3063.000000	0.093475	0.018720	0.031080	2.000000	0.163800	0.167580	13.000000	0.228937	4.475950	35.697918	25.447916	0.000000	0.000000	0.000000	0.000000	0.000000	0.000000	80.000000	80.000000	0.000000	0.000000	1.000000	0.000000	8.000000	0.000000	0.030802	4.233644	0.786478	0.196557	0.067250	1.000000	1.000000	0.269531	0.153442	28.023659	0.000000	0.165964	0.038029	0.000000	49152.000000	10.802672	192.000000	256.000000	147456.000000	0.750000	0.287682	0.000000	0.000000	3.000000	4.452963	4.755011	5.070459	5.199829	5.420953	0.613821	1.000000	1.000000	1.000000	0.146157	0.338235	0.741126	1.000000	18.000000	47.000000	87.000000	198.000000	255.000000	0.015873	0.079365	0.158730	0.238095	0.000000	0.015873	0.031746	0.063492	0.000000	0.000000	1.000000	2.042318	2.555094	2.948833	0.073342	0.121401	0.196557	0.000000	0.000000	6.310259	0.775880
/mnt/v/output/codec-corpus-2026-05-01-multiaxis/illustration-screen/illustration_084_256x192.png	large	256	192	2022.281982	0.186962	0.058424	0.007425	0.004159	0.220052	0.007812	19.054342	0.274785	1.222949	1422.000000	0.043396	0.005580	0.005830	3.000000	0.012990	0.013150	6.000000	0.129975	3.872230	25.502604	6.964844	0.002604	0.000000	0.000000	0.000000	0.000000	0.000000	80.000000	80.000000	0.000000	0.000000	1.000000	0.000000	8.000000	0.000000	0.319010	3.833583	0.932662	0.096515	0.027438	1.000000	1.000000	0.423177	0.086731	26.338326	0.000000	0.110057	0.014530	0.000000	49152.000000	10.802672	192.000000	256.000000	147456.000000	0.750000	0.287682	0.000000	0.000000	3.000000	3.986612	4.509777	4.920247	5.095755	5.418973	0.309975	0.722753	1.000000	1.000000	0.043650	0.096587	0.244629	0.398058	6.000000	20.000000	54.000000	137.000000	255.000000	0.000000	0.031746	0.079365	0.174603	0.000000	0.000000	0.000000	0.015873	0.000000	0.000000	0.000000	1.540956	2.073491	2.327838	0.037356	0.070794	0.096515	0.000000	0.000000	12.863011	0.836936
/mnt/v/output/codec-corpus-2026-05-01-multiaxis/hdr/hdr_027_gain_mapped-photo-colorful_daisies.jpg	large	800	600	2847.004395	0.115850	0.349601	0.018249	0.014972	0.095867	0.000267	126.404732	0.251768	1.287479	17122.000000	0.522522	0.008310	0.009200	2.000000	0.037930	0.040540	8.000000	0.061325	4.511201	20.167910	26.437500	0.000000	0.000000	0.000000	0.000000	0.000000	0.000000	80.000000	80.000000	0.000000	0.000000	1.000000	0.000000	8.000000	0.000000	0.004708	3.878386	0.615439	0.267620	0.102964	1.000000	1.000000	0.736940	0.120840	17.085634	0.003731	0.086872	0.043310	0.000000	480000.000000	13.081541	600.000000	800.000000	1440000.000000	0.750000	0.287682	0.000000	0.013333	3.000000	3.861292	4.321614	4.665534	4.921560	5.187316	0.398531	0.655130	1.000000	1.000000	0.162681	0.298857	0.521830	0.916801	6.000000	13.000000	26.000000	77.000000	255.000000	0.031746	0.047619	0.079365	0.126984	0.015873	0.015873	0.031746	0.063492	0.000000	0.000000	1.000000	2.481083	2.875495	3.095496	0.127543	0.209216	0.267620	0.000000	0.015873	23.354177	0.920641
/mnt/v/output/codec-corpus-2026-05-01-multiaxis/illustration-screen/illustration_110_256x128.png	large	256	128	3677.601318	0.025567	0.000000	0.000000	0.000000	0.906250	0.906250	0.000000	0.115210	1.209847	8.000000	0.000244	0.000000	0.000000	0.000000	0.000000	0.000000	0.000000	0.039917	0.444876	15.843750	0.000000	1.000000	0.000000	0.000000	0.000000	4.000000	1.000000	80.000000	80.000000	0.000000	0.000000	1.000000	0.000000	8.000000	0.000000	1.000000	0.667411	1.650291	0.000000	0.000000	1.000000	1.000000	0.093750	0.000000	63.353493	1.000000	0.017361	0.000000	1.000000	32768.000000	10.397207	128.000000	256.000000	98304.000000	0.500000	0.693147	0.000000	0.000000	3.000000	0.000000	0.000000	1.806178	5.525984	5.778859	0.000000	0.000000	0.000000	0.059360	0.000000	0.000000	0.000000	0.000000	0.000000	0.000000	0.000000	145.000000	255.000000	0.000000	0.000000	0.000000	0.000000	0.000000	0.000000	0.000000	0.000000	0.000000	0.000000	0.000000	0.000000	0.000000	0.000000	0.000000	0.000000	0.000000	0.000000	0.000000	41.880829	0.163963
/mnt/v/output/codec-corpus-2026-05-01-multiaxis/grayscale/gray_037_47x47.png	large	47	47	4434.716797	0.662500	0.000000	0.000000	0.000000	0.000000	0.000000	0.000000	1.352570	0.390750	31.000000	0.014033	0.000000	0.000000	0.000000	0.000000	0.000000	0.000000	0.692959	3.158309	109.599998	0.000000	0.080000	0.000000	0.000000	0.000000	8.000000	1.000000	80.000000	80.000000	0.000000	0.000000	1.000000	0.000000	8.000000	0.000000	1.000000	5.291063	0.081621	1.000000	0.000000	1.000000	1.000000	0.000000	0.000000	47.815514	0.120000	0.240000	0.000000	1.000000	2209.000000	7.700295	47.000000	47.000000	6627.000000	1.000000	0.000000	0.043006	0.854233	3.000000														124.000000	171.000000	255.000000	255.000000	255.000000									0.000000	4.000000	16.000000									-1.010416	0.592720
/mnt/v/output/codec-corpus-2026-05-01-multiaxis/hdr/hdr_049_minnie-320x240-yuv.jpg	large	320	240	4341.861328	0.097743	0.035918	0.002818	0.001936	0.303333	0.043333	13.964265	0.235310	0.985007	821.000000	0.025055	0.000350	0.000350	0.000000	0.001230	0.000960	0.000000	0.067688	4.164878	27.795000	1.655000	0.003333	0.000000	0.000000	0.000000	0.000000	0.000000	80.000000	80.000000	0.000000	0.000000	1.000000	0.000000	8.000000	0.000000	0.056875	3.609439	1.162204	0.064470	0.017070	1.000000	1.000000	0.761667	0.040625	31.117886	0.034167	0.083003	0.002606	0.000000	76800.000000	11.248960	240.000000	320.000000	230400.000000	0.750000	0.287682	0.000000	0.066667	3.000000	3.666645	4.585347	5.135148	5.255902	5.362742	0.212113	0.533552	1.000000	1.000000	0.031461	0.053254	0.078025	0.115429	3.000000	9.000000	34.000000	128.000000	255.000000	0.000000	0.015873	0.047619	0.126984	0.000000	0.000000	0.000000	0.000000	0.000000	0.000000	0.000000	1.113943	1.477119	1.860993	0.022806	0.037495	0.064470	0.000000	0.000000	13.885558	0.920671
/mnt/v/output/codec-corpus-2026-05-01-multiaxis/illustration-screen/screencontent_152_188x256.png	large	188	256	4305.288086	0.255762	0.066167	0.012406	0.004154	0.341033	0.000000	33.478825	1.230518	0.800970	501.000000	0.015289	0.011220	0.008950	0.000000	0.007690	0.005110	1.000000	0.224154	3.751905	56.099186	6.891304	0.005435	0.000000	0.000000	0.000000	0.000000	0.000000	80.000000	80.000000	0.000000	0.000000	1.000000	0.000000	8.000000	0.000000	0.003387	4.059632	1.181206	0.098371	0.048700	1.000000	1.000000	0.154891	0.455909	46.336975	0.000000	0.177083	0.014795	0.000000	48128.000000	10.781619	188.000000	256.000000	144384.000000	0.734375	0.308735	0.021277	0.021277	3.000000	4.519523	5.042552	5.464773	5.527983	5.618470	0.162886	1.000000	1.000000	1.000000	0.070201	0.148864	0.273716	0.413006	9.000000	38.000000	125.000000	255.000000	255.000000	0.000000	0.015873	0.158730	0.301587	0.000000	0.000000	0.015873	0.031746	0.000000	0.000000	1.000000	1.800094	2.231048	2.465731	0.050282	0.077085	0.098371	0.000000	0.000000	4.149290	0.710225
/mnt/v/output/codec-corpus-2026-05-01-multiaxis/illustration-screen/illustration_009_256x40.png	large	256	40	671.219299	0.095425	0.027119	0.003126	0.001717	0.643750	0.568750	32.856167	0.046553	0.801535	32.000000	0.003125	0.002330	0.001030	0.000000	0.004220	0.002040	0.000000	0.197659	1.458050	7.643750	1.250000	0.525000	0.000000	0.000000	0.000000	8.000000	1.000000	80.000000	80.000000	0.000000	0.000000	1.000000	0.000000	8.000000	0.000000	0.000000	1.701226	1.973791	0.000000	0.000000	1.000000	1.000000	0.081250	0.000000	12.283250	0.512500	0.054067	0.002579	0.000000	10240.000000	9.234056	40.000000	256.000000	30720.000000	0.156250	1.856298	0.000000	0.600000	3.000000	0.000000	4.049503	4.493210	4.542310	4.578787	0.000000	0.000000	0.774512	1.000000	0.000000	0.000000	0.109070	0.175964	0.000000	1.000000	31.000000	96.000000	160.000000	0.000000	0.000000	0.000000	0.142857	0.000000	0.000000	0.000000	0.000000	0.000000	0.000000	0.000000	0.000000	0.000000	0.000000	0.000000	0.000000	0.000000	0.000000	0.000000	11.396710	0.327816
/mnt/v/output/codec-corpus-2026-05-01-multiaxis/illustration-screen/illustration_033_181x255.png	large	181	255	0.000000	0.000000	0.000000	0.000000	0.000000	1.000000	1.000000	0.000000	0.000000	0.000000	1.000000	0.000031	0.000000	0.000000	0.000000	0.000000	0.000000	0.000000	0.000000	0.000000	0.000000	0.000000	1.000000	0.000000	0.000000	0.000000	2.000000	1.000000	80.000000	80.000000	0.000000	0.000000	1.000000	0.000000	8.000000	0.000000	1.000000	-0.000001	0.000000	0.000000	0.000000	1.000000	1.000000	0.000000	0.000000	0.000000	1.000000	0.000000	0.000000	1.000000	46155.000000	10.739760	181.000000	255.000000	138465.000000	0.709804	0.342767	0.020561	0.064933	3.000000	0.000000	0.000000	0.000000	0.000000	0.000000	0.000000	0.000000	0.000000	0.000000	0.000000	0.000000	0.000000	0.000000	0.000000	0.000000	0.000000	0.000000	0.000000	0.000000	0.000000	0.000000	0.000000	0.000000	0.000000	0.000000	0.000000	0.000000	0.000000	0.000000	0.000000	0.000000	0.000000	0.000000	0.000000	0.000000	0.000000	0.000000	0.000000	0.000000
/mnt/v/output/codec-corpus-2026-05-01-multiaxis/grayscale/gray_009_137x137.png	large	137	137	4119.589844	0.483834	0.000000	0.000000	0.000000	0.044983	0.020761	0.000000	0.805163	0.711383	30.000000	0.001598	0.000000	0.000000	0.000000	0.000000	0.000000	0.000000	0.226482	4.095162	65.186852	0.000000	0.000000	0.000000	0.000000	0.000000	8.000000	1.000000	80.000000	80.000000	0.000000	0.000000	1.000000	0.000000	8.000000	0.000000	1.000000	4.685875	0.730084	0.663748	0.000000	1.000000	1.000000	0.152249	0.000000	31.892611	0.000000	0.262646	0.000000	1.000000	18769.000000	9.839962	137.000000	137.000000	56307.000000	1.000000	0.000000	0.104800	0.363951	3.000000	4.873297	5.133858	5.261919	5.318354	5.430124	1.000000	1.000000	1.000000	1.000000	0.000000	0.000000	0.000000	0.000000	27.000000	75.000000	135.000000	245.000000	255.000000	0.095238	0.206349	0.285714	0.333333	0.000000	0.000000	0.000000	0.000000	0.000000	0.000000	1.000000	1.359065	3.155317	4.081216	0.032951	0.241823	0.663748	0.000000	0.015873	1.749497	0.758129
/mnt/v/output/codec-corpus-2026-05-01-multiaxis/illustration-screen/illustration_026_256x243.png	large	256	243	6077.787598	0.173088	0.018066	0.000782	0.000473	0.481250	0.470833	5.763227	1.037120	1.020931	447.000000	0.013641	0.000360	0.000790	0.000000	0.000910	0.002050	0.000000	0.210590	2.613479	39.844791	0.561458	0.475000	0.000000	0.000000	0.000000	0.000000	0.000000	80.000000	80.000000	0.000000	0.000000	1.000000	0.000000	8.000000	0.000000	0.948045	2.497739	2.379126	0.000000	0.000000	1.000000	1.000000	0.139583	0.013558	58.329819	0.468750	0.125248	0.001009	0.000000	62208.000000	11.038239	243.000000	256.000000	186624.000000	0.949219	0.052116	0.020576	0.053498	3.000000	3.699556	4.689849	5.471787	5.564749	5.695056	0.000000	0.500371	1.000000	1.000000	0.000000	0.000000	0.000000	0.021081	0.000000	16.000000	71.000000	255.000000	255.000000	0.000000	0.000000	0.047619	0.269841	0.000000	0.000000	0.000000	0.000000	0.000000	0.000000	0.000000	0.000000	0.000000	0.000000	0.000000	0.000000	0.000000	0.000000	0.000000	8.640880	0.418968
/mnt/v/output/codec-corpus-2026-05-01-multiaxis/illustration-screen/illustration_039_256x80.png	large	256	80	11787.244141	0.505237	0.000000	0.000000	0.000000	0.118750	0.109375	0.000000	3.470433	0.488894	32.000000	0.001563	0.000000	0.000000	0.000000	0.000000	0.000000	0.000000	0.256354	3.113028	179.681244	0.000000	0.096875	0.000000	0.000000	0.000000	8.000000	1.000000	80.000000	80.000000	0.000000	0.000000	1.000000	0.000000	8.000000	0.000000	1.000000	4.904286	1.667591	0.032983	0.000000	1.000000	1.000000	0.115625	0.000000	63.354492	0.084375	0.358879	0.000000	1.000000	20480.000000	9.927204	80.000000	256.000000	61440.000000	0.312500	1.163151	0.000000	0.200000	3.000000	5.550579	5.686833	5.728270	5.747463	5.784108	1.000000	1.000000	1.000000	1.000000	0.000000	0.000000	0.000000	0.000000	64.000000	181.000000	255.000000	255.000000	255.000000	0.000000	0.269841	0.412698	0.476190	0.000000	0.000000	0.000000	0.000000	0.000000	0.000000	0.000000	0.000000	0.000000	1.487849	0.000000	0.000000	0.032983	0.000000	0.000000	-1.293964	0.696001
/mnt/v/output/codec-corpus-2026-05-01-multiaxis/alpha/alpha_030_91x137.png	large	91	137	6683.290039	0.090850	0.322262	0.007564	0.007564	0.609626	0.550802	144.891510	0.086971	1.188189	92.000000	0.007379	0.008390	0.046100	4.000000	0.052490	0.288140	26.000000	0.079683	2.783479	19.593582	20.593582	0.540107	0.000000	0.000000	0.000000	8.000000	1.000000	80.000000	80.000000	0.000000	0.000000	1.000000	0.000000	8.000000	0.000000	0.405230	2.001175	2.059048	0.000000	0.000000	1.000000	1.000000	0.208556	0.000000	33.996254	0.550802	0.054410	0.026059	0.000000	12467.000000	9.430840	91.000000	137.000000	37401.000000	0.664234	0.409121	0.108847	0.232053	3.000000	1.204120	4.146042	4.920276	5.406271	5.627962	0.000000	0.030473	0.850258	1.000000	0.000000	0.020777	0.605236	1.000000	0.000000	2.000000	36.000000	144.000000	255.000000	0.000000	0.000000	0.000000	0.111111	0.000000	0.000000	0.000000	0.047619	0.000000	0.000000	0.000000	0.000000	0.000000	0.000000	0.000000	0.000000	0.000000	0.000000	0.000000	17.667505	0.458148
/mnt/v/output/codec-corpus-2026-05-01-multiaxis/hdr/hdr_035_gain_mapped-test_chart-squares_b4_gm2.jpg	large	700	700	2097.176514	0.039502	0.000000	0.000000	0.000000	0.841459	0.809750	0.000000	1.475417	1.192549	23.000000	0.000702	0.000000	0.000000	0.000000	0.000000	0.000000	0.000000	0.059041	0.656316	19.660812	0.000000	0.988909	0.000000	0.000000	0.000000	8.000000	1.000000	80.000000	80.000000	0.000000	0.000000	1.000000	0.000000	8.000000	0.000000	1.000000	0.931047	1.972027	0.000000	0.000000	1.000000	1.000000	0.172828	0.000000	72.702942	0.988909	0.012029	0.000000	1.000000	490000.000000	13.102160	700.000000	700.000000	1470000.000000	1.000000	0.000000	0.011461	0.011461	3.000000	0.000000	0.000000	5.098038	5.685234	5.883028	0.000000	0.000000	0.000000	1.000000	0.000000	0.000000	0.000000	0.000000	0.000000	0.000000	3.000000	254.000000	255.000000	0.000000	0.000000	0.000000	0.000000	0.000000	0.000000	0.000000	0.000000	0.000000	0.000000	0.000000	0.000000	0.000000	0.000000	0.000000	0.000000	0.000000	0.000000	0.000000	17.365358	0.179881
/mnt/v/output/codec-corpus-2026-05-01-multiaxis/hdr/hdr_024_gain_mapped-medical-z-line-0a6bdc13-99b5-4287-8380-b469e7a397cf_resized_640x357.jpg	large	640	357	3885.738770	0.021594	0.106476	0.001585	0.002603	0.726705	0.298580	55.107189	0.289768	1.808802	813.000000	0.024811	0.000280	0.000270	0.000000	0.007080	0.002890	2.000000	0.281902	3.604162	5.568995	1.479557	0.299830	0.000000	0.000000	0.000000	0.000000	0.000000	80.000000	80.000000	0.000000	0.000000	1.000000	0.000000	8.000000	0.000000	0.337990	2.174926	1.516776	0.000000	0.000000	1.000000	1.000000	0.063884	0.610272	51.898708	0.298126	0.027879	0.002934	0.000000	228480.000000	12.339204	357.000000	640.000000	685440.000000	0.557813	0.583732	0.008403	0.075630	3.000000	2.768222	3.106526	3.519927	4.437286	5.310954	0.000000	0.150095	0.249345	0.422475	0.000000	0.049597	0.081069	0.120246	3.000000	8.000000	14.000000	103.000000	255.000000	0.000000	0.000000	0.000000	0.031746	0.000000	0.000000	0.000000	0.000000	0.000000	0.000000	0.000000	0.000000	0.000000	0.000000	0.000000	0.000000	0.000000	0.000000	0.000000	85.110863	0.490493
/mnt/v/output/codec-corpus-2026-05-01-multiaxis/alpha/alpha_002_91x137.png	large	91	137	2959.955322	0.179984	0.229632	0.016330	0.017580	0.197861	0.122995	95.799034	0.282008	1.024571	466.000000	0.037379	0.068650	0.170840	36.000000	0.561850	1.050850	157.000000	0.262607	3.159360	23.721926	34.561497	0.096257	0.000000	0.000000	0.000000	0.000000	0.000000	80.000000	80.000000	0.000000	0.000000	1.000000	0.000000	8.000000	0.000000	0.207989	3.591217	1.434756	0.015264	0.000000	1.000000	1.000000	0.262032	0.006626	33.710613	0.096257	0.113063	0.049147	0.000000	12467.000000	9.430840	91.000000	137.000000	37401.000000	0.664234	0.409121	0.108847	0.232053	3.000000	4.066566	4.466089	4.922583	5.061756	5.374003	0.318925	0.773263	1.000000	1.000000	0.056327	0.174723	0.594623	1.000000	3.000000	16.000000	57.000000	232.000000	255.000000	0.000000	0.031746	0.095238	0.174603	0.000000	0.000000	0.015873	0.079365	0.000000	0.000000	0.000000	0.000000	0.000000	1.396853	0.000000	0.000000	0.015264	0.000000	0.000000	13.440089	0.674780
/mnt/v/output/codec-corpus-2026-05-01-multiaxis/grayscale/gray_023_73x73.png	large	73	73	2454.729980	0.071566	0.000000	0.000000	0.000000	0.790123	0.777778	0.000000	0.287970	1.001927	29.000000	0.005442	0.000000	0.000000	0.000000	0.000000	0.000000	0.000000	0.201976	0.542477	28.271605	0.000000	0.851852	0.000000	0.000000	0.000000	8.000000	1.000000	80.000000	80.000000	0.000000	0.000000	1.000000	0.000000	8.000000	0.000000	1.000000	1.172612	2.199191	0.000000	0.000000	1.000000	1.000000	0.037037	0.000000	60.351845	0.864198	0.046051	0.000000	1.000000	5329.000000	8.580919	73.000000	73.000000	15987.000000	1.000000	0.000000	0.200976	0.729405	3.000000														0.000000	0.000000	17.000000	255.000000	255.000000									0.000000	0.000000	0.000000									11.082895	0.181581
/mnt/v/output/codec-corpus-2026-05-01-multiaxis/alpha/alpha_014_91x137.png	large	91	137	25.028345	0.018873	0.017417	0.002199	0.001393	0.850267	0.336898	5.654487	0.036705	1.669291	60.000000	0.004813	0.014040	0.010420	18.000000	0.038790	0.025970	37.000000	2.010667	0.229373	0.454545	0.609626	0.331551	0.000000	0.000000	0.000000	8.000000	1.000000	80.000000	80.000000	0.000000	0.000000	1.000000	0.000000	8.000000	0.000000	0.976418	1.862723	1.316313	0.000000	0.000000	1.000000	1.000000	0.021390	0.000000	39.404686	0.417112	0.007809	0.000934	0.000000	12467.000000	9.430840	91.000000	137.000000	37401.000000	0.664234	0.409121	0.108847	0.232053	3.000000	2.394452	2.878198	3.222911	3.440867	4.371679	0.000000	0.087755	0.140756	0.214101	0.000000	0.010771	0.024304	0.049182	0.000000	1.000000	9.000000	61.000000	255.000000	0.000000	0.000000	0.000000	0.000000	0.000000	0.000000	0.000000	0.000000	0.000000	0.000000	0.000000	0.000000	0.000000	0.000000	0.000000	0.000000	0.000000	0.000000	0.000000	124.442734	0.348044
/mnt/v/output/codec-corpus-2026-05-01-multiaxis/illustration-screen/illustration_053_256x256.png	large	256	256	4273.693359	0.186036	0.191765	0.009516	0.013313	0.372070	0.021484	79.592842	0.816456	0.926723	1965.000000	0.059967	0.010930	0.015070	1.000000	0.215490	0.228690	37.000000	0.121804	4.487229	42.593750	24.910156	0.000000	0.000000	0.000000	0.000000	0.000000	0.000000	80.000000	80.000000	0.000000	0.000000	1.000000	0.000000	8.000000	0.000000	0.067719	3.644069	1.397478	0.058172	0.032945	1.000000	1.000000	0.470703	0.070633	53.131435	0.017578	0.107732	0.032335	0.000000	65536.000000	11.090355	256.000000	256.000000	196608.000000	1.000000	0.000000	0.000000	0.000000	3.000000	3.791686	4.863444	5.507721	5.610542	5.720336	0.083606	0.567766	1.000000	1.000000	0.050940	0.185663	0.562116	1.000000	4.000000	20.000000	83.000000	243.000000	255.000000	0.000000	0.000000	0.063492	0.158730	0.000000	0.000000	0.015873	0.047619	0.000000	0.000000	0.000000	1.351880	1.672098	1.778151	0.032362	0.050724	0.058172	0.000000	0.000000	7.699780	0.846720
/mnt/v/output/codec-corpus-2026-05-01-multiaxis/illustration-screen/illustration_096_255x254.png	large	255	254	7428.999512	0.095536	0.241479	0.005145	0.007478	0.634755	0.586889	101.798981	0.693564	0.955672	153.000000	0.004669	0.008040	0.009870	0.000000	0.110920	0.142970	9.000000	0.097659	1.672770	42.493237	19.221643	0.602497	0.000000	0.000000	0.000000	8.000000	1.000000	80.000000	80.000000	0.000000	0.000000	1.000000	0.000000	8.000000	0.000000	0.715779	2.052928	2.422206	0.000000	0.000000	1.000000	1.000000	0.199792	0.012887	54.899300	0.578564	0.096444	0.024396	0.000000	64770.000000	11.078598	254.000000	255.000000	194310.000000	0.996078	0.003929	0.011826	0.011826	3.000000	0.297623	5.054585	5.486581	5.673963	5.788274	0.000000	0.005363	1.000000	1.000000	0.000000	0.000000	0.081252	1.000000	0.000000	0.000000	52.000000	222.000000	255.000000	0.000000	0.000000	0.000000	0.222222	0.000000	0.000000	0.000000	0.000000	0.000000	0.000000	0.000000	0.000000	0.000000	0.000000	0.000000	0.000000	0.000000	0.000000	0.000000	10.400501	0.359620
/mnt/v/output/codec-corpus-2026-05-01-multiaxis/illustration-screen/illustration_089_256x55.png	large	256	55	1184.325806	0.469771	0.144041	0.034039	0.031087	0.161458	0.000000	68.337601	0.339123	0.674888	1413.000000	0.100355	0.047480	0.033810	1.000000	0.310080	0.132120	12.000000	0.336220	3.817255	26.723959	25.296875	0.010417	0.000000	0.000000	0.000000	0.000000	0.000000	80.000000	80.000000	0.000000	0.000000	1.000000	0.000000	8.000000	0.000000	0.009020	4.093236	0.888444	0.088148	0.096237	1.000000	1.000000	0.098958	0.642415	17.590412	0.000000	0.164931	0.049686	0.000000	14080.000000	9.552510	55.000000	256.000000	42240.000000	0.214844	1.537844	0.018182	0.163636	3.000000	4.453279	4.631004	4.769914	4.821592	4.998185	0.730934	1.000000	1.000000	1.000000	0.250236	0.452778	0.643429	0.872210	24.000000	56.000000	89.000000	165.000000	255.000000	0.000000	0.095238	0.174603	0.238095	0.000000	0.031746	0.047619	0.079365	0.000000	0.000000	2.000000	1.802346	2.033361	2.249771	0.042179	0.063202	0.088148	0.000000	0.000000	2.761445	0.707392
/mnt/v/output/codec-corpus-2026-05-01-multiaxis/hdr/hdr_022_gm-Chinchilla_cat_(5833713404).jpg	large	600	401	5126.413086	0.140939	0.037059	0.001080	0.000825	0.359733	0.085067	12.924193	0.477752	1.384044	1094.000000	0.033386	0.000140	0.000160	0.000000	0.000530	0.000700	0.000000	0.253264	4.667192	12.804800	0.662400	0.024000	0.000000	0.000000	0.000000	0.000000	0.000000	80.000000	80.000000	0.000000	0.000000	1.000000	0.000000	8.000000	0.000000	0.241068	3.347065	0.980445	0.071526	0.000000	1.000000	1.000000	0.560000	0.040737	20.028112	0.121600	0.070921	0.001257	0.000000	240600.000000	12.390891	401.000000	600.000000	721800.000000	0.668333	0.402968	0.017456	0.051239	3.000000	3.480400	4.113776	4.500373	4.735363	5.031981	0.166859	0.396823	0.786271	1.000000	0.000000	0.022216	0.041555	0.068195	4.000000	16.000000	38.000000	133.000000	255.000000	0.000000	0.015873	0.047619	0.111111	0.000000	0.000000	0.000000	0.000000	0.000000	0.000000	0.000000	0.000000	1.690196	1.903092	0.000000	0.054607	0.071526	0.000000	0.000000	25.926134	0.841452
/mnt/v/output/codec-corpus-2026-05-01-multiaxis/illustration-screen/illustration_082_200x205.png	large	200	205	6155.163574	0.256030	0.387300	0.071601	0.020999	0.313600	0.299200	139.664749	0.979869	0.595881	164.000000	0.005005	0.461190	0.446680	22.000000	0.253430	0.230060	12.000000	0.176247	2.858656	53.705601	137.769608	0.312000	0.000000	0.000000	0.000000	8.000000	1.000000	80.000000	80.000000	0.000000	0.000000	1.000000	0.000000	8.000000	0.000000	0.249171	3.459462	2.285326	0.000000	0.000000	1.000000	1.000000	0.240000	0.049000	36.118649	0.360000	0.176508	0.116419	0.000000	41000.000000	10.621327	200.000000	205.000000	123000.000000	0.975610	0.024693	0.014634	0.223805	3.000000	4.917495	5.179996	5.275422	5.296641	5.341393	0.000000	1.000000	1.000000	1.000000	0.000000	1.000000	1.000000	1.000000	0.000000	52.000000	122.000000	254.000000	255.000000	0.000000	0.000000	0.206349	0.285714	0.000000	0.000000	0.142857	0.190476	0.000000	0.000000	0.000000	0.000000	0.000000	0.000000	0.000000	0.000000	0.000000	0.000000	0.000000	2.898187	0.578102
/mnt/v/output/codec-corpus-2026-05-01-multiaxis/illustration-screen/illustration_103_256x168.png	large	256	168	7213.855469	0.417518	0.126655	0.015557	0.025124	0.052083	0.005952	55.520912	0.811341	0.788523	2470.000000	0.075378	0.013820	0.015310	2.000000	0.310720	0.284980	30.000000	0.131632	4.490678	63.504463	29.556547	0.000000	0.000000	0.000000	0.000000	0.000000	0.000000	80.000000	80.000000	0.000000	0.000000	1.000000	0.000000	8.000000	0.000000	0.228027	4.565409	0.812756	0.332850	0.058436	1.000000	1.000000	0.357143	0.311384	32.146152	0.002976	0.211026	0.048942	0.000000	43008.000000	10.669142	168.000000	256.000000	129024.000000	0.656250	0.421213	0.000000	0.142857	3.000000	4.811728	5.117461	5.344455	5.457265	5.606835	0.953133	1.000000	1.000000	1.000000	0.178725	0.458362	0.757843	1.000000	19.000000	56.000000	107.000000	212.000000	255.000000	0.047619	0.142857	0.222222	0.285714	0.000000	0.015873	0.047619	0.079365	0.000000	0.000000	1.000000	1.601381	3.011465	3.385425	0.043271	0.223168	0.332850	0.000000	0.015873	3.395059	0.826369
/mnt/v/output/codec-corpus-2026-05-01-multiaxis/grayscale/gray_038_91x91.png	large	91	91	7742.958496	0.305682	0.000000	0.000000	0.000000	0.429752	0.404959	0.000000	1.398211	0.612038	32.000000	0.003864	0.000000	0.000000	0.000000	0.000000	0.000000	0.000000	0.253345	2.162559	107.140495	0.000000	0.355372	0.000000	0.000000	0.000000	8.000000	1.000000	80.000000	80.000000	0.000000	0.000000	1.000000	0.000000	8.000000	0.000000	1.000000	3.215659	2.657215	0.000000	0.000000	1.000000	1.000000	0.173554	0.000000	61.917206	0.388430	0.217237	0.000000	1.000000	8281.000000	9.021719	91.000000	91.000000	24843.000000	1.000000	0.000000	0.112909	0.112909	3.000000	5.103964	5.640035	5.749368	5.785545	5.806809	0.000000	1.000000	1.000000	1.000000	0.000000	0.000000	0.000000	0.000000	0.000000	107.000000	231.000000	255.000000	255.000000	0.000000	0.000000	0.253968	0.412698	0.000000	0.000000	0.000000	0.000000	0.000000	0.000000	0.000000	0.000000	0.000000	0.000000	0.000000	0.000000	0.000000	0.000000	0.000000	-0.021794	0.441228
/mnt/v/output/codec-corpus-2026-05-01-multiaxis/grayscale/gray_010_73x73.png	large	73	73	1865.201416	0.250772	0.000000	0.000000	0.000000	0.407407	0.407407	0.000000	0.621667	0.702087	29.000000	0.005442	0.000000	0.000000	0.000000	0.000000	0.000000	0.000000	0.433645	1.436908	43.283951	0.000000	0.456790	0.000000	0.000000	0.000000	8.000000	1.000000	80.000000	80.000000	0.000000	0.000000	1.000000	0.000000	8.000000	0.000000	1.000000	3.284610	2.127239	0.000000	0.000000	1.000000	1.000000	0.074074	0.000000	46.839222	0.518519	0.144817	0.000000	1.000000	5329.000000	8.580919	73.000000	73.000000	15987.000000	1.000000	0.000000	0.200976	0.729405	3.000000														2.000000	54.000000	159.000000	255.000000	255.000000									0.000000	0.000000	0.000000									1.964237	0.595893
/mnt/v/output/codec-corpus-2026-05-01-multiaxis/illustration-screen/illustration_107_217x256.png	large	217	256	6134.064453	0.205537	0.220959	0.004137	0.016552	0.402778	0.364583	99.635628	0.549531	0.747363	288.000000	0.008789	0.002940	0.002170	0.000000	0.344570	0.257370	22.000000	0.118570	2.792673	37.831020	32.612270	0.370370	0.000000	0.000000	0.000000	0.000000	0.000000	80.000000	80.000000	0.000000	0.000000	1.000000	0.000000	8.000000	0.000000	0.640841	2.961486	2.290530	0.000000	0.000000	1.000000	1.000000	0.237269	0.022195	32.125645	0.435185	0.117486	0.036872	0.000000	55552.000000	10.925075	217.000000	256.000000	166656.000000	0.847656	0.165280	0.032258	0.032258	3.000000	4.423651	4.982746	5.272697	5.306379	5.371403	0.000000	1.000000	1.000000	1.000000	0.000000	0.025085	0.995761	1.000000	1.000000	31.000000	89.000000	176.000000	255.000000	0.000000	0.000000	0.095238	0.222222	0.000000	0.000000	0.000000	0.079365	0.000000	0.000000	0.000000	0.000000	0.000000	0.000000	0.000000	0.000000	0.000000	0.000000	0.000000	4.193008	0.531644
/mnt/v/output/codec-corpus-2026-05-01-multiaxis/illustration-screen/illustration_111_256x256.png	large	256	256	6308.151855	0.114710	0.154536	0.014031	0.006295	0.642578	0.581055	62.873756	0.673829	0.828072	161.000000	0.004913	0.042810	0.016430	2.000000	0.050120	0.019410	2.000000	0.069028	2.015128	42.090820	15.374023	0.656250	0.000000	0.000000	0.000000	8.000000	1.000000	80.000000	80.000000	0.000000	0.000000	1.000000	0.000000	8.000000	0.000000	0.115692	2.029827	2.472053	0.000000	0.000000	1.000000	1.000000	0.247070	0.000000	53.635864	0.631836	0.081380	0.020539	0.000000	65536.000000	11.090355	256.000000	256.000000	196608.000000	1.000000	0.000000	0.000000	0.000000	3.000000	0.000000	5.126186	5.630085	5.680464	5.718959	0.000000	0.000000	1.000000	1.000000	0.000000	0.000000	0.351791	1.000000	0.000000	3.000000	76.000000	220.000000	255.000000	0.000000	0.000000	0.000000	0.174603	0.000000	0.000000	0.000000	0.031746	0.000000	0.000000	0.000000	0.000000	0.000000	0.000000	0.000000	0.000000	0.000000	0.000000	0.000000	8.888300	0.360860
/mnt/v/output/codec-corpus-2026-05-01-multiaxis/illustration-screen/illustration_085_256x192.png	large	256	192	1197.627930	0.121794	0.115436	0.011355	0.007477	0.580729	0.475260	40.626690	0.258763	1.214880	619.000000	0.018890	0.029540	0.035780	1.000000	0.083950	0.104850	5.000000	0.099545	3.470854	17.725260	16.071615	0.609375	0.000000	0.000000	0.000000	0.000000	0.000000	80.000000	80.000000	0.000000	0.000000	1.000000	0.000000	8.000000	0.000000	0.800435	2.791341	1.432807	0.030360	0.000000	1.000000	1.000000	0.493490	0.112081	36.198597	0.677083	0.045904	0.018167	0.000000	49152.000000	10.802672	192.000000	256.000000	147456.000000	0.750000	0.287682	0.000000	0.000000	3.000000	2.041331	4.190612	4.966384	5.236670	5.460207	0.048687	0.066711	0.931438	1.000000	0.000000	0.000000	0.547093	1.000000	1.000000	5.000000	39.000000	145.000000	255.000000	0.000000	0.000000	0.000000	0.079365	0.000000	0.000000	0.000000	0.031746	0.000000	0.000000	0.000000	1.113943	1.204115	1.204121	0.026508	0.030360	0.030360	0.000000	0.000000	23.333502	0.877738
/mnt/v/output/codec-corpus-2026-05-01-multiaxis/illustration-screen/illustration_091_256x256.png	large	256	256	1713.824219	0.048581	0.314398	0.007532	0.008108	0.742188	0.697266	175.121902	0.085703	0.905263	112.000000	0.003418	0.028610	0.052110	2.000000	0.244810	0.378230	19.000000	0.059604	1.012129	12.633789	31.249023	0.863281	0.000000	0.000000	0.000000	8.000000	1.000000	80.000000	80.000000	0.000000	0.000000	1.000000	0.000000	8.000000	0.000000	0.201584	1.355676	2.028368	0.000000	0.000000	1.000000	1.000000	0.179688	0.000000	21.956980	0.871094	0.032196	0.026848	0.000000	65536.000000	11.090355	256.000000	256.000000	196608.000000	1.000000	0.000000	0.000000	0.000000	3.000000	0.000000	3.738220	4.939120	5.024243	5.060006	0.000000	0.000000	0.513504	1.000000	0.000000	0.000000	0.582830	1.000000	0.000000	0.000000	5.000000	84.000000	175.000000	0.000000	0.000000	0.000000	0.063492	0.000000	0.000000	0.000000	0.063492	0.000000	0.000000	0.000000	0.000000	0.000000	0.000000	0.000000	0.000000	0.000000	0.000000	0.000000	15.452034	0.278057
/mnt/v/output/codec-corpus-2026-05-01-multiaxis/alpha/alpha_031_91x137.png	large	91	137	242.069229	0.079739	0.000000	0.000000	0.000000	0.737968	0.716578	0.000000	0.306230	1.150370	20.000000	0.001604	0.000000	0.000000	0.000000	0.000000	0.000000	0.000000	1.202716	0.494424	7.951872	0.000000	0.727273	0.000000	0.000000	0.000000	8.000000	1.000000	80.000000	80.000000	0.000000	0.000000	1.000000	0.000000	8.000000	0.000000	1.000000	1.212132	1.920406	0.000000	0.000000	1.000000	1.000000	0.021390	0.000000	42.666721	0.727273	0.054495	0.000000	1.000000	12467.000000	9.430840	91.000000	137.000000	37401.000000	0.664234	0.409121	0.108847	0.232053	3.000000	0.000000	3.191171	4.607565	4.814617	4.996246	0.000000	0.000000	0.289275	1.000000	0.000000	0.000000	0.000000	0.000000	0.000000	0.000000	17.000000	255.000000	255.000000	0.000000	0.000000	0.000000	0.047619	0.000000	0.000000	0.000000	0.000000	0.000000	0.000000	0.000000	0.000000	0.000000	0.000000	0.000000	0.000000	0.000000	0.000000	0.000000	19.280220	0.159617
/mnt/v/output/codec-corpus-2026-05-01-multiaxis/illustration-screen/screencontent_153_111x256.png	large	111	256	2465.820557	0.308734	0.005931	0.000886	0.000235	0.336538	0.298077	1.866490	1.023020	0.982355	213.000000	0.007496	0.000190	0.000180	0.000000	0.000160	0.000110	0.000000	0.326151	2.276507	49.463943	0.096154	0.240385	0.000000	0.000000	0.000000	8.000000	1.000000	80.000000	80.000000	0.000000	0.000000	1.000000	0.000000	8.000000	0.000000	0.948233	3.332692	2.141671	0.000000	0.000000	1.000000	1.000000	0.084135	0.000211	40.947517	0.240385	0.179067	0.000076	0.000000	28416.000000	10.254707	111.000000	256.000000	85248.000000	0.433594	0.835647	0.009009	0.153153	3.000000	4.594945	4.936562	5.261350	5.420485	5.672740	0.009897	1.000000	1.000000	1.000000	0.000000	0.000000	0.024929	0.052211	2.000000	53.000000	129.000000	255.000000	255.000000	0.000000	0.000000	0.190476	0.301587	0.000000	0.000000	0.000000	0.000000	0.000000	0.000000	0.000000	0.000000	0.000000	0.000000	0.000000	0.000000	0.000000	0.000000	0.000000	3.087099	0.510508
/mnt/v/output/codec-corpus-2026-05-01-multiaxis/illustration-screen/illustration_040_256x195.png	large	256	195	997.837036	0.036765	0.295333	0.002399	0.004324	0.796875	0.776042	137.346085	0.033637	1.692011	152.000000	0.004639	0.003720	0.006510	1.000000	0.106790	0.210270	56.000000	0.059591	1.573014	5.894531	17.561197	0.809896	0.000000	0.000000	0.000000	8.000000	1.000000	80.000000	80.000000	0.000000	0.000000	1.000000	0.000000	8.000000	0.000000	0.589764	0.927251	1.702960	0.000000	0.000000	1.000000	1.000000	0.164062	0.010763	19.990017	0.828125	0.018911	0.016183	0.000000	49920.000000	10.818177	195.000000	256.000000	149760.000000	0.761719	0.272178	0.025641	0.148718	3.000000	0.000000	0.903084	4.318063	4.528910	5.092682	0.000000	0.000000	0.016249	1.000000	0.000000	0.000000	0.000000	1.000000	0.000000	0.000000	5.000000	58.000000	255.000000	0.000000	0.000000	0.000000	0.000000	0.000000	0.000000	0.000000	0.000000	0.000000	0.000000	0.000000	0.000000	0.000000	0.000000	0.000000	0.000000	0.000000	0.000000	0.000000	64.445404	0.209833
/mnt/v/output/codec-corpus-2026-05-01-multiaxis/illustration-screen/screencontent_167_167x256.png	large	167	256	2721.546387	0.281054	0.132322	0.017235	0.022862	0.317187	0.090625	51.214489	0.680697	1.052090	4005.000000	0.122223	0.027820	0.016160	2.000000	0.509820	0.193940	33.000000	0.262085	4.279432	32.753124	24.618750	0.156250	0.000000	0.000000	0.000000	0.000000	0.000000	80.000000	80.000000	0.000000	0.000000	1.000000	0.000000	8.000000	0.000000	0.538782	3.781603	1.211129	0.067526	0.000000	1.000000	1.000000	0.306250	0.119059	34.337185	0.153125	0.156076	0.039980	0.000000	42752.000000	10.663171	167.000000	256.000000	128256.000000	0.652344	0.427184	0.005988	0.149701	3.000000	4.249910	4.740968	5.194480	5.390514	5.524491	0.118258	0.887188	1.000000	1.000000	0.015312	0.116062	0.450393	1.000000	5.000000	31.000000	91.000000	230.000000	255.000000	0.000000	0.015873	0.142857	0.269841	0.000000	0.000000	0.000000	0.063492	0.000000	0.000000	0.000000	1.653214	1.806181	1.929340	0.043245	0.058767	0.067526	0.000000	0.000000	6.366590	0.752257
/mnt/v/output/codec-corpus-2026-05-01-multiaxis/illustration-screen/screencontent_196_162x256.png	large	162	256	2941.932617	0.250664	0.074180	0.011413	0.006861	0.315625	0.004688	32.920620	0.544460	0.918875	897.000000	0.027374	0.012560	0.008840	2.000000	0.034170	0.022270	5.000000	0.209757	3.913673	31.753124	7.040625	0.000000	0.000000	0.000000	0.000000	0.000000	0.000000	80.000000	80.000000	0.000000	0.000000	1.000000	0.000000	8.000000	0.000000	0.058618	3.816304	1.114874	0.099701	0.019955	1.000000	1.000000	0.392188	0.482422	30.562826	0.000000	0.124777	0.015947	0.000000	41472.000000	10.632773	162.000000	256.000000	124416.000000	0.632812	0.457581	0.037037	0.185185	3.000000	4.173841	4.774752	5.080204	5.265928	5.429673	0.193061	0.800758	1.000000	1.000000	0.033567	0.108977	0.231517	0.405427	5.000000	34.000000	82.000000	199.000000	255.000000	0.000000	0.015873	0.095238	0.206349	0.000000	0.000000	0.000000	0.031746	0.000000	0.000000	0.000000	1.491144	1.880010	2.259437	0.035317	0.061127	0.099701	0.000000	0.000000	6.079426	0.817835
/mnt/v/output/codec-corpus-2026-05-01-multiaxis/grayscale/gray_024_73x73.png	large	73	73	7908.264648	0.117091	0.000000	0.000000	0.000000	0.604938	0.543210	0.000000	0.255946	0.731249	32.000000	0.006005	0.000000	0.000000	0.000000	0.000000	0.000000	0.000000	0.072108	1.318604	60.728394	0.000000	0.530864	0.000000	0.000000	0.000000	8.000000	1.000000	80.000000	80.000000	0.000000	0.000000	1.000000	0.000000	8.000000	0.000000	1.000000	2.317493	2.600470	0.000000	0.000000	1.000000	1.000000	0.320988	0.000000	58.747433	0.543210	0.114638	0.000000	1.000000	5329.000000	8.580919	73.000000	73.000000	15987.000000	1.000000	0.000000	0.200976	0.729405	3.000000														0.000000	4.000000	91.000000	249.000000	255.000000									0.000000	0.000000	0.000000									6.973251	0.406699
/mnt/v/output/codec-corpus-2026-05-01-multiaxis/illustration-screen/illustration_045_256x256.png	large	256	256	1725.608032	0.000246	0.265331	0.003688	0.002806	0.818359	0.388672	101.754059	0.000581	1.344229	1305.000000	0.039825	0.000790	0.001210	0.000000	0.003150	0.004210	1.000000	0.011075	2.739561	2.315430	5.976562	0.408203	0.000000	0.000000	0.000000	0.000000	0.000000	80.000000	80.000000	0.000000	0.000000	1.000000	0.000000	8.000000	0.000000	0.441086	1.594944	1.362454	0.000000	0.000000	1.000000	1.000000	0.480469	0.033798	1.497916	0.567383	0.009735	0.010727	0.000000	65536.000000	11.090355	256.000000	256.000000	196608.000000	1.000000	0.000000	0.000000	0.000000	3.000000	1.826075	2.841985	3.331111	3.557920	3.875834	0.000000	0.060860	0.208581	0.372831	0.000000	0.067179	0.168388	0.273899	0.000000	0.000000	1.000000	6.000000	36.000000	0.000000	0.000000	0.000000	0.015873	0.000000	0.000000	0.000000	0.015873	0.000000	0.000000	0.000000	0.000000	0.000000	0.000000	0.000000	0.000000	0.000000	0.000000	0.000000	119.799866	0.576746
/mnt/v/output/codec-corpus-2026-05-01-multiaxis/hdr/hdr_050_Ultra_HDR_Samples_Originals_01_resized_640x481.jpg	large	640	481	4040.109375	0.161639	0.058589	0.003873	0.002332	0.346042	0.008542	25.363201	0.738874	1.182154	1233.000000	0.037628	0.001180	0.002360	0.000000	0.003120	0.006520	1.000000	0.269580	4.356469	15.563334	2.185833	0.000000	0.000000	0.000000	0.000000	0.000000	0.000000	80.000000	80.000000	0.000000	0.000000	1.000000	0.000000	8.000000	0.000000	0.086893	3.485609	0.919622	0.092867	0.011555	1.000000	1.000000	0.356667	0.010439	24.758896	0.001667	0.082275	0.004563	0.000000	307840.000000	12.637336	481.000000	640.000000	923520.000000	0.751562	0.285601	0.014553	0.064449	3.000000	3.556152	4.189180	4.714698	4.949980	5.173319	0.173119	0.395530	0.856475	1.000000	0.029128	0.051534	0.114617	0.197404	5.000000	20.000000	51.000000	157.000000	255.000000	0.000000	0.015873	0.047619	0.126984	0.000000	0.000000	0.000000	0.000000	0.000000	0.000000	0.000000	1.642060	2.015923	2.216001	0.044384	0.074871	0.092867	0.000000	0.000000	14.118199	0.798082
/mnt/v/output/codec-corpus-2026-05-01-multiaxis/illustration-screen/screencontent_146_189x256.png	large	189	256	3743.983398	0.455966	0.001020	0.000140	0.000018	0.076087	0.012228	0.304966	2.598243	0.628397	56.000000	0.001709	0.000010	0.000010	0.000000	0.000000	0.000000	0.000000	0.253631	4.125050	81.239128	0.000000	0.005435	0.000000	0.000000	0.000000	8.000000	1.000000	80.000000	80.000000	0.000000	0.000000	1.000000	0.000000	8.000000	0.000000	1.000000	4.596150	1.012826	0.249687	0.000000	1.000000	1.000000	0.239130	0.000000	54.863121	0.016304	0.226363	0.000000	0.000000	48384.000000	10.786924	189.000000	256.000000	145152.000000	0.738281	0.303430	0.015873	0.015873	3.000000	5.024374	5.425895	5.550655	5.593103	5.639755	0.424456	1.000000	1.000000	1.000000	0.000000	0.000000	0.000000	0.009286	33.000000	104.000000	190.000000	255.000000	255.000000	0.015873	0.079365	0.222222	0.349206	0.000000	0.000000	0.000000	0.000000	0.000000	0.000000	1.000000	1.668473	2.603144	3.398480	0.050823	0.146309	0.249687	0.000000	0.015873	0.361003	0.699423
/mnt/v/output/codec-corpus-2026-05-01-multiaxis/illustration-screen/screencontent_149_193x256.png	large	193	256	4598.970703	0.381904	0.091692	0.012053	0.007838	0.217448	0.003906	33.312374	0.999841	0.862847	3756.000000	0.114624	0.010940	0.007850	1.000000	0.067790	0.036270	22.000000	0.219266	3.786500	47.131512	11.160156	0.002604	0.000000	0.000000	0.000000	0.000000	0.000000	80.000000	80.000000	0.000000	0.000000	1.000000	0.000000	8.000000	0.000000	0.230368	4.124557	1.131483	0.077620	0.000000	1.000000	1.000000	0.180990	0.102291	32.456425	0.000000	0.173632	0.021226	0.000000	49408.000000	10.807868	193.000000	256.000000	148224.000000	0.753906	0.282487	0.036269	0.160622	3.000000	4.606900	4.897663	5.276200	5.379456	5.482329	0.423992	1.000000	1.000000	1.000000	0.050447	0.119970	0.332390	0.567307	15.000000	60.000000	113.000000	235.000000	255.000000	0.000000	0.047619	0.190476	0.285714	0.000000	0.000000	0.000000	0.031746	0.000000	0.000000	1.000000	1.694056	1.957771	2.148448	0.043090	0.063696	0.077620	0.000000	0.000000	3.251551	0.755466
/mnt/v/output/codec-corpus-2026-05-01-multiaxis/hdr/hdr_036_gain_mapped-text-sphinx_01.jpg	large	600	400	1969.999512	0.034092	0.000000	0.000000	0.000000	0.912267	0.912000	0.000000	0.703630	1.257318	32.000000	0.000977	0.000000	0.000000	0.000000	0.000000	0.000000	0.000000	0.097775	0.449897	20.132799	0.000000	0.914400	0.000000	0.000000	0.000000	8.000000	1.000000	80.000000	80.000000	0.000000	0.000000	1.000000	0.000000	8.000000	0.000000	1.000000	0.488274	1.582852	0.000000	0.000000	1.000000	1.000000	0.048800	0.000000	69.277946	0.912800	0.033956	0.000000	1.000000	240000.000000	12.388394	400.000000	600.000000	720000.000000	0.666667	0.405465	0.000000	0.053867	3.000000	0.000000	0.000000	0.000000	5.660851	5.784013	0.000000	0.000000	0.000000	0.000000	0.000000	0.000000	0.000000	0.000000	0.000000	0.000000	0.000000	222.000000	255.000000	0.000000	0.000000	0.000000	0.000000	0.000000	0.000000	0.000000	0.000000	0.000000	0.000000	0.000000	0.000000	0.000000	0.000000	0.000000	0.000000	0.000000	0.000000	0.000000	33.171448	0.078777
/mnt/v/output/codec-corpus-2026-05-01-multiaxis/alpha/alpha_003_91x137.png	large	91	137	6294.915039	0.374183	0.215349	0.050022	0.018111	0.401070	0.390374	74.392410	1.298910	0.797184	1558.000000	0.124970	0.331350	0.281790	36.000000	0.401540	0.234510	157.000000	0.344501	2.963372	81.352943	53.219250	0.368984	0.000000	0.000000	0.000000	0.000000	0.000000	80.000000	80.000000	0.000000	0.000000	1.000000	0.000000	8.000000	0.000000	0.653485	3.156270	2.475097	0.000000	0.000000	1.000000	1.000000	0.085561	0.144716	50.161572	0.379679	0.223920	0.062558	0.000000	12467.000000	9.430840	91.000000	137.000000	37401.000000	0.664234	0.409121	0.108847	0.232053	3.000000	4.808463	5.293799	5.469344	5.626772	5.737561	0.000000	1.000000	1.000000	1.000000	0.000000	0.157372	1.000000	1.000000	0.000000	81.000000	176.000000	255.000000	255.000000	0.000000	0.000000	0.238095	0.428571	0.000000	0.000000	0.000000	0.126984	0.000000	0.000000	0.000000	0.000000	0.000000	0.000000	0.000000	0.000000	0.000000	0.000000	0.000000	1.032884	0.430521
/mnt/v/output/codec-corpus-2026-05-01-multiaxis/illustration-screen/illustration_097_170x256.png	large	170	256	499.015533	0.011463	0.000000	0.000000	0.000000	0.934524	0.918155	0.000000	0.006538	1.742804	10.000000	0.000305	0.000000	0.000000	0.000000	0.000000	0.000000	0.000000	0.089011	1.317922	1.029762	0.000000	0.909226	0.000000	0.000000	0.000000	4.000000	1.000000	80.000000	80.000000	0.000000	0.000000	1.000000	0.000000	8.000000	0.000000	1.000000	0.376478	1.038720	0.000000	0.000000	1.000000	1.000000	0.037202	0.000000	12.590466	0.919643	0.006212	0.000000	1.000000	43520.000000	10.680976	170.000000	256.000000	130560.000000	0.664062	0.409379	0.035294	0.129412	3.000000	0.000000	0.000000	1.602059	3.508765	4.558690	0.000000	0.000000	0.000000	0.038487	0.000000	0.000000	0.000000	0.000000	0.000000	0.000000	0.000000	30.000000	93.000000	0.000000	0.000000	0.000000	0.000000	0.000000	0.000000	0.000000	0.000000	0.000000	0.000000	0.000000	0.000000	0.000000	0.000000	0.000000	0.000000	0.000000	0.000000	0.000000	98.699959	0.098654
/mnt/v/output/codec-corpus-2026-05-01-multiaxis/illustration-screen/illustration_016_256x246.png	large	256	246	3713.454346	0.155425	0.443156	0.036873	0.017625	0.470833	0.423958	173.400986	0.524536	1.049210	321.000000	0.009796	0.188670	0.193280	15.000000	0.389320	0.423640	26.000000	0.145708	2.737770	28.345833	74.534378	0.441667	0.000000	0.000000	0.000000	0.000000	0.000000	80.000000	80.000000	0.000000	0.000000	1.000000	0.000000	8.000000	0.000000	0.297764	2.527871	2.258140	0.000000	0.000000	1.000000	1.000000	0.198958	0.016130	41.080833	0.490625	0.094097	0.062963	0.000000	62976.000000	11.050509	246.000000	256.000000	188928.000000	0.960938	0.039846	0.008130	0.040650	3.000000	3.848781	4.564476	4.900002	5.518995	5.593412	0.000000	0.536983	1.000000	1.000000	0.000000	0.327822	1.000000	1.000000	0.000000	11.000000	70.000000	198.000000	255.000000	0.000000	0.000000	0.063492	0.158730	0.000000	0.000000	0.031746	0.126984	0.000000	0.000000	0.000000	0.000000	0.000000	0.000000	0.000000	0.000000	0.000000	0.000000	0.000000	9.652113	0.447490
/mnt/v/output/codec-corpus-2026-05-01-multiaxis/illustration-screen/illustration_083_145x145.png	large	145	145	7751.961914	0.037905	0.303246	0.003029	0.007101	0.691358	0.691358	142.049988	1.491338	0.847803	3.000000	0.000143	0.011430	0.011550	0.000000	0.411520	0.415920	18.000000	0.178095	1.489485	51.086418	21.774691	0.993827	0.000000	0.000000	0.000000	2.000000	1.000000	80.000000	80.000000	0.000000	0.000000	1.000000	0.000000	8.000000	0.000000	0.582545	1.679006	2.520676	0.000000	0.000000	1.000000	1.000000	0.000000	0.000000	56.352882	0.993827	0.120223	0.025475	0.000000	21025.000000	9.953467	145.000000	145.000000	63075.000000	1.000000	0.000000	0.098882	0.217598	3.000000	0.000000	5.071067	5.589725	5.830397	5.830397	0.000000	0.000000	1.000000	1.000000	0.000000	0.000000	0.000000	1.000000	0.000000	0.000000	0.000000	255.000000	255.000000	0.000000	0.000000	0.000000	0.317460	0.000000	0.000000	0.000000	0.000000	0.000000	0.000000	0.000000	0.000000	0.000000	0.000000	0.000000	0.000000	0.000000	0.000000	0.000000	14.851666	0.243843
/mnt/v/output/codec-corpus-2026-05-01-multiaxis/illustration-screen/illustration_029_256x170.png	large	256	170	4175.235840	0.511438	0.127566	0.031816	0.029412	0.017857	0.000000	48.892593	1.249598	0.759949	4676.000000	0.142700	0.058310	0.041170	5.000000	0.377570	0.234660	40.000000	0.207054	4.466449	64.790176	23.967262	0.000000	0.000000	0.000000	0.000000	0.000000	0.000000	80.000000	80.000000	0.000000	0.000000	1.000000	0.000000	8.000000	0.000000	0.060179	4.642343	0.650483	0.469613	0.098603	1.000000	1.000000	0.223214	0.219331	33.947075	0.000000	0.234859	0.044454	0.000000	43520.000000	10.680976	170.000000	256.000000	130560.000000	0.664062	0.409379	0.035294	0.129412	3.000000	4.826354	5.156188	5.332641	5.435398	5.536006	0.774493	1.000000	1.000000	1.000000	0.166656	0.316387	0.535172	0.921013	30.000000	70.000000	128.000000	255.000000	255.000000	0.079365	0.126984	0.222222	0.333333	0.000000	0.015873	0.031746	0.063492	0.000000	1.000000	4.000000	2.828408	3.516137	3.750586	0.156983	0.351533	0.469613	0.000000	0.047619	2.770177	0.755057
/mnt/v/output/codec-corpus-2026-05-01-multiaxis/hdr/hdr_025_gain_mapped-photo-airborne_by_christopher_klein.jpg	large	500	361	3287.574951	0.308166	0.037706	0.003514	0.001747	0.089606	0.001792	15.655724	1.004810	0.943075	1102.000000	0.033630	0.000440	0.000450	0.000000	0.001010	0.001040	0.000000	0.150269	4.490180	35.035126	2.852330	0.004301	0.000000	0.000000	0.000000	0.000000	0.000000	80.000000	80.000000	0.000000	0.000000	1.000000	0.000000	8.000000	0.000000	0.084593	4.187960	0.798539	0.279053	0.018859	1.000000	1.000000	0.386380	0.002039	26.048098	0.013620	0.150469	0.005632	0.000000	180500.000000	12.103486	361.000000	500.000000	541500.000000	0.722000	0.325730	0.027546	0.089241	3.000000	4.320868	4.843992	5.079711	5.178686	5.333279	0.455063	0.974829	1.000000	1.000000	0.038300	0.067324	0.108953	0.165807	15.000000	40.000000	80.000000	173.000000	255.000000	0.031746	0.063492	0.126984	0.222222	0.000000	0.000000	0.000000	0.015873	0.000000	0.000000	1.000000	1.798910	2.801361	3.183443	0.062265	0.182251	0.279053	0.000000	0.015873	5.815636	0.800749
/mnt/v/output/codec-corpus-2026-05-01-multiaxis/grayscale/gray_039_137x137.png	large	137	137	1666.343750	0.222156	0.000000	0.000000	0.000000	0.532872	0.512111	0.000000	0.657821	1.036295	32.000000	0.001705	0.000000	0.000000	0.000000	0.000000	0.000000	0.000000	0.381835	1.638025	31.439445	0.000000	0.453287	0.000000	0.000000	0.000000	8.000000	1.000000	80.000000	80.000000	0.000000	0.000000	1.000000	0.000000	8.000000	0.000000	1.000000	2.333160	2.332012	0.000000	0.000000	1.000000	1.000000	0.017301	0.000000	36.692375	0.449827	0.123853	0.000000	1.000000	18769.000000	9.839962	137.000000	137.000000	56307.000000	1.000000	0.000000	0.104800	0.363951	3.000000	0.942006	4.833718	5.154612	5.247776	5.453050	0.000000	0.017428	1.000000	1.000000	0.000000	0.000000	0.000000	0.000000	0.000000	23.000000	114.000000	255.000000	255.000000	0.000000	0.000000	0.000000	0.238095	0.000000	0.000000	0.000000	0.000000	0.000000	0.000000	0.000000	0.000000	0.000000	0.000000	0.000000	0.000000	0.000000	0.000000	0.000000	4.670010	0.343751
/mnt/v/output/codec-corpus-2026-05-01-multiaxis/illustration-screen/screencontent_139_256x170.png	large	256	170	6305.551758	0.189916	0.041136	0.008645	0.006736	0.406250	0.005952	15.459991	0.378178	1.143598	866.000000	0.026428	0.007800	0.006260	1.000000	0.043760	0.021500	9.000000	0.214555	4.181123	21.220238	2.267857	0.000000	0.000000	0.000000	0.000000	0.000000	0.000000	80.000000	80.000000	0.000000	0.000000	1.000000	0.000000	8.000000	0.000000	0.085960	3.519506	1.013854	0.099965	0.010525	1.000000	1.000000	0.446429	0.005743	26.549234	0.007440	0.092734	0.003519	0.000000	43520.000000	10.680976	170.000000	256.000000	130560.000000	0.664062	0.409379	0.035294	0.129412	3.000000	3.417793	4.435762	4.959830	5.116621	5.329505	0.166448	0.350124	1.000000	1.000000	0.017779	0.044687	0.113190	0.181056	4.000000	22.000000	62.000000	181.000000	255.000000	0.000000	0.015873	0.031746	0.142857	0.000000	0.000000	0.000000	0.000000	0.000000	0.000000	0.000000	1.646985	1.997208	2.218101	0.048711	0.076598	0.099965	0.000000	0.000000	11.131858	0.820749
/mnt/v/output/codec-corpus-2026-05-01-multiaxis/illustration-screen/illustration_037_192x256.png	large	192	256	4145.071777	0.525942	0.098366	0.021245	0.031164	0.067708	0.011719	42.444889	1.123026	0.891222	2155.000000	0.065765	0.030560	0.012080	2.000000	0.521590	0.053900	15.000000	0.353608	4.542242	38.743488	15.811198	0.009115	0.000000	0.000000	0.000000	0.000000	0.000000	80.000000	80.000000	0.000000	0.000000	1.000000	0.000000	8.000000	0.000000	0.116516	4.321186	0.830139	0.233791	0.035621	1.000000	1.000000	0.195312	0.508586	23.639421	0.020833	0.151517	0.023396	0.000000	49152.000000	10.802672	192.000000	256.000000	147456.000000	0.750000	0.287682	0.000000	0.000000	3.000000	4.523967	4.849072	5.092589	5.184328	5.312043	0.491860	0.988461	1.000000	1.000000	0.111209	0.185534	0.343983	0.575385	36.000000	81.000000	124.000000	190.000000	255.000000	0.015873	0.079365	0.142857	0.206349	0.000000	0.000000	0.015873	0.031746	0.000000	0.000000	2.000000	0.297623	2.793746	3.345836	0.005629	0.149713	0.233791	0.000000	0.000000	0.610291	0.605347
/mnt/v/output/codec-corpus-2026-05-01-multiaxis/grayscale/gray_011_73x73.png	large	73	73	9695.427734	0.347222	0.000000	0.000000	0.000000	0.049383	0.037037	0.000000	0.937608	0.412436	32.000000	0.006005	0.000000	0.000000	0.000000	0.000000	0.000000	0.000000	0.076351	2.263091	148.938278	0.000000	0.345679	0.000000	0.000000	0.000000	8.000000	1.000000	80.000000	80.000000	0.000000	0.000000	1.000000	0.000000	8.000000	0.000000	1.000000	5.232386	1.192235	1.000000	0.000000	1.000000	1.000000	0.666667	0.000000	62.407429	0.370370	0.242602	0.000000	1.000000	5329.000000	8.580919	73.000000	73.000000	15987.000000	1.000000	0.000000	0.200976	0.729405	3.000000														10.000000	139.000000	198.000000	255.000000	255.000000									0.000000	0.000000	0.000000									-0.621793	0.865899
/mnt/v/output/codec-corpus-2026-05-01-multiaxis/illustration-screen/illustration_104_256x256.png	large	256	256	5380.050293	0.022976	0.038000	0.000551	0.000471	0.895508	0.880859	21.966349	0.178384	1.232237	76.000000	0.002319	0.000250	0.000440	0.000000	0.001140	0.002030	0.000000	0.069632	0.798185	13.307617	0.992188	0.878906	0.000000	0.000000	0.000000	8.000000	1.000000	80.000000	80.000000	0.000000	0.000000	1.000000	0.000000	8.000000	0.000000	0.144669	0.607089	1.641501	0.000000	0.000000	1.000000	1.000000	0.068359	0.000000	55.951496	0.876953	0.024926	0.002279	0.000000	65536.000000	11.090355	256.000000	256.000000	196608.000000	1.000000	0.000000	0.000000	0.000000	3.000000	0.000000	0.000000	4.212703	5.532052	5.660996	0.000000	0.000000	0.000000	0.755839	0.000000	0.000000	0.000000	0.044085	0.000000	0.000000	0.000000	165.000000	255.000000	0.000000	0.000000	0.000000	0.000000	0.000000	0.000000	0.000000	0.000000	0.000000	0.000000	0.000000	0.000000	0.000000	0.000000	0.000000	0.000000	0.000000	0.000000	0.000000	47.651859	0.107671
/mnt/v/output/codec-corpus-2026-05-01-multiaxis/illustration-screen/illustration_090_256x256.png	large	256	256	2239.057617	0.081077	0.376221	0.018480	0.008481	0.693359	0.643555	135.079819	0.195986	1.000999	407.000000	0.012421	0.076700	0.037860	10.000000	0.146440	0.076270	13.000000	0.050218	2.353223	16.151367	28.216797	0.718750	0.000000	0.000000	0.000000	0.000000	0.000000	80.000000	80.000000	0.000000	0.000000	1.000000	0.000000	8.000000	0.000000	0.109329	1.571360	2.140833	0.000000	0.000000	1.000000	1.000000	0.214844	0.001648	34.293587	0.737305	0.041264	0.030785	0.000000	65536.000000	11.090355	256.000000	256.000000	196608.000000	1.000000	0.000000	0.000000	0.000000	3.000000	0.000000	4.053710	5.158855	5.309999	5.423077	0.000000	0.000000	0.812642	1.000000	0.000000	0.000000	0.433369	1.000000	0.000000	0.000000	29.000000	130.000000	255.000000	0.000000	0.000000	0.000000	0.079365	0.000000	0.000000	0.000000	0.047619	0.000000	0.000000	0.000000	0.000000	0.000000	0.000000	0.000000	0.000000	0.000000	0.000000	0.000000	13.145880	0.325609
/mnt/v/output/codec-corpus-2026-05-01-multiaxis/illustration-screen/illustration_054_256x256.png	large	256	256	4821.090820	0.060208	0.150738	0.001387	0.005891	0.764648	0.750000	64.789291	0.340614	1.251362	216.000000	0.006592	0.001280	0.001260	0.000000	0.147300	0.159120	20.000000	0.096475	1.188153	19.851562	13.092773	0.776367	0.000000	0.000000	0.000000	8.000000	1.000000	80.000000	80.000000	0.000000	0.000000	1.000000	0.000000	8.000000	0.000000	0.876221	1.230754	2.059564	0.000000	0.000000	1.000000	1.000000	0.127930	0.000000	54.666622	0.771484	0.048115	0.014261	0.000000	65536.000000	11.090355	256.000000	256.000000	196608.000000	1.000000	0.000000	0.000000	0.000000	3.000000	0.000000	1.806180	5.128454	5.461150	5.765654	0.000000	0.000000	0.051509	1.000000	0.000000	0.000000	0.000000	0.610065	0.000000	0.000000	10.000000	199.000000	255.000000	0.000000	0.000000	0.000000	0.000000	0.000000	0.000000	0.000000	0.000000	0.000000	0.000000	0.000000	0.000000	0.000000	0.000000	0.000000	0.000000	0.000000	0.000000	0.000000	24.082031	0.218132
/mnt/v/output/codec-corpus-2026-05-01-multiaxis/alpha/alpha_032_91x137.png	large	91	137	0.000000	0.000000	0.000000	0.000000	0.000000	1.000000	1.000000	0.000000	0.000000	0.000000	1.000000	0.000080	0.000000	0.000000	0.000000	0.000000	0.000000	0.000000	0.000000	0.000000	0.000000	0.000000	1.000000	0.000000	0.000000	0.000000	2.000000	1.000000	80.000000	80.000000	0.000000	0.000000	1.000000	0.000000	8.000000	0.000000	1.000000	-0.000001	0.000000	0.000000	0.000000	1.000000	1.000000	0.000000	0.000000	0.000000	1.000000	0.000000	0.000000	1.000000	12467.000000	9.430840	91.000000	137.000000	37401.000000	0.664234	0.409121	0.108847	0.232053	3.000000	0.000000	0.000000	0.000000	0.000000	0.000000	0.000000	0.000000	0.000000	0.000000	0.000000	0.000000	0.000000	0.000000	0.000000	0.000000	0.000000	0.000000	0.000000	0.000000	0.000000	0.000000	0.000000	0.000000	0.000000	0.000000	0.000000	0.000000	0.000000	0.000000	0.000000	0.000000	0.000000	0.000000	0.000000	0.000000	0.000000	0.000000	0.000000	0.000000
/mnt/v/output/codec-corpus-2026-05-01-multiaxis/illustration-screen/illustration_010_256x192.png	large	256	192	1036.345093	0.101673	0.066122	0.009149	0.005892	0.558594	0.001302	22.112822	0.163900	1.186535	952.000000	0.029053	0.004900	0.013880	0.000000	0.015080	0.047380	12.000000	0.155861	3.090237	12.063802	5.059896	0.005208	0.000000	0.000000	0.000000	0.000000	0.000000	80.000000	80.000000	0.000000	0.000000	1.000000	0.000000	8.000000	0.000000	0.589315	3.359890	0.816294	0.097282	0.031902	1.000000	1.000000	0.118490	0.043559	22.671835	0.000000	0.055494	0.008495	0.000000	49152.000000	10.802672	192.000000	256.000000	147456.000000	0.750000	0.287682	0.000000	0.000000	3.000000	3.011775	3.903890	4.772239	4.933010	5.082170	0.122498	0.168883	0.601737	1.000000	0.038437	0.052320	0.122963	0.457973	9.000000	18.000000	36.000000	114.000000	255.000000	0.000000	0.000000	0.015873	0.095238	0.000000	0.000000	0.000000	0.000000	0.000000	0.000000	1.000000	2.254329	2.462375	2.588202	0.065998	0.086460	0.097282	0.000000	0.000000	14.280153	0.577724
/mnt/v/output/codec-corpus-2026-05-01-multiaxis/illustration-screen/illustration_112_256x256.png	large	256	256	5286.160645	0.050611	0.310454	0.004071	0.009544	0.710938	0.704102	182.708252	0.257628	0.905937	47.000000	0.001434	0.008540	0.013430	0.000000	0.307710	0.483810	22.000000	0.058392	1.052887	23.831055	37.661133	0.869141	0.000000	0.000000	0.000000	8.000000	1.000000	80.000000	80.000000	0.000000	0.000000	1.000000	0.000000	8.000000	0.000000	0.201462	1.518710	2.238847	0.000000	0.000000	1.000000	1.000000	0.185547	0.005646	41.219887	0.868164	0.042147	0.029297	0.000000	65536.000000	11.090355	256.000000	256.000000	196608.000000	1.000000	0.000000	0.000000	0.000000	3.000000	0.000000	4.251550	5.420149	5.501925	5.544822	0.000000	0.000000	0.877894	1.000000	0.000000	0.000000	0.668829	1.000000	0.000000	0.000000	5.000000	147.000000	255.000000	0.000000	0.000000	0.000000	0.063492	0.000000	0.000000	0.000000	0.063492	0.000000	0.000000	0.000000	0.000000	0.000000	0.000000	0.000000	0.000000	0.000000	0.000000	0.000000	15.675848	0.291314
/mnt/v/output/codec-corpus-2026-05-01-multiaxis/alpha/alpha_015_91x137.png	large	91	137	5459.550293	0.678105	0.278528	0.101668	0.048711	0.000000	0.000000	112.623100	3.076916	0.635627	1176.000000	0.094329	0.722890	0.782410	39.000000	1.117000	1.201860	157.000000	0.640474	4.156496	124.336899	118.385025	0.000000	0.000000	0.000000	0.000000	0.000000	0.000000	80.000000	80.000000	0.000000	0.000000	1.000000	0.000000	8.000000	0.000000	0.235020	5.042148	0.375605	1.000000	0.449734	1.000000	1.000000	0.026738	0.205074	56.176136	0.000000	0.401070	0.147780	0.000000	12467.000000	9.430840	91.000000	137.000000	37401.000000	0.664234	0.409121	0.108847	0.232053	3.000000	5.032764	5.340152	5.497287	5.543977	5.637631	1.000000	1.000000	1.000000	1.000000	0.733570	1.000000	1.000000	1.000000	72.000000	144.000000	234.000000	255.000000	255.000000	0.238095	0.301587	0.396825	0.492063	0.063492	0.095238	0.142857	0.190476	0.000000	0.000000	0.000000	3.651805	4.474857	4.603661	0.368333	0.876237	1.000000	0.079365	0.206349	-0.648098	0.584974
/mnt/v/output/codec-corpus-2026-05-01-multiaxis/illustration-screen/illustration_041_157x256.png	large	157	256	9865.477539	0.029311	0.002348	0.000166	0.000077	0.838816	0.815789	0.798559	0.370824	1.106294	61.000000	0.001862	0.000020	0.000020	0.000000	0.000030	0.000030	0.000000	0.100707	0.786345	20.513159	0.000000	0.953947	0.000000	0.000000	0.000000	8.000000	1.000000	80.000000	80.000000	0.000000	0.000000	1.000000	0.000000	8.000000	0.000000	1.000000	0.942243	1.956068	0.000000	0.000000	1.000000	1.000000	0.108553	0.000000	62.417019	0.930921	0.042633	0.000000	0.000000	40192.000000	10.601423	157.000000	256.000000	120576.000000	0.613281	0.488932	0.019108	0.019108	3.000000	0.000000	0.000000	5.258927	5.663888	5.826018	0.000000	0.000000	0.000000	1.000000	0.000000	0.000000	0.000000	0.017157	0.000000	0.000000	0.000000	255.000000	255.000000	0.000000	0.000000	0.000000	0.000000	0.000000	0.000000	0.000000	0.000000	0.000000	0.000000	0.000000	0.000000	0.000000	0.000000	0.000000	0.000000	0.000000	0.000000	0.000000	30.766668	0.163045
/mnt/v/output/codec-corpus-2026-05-01-multiaxis/grayscale/gray_025_47x47.png	large	47	47	11533.502930	0.420652	0.000000	0.000000	0.000000	0.040000	0.040000	0.000000	0.888822	0.377943	32.000000	0.014486	0.000000	0.000000	0.000000	0.000000	0.000000	0.000000	0.119096	2.641122	213.479996	0.000000	0.000000	0.000000	0.000000	0.000000	8.000000	1.000000	80.000000	80.000000	0.000000	0.000000	1.000000	0.000000	8.000000	0.000000	1.000000	5.460572	0.964555	1.000000	0.000000	1.000000	1.000000	0.480000	0.000000	66.366043	0.000000	0.332063	0.000000	1.000000	2209.000000	7.700295	47.000000	47.000000	6627.000000	1.000000	0.000000	0.043006	0.854233	3.000000														39.000000	174.000000	242.000000	255.000000	255.000000									0.000000	0.000000	0.000000									-1.275535	0.859838
/mnt/v/output/codec-corpus-2026-05-01-multiaxis/alpha/alpha_004_91x137.png	large	91	137	0.000000	0.000000	0.000000	0.000000	0.000000	1.000000	1.000000	0.000000	0.000000	0.000000	1.000000	0.000080	0.000000	0.000000	0.000000	0.000000	0.000000	0.000000	0.000000	0.000000	0.000000	0.000000	1.000000	0.000000	0.000000	0.000000	2.000000	1.000000	80.000000	80.000000	0.000000	0.000000	1.000000	0.000000	8.000000	0.000000	1.000000	-0.000001	0.000000	0.000000	0.000000	1.000000	1.000000	0.000000	0.000000	0.000000	1.000000	0.000000	0.000000	1.000000	12467.000000	9.430840	91.000000	137.000000	37401.000000	0.664234	0.409121	0.108847	0.232053	3.000000	0.000000	0.000000	0.000000	0.000000	0.000000	0.000000	0.000000	0.000000	0.000000	0.000000	0.000000	0.000000	0.000000	0.000000	0.000000	0.000000	0.000000	0.000000	0.000000	0.000000	0.000000	0.000000	0.000000	0.000000	0.000000	0.000000	0.000000	0.000000	0.000000	0.000000	0.000000	0.000000	0.000000	0.000000	0.000000	0.000000	0.000000	0.000000	0.000000
/mnt/v/output/codec-corpus-2026-05-01-multiaxis/illustration-screen/screencontent_168_256x216.png	large	256	216	5287.012695	0.206530	0.000000	0.000000	0.000000	0.552083	0.427083	0.000000	2.222500	0.795565	32.000000	0.000977	0.000000	0.000000	0.000000	0.000000	0.000000	0.000000	0.209494	1.939139	65.467590	0.000000	0.356481	0.000000	0.000000	0.000000	8.000000	1.000000	80.000000	80.000000	0.000000	0.000000	1.000000	0.000000	8.000000	0.000000	1.000000	2.740925	2.429373	0.000000	0.000000	1.000000	1.000000	0.083333	0.000000	59.952343	0.412037	0.137897	0.000000	1.000000	55296.000000	10.920456	216.000000	256.000000	165888.000000	0.843750	0.169899	0.000000	0.037037	3.000000	2.412879	5.428945	5.588662	5.659046	5.758366	0.000000	0.096228	1.000000	1.000000	0.000000	0.000000	0.000000	0.000000	0.000000	31.000000	167.000000	255.000000	255.000000	0.000000	0.000000	0.000000	0.301587	0.000000	0.000000	0.000000	0.000000	0.000000	0.000000	0.000000	0.000000	0.000000	0.000000	0.000000	0.000000	0.000000	0.000000	0.000000	2.388108	0.470394
/mnt/v/output/codec-corpus-2026-05-01-multiaxis/illustration-screen/screencontent_159_184x256.png	large	184	256	3117.477539	0.542184	0.000000	0.000000	0.000000	0.118207	0.088315	0.000000	3.077846	0.789562	32.000000	0.000977	0.000000	0.000000	0.000000	0.000000	0.000000	0.000000	0.499645	2.979640	84.062500	0.000000	0.073370	0.000000	0.000000	0.000000	8.000000	1.000000	80.000000	80.000000	0.000000	0.000000	1.000000	0.000000	8.000000	0.000000	1.000000	4.547456	1.378789	0.082540	0.000000	1.000000	1.000000	0.014946	0.000000	41.917522	0.069293	0.297641	0.000000	1.000000	47104.000000	10.760113	184.000000	256.000000	141312.000000	0.718750	0.330242	0.000000	0.043478	3.000000	5.082314	5.167552	5.261026	5.328795	5.510481	1.000000	1.000000	1.000000	1.000000	0.000000	0.000000	0.000000	0.000000	51.000000	126.000000	205.000000	255.000000	255.000000	0.000000	0.238095	0.333333	0.396825	0.000000	0.000000	0.000000	0.000000	0.000000	0.000000	0.000000	0.000000	0.767852	2.413195	0.000000	0.011680	0.082540	0.000000	0.000000	-0.379211	0.618745
/mnt/v/output/codec-corpus-2026-05-01-multiaxis/illustration-screen/illustration_046_189x189.png	large	189	189	4736.502441	0.195826	0.086984	0.005999	0.002617	0.510397	0.457467	33.910641	0.602482	0.741823	500.000000	0.015259	0.003670	0.003650	0.000000	0.005560	0.005220	0.000000	0.089001	2.743350	47.327034	8.260870	0.482042	0.000000	0.000000	0.000000	0.000000	0.000000	80.000000	80.000000	0.000000	0.000000	1.000000	0.000000	8.000000	0.000000	0.405924	2.682170	2.531210	0.000000	0.000000	1.000000	1.000000	0.336484	0.517426	55.126610	0.519849	0.098329	0.014643	0.000000	35721.000000	10.483494	189.000000	189.000000	107163.000000	1.000000	0.000000	0.031998	0.031998	3.000000	2.949116	5.355509	5.549342	5.602161	5.645654	0.000000	0.193866	1.000000	1.000000	0.000000	0.000000	0.404872	0.536353	0.000000	10.000000	82.000000	239.000000	255.000000	0.000000	0.000000	0.000000	0.174603	0.000000	0.000000	0.000000	0.031746	0.000000	0.000000	0.000000	0.000000	0.000000	0.000000	0.000000	0.000000	0.000000	0.000000	0.000000	7.560332	0.492074
/mnt/v/output/codec-corpus-2026-05-01-multiaxis/illustration-screen/illustration_012_256x73.png	large	256	73	938.767883	0.133606	0.128270	0.007253	0.004660	0.541667	0.506944	45.708614	0.074207	1.090585	103.000000	0.005512	0.015410	0.014180	4.000000	0.055890	0.050030	19.000000	0.115777	1.455152	12.718750	8.961805	0.541667	0.000000	0.000000	0.000000	8.000000	1.000000	80.000000	80.000000	0.000000	0.000000	1.000000	0.000000	8.000000	0.000000	0.778093	2.065175	2.117859	0.000000	0.000000	1.000000	1.000000	0.194444	0.000000	20.097366	0.548611	0.065531	0.013338	0.000000	18688.000000	9.835637	73.000000	256.000000	56064.000000	0.285156	1.254718	0.095890	0.315068	3.000000	0.903094	4.314519	4.458930	4.864006	5.194808	0.000000	0.012512	1.000000	1.000000	0.000000	0.005629	0.185083	0.694072	0.000000	3.000000	35.000000	100.000000	255.000000	0.000000	0.000000	0.000000	0.126984	0.000000	0.000000	0.000000	0.015873	0.000000	0.000000	0.000000	0.000000	0.000000	0.000000	0.000000	0.000000	0.000000	0.000000	0.000000	12.308249	0.411809
/mnt/v/output/codec-corpus-2026-05-01-multiaxis/grayscale/gray_040_73x73.png	large	73	73	1747.980103	0.086420	0.000000	0.000000	0.000000	0.703704	0.691358	0.000000	0.315614	0.887635	32.000000	0.006005	0.000000	0.000000	0.000000	0.000000	0.000000	0.000000	0.236878	0.649613	26.580246	0.000000	0.691358	0.000000	0.000000	0.000000	8.000000	1.000000	80.000000	80.000000	0.000000	0.000000	1.000000	0.000000	8.000000	0.000000	1.000000	1.563967	2.296118	0.000000	0.000000	1.000000	1.000000	0.061728	0.000000	67.293076	0.654321	0.074466	0.000000	1.000000	5329.000000	8.580919	73.000000	73.000000	15987.000000	1.000000	0.000000	0.200976	0.729405	3.000000														0.000000	0.000000	34.000000	255.000000	255.000000									0.000000	0.000000	0.000000									9.985490	0.257323
/mnt/v/output/codec-corpus-2026-05-01-multiaxis/grayscale/gray_012_73x73.png	large	73	73	429.160797	0.428819	0.000000	0.000000	0.000000	0.000000	0.000000	0.000000	0.160121	0.569064	18.000000	0.003378	0.000000	0.000000	0.000000	0.000000	0.000000	0.000000	0.470943	2.079046	18.148148	0.000000	0.024691	0.000000	0.000000	0.000000	8.000000	1.000000	80.000000	80.000000	0.000000	0.000000	1.000000	0.000000	8.000000	0.000000	1.000000	4.171492	0.285946	0.455289	0.000000	1.000000	1.000000	0.000000	0.000000	13.772290	0.049383	0.145797	0.000000	1.000000	5329.000000	8.580919	73.000000	73.000000	15987.000000	1.000000	0.000000	0.200976	0.729405	3.000000														27.000000	53.000000	73.000000	125.000000	255.000000									0.000000	0.000000	0.000000									2.753747	0.639409
/mnt/v/output/codec-corpus-2026-05-01-multiaxis/illustration-screen/illustration_011_256x81.png	large	256	81	12708.445312	0.120098	0.206244	0.003753	0.001725	0.434375	0.331250	74.275833	0.556676	0.728630	187.000000	0.009018	0.004140	0.042200	1.000000	0.004890	0.051240	2.000000	0.076620	2.450967	69.840622	17.356251	0.315625	0.000000	0.000000	0.000000	8.000000	1.000000	80.000000	80.000000	0.000000	0.000000	1.000000	0.000000	8.000000	0.000000	0.729601	3.182455	2.307207	0.000000	0.000000	1.000000	1.000000	0.387500	0.000000	65.392815	0.328125	0.133929	0.018353	0.000000	20736.000000	9.939627	81.000000	256.000000	62208.000000	0.316406	1.150728	0.086420	0.185185	3.000000	3.815983	5.512472	5.722529	5.783371	5.816352	0.005629	0.513533	1.000000	1.000000	0.000000	0.000000	0.328425	1.000000	0.000000	8.000000	90.000000	255.000000	255.000000	0.000000	0.000000	0.047619	0.269841	0.000000	0.000000	0.000000	0.031746	0.000000	0.000000	0.000000	0.000000	0.000000	0.000000	0.000000	0.000000	0.000000	0.000000	0.000000	7.215946	0.596850
/mnt/v/output/codec-corpus-2026-05-01-multiaxis/hdr/hdr_051_Ultra_HDR_Samples_Originals_02_resized_640x481.jpg	large	640	481	2593.682861	0.179610	0.143428	0.006112	0.002880	0.442500	0.183958	57.189087	0.777011	1.274294	2287.000000	0.069794	0.004610	0.005540	1.000000	0.006890	0.007970	3.000000	0.254538	4.236605	15.928333	5.176667	0.007500	0.000000	0.000000	0.000000	0.000000	0.000000	80.000000	80.000000	0.000000	0.000000	1.000000	0.000000	8.000000	0.000000	0.037675	3.136349	1.288193	0.029077	0.000000	1.000000	1.000000	0.347500	0.067230	22.853491	0.050000	0.076429	0.008280	0.000000	307840.000000	12.637336	481.000000	640.000000	923520.000000	0.751562	0.285601	0.014553	0.064449	3.000000	3.321132	4.182486	4.775485	4.963801	5.167287	0.087493	0.329105	0.800739	1.000000	0.026551	0.071828	0.161996	0.339362	3.000000	18.000000	57.000000	155.000000	255.000000	0.000000	0.000000	0.031746	0.126984	0.000000	0.000000	0.000000	0.015873	0.000000	0.000000	0.000000	0.467978	1.096367	1.230449	0.009255	0.022318	0.029077	0.000000	0.000000	11.698378	0.762001
/mnt/v/output/codec-corpus-2026-05-01-multiaxis/illustration-screen/illustration_087_256x247.png	large	256	247	5822.660156	0.028464	0.478334	0.003612	0.006918	0.852083	0.827083	217.583435	0.107665	1.328221	152.000000	0.004639	0.007100	0.018180	3.000000	0.193370	0.294410	52.000000	0.076998	1.671353	9.952084	22.862499	0.832292	0.000000	0.000000	0.000000	8.000000	1.000000	80.000000	80.000000	0.000000	0.000000	1.000000	0.000000	8.000000	0.000000	0.257971	0.778046	1.732283	0.000000	0.000000	1.000000	1.000000	0.089583	0.002230	41.571480	0.821875	0.028125	0.019825	0.000000	63232.000000	11.054565	247.000000	256.000000	189696.000000	0.964844	0.035789	0.004049	0.036437	3.000000	0.000000	0.000000	4.655146	5.131827	5.521294	0.000000	0.000000	0.000000	1.000000	0.000000	0.000000	0.000000	1.000000	0.000000	0.000000	0.000000	117.000000	245.000000	0.000000	0.000000	0.000000	0.000000	0.000000	0.000000	0.000000	0.000000	0.000000	0.000000	0.000000	0.000000	0.000000	0.000000	0.000000	0.000000	0.000000	0.000000	0.000000	53.990639	0.146458
/mnt/v/output/codec-corpus-2026-05-01-multiaxis/hdr/hdr_044_rgba_uhdr.jpg	large	31	32	178.139801	0.000000	0.079493	0.014748	0.008556	0.083333	0.000000	27.779474	0.000447	0.529487	276.000000	0.278226	0.001350	0.001390	0.000000	0.004450	0.004160	0.000000	0.005481	2.533947	9.833333	17.750000	0.000000	0.000000	0.000000	0.000000	0.000000	0.000000	80.000000	80.000000	0.000000	0.000000	1.000000	0.000000	8.000000	0.000000	0.035282	3.546680	0.291544	0.301633	0.119533	1.000000	1.000000	1.000000	0.212702	0.000000	0.000000	0.051587	0.031746	0.000000	992.000000	6.899723	31.000000	32.000000	2976.000000	0.968750	0.031749	0.032258	0.032258	3.000000																											0.000000	0.000000	0.000000										0.992026
/mnt/v/output/codec-corpus-2026-05-01-multiaxis/illustration-screen/illustration_092_256x192.png	large	256	192	2992.068848	0.170188	0.037457	0.004358	0.003515	0.432292	0.161458	13.628153	0.229575	1.183809	935.000000	0.028534	0.003190	0.004350	1.000000	0.013080	0.031900	15.000000	0.143561	3.931765	19.354166	2.053385	0.000000	0.000000	0.000000	0.000000	0.000000	0.000000	80.000000	80.000000	0.000000	0.000000	1.000000	0.000000	8.000000	0.000000	0.581156	3.276437	1.275129	0.038008	0.006363	1.000000	1.000000	0.351562	0.124613	22.907574	0.015625	0.082651	0.003927	0.000000	49152.000000	10.802672	192.000000	256.000000	147456.000000	0.750000	0.287682	0.000000	0.000000	3.000000	3.592510	4.410998	4.800389	4.983227	5.294776	0.073908	0.435169	1.000000	1.000000	0.015912	0.031903	0.092843	0.155177	3.000000	16.000000	46.000000	137.000000	255.000000	0.000000	0.000000	0.047619	0.142857	0.000000	0.000000	0.000000	0.000000	0.000000	0.000000	0.000000	1.050552	1.337150	1.483409	0.020305	0.029455	0.038008	0.000000	0.000000	14.222751	0.806696
/mnt/v/output/codec-corpus-2026-05-01-multiaxis/alpha/alpha_033_91x137.png	large	91	137	2500.759521	0.203023	0.000000	0.000000	0.000000	0.385027	0.379679	0.000000	3.093390	0.810996	32.000000	0.002567	0.000000	0.000000	0.000000	0.000000	0.000000	0.000000	1.195059	1.156305	72.251335	0.000000	0.390374	0.000000	0.000000	0.000000	8.000000	1.000000	80.000000	80.000000	0.000000	0.000000	1.000000	0.000000	8.000000	0.000000	1.000000	3.148057	2.492243	0.000000	0.000000	1.000000	1.000000	0.026738	0.000000	96.809143	0.443850	0.278160	0.000000	1.000000	12467.000000	9.430840	91.000000	137.000000	37401.000000	0.664234	0.409121	0.108847	0.232053	3.000000	4.793207	5.277230	5.419375	5.489372	5.742867	0.000000	1.000000	1.000000	1.000000	0.000000	0.000000	0.000000	0.000000	0.000000	28.000000	245.000000	255.000000	255.000000	0.000000	0.000000	0.301587	0.507937	0.000000	0.000000	0.000000	0.000000	0.000000	0.000000	0.000000	0.000000	0.000000	0.000000	0.000000	0.000000	0.000000	0.000000	0.000000	1.271429	0.295842
/mnt/v/output/codec-corpus-2026-05-01-multiaxis/hdr/hdr_037_gain_mapped-ui-demo_app.jpg	large	697	599	700.568848	0.042790	0.038529	0.000681	0.000858	0.837217	0.819975	13.270867	0.334801	1.381867	1573.000000	0.048004	0.000370	0.001220	0.000000	0.003690	0.008270	5.000000	0.167603	2.228245	6.369059	1.758621	0.888164	0.000000	0.000000	0.000000	0.000000	0.000000	80.000000	80.000000	0.000000	0.000000	1.000000	0.000000	8.000000	0.000000	0.835149	0.820984	1.555794	0.000000	0.000000	1.000000	1.000000	0.046598	0.041389	40.799469	0.898416	0.022042	0.002086	0.000000	417503.000000	12.942047	599.000000	697.000000	1252509.000000	0.859397	0.151524	0.011729	0.025219	3.000000	0.000000	0.926211	4.018410	4.824010	5.346071	0.000000	0.000000	0.015955	0.760435	0.000000	0.000000	0.000000	0.000000	0.000000	0.000000	6.000000	137.000000	255.000000	0.000000	0.000000	0.000000	0.000000	0.000000	0.000000	0.000000	0.000000	0.000000	0.000000	0.000000	0.000000	0.000000	0.000000	0.000000	0.000000	0.000000	0.000000	0.000000	37.117638	0.208056
/mnt/v/output/codec-corpus-2026-05-01-multiaxis/grayscale/gray_026_91x91.png	large	91	91	2406.521729	0.476515	0.000000	0.000000	0.000000	0.024793	0.000000	0.000000	0.220803	0.720651	27.000000	0.003260	0.000000	0.000000	0.000000	0.000000	0.000000	0.000000	0.158595	4.191913	39.628098	0.000000	0.000000	0.000000	0.000000	0.000000	8.000000	1.000000	80.000000	80.000000	0.000000	0.000000	1.000000	0.000000	8.000000	0.000000	1.000000	4.413708	0.603428	0.385446	0.000000	1.000000	1.000000	0.305785	0.000000	18.590475	0.000000	0.168831	0.000000	1.000000	8281.000000	9.021719	91.000000	91.000000	24843.000000	1.000000	0.000000	0.112909	0.112909	3.000000	4.523405	4.778288	4.998620	5.182793	5.244327	0.941451	1.000000	1.000000	1.000000	0.000000	0.000000	0.000000	0.000000	27.000000	53.000000	82.000000	145.000000	255.000000	0.031746	0.111111	0.174603	0.222222	0.000000	0.000000	0.000000	0.000000	0.000000	1.000000	3.000000	2.220108	3.209779	3.374493	0.080560	0.316227	0.385446	0.000000	0.031746	2.469806	0.814988
/mnt/v/output/codec-corpus-2026-05-01-multiaxis/illustration-screen/illustration_030_255x235.png	large	255	235	4108.177246	0.207728	0.214233	0.010806	0.015112	0.493882	0.427141	113.860138	0.059831	1.067927	780.000000	0.023804	0.004640	0.002850	0.000000	0.057100	0.035680	3.000000	0.009991	2.885664	30.443827	26.575083	0.510567	0.000000	0.000000	0.000000	0.000000	0.000000	80.000000	80.000000	0.000000	0.000000	1.000000	0.000000	8.000000	0.000000	0.220042	2.650997	2.229846	0.000000	0.000000	1.000000	1.000000	0.488320	0.059787	17.087900	0.552836	0.059043	0.027544	0.000000	59925.000000	11.000849	235.000000	255.000000	179775.000000	0.921569	0.081678	0.025282	0.093634	3.000000	3.049606	4.916348	5.125003	5.237134	5.714185	0.000000	0.270000	1.000000	1.000000	0.000000	0.054038	1.000000	1.000000	0.000000	10.000000	25.000000	62.000000	116.000000	0.000000	0.000000	0.031746	0.111111	0.000000	0.000000	0.000000	0.047619	0.000000	0.000000	0.000000	0.000000	0.000000	0.000000	0.000000	0.000000	0.000000	0.000000	0.000000	7.674889	0.584505
/mnt/v/output/codec-corpus-2026-05-01-multiaxis/illustration-screen/illustration_113_256x83.png	large	256	83	4454.874023	0.275098	0.314995	0.019068	0.032781	0.315625	0.296875	163.992447	1.168966	0.566860	307.000000	0.014448	0.072500	0.111210	10.000000	0.756480	1.704790	66.000000	0.168935	2.485925	77.834373	80.578125	0.434375	0.000000	0.000000	0.000000	0.000000	0.000000	80.000000	80.000000	0.000000	0.000000	1.000000	0.000000	8.000000	0.000000	0.129706	3.626814	2.378855	0.000000	0.000000	1.000000	1.000000	0.318750	0.045313	48.506870	0.409375	0.189881	0.090873	0.000000	21248.000000	9.964018	83.000000	256.000000	63744.000000	0.324219	1.126337	0.060241	0.156627	3.000000	5.130800	5.487336	5.539929	5.556817	5.578106	0.000000	1.000000	1.000000	1.000000	0.000000	1.000000	1.000000	1.000000	3.000000	90.000000	155.000000	255.000000	255.000000	0.000000	0.000000	0.174603	0.333333	0.000000	0.000000	0.095238	0.158730	0.000000	0.000000	0.000000	0.000000	0.000000	0.000000	0.000000	0.000000	0.000000	0.000000	0.000000	0.753002	0.595188
/mnt/v/output/codec-corpus-2026-05-01-multiaxis/alpha/alpha_016_91x137.png	large	91	137	5413.324219	0.134641	0.512251	0.032527	0.018495	0.459893	0.090909	188.816452	0.202046	0.841911	317.000000	0.025427	0.269760	0.570700	55.000000	0.565760	0.521200	63.000000	0.084003	3.753272	32.668449	99.299469	0.106952	0.000000	0.000000	0.000000	0.000000	0.000000	80.000000	80.000000	0.000000	0.000000	1.000000	0.000000	8.000000	0.000000	0.188257	3.446021	1.606511	0.019787	0.018854	1.000000	1.000000	0.486631	0.010181	37.653870	0.187166	0.095068	0.084288	0.000000	12467.000000	9.430840	91.000000	137.000000	37401.000000	0.664234	0.409121	0.108847	0.232053	3.000000	3.936481	4.873825	5.282731	5.378803	5.453692	0.136221	0.516296	1.000000	1.000000	0.076985	0.774827	1.000000	1.000000	1.000000	8.000000	74.000000	152.000000	255.000000	0.000000	0.000000	0.063492	0.174603	0.000000	0.000000	0.063492	0.158730	0.000000	0.000000	0.000000	0.000000	0.000000	1.265702	0.000000	0.000000	0.019787	0.000000	0.000000	7.171178	0.747953
/mnt/v/output/codec-corpus-2026-05-01-multiaxis/illustration-screen/screencontent_154_185x255.png	large	185	255	4214.446289	0.254449	0.171187	0.029344	0.011141	0.218794	0.000000	61.449181	0.715663	0.895325	1746.000000	0.053284	0.060000	0.031770	4.000000	0.040070	0.026220	3.000000	0.297857	4.095899	30.740534	19.453016	0.005610	0.000000	0.000000	0.000000	0.000000	0.000000	80.000000	80.000000	0.000000	0.000000	1.000000	0.000000	8.000000	0.000000	0.104992	4.016704	0.919225	0.106113	0.051800	1.000000	1.000000	0.208976	0.468701	33.137661	0.000000	0.146775	0.035909	0.000000	47175.000000	10.761620	185.000000	255.000000	141525.000000	0.725490	0.320908	0.041908	0.041908	3.000000	4.349491	4.764239	4.981968	5.182526	5.290502	0.270977	1.000000	1.000000	1.000000	0.138076	0.368594	0.565045	0.747256	12.000000	38.000000	87.000000	234.000000	255.000000	0.000000	0.031746	0.126984	0.222222	0.000000	0.000000	0.031746	0.063492	0.000000	0.000000	1.000000	2.140223	2.388722	2.571108	0.055573	0.080466	0.106113	0.000000	0.000000	7.118753	0.711320
/mnt/v/output/codec-corpus-2026-05-01-multiaxis/illustration-screen/illustration_108_256x192.png	large	256	192	3038.121338	0.320296	0.068732	0.007488	0.006248	0.205729	0.067708	22.537479	0.588430	0.891115	975.000000	0.029755	0.004070	0.011970	0.000000	0.018920	0.038000	2.000000	0.289692	4.184526	28.252604	4.589844	0.062500	0.000000	0.000000	0.000000	0.000000	0.000000	80.000000	80.000000	0.000000	0.000000	1.000000	0.000000	8.000000	0.000000	0.236104	3.805304	1.322979	0.057206	0.018235	1.000000	1.000000	0.278646	0.168945	25.305668	0.066406	0.123574	0.007420	0.000000	49152.000000	10.802672	192.000000	256.000000	147456.000000	0.750000	0.287682	0.000000	0.000000	3.000000	4.309396	4.687390	4.937756	5.027698	5.297219	0.327282	0.949572	1.000000	1.000000	0.039914	0.090181	0.172059	0.283632	11.000000	40.000000	85.000000	193.000000	255.000000	0.000000	0.031746	0.111111	0.190476	0.000000	0.000000	0.000000	0.015873	0.000000	0.000000	0.000000	0.000000	0.000000	1.846550	0.000000	0.000000	0.057206	0.000000	0.000000	5.424940	0.721120
/mnt/v/output/codec-corpus-2026-05-01-multiaxis/illustration-screen/screencontent_147_187x256.png	large	187	256	6875.227051	0.478389	0.000000	0.000000	0.000000	0.230978	0.123641	0.000000	1.467319	0.543722	32.000000	0.000977	0.000000	0.000000	0.000000	0.000000	0.000000	0.000000	0.087200	3.342311	91.445656	0.000000	0.043478	0.000000	0.000000	0.000000	8.000000	1.000000	80.000000	80.000000	0.000000	0.000000	1.000000	0.000000	8.000000	0.000000	1.000000	4.409993	1.723020	0.025537	0.000000	1.000000	1.000000	0.505435	0.000000	38.533257	0.055707	0.204193	0.000000	1.000000	47872.000000	10.776286	187.000000	256.000000	143616.000000	0.730469	0.314069	0.026738	0.026738	3.000000	5.369863	5.496836	5.573499	5.606585	5.652749	0.720846	1.000000	1.000000	1.000000	0.000000	0.000000	0.000000	0.000000	27.000000	95.000000	146.000000	227.000000	255.000000	0.000000	0.079365	0.222222	0.333333	0.000000	0.000000	0.000000	0.000000	0.000000	0.000000	0.000000	0.000000	0.748916	1.301031	0.000000	0.012065	0.025537	0.000000	0.000000	0.140620	0.783295
/mnt/v/output/codec-corpus-2026-05-01-multiaxis/illustration-screen/illustration_086_192x256.png	large	192	256	3365.983154	0.227020	0.059782	0.004789	0.003352	0.273438	0.000000	24.999001	0.483407	1.130358	677.000000	0.020660	0.001860	0.002250	0.000000	0.004800	0.007110	2.000000	0.261477	4.387381	21.460938	2.781250	0.002604	0.000000	0.000000	0.000000	0.000000	0.000000	80.000000	80.000000	0.000000	0.000000	1.000000	0.000000	8.000000	0.000000	0.101074	3.722231	0.916097	0.102497	0.019345	1.000000	1.000000	0.326823	0.570862	21.549549	0.005208	0.094391	0.005291	0.000000	49152.000000	10.802672	192.000000	256.000000	147456.000000	0.750000	0.287682	0.000000	0.000000	3.000000	3.881263	4.514102	4.788852	5.024579	5.328089	0.222573	0.542178	1.000000	1.000000	0.029449	0.058963	0.138058	0.235001	7.000000	24.000000	71.000000	193.000000	255.000000	0.000000	0.015873	0.079365	0.158730	0.000000	0.000000	0.000000	0.015873	0.000000	0.000000	0.000000	1.816966	2.122165	2.370027	0.051215	0.076025	0.102497	0.000000	0.000000	8.253157	0.751167
/mnt/v/output/codec-corpus-2026-05-01-multiaxis/illustration-screen/screencontent_197_256x169.png	large	256	169	1445.869995	0.311951	0.067849	0.013141	0.006577	0.281250	0.050595	35.725277	0.989318	0.697669	715.000000	0.021820	0.011000	0.006760	0.000000	0.018540	0.014570	1.000000	0.358861	3.234969	33.703869	4.680059	0.044643	0.000000	0.000000	0.000000	0.000000	0.000000	80.000000	80.000000	0.000000	0.000000	1.000000	0.000000	8.000000	0.000000	0.032752	3.855096	1.296280	0.045366	0.026637	1.000000	1.000000	0.193452	0.846145	31.623121	0.004464	0.168296	0.010322	0.000000	43264.000000	10.675076	169.000000	256.000000	129792.000000	0.660156	0.415279	0.041420	0.136095	3.000000	4.487252	4.922679	5.060479	5.113378	5.198205	0.153456	1.000000	1.000000	1.000000	0.059020	0.157892	0.247334	0.302859	7.000000	54.000000	119.000000	255.000000	255.000000	0.000000	0.015873	0.142857	0.301587	0.000000	0.000000	0.000000	0.015873	0.000000	0.000000	0.000000	1.038916	1.393301	1.745149	0.021546	0.031954	0.045366	0.000000	0.000000	3.375957	0.708785
/mnt/v/output/codec-corpus-2026-05-01-multiaxis/illustration-screen/illustration_098_256x97.png	large	256	97	3453.659424	0.278186	0.167091	0.020169	0.017389	0.252604	0.000000	62.741585	0.779250	0.924379	2317.000000	0.093307	0.028160	0.025960	2.000000	0.151230	0.158740	17.000000	0.266042	3.635653	46.419270	22.205729	0.005208	0.000000	0.000000	0.000000	0.000000	0.000000	80.000000	80.000000	0.000000	0.000000	1.000000	0.000000	8.000000	0.000000	0.381081	3.963605	1.245701	0.034097	0.023175	1.000000	1.000000	0.239583	0.053304	40.924992	0.000000	0.166501	0.037078	0.000000	24832.000000	10.119888	97.000000	256.000000	74496.000000	0.378906	0.970466	0.072165	0.319588	3.000000	4.380880	4.987518	5.197140	5.345642	5.598483	0.195583	1.000000	1.000000	1.000000	0.060470	0.213078	0.612845	0.859677	7.000000	36.000000	110.000000	255.000000	255.000000	0.000000	0.000000	0.142857	0.285714	0.000000	0.000000	0.031746	0.063492	0.000000	0.000000	1.000000	1.458403	1.584753	1.722222	0.019597	0.025914	0.034097	0.000000	0.000000	5.149211	0.676110
/mnt/v/output/codec-corpus-2026-05-01-multiaxis/alpha/alpha_005_91x137.png	large	91	137	0.000000	0.000000	0.000000	0.000000	0.000000	1.000000	1.000000	0.000000	0.000000	0.000000	1.000000	0.000080	0.000000	0.000000	0.000000	0.000000	0.000000	0.000000	0.000000	0.000000	0.000000	0.000000	1.000000	0.000000	0.000000	0.000000	2.000000	1.000000	80.000000	80.000000	0.000000	0.000000	1.000000	0.000000	8.000000	0.000000	1.000000	-0.000001	0.000000	0.000000	0.000000	1.000000	1.000000	0.000000	0.000000	0.000000	1.000000	0.000000	0.000000	1.000000	12467.000000	9.430840	91.000000	137.000000	37401.000000	0.664234	0.409121	0.108847	0.232053	3.000000	0.000000	0.000000	0.000000	0.000000	0.000000	0.000000	0.000000	0.000000	0.000000	0.000000	0.000000	0.000000	0.000000	0.000000	0.000000	0.000000	0.000000	0.000000	0.000000	0.000000	0.000000	0.000000	0.000000	0.000000	0.000000	0.000000	0.000000	0.000000	0.000000	0.000000	0.000000	0.000000	0.000000	0.000000	0.000000	0.000000	0.000000	0.000000	0.000000
/mnt/v/output/codec-corpus-2026-05-01-multiaxis/illustration-screen/illustration_042_256x143.png	large	256	143	571.668091	0.051326	0.025470	0.001262	0.000819	0.880515	0.753676	8.458923	0.303462	1.370442	282.000000	0.008606	0.002570	0.002840	2.000000	0.007920	0.008430	5.000000	0.297685	2.491454	11.159926	1.205882	0.003676	0.000000	0.000000	0.000000	0.000000	0.000000	80.000000	80.000000	0.000000	0.000000	1.000000	0.000000	8.000000	0.000000	0.985823	1.964370	1.146958	0.023546	0.000000	1.000000	1.000000	0.125000	0.000000	55.798824	0.038603	0.037786	0.003005	0.000000	36608.000000	10.508022	143.000000	256.000000	109824.000000	0.558594	0.582333	0.006993	0.118881	3.000000	1.588277	1.826784	3.921998	5.108848	5.573156	0.034279	0.045071	0.060994	0.666396	0.000000	0.000000	0.000000	0.000000	1.000000	2.000000	4.000000	211.000000	255.000000	0.000000	0.000000	0.000000	0.000000	0.000000	0.000000	0.000000	0.000000	0.000000	0.000000	0.000000	0.767851	1.004725	1.215835	0.010318	0.019202	0.023546	0.000000	0.000000	28.588640	0.739819
/mnt/v/output/codec-corpus-2026-05-01-multiaxis/hdr/hdr_041_gain_mapped-video_games-warsow.jpg	large	700	438	1076.607910	0.086062	0.061046	0.002934	0.002841	0.467646	0.100255	21.044258	0.497260	1.443431	3101.000000	0.094635	0.000540	0.000720	0.000000	0.004310	0.003390	3.000000	0.194633	3.380830	12.091915	3.510638	0.003404	0.000000	0.000000	0.000000	0.000000	0.000000	80.000000	80.000000	0.000000	0.000000	1.000000	0.000000	8.000000	0.000000	0.238053	3.069192	1.048553	0.043854	0.000000	1.000000	1.000000	0.391489	0.029795	37.310101	0.026383	0.052820	0.005836	0.000000	306600.000000	12.633299	438.000000	700.000000	919800.000000	0.625714	0.468861	0.010307	0.028676	3.000000	3.160393	3.727780	4.318890	4.883964	5.514631	0.097434	0.255208	0.558391	1.000000	0.011793	0.031746	0.066295	0.175354	4.000000	12.000000	27.000000	137.000000	255.000000	0.000000	0.000000	0.031746	0.063492	0.000000	0.000000	0.000000	0.000000	0.000000	0.000000	0.000000	0.941233	1.301030	1.573307	0.019424	0.031154	0.043854	0.000000	0.000000	37.858601	0.787264
/mnt/v/output/codec-corpus-2026-05-01-multiaxis/grayscale/gray_013_47x47.png	large	47	47	3824.500732	0.461957	0.000000	0.000000	0.000000	0.200000	0.200000	0.000000	0.917655	0.524400	32.000000	0.014486	0.000000	0.000000	0.000000	0.000000	0.000000	0.000000	0.535136	2.408185	79.519997	0.000000	0.200000	0.000000	0.000000	0.000000	8.000000	1.000000	80.000000	80.000000	0.000000	0.000000	1.000000	0.000000	8.000000	0.000000	1.000000	4.159392	2.087151	0.000000	0.000000	1.000000	1.000000	0.000000	0.000000	46.779705	0.200000	0.252698	0.000000	1.000000	2209.000000	7.700295	47.000000	47.000000	6627.000000	1.000000	0.000000	0.043006	0.854233	3.000000														51.000000	160.000000	240.000000	255.000000	255.000000									0.000000	0.000000	0.000000									-1.125445	0.520300
/mnt/v/output/codec-corpus-2026-05-01-multiaxis/grayscale/gray_041_73x73.png	large	73	73	1592.234253	0.175733	0.000000	0.000000	0.000000	0.469136	0.432099	0.000000	0.602874	0.684417	29.000000	0.005442	0.000000	0.000000	0.000000	0.000000	0.000000	0.000000	0.442969	1.150789	49.209877	0.000000	0.296296	0.000000	0.000000	0.000000	8.000000	1.000000	80.000000	80.000000	0.000000	0.000000	1.000000	0.000000	8.000000	0.000000	1.000000	2.799510	2.259563	0.000000	0.000000	1.000000	1.000000	0.037037	0.000000	48.802658	0.308642	0.168528	0.000000	1.000000	5329.000000	8.580919	73.000000	73.000000	15987.000000	1.000000	0.000000	0.200976	0.729405	3.000000														0.000000	8.000000	138.000000	255.000000	255.000000									0.000000	0.000000	0.000000									4.062425	0.433392
/mnt/v/output/codec-corpus-2026-05-01-multiaxis/hdr/hdr_026_gain_mapped-photo-canada_national_football_team_wc2022.jpg	large	799	528	4318.137695	0.312330	0.134890	0.007001	0.006098	0.091368	0.000765	49.291691	1.429092	1.107682	7384.000000	0.225342	0.001500	0.001180	0.000000	0.007410	0.006860	1.000000	0.180762	4.628881	32.015610	10.036731	0.000000	0.000000	0.000000	0.000000	0.000000	0.000000	80.000000	80.000000	0.000000	0.000000	1.000000	0.000000	8.000000	0.000000	0.089207	4.103516	0.754806	0.245734	0.030360	1.000000	1.000000	0.358127	0.158588	27.837103	0.000000	0.136327	0.017272	0.000000	421872.000000	12.952457	528.000000	799.000000	1265616.000000	0.660826	0.414265	0.001252	0.031593	3.000000	4.094414	4.678445	5.048065	5.248038	5.525933	0.411793	0.787664	1.000000	1.000000	0.050661	0.112253	0.242829	0.422978	15.000000	37.000000	71.000000	180.000000	255.000000	0.015873	0.063492	0.111111	0.190476	0.000000	0.000000	0.015873	0.031746	0.000000	0.000000	1.000000	2.080029	2.781351	3.136066	0.080390	0.165876	0.245734	0.000000	0.000000	9.306364	0.768568
/mnt/v/output/codec-corpus-2026-05-01-multiaxis/illustration-screen/illustration_047_256x47.png	large	256	47	0.000000	0.000000	0.000000	0.000000	0.000000	1.000000	1.000000	0.000000	0.000000	0.000000	1.000000	0.000083	0.000000	0.000000	0.000000	0.000000	0.000000	0.000000	0.000000	0.000000	0.000000	0.000000	1.000000	0.000000	0.000000	0.000000	2.000000	1.000000	80.000000	80.000000	0.000000	0.000000	1.000000	0.000000	8.000000	0.000000	1.000000	-0.000001	0.000000	0.000000	0.000000	1.000000	1.000000	0.000000	0.000000	0.000000	1.000000	0.000000	0.000000	1.000000	12032.000000	9.395325	47.000000	256.000000	36096.000000	0.183594	1.695030	0.021277	0.361702	3.000000	0.000000	0.000000	0.000000	0.000000	0.000000	0.000000	0.000000	0.000000	0.000000	0.000000	0.000000	0.000000	0.000000	0.000000	0.000000	0.000000	0.000000	0.000000	0.000000	0.000000	0.000000	0.000000	0.000000	0.000000	0.000000	0.000000	0.000000	0.000000	0.000000	0.000000	0.000000	0.000000	0.000000	0.000000	0.000000	0.000000	0.000000	0.000000	0.000000
/mnt/v/output/codec-corpus-2026-05-01-multiaxis/illustration-screen/illustration_017_256x131.png	large	256	131	4806.773926	0.589614	0.169582	0.038816	0.030108	0.019531	0.000000	71.221703	3.228772	0.575288	3559.000000	0.108612	0.090370	0.093360	6.000000	0.485830	0.392760	32.000000	0.665734	4.699833	83.132812	43.064453	0.000000	0.000000	0.000000	0.000000	0.000000	0.000000	80.000000	80.000000	0.000000	0.000000	1.000000	0.000000	8.000000	0.000000	0.038585	4.824968	0.625138	0.609842	0.148353	1.000000	1.000000	0.173828	0.229675	48.843880	0.000000	0.294395	0.056765	0.000000	33536.000000	10.420375	131.000000	256.000000	100608.000000	0.511719	0.669980	0.038168	0.221374	3.000000	5.065154	5.282917	5.392967	5.435678	5.508397	1.000000	1.000000	1.000000	1.000000	0.202656	0.310294	1.000000	1.000000	45.000000	131.000000	235.000000	255.000000	255.000000	0.079365	0.158730	0.285714	0.428571	0.000000	0.015873	0.031746	0.095238	0.000000	1.000000	3.000000	2.841946	3.460238	3.879826	0.178171	0.409309	0.609842	0.015873	0.031746	-0.402197	0.673657
/mnt/v/output/codec-corpus-2026-05-01-multiaxis/illustration-screen/screencontent_150_192x256.png	large	192	256	3504.724854	0.473730	0.113276	0.034737	0.019663	0.098958	0.078125	45.502289	1.284476	0.764898	949.000000	0.028961	0.107620	0.090870	3.000000	0.281820	0.239290	24.000000	0.318880	3.754375	44.532551	20.079428	0.095052	0.000000	0.000000	0.000000	0.000000	0.000000	80.000000	80.000000	0.000000	0.000000	1.000000	0.000000	8.000000	0.000000	0.132833	4.264668	1.234395	0.196965	0.029818	1.000000	1.000000	0.226562	0.278707	29.000809	0.113281	0.188368	0.035239	0.000000	49152.000000	10.802672	192.000000	256.000000	147456.000000	0.750000	0.287682	0.000000	0.000000	3.000000	4.611526	4.925971	5.055190	5.192145	5.360730	0.897600	1.000000	1.000000	1.000000	0.078675	0.403971	0.608219	1.000000	32.000000	76.000000	117.000000	255.000000	255.000000	0.015873	0.095238	0.190476	0.269841	0.000000	0.000000	0.031746	0.063492	0.000000	0.000000	0.000000	0.000000	0.676691	3.080575	0.000000	0.010699	0.196965	0.000000	0.000000	2.706775	0.672457
/mnt/v/output/codec-corpus-2026-05-01-multiaxis/alpha/alpha_034_91x137.png	large	91	137	6763.095703	0.112990	0.049315	0.005588	0.001883	0.647059	0.620321	15.506122	1.766535	0.966935	273.000000	0.021898	0.054760	0.042230	36.000000	0.041610	0.094380	42.000000	0.567405	1.579010	60.358288	4.882353	0.620321	0.000000	0.000000	0.000000	0.000000	0.000000	80.000000	80.000000	0.000000	0.000000	1.000000	0.000000	8.000000	0.000000	0.952916	1.830215	2.412460	0.000000	0.000000	1.000000	1.000000	0.021390	0.000808	97.830063	0.620321	0.138358	0.007215	0.000000	12467.000000	9.430840	91.000000	137.000000	37401.000000	0.664234	0.409121	0.108847	0.232053	3.000000	0.000000	4.674058	5.541790	5.641794	5.795355	0.000000	0.000000	1.000000	1.000000	0.000000	0.000000	0.000000	0.111570	0.000000	0.000000	79.000000	255.000000	255.000000	0.000000	0.000000	0.000000	0.253968	0.000000	0.000000	0.000000	0.000000	0.000000	0.000000	0.000000	0.000000	0.000000	0.000000	0.000000	0.000000	0.000000	0.000000	0.000000	6.963179	0.237803
/mnt/v/output/codec-corpus-2026-05-01-multiaxis/illustration-screen/illustration_013_255x53.png	large	255	53	3767.981445	0.471457	0.062290	0.021009	0.014288	0.037634	0.005376	29.582138	1.059235	0.753501	402.000000	0.029745	0.023720	0.024440	0.000000	0.069040	0.069520	2.000000	0.368678	3.919934	68.967743	10.247312	0.032258	0.000000	0.000000	0.000000	0.000000	0.000000	80.000000	80.000000	0.000000	0.000000	1.000000	0.000000	8.000000	0.000000	0.059785	4.526241	0.816007	0.353354	0.066704	1.000000	1.000000	0.107527	0.000000	45.160782	0.000000	0.254395	0.022956	0.000000	13515.000000	9.511556	53.000000	255.000000	40545.000000	0.207843	1.570972	0.060747	0.212283	3.000000	4.527442	5.291527	5.403850	5.441624	5.558884	0.554171	1.000000	1.000000	1.000000	0.126436	0.225999	0.388135	0.565499	29.000000	78.000000	163.000000	255.000000	255.000000	0.047619	0.111111	0.238095	0.380952	0.000000	0.000000	0.015873	0.031746	0.000000	0.000000	1.000000	1.821085	3.242899	3.545352	0.040636	0.289584	0.353354	0.000000	0.031746	1.627734	0.674783
/mnt/v/output/codec-corpus-2026-05-01-multiaxis/grayscale/gray_027_137x137.png	large	137	137	9169.718750	0.148194	0.000000	0.000000	0.000000	0.602076	0.570934	0.000000	0.717035	0.870297	32.000000	0.001705	0.000000	0.000000	0.000000	0.000000	0.000000	0.000000	0.135339	1.626800	62.131489	0.000000	0.539792	0.000000	0.000000	0.000000	8.000000	1.000000	80.000000	80.000000	0.000000	0.000000	1.000000	0.000000	8.000000	0.000000	1.000000	2.186068	2.507665	0.000000	0.000000	1.000000	1.000000	0.141869	0.000000	58.213264	0.529412	0.132696	0.000000	1.000000	18769.000000	9.839962	137.000000	137.000000	56307.000000	1.000000	0.000000	0.104800	0.363951	3.000000	0.000000	5.185560	5.659294	5.739263	5.797840	0.000000	0.000000	1.000000	1.000000	0.000000	0.000000	0.000000	0.000000	0.000000	4.000000	109.000000	255.000000	255.000000	0.000000	0.000000	0.000000	0.333333	0.000000	0.000000	0.000000	0.000000	0.000000	0.000000	0.000000	0.000000	0.000000	0.000000	0.000000	0.000000	0.000000	0.000000	0.000000	5.806087	0.353706
/mnt/v/output/codec-corpus-2026-05-01-multiaxis/grayscale/gray_049_47x47.png	large	47	47	1464.866333	0.531522	0.000000	0.000000	0.000000	0.040000	0.000000	0.000000	0.300805	0.482165	23.000000	0.010412	0.000000	0.000000	0.000000	0.000000	0.000000	0.000000	0.573019	3.594289	32.040001	0.000000	0.000000	0.000000	0.000000	0.000000	8.000000	1.000000	80.000000	80.000000	0.000000	0.000000	1.000000	0.000000	8.000000	0.000000	1.000000	4.416540	0.548693	0.475601	0.000000	1.000000	1.000000	0.040000	0.000000	25.107883	0.000000	0.219683	0.000000	1.000000	2209.000000	7.700295	47.000000	47.000000	6627.000000	1.000000	0.000000	0.043006	0.854233	3.000000														35.000000	75.000000	134.000000	255.000000	255.000000									0.000000	0.000000	0.000000									2.244810	0.637999
/mnt/v/output/codec-corpus-2026-05-01-multiaxis/illustration-screen/illustration_094_256x256.png	large	256	256	6816.907227	0.026544	0.114072	0.003400	0.001148	0.880859	0.873047	57.223377	0.195170	1.159253	79.000000	0.002411	0.004990	0.002040	0.000000	0.004510	0.002480	0.000000	0.037566	0.841197	15.865234	5.255859	0.942383	0.000000	0.000000	0.000000	8.000000	1.000000	80.000000	80.000000	0.000000	0.000000	1.000000	0.000000	8.000000	0.000000	0.147552	0.706793	1.780352	0.000000	0.000000	1.000000	1.000000	0.099609	0.847809	54.106133	0.948242	0.021267	0.006789	0.000000	65536.000000	11.090355	256.000000	256.000000	196608.000000	1.000000	0.000000	0.000000	0.000000	3.000000	0.000000	0.000000	5.373320	5.563405	5.746099	0.000000	0.000000	0.000000	1.000000	0.000000	0.000000	0.000000	0.703617	0.000000	0.000000	0.000000	174.000000	255.000000	0.000000	0.000000	0.000000	0.000000	0.000000	0.000000	0.000000	0.000000	0.000000	0.000000	0.000000	0.000000	0.000000	0.000000	0.000000	0.000000	0.000000	0.000000	0.000000	45.449997	0.133004
/mnt/v/output/codec-corpus-2026-05-01-multiaxis/hdr/hdr_052_Ultra_HDR_Samples_Originals_05_resized_640x481.jpg	large	640	481	1889.369507	0.041396	0.034840	0.002182	0.001462	0.545000	0.012292	19.178190	0.160927	1.628891	572.000000	0.017456	0.000450	0.000470	0.000000	0.001400	0.001420	0.000000	0.157211	4.136400	6.693333	0.665833	0.003333	0.000000	0.000000	0.000000	0.000000	0.000000	80.000000	80.000000	0.000000	0.000000	1.000000	0.000000	8.000000	0.000000	0.034651	3.002844	0.776846	0.077338	0.000000	1.000000	1.000000	0.513333	0.000000	22.138123	0.010000	0.038558	0.001336	0.000000	307840.000000	12.637336	481.000000	640.000000	923520.000000	0.751562	0.285601	0.014553	0.064449	3.000000	2.931966	3.593335	4.068213	4.353620	4.791611	0.122821	0.218697	0.469543	0.800723	0.025924	0.032691	0.053542	0.098095	3.000000	7.000000	16.000000	78.000000	255.000000	0.000000	0.000000	0.015873	0.047619	0.000000	0.000000	0.000000	0.000000	0.000000	0.000000	0.000000	1.501531	1.861833	2.054757	0.038417	0.062172	0.077338	0.000000	0.000000	61.710003	0.866541
/mnt/v/output/codec-corpus-2026-05-01-multiaxis/hdr/hdr_028_gain_mapped-photo-laser_milky_way.jpg	large	1320	1198	922.535034	0.349691	0.042119	0.008948	0.006996	0.102783	0.000989	15.108052	5.153728	1.231975	5846.000000	0.178406	0.004000	0.003110	1.000000	0.014780	0.011640	3.000000	1.225515	3.370571	14.090732	4.901464	0.000000	0.000000	0.000000	0.000000	0.000000	0.000000	80.000000	80.000000	0.000000	0.000000	1.000000	0.000000	8.000000	0.000000	0.100821	3.868415	0.610204	0.157008	0.030456	1.000000	1.000000	0.022439	0.022752	29.907698	0.000000	0.129772	0.010468	0.000000	1581360.000000	14.273796	1198.000000	1320.000000	4744080.000000	0.907576	0.096978	0.001669	0.033480	3.000000	3.878346	4.336807	4.652081	4.778514	5.077256	0.238490	0.400081	0.716144	1.000000	0.056422	0.102593	0.169878	0.243152	23.000000	50.000000	89.000000	245.000000	255.000000	0.000000	0.015873	0.079365	0.222222	0.000000	0.000000	0.000000	0.015873	0.000000	1.000000	3.000000	2.411621	2.842570	3.067158	0.092802	0.126284	0.157008	0.000000	0.000000	7.252823	0.396207
/mnt/v/output/codec-corpus-2026-05-01-multiaxis/hdr/hdr_030_gain_mapped-photo-tokyo_resized_640x426.jpg	large	640	426	2988.051270	0.362949	0.158037	0.023892	0.018751	0.195755	0.044340	59.406712	2.532270	0.946987	12726.000000	0.388367	0.055690	0.049490	15.000000	0.222610	0.189190	40.000000	0.301469	4.177671	40.541508	32.879246	0.001887	0.000000	0.000000	0.000000	0.000000	0.000000	80.000000	80.000000	0.000000	0.000000	1.000000	0.000000	8.000000	0.000000	0.118750	4.041405	1.091370	0.090806	0.000000	1.000000	1.000000	0.214151	0.221647	34.460175	0.000000	0.166667	0.038080	0.000000	272640.000000	12.515907	426.000000	640.000000	817920.000000	0.665625	0.407029	0.014085	0.051643	3.000000	4.361463	4.895157	5.161094	5.273750	5.414005	0.347602	1.000000	1.000000	1.000000	0.052435	0.154063	0.442371	1.000000	16.000000	52.000000	112.000000	255.000000	255.000000	0.000000	0.047619	0.142857	0.269841	0.000000	0.000000	0.015873	0.063492	0.000000	0.000000	1.000000	1.306090	1.672094	2.302622	0.028276	0.046382	0.090806	0.000000	0.000000	4.240273	0.742943
/mnt/v/output/codec-corpus-2026-05-01-multiaxis/alpha/alpha_017_91x137.png	large	91	137	5362.886719	0.211111	0.046457	0.003234	0.002525	0.508021	0.433155	15.920351	0.545876	0.748350	256.000000	0.020534	0.003110	0.001380	1.000000	0.020120	0.007980	9.000000	0.112606	2.536985	58.877007	2.764706	0.481283	0.000000	0.000000	0.000000	8.000000	1.000000	80.000000	80.000000	0.000000	0.000000	1.000000	0.000000	8.000000	0.000000	0.929895	2.712367	2.454908	0.000000	0.000000	1.000000	1.000000	0.315508	0.000000	59.074284	0.481283	0.118920	0.005517	0.000000	12467.000000	9.430840	91.000000	137.000000	37401.000000	0.664234	0.409121	0.108847	0.232053	3.000000	3.065743	5.309454	5.683048	5.695575	5.731855	0.000000	0.222410	1.000000	1.000000	0.000000	0.010857	0.026943	0.249116	0.000000	22.000000	130.000000	255.000000	255.000000	0.000000	0.000000	0.031746	0.269841	0.000000	0.000000	0.000000	0.000000	0.000000	0.000000	0.000000	0.000000	0.000000	0.000000	0.000000	0.000000	0.000000	0.000000	0.000000	3.906066	0.493616
/mnt/v/output/codec-corpus-2026-05-01-multiaxis/illustration-screen/illustration_014_256x48.png	large	256	48	5924.463867	0.232040	0.106106	0.015300	0.009308	0.348958	0.203125	37.477020	0.283517	1.056519	1079.000000	0.087809	0.028530	0.025060	2.000000	0.072360	0.077190	7.000000	0.211780	3.718009	25.401041	10.880208	0.135417	0.000000	0.000000	0.000000	0.000000	0.000000	80.000000	80.000000	0.000000	0.000000	1.000000	0.000000	8.000000	0.000000	0.402425	3.282695	1.713262	0.000000	0.000000	1.000000	1.000000	0.286458	0.056966	31.886896	0.140625	0.117560	0.022239	0.000000	12288.000000	9.416378	48.000000	256.000000	36864.000000	0.187500	1.673976	0.000000	0.333333	3.000000	4.004147	4.489507	5.002638	5.172731	5.496852	0.127457	0.705479	1.000000	1.000000	0.043162	0.243826	0.362389	0.460969	3.000000	26.000000	64.000000	234.000000	255.000000	0.000000	0.000000	0.111111	0.174603	0.000000	0.000000	0.015873	0.031746	0.000000	0.000000	0.000000	0.000000	0.000000	0.000000	0.000000	0.000000	0.000000	0.000000	0.000000	11.952904	0.662277
/mnt/v/output/codec-corpus-2026-05-01-multiaxis/alpha/alpha_006_91x137.png	large	91	137	7282.166992	0.149101	0.272478	0.039904	0.023596	0.443850	0.262032	100.490410	2.315340	0.929861	423.000000	0.033930	0.308510	0.265960	36.000000	0.967380	0.855180	157.000000	1.003682	2.516333	57.620319	64.737968	0.267380	0.000000	0.000000	0.000000	0.000000	0.000000	80.000000	80.000000	0.000000	0.000000	1.000000	0.000000	8.000000	0.000000	0.451432	3.012487	2.050451	0.000000	0.000000	1.000000	1.000000	0.026738	0.000162	103.131958	0.256684	0.184959	0.068415	0.000000	12467.000000	9.430840	91.000000	137.000000	37401.000000	0.664234	0.409121	0.108847	0.232053	3.000000	3.240534	4.826971	5.439415	5.561477	5.691649	0.005629	0.273055	1.000000	1.000000	0.000000	0.384538	1.000000	1.000000	0.000000	15.000000	88.000000	255.000000	255.000000	0.000000	0.000000	0.047619	0.412698	0.000000	0.000000	0.047619	0.126984	0.000000	0.000000	0.000000	0.000000	0.000000	0.000000	0.000000	0.000000	0.000000	0.000000	0.000000	5.570076	0.429319
/mnt/v/output/codec-corpus-2026-05-01-multiaxis/illustration-screen/illustration_114_256x153.png	large	256	153	650.548035	0.099587	0.050705	0.002981	0.002464	0.718750	0.613487	17.349092	0.486474	1.315007	314.000000	0.009583	0.013790	0.011920	6.000000	0.043640	0.105150	63.000000	0.428972	0.765073	14.986842	4.105263	0.601974	0.000000	0.000000	0.000000	0.000000	0.000000	80.000000	80.000000	0.000000	0.000000	1.000000	0.000000	8.000000	0.000000	0.976588	1.579798	2.074408	0.000000	0.000000	1.000000	1.000000	0.006579	0.001131	38.595947	0.598684	0.075632	0.007388	0.000000	39168.000000	10.575615	153.000000	256.000000	117504.000000	0.597656	0.514740	0.045752	0.045752	3.000000	0.000000	4.145282	4.897786	5.019584	5.415766	0.000000	0.000000	0.728304	1.000000	0.000000	0.000000	0.000000	0.025628	0.000000	1.000000	47.000000	243.000000	255.000000	0.000000	0.000000	0.000000	0.142857	0.000000	0.000000	0.000000	0.000000	0.000000	0.000000	0.000000	0.000000	0.000000	0.000000	0.000000	0.000000	0.000000	0.000000	0.000000	13.361928	0.259688
/mnt/v/output/codec-corpus-2026-05-01-multiaxis/hdr/hdr_038_gain_mapped-video_games-guacamelee.jpg	large	700	394	3860.336182	0.048550	0.097051	0.003813	0.004034	0.536242	0.218391	42.198627	0.186304	1.671092	5585.000000	0.170441	0.001860	0.002530	1.000000	0.006770	0.013940	5.000000	0.107205	4.056379	10.516886	6.869606	0.066604	0.000000	0.000000	0.000000	0.000000	0.000000	80.000000	80.000000	0.000000	0.000000	1.000000	0.000000	8.000000	0.000000	0.068604	2.767188	1.302597	0.019316	0.000000	1.000000	1.000000	0.573171	0.006345	29.969776	0.157598	0.042527	0.010751	0.000000	275800.000000	12.527431	394.000000	700.000000	827400.000000	0.562857	0.574729	0.021030	0.061871	3.000000	2.982999	3.662296	4.376225	4.736085	5.220105	0.071591	0.239461	0.528757	1.000000	0.022759	0.053403	0.128728	0.316038	2.000000	5.000000	14.000000	85.000000	255.000000	0.000000	0.000000	0.015873	0.047619	0.000000	0.000000	0.000000	0.015873	0.000000	0.000000	0.000000	0.000000	0.000000	0.954243	0.000000	0.000000	0.019316	0.000000	0.000000	64.905739	0.809691
/mnt/v/output/codec-corpus-2026-05-01-multiaxis/grayscale/gray_014_91x91.png	large	91	91	1490.358765	0.741793	0.000000	0.000000	0.000000	0.016529	0.016529	0.000000	0.805938	0.638770	26.000000	0.003140	0.000000	0.000000	0.000000	0.000000	0.000000	0.000000	0.729417	3.409912	37.396694	0.000000	0.000000	0.000000	0.000000	0.000000	8.000000	1.000000	80.000000	80.000000	0.000000	0.000000	1.000000	0.000000	8.000000	0.000000	1.000000	4.544623	0.654003	0.475675	0.000000	1.000000	1.000000	0.107438	0.000000	29.787849	0.016529	0.171455	0.000000	1.000000	8281.000000	9.021719	91.000000	91.000000	24843.000000	1.000000	0.000000	0.112909	0.112909	3.000000	4.506245	4.877717	5.045611	5.195401	5.249703	0.614000	1.000000	1.000000	1.000000	0.000000	0.000000	0.000000	0.000000	60.000000	105.000000	148.000000	255.000000	255.000000	0.095238	0.126984	0.158730	0.190476	0.000000	0.000000	0.000000	0.000000	0.000000	0.000000	2.000000	0.297622	4.241365	4.302374	0.003329	0.418424	0.475675	0.000000	0.047619	0.828108	0.465403
/mnt/v/output/codec-corpus-2026-05-01-multiaxis/illustration-screen/illustration_043_256x96.png	large	256	96	3949.808350	0.033024	0.279993	0.003352	0.007859	0.078125	0.072917	118.885574	0.096280	1.091569	60.000000	0.002441	0.006290	0.005180	0.000000	0.226570	0.186790	22.000000	0.065777	2.015248	17.380209	23.007812	0.221354	0.000000	0.000000	0.000000	8.000000	1.000000	80.000000	80.000000	0.000000	0.000000	1.000000	0.000000	8.000000	0.000000	0.818563	3.406551	1.112943	0.308412	0.000000	1.000000	1.000000	0.164062	0.005452	42.190338	0.221354	0.071057	0.017898	0.000000	24576.000000	10.109526	96.000000	256.000000	73728.000000	0.375000	0.980829	0.000000	0.000000	3.000000	3.439017	3.461010	5.199494	5.435491	5.487700	0.346702	0.398119	0.404975	1.000000	0.000000	0.000000	0.000000	1.000000	6.000000	12.000000	20.000000	134.000000	242.000000	0.015873	0.047619	0.047619	0.079365	0.000000	0.000000	0.000000	0.000000	0.000000	0.000000	0.000000	0.000000	0.000000	3.308084	0.000000	0.000000	0.308412	0.000000	0.000000	32.585842	0.784347
/mnt/v/output/codec-corpus-2026-05-01-multiaxis/grayscale/gray_042_73x73.png	large	73	73	1199.448730	0.270255	0.000000	0.000000	0.000000	0.296296	0.271605	0.000000	0.464670	0.633048	26.000000	0.004879	0.000000	0.000000	0.000000	0.000000	0.000000	0.000000	0.615258	1.687268	32.296295	0.000000	0.259259	0.000000	0.000000	0.000000	8.000000	1.000000	80.000000	80.000000	0.000000	0.000000	1.000000	0.000000	8.000000	0.000000	1.000000	3.484512	2.001467	0.000000	0.000000	1.000000	1.000000	0.049383	0.000000	36.106102	0.197531	0.161278	0.000000	1.000000	5329.000000	8.580919	73.000000	73.000000	15987.000000	1.000000	0.000000	0.200976	0.729405	3.000000														2.000000	55.000000	141.000000	255.000000	255.000000									0.000000	0.000000	0.000000									2.355290	0.508686
/mnt/v/output/codec-corpus-2026-05-01-multiaxis/illustration-screen/illustration_055_256x256.png	large	256	256	7583.977539	0.312265	0.233242	0.040746	0.009312	0.405273	0.267578	80.289101	0.619905	0.744411	1474.000000	0.044983	0.065090	0.074800	3.000000	0.025190	0.024690	3.000000	0.094859	3.135428	47.788086	36.951172	0.219727	0.000000	0.000000	0.000000	0.000000	0.000000	80.000000	80.000000	0.000000	0.000000	1.000000	0.000000	8.000000	0.000000	0.452087	3.333672	2.167216	0.000000	0.000000	1.000000	1.000000	0.350586	0.011871	29.598761	0.234375	0.135835	0.058950	0.000000	65536.000000	11.090355	256.000000	256.000000	196608.000000	1.000000	0.000000	0.000000	0.000000	3.000000	4.425582	5.303874	5.415107	5.486522	5.571754	0.027715	1.000000	1.000000	1.000000	0.004222	0.583251	1.000000	1.000000	5.000000	42.000000	90.000000	166.000000	255.000000	0.000000	0.000000	0.142857	0.253968	0.000000	0.000000	0.063492	0.111111	0.000000	0.000000	0.000000	0.000000	0.000000	0.000000	0.000000	0.000000	0.000000	0.000000	0.000000	2.555901	0.655414
/mnt/v/output/codec-corpus-2026-05-01-multiaxis/illustration-screen/screencontent_140_194x255.png	large	194	255	1005.052917	0.421883	0.017599	0.005458	0.006098	0.001344	0.000000	8.625405	0.739628	0.953500	286.000000	0.008728	0.002710	0.001690	0.000000	0.018220	0.013660	1.000000	0.456220	3.520233	21.708334	1.256720	0.000000	0.000000	0.000000	0.000000	0.000000	0.000000	80.000000	80.000000	0.000000	0.000000	1.000000	0.000000	8.000000	0.000000	0.100708	4.153761	0.512358	0.242007	0.020401	1.000000	1.000000	0.045699	0.173512	17.310081	0.000000	0.155445	0.001451	0.000000	49470.000000	10.809122	194.000000	255.000000	148410.000000	0.760784	0.273405	0.034971	0.159167	3.000000	4.335362	4.488804	4.612873	4.689102	5.189890	0.412902	0.863839	1.000000	1.000000	0.034258	0.061954	0.102836	0.137079	29.000000	58.000000	96.000000	178.000000	255.000000	0.015873	0.079365	0.174603	0.222222	0.000000	0.000000	0.000000	0.000000	0.000000	2.000000	5.000000	3.172895	3.249550	3.327483	0.177079	0.212424	0.242007	0.000000	0.000000	3.289231	0.586536
/mnt/v/output/codec-corpus-2026-05-01-multiaxis/illustration-screen/screencontent_160_255x158.png	large	255	158	2424.695312	0.455242	0.037794	0.005871	0.002948	0.115450	0.027165	14.515783	0.664397	0.741700	559.000000	0.017059	0.000990	0.001500	0.000000	0.001810	0.003060	0.000000	0.244980	4.172876	39.205433	4.315790	0.022071	0.000000	0.000000	0.000000	0.000000	0.000000	80.000000	80.000000	0.000000	0.000000	1.000000	0.000000	8.000000	0.000000	0.157310	4.266843	0.902070	0.197704	0.053116	1.000000	1.000000	0.123939	0.000026	22.813225	0.013582	0.181179	0.008085	0.000000	40290.000000	10.603859	158.000000	255.000000	120870.000000	0.619608	0.478669	0.016629	0.016629	3.000000	4.546971	4.795034	5.005405	5.113076	5.251585	0.807379	1.000000	1.000000	1.000000	0.084939	0.122544	0.171582	0.222367	23.000000	55.000000	97.000000	188.000000	255.000000	0.015873	0.095238	0.190476	0.269841	0.000000	0.000000	0.000000	0.015873	0.000000	0.000000	1.000000	0.467975	2.743007	2.979093	0.006976	0.134321	0.197704	0.000000	0.000000	3.408973	0.749147
/mnt/v/output/codec-corpus-2026-05-01-multiaxis/illustration-screen/screencontent_169_256x153.png	large	256	153	4696.916504	0.506837	0.142073	0.013671	0.025324	0.057566	0.000000	56.437950	1.288928	0.703601	881.000000	0.026886	0.022820	0.008530	1.000000	0.850640	0.160480	44.000000	0.186589	4.370365	66.743423	27.231909	0.000000	0.000000	0.000000	0.000000	0.000000	0.000000	80.000000	80.000000	0.000000	0.000000	1.000000	0.000000	8.000000	0.000000	0.230443	4.699049	0.707699	0.456616	0.030404	1.000000	1.000000	0.277961	0.132478	32.534962	0.003289	0.217836	0.028195	0.000000	39168.000000	10.575615	153.000000	256.000000	117504.000000	0.597656	0.514740	0.045752	0.045752	3.000000	4.809916	5.196088	5.340634	5.391021	5.538316	1.000000	1.000000	1.000000	1.000000	0.045663	0.084164	0.408819	1.000000	34.000000	87.000000	134.000000	241.000000	255.000000	0.063492	0.111111	0.222222	0.301587	0.000000	0.000000	0.000000	0.047619	0.000000	1.000000	2.000000	2.342422	2.893727	3.615422	0.109551	0.209371	0.456616	0.000000	0.015873	1.155274	0.789014
/mnt/v/output/codec-corpus-2026-05-01-multiaxis/grayscale/gray_045_137x137.png	large	137	137	9719.945312	0.488646	0.000000	0.000000	0.000000	0.235294	0.224913	0.000000	4.386524	0.481906	32.000000	0.001705	0.000000	0.000000	0.000000	0.000000	0.000000	0.000000	0.505210	2.784585	162.314880	0.000000	0.183391	0.000000	0.000000	0.000000	8.000000	1.000000	80.000000	80.000000	0.000000	0.000000	1.000000	0.000000	8.000000	0.000000	1.000000	4.328641	2.226429	0.000000	0.000000	1.000000	1.000000	0.038062	0.000000	65.806137	0.176471	0.346076	0.000000	1.000000	18769.000000	9.839962	137.000000	137.000000	56307.000000	1.000000	0.000000	0.104800	0.363951	3.000000	5.617729	5.681053	5.717335	5.729031	5.766243	0.775095	1.000000	1.000000	1.000000	0.000000	0.000000	0.000000	0.000000	57.000000	215.000000	255.000000	255.000000	255.000000	0.000000	0.190476	0.428571	0.523810	0.000000	0.000000	0.000000	0.000000	0.000000	0.000000	0.000000	0.000000	0.000000	0.000000	0.000000	0.000000	0.000000	0.000000	0.000000	-1.534696	0.542767
/mnt/v/output/codec-corpus-2026-05-01-multiaxis/illustration-screen/illustration_099_256x256.png	large	256	256	11168.605469	0.038324	0.000095	0.000004	0.000004	0.826172	0.818359	0.032899	0.302128	1.118500	34.000000	0.001038	0.000000	0.000000	0.000000	0.000000	0.000000	0.000000	0.063690	1.007617	22.014648	0.000000	0.850586	0.000000	0.000000	0.000000	8.000000	1.000000	80.000000	80.000000	0.000000	0.000000	1.000000	0.000000	8.000000	0.000000	1.000000	1.026077	2.004255	0.000000	0.000000	1.000000	1.000000	0.142578	0.000000	52.820873	0.832031	0.041961	0.000000	0.000000	65536.000000	11.090355	256.000000	256.000000	196608.000000	1.000000	0.000000	0.000000	0.000000	3.000000	0.000000	0.586521	5.286808	5.716367	5.814943	0.000000	0.000000	0.010610	1.000000	0.000000	0.000000	0.000000	0.000000	0.000000	0.000000	2.000000	214.000000	255.000000	0.000000	0.000000	0.000000	0.000000	0.000000	0.000000	0.000000	0.000000	0.000000	0.000000	0.000000	0.000000	0.000000	0.000000	0.000000	0.000000	0.000000	0.000000	0.000000	31.602997	0.191842
/mnt/v/output/codec-corpus-2026-05-01-multiaxis/illustration-screen/screencontent_198_123x256.png	large	123	256	4201.557129	0.483189	0.213261	0.045077	0.035356	0.075000	0.000000	74.668327	1.300210	0.615249	1841.000000	0.058467	0.141450	0.102520	8.000000	0.503510	0.399020	28.000000	0.216357	4.226636	68.783333	37.910416	0.004167	0.000000	0.000000	0.000000	0.000000	0.000000	80.000000	80.000000	0.000000	0.000000	1.000000	0.000000	8.000000	0.000000	0.043382	4.712756	0.743904	0.378547	0.121581	1.000000	1.000000	0.200000	0.237678	34.591618	0.000000	0.240146	0.058962	0.000000	31488.000000	10.357362	123.000000	256.000000	94464.000000	0.480469	0.732993	0.040650	0.040650	3.000000	4.959475	5.180736	5.359410	5.446279	5.501189	1.000000	1.000000	1.000000	1.000000	0.282530	0.522527	0.810251	1.000000	31.000000	91.000000	147.000000	255.000000	255.000000	0.063492	0.142857	0.269841	0.333333	0.000000	0.031746	0.047619	0.079365	0.000000	1.000000	2.000000	2.214679	2.912812	3.610924	0.067648	0.142125	0.378547	0.000000	0.000000	0.974192	0.723063
/mnt/v/output/codec-corpus-2026-05-01-multiaxis/illustration-screen/illustration_018_256x256.png	large	256	256	5287.740234	0.022653	0.225666	0.003298	0.001459	0.892578	0.877930	77.731758	0.116683	1.371362	140.000000	0.004272	0.010910	0.020370	3.000000	0.013110	0.024850	4.000000	0.071064	0.945026	9.411133	8.526367	0.877930	0.000000	0.000000	0.000000	8.000000	1.000000	80.000000	80.000000	0.000000	0.000000	1.000000	0.000000	8.000000	0.000000	0.818436	0.570419	1.545464	0.000000	0.000000	1.000000	1.000000	0.066406	0.004166	50.948856	0.875977	0.020120	0.009580	0.000000	65536.000000	11.090355	256.000000	256.000000	196608.000000	1.000000	0.000000	0.000000	0.000000	3.000000	0.000000	0.000000	3.608217	5.252215	5.592850	0.000000	0.000000	0.000000	0.484016	0.000000	0.000000	0.000000	0.318334	0.000000	0.000000	0.000000	132.000000	255.000000	0.000000	0.000000	0.000000	0.000000	0.000000	0.000000	0.000000	0.000000	0.000000	0.000000	0.000000	0.000000	0.000000	0.000000	0.000000	0.000000	0.000000	0.000000	0.000000	66.792816	0.106010
/mnt/v/output/codec-corpus-2026-05-01-multiaxis/illustration-screen/illustration_093_256x192.png	large	256	192	3385.586182	0.146802	0.090742	0.006743	0.007025	0.147135	0.000000	36.801178	0.141775	1.214286	1403.000000	0.042816	0.004330	0.002720	1.000000	0.025220	0.069630	10.000000	0.074130	4.235801	22.403646	8.164062	0.002604	0.000000	0.000000	0.000000	0.000000	0.000000	80.000000	80.000000	0.000000	0.000000	1.000000	0.000000	8.000000	0.000000	0.346659	3.810357	0.765264	0.201409	0.020531	1.000000	1.000000	0.449219	0.081055	21.981449	0.003906	0.092035	0.015852	0.000000	49152.000000	10.802672	192.000000	256.000000	147456.000000	0.750000	0.287682	0.000000	0.000000	3.000000	3.687672	4.394394	4.912923	5.083959	5.413615	0.314420	0.532289	1.000000	1.000000	0.028926	0.060317	0.179312	0.517606	7.000000	17.000000	35.000000	102.000000	255.000000	0.015873	0.031746	0.079365	0.142857	0.000000	0.000000	0.000000	0.031746	0.000000	0.000000	1.000000	1.999389	2.618293	2.881661	0.065985	0.140382	0.201409	0.000000	0.000000	16.528387	0.854290
/mnt/v/output/codec-corpus-2026-05-01-multiaxis/alpha/alpha_035_91x137.png	large	91	137	554.435791	0.332108	0.235358	0.029244	0.068562	0.294118	0.267380	104.606712	0.423857	0.516212	31.000000	0.002487	0.176640	0.304470	4.000000	6.359130	10.961060	157.000000	0.905318	1.240869	17.481283	136.310165	0.427807	0.000000	0.000000	0.000000	8.000000	1.000000	80.000000	80.000000	0.000000	0.000000	1.000000	0.000000	8.000000	0.000000	0.706265	3.143841	1.939726	0.000000	0.000000	1.000000	1.000000	0.021390	0.000000	15.909196	0.433155	0.106188	0.147441	0.000000	12467.000000	9.430840	91.000000	137.000000	37401.000000	0.664234	0.409121	0.108847	0.232053	3.000000	4.336060	4.461350	4.546456	4.582019	4.608813	0.000000	0.833353	0.990820	1.000000	0.000000	1.000000	1.000000	1.000000	1.000000	52.000000	99.000000	222.000000	255.000000	0.000000	0.000000	0.095238	0.174603	0.000000	0.000000	0.126984	0.253968	0.000000	0.000000	0.000000	0.000000	0.000000	0.000000	0.000000	0.000000	0.000000	0.000000	0.000000	3.308329	0.386585
/mnt/v/output/codec-corpus-2026-05-01-multiaxis/hdr/hdr_042_gain_mapped-visualization-3d_scatterplot.jpg	large	800	800	3523.778809	0.061526	0.075206	0.003575	0.002877	0.836800	0.789500	24.992960	1.713815	1.505904	13494.000000	0.411804	0.001480	0.001600	1.000000	0.006290	0.006430	3.000000	0.448112	1.414213	10.374101	6.295863	0.835432	0.000000	0.000000	0.000000	0.000000	0.000000	80.000000	80.000000	0.000000	0.000000	1.000000	0.000000	8.000000	0.000000	0.887830	0.825757	1.762937	0.000000	0.000000	1.000000	1.000000	0.074640	0.010470	51.889061	0.842626	0.027764	0.008422	0.000000	640000.000000	13.369224	800.000000	800.000000	1920000.000000	1.000000	0.000000	0.000000	0.000000	3.000000	0.000000	0.000000	4.772974	5.108868	5.558398	0.000000	0.000000	0.000000	1.000000	0.000000	0.000000	0.000000	0.158155	0.000000	0.000000	11.000000	253.000000	255.000000	0.000000	0.000000	0.000000	0.000000	0.000000	0.000000	0.000000	0.000000	0.000000	0.000000	0.000000	0.000000	0.000000	0.000000	0.000000	0.000000	0.000000	0.000000	0.000000	22.766991	0.139910
/mnt/v/output/codec-corpus-2026-05-01-multiaxis/grayscale/gray_028_73x73.png	large	73	73	603.836060	0.215085	0.000000	0.000000	0.000000	0.382716	0.000000	0.000000	0.106527	0.787704	20.000000	0.003753	0.000000	0.000000	0.000000	0.000000	0.000000	0.000000	0.311218	2.752999	16.135803	0.000000	0.000000	0.000000	0.000000	0.000000	8.000000	1.000000	80.000000	80.000000	0.000000	0.000000	1.000000	0.000000	8.000000	0.000000	1.000000	3.590121	0.861975	0.098179	0.000000	1.000000	1.000000	0.037037	0.000000	17.204576	0.000000	0.097786	0.000000	1.000000	5329.000000	8.580919	73.000000	73.000000	15987.000000	1.000000	0.000000	0.200976	0.729405	3.000000														9.000000	24.000000	58.000000	152.000000	255.000000									0.000000	1.000000	1.000000									10.225712	0.686355
/mnt/v/output/codec-corpus-2026-05-01-multiaxis/hdr/hdr_045_mountains_resized_640x481.jpg	large	640	481	2806.998779	0.296740	0.247900	0.014169	0.006071	0.261667	0.144167	85.155647	0.980972	1.094872	3013.000000	0.091949	0.019000	0.018090	2.000000	0.020150	0.021630	4.000000	0.426305	4.309700	13.511666	9.126667	0.003333	0.000000	0.000000	0.000000	0.000000	0.000000	80.000000	80.000000	0.000000	0.000000	1.000000	0.000000	8.000000	0.000000	0.057186	3.446904	1.128943	0.044075	0.000000	1.000000	1.000000	0.196667	0.264720	15.282486	0.050000	0.098968	0.015251	0.000000	307840.000000	12.637336	481.000000	640.000000	923520.000000	0.751562	0.285601	0.014553	0.064449	3.000000	3.863171	4.230217	4.557817	4.717111	4.904887	0.124508	0.509653	0.845730	1.000000	0.042148	0.105917	0.275664	0.506348	14.000000	39.000000	69.000000	145.000000	255.000000	0.000000	0.015873	0.095238	0.158730	0.000000	0.000000	0.000000	0.031746	0.000000	0.000000	0.000000	1.179246	1.397940	1.543874	0.026958	0.036352	0.044075	0.000000	0.000000	5.348631	0.690854
/mnt/v/output/codec-corpus-2026-05-01-multiaxis/hdr/hdr_032_gain_mapped-test_chart-color_01.jpg	large	700	700	6168.464844	0.023979	0.561037	0.008917	0.006546	0.808165	0.608931	186.352020	0.611165	1.267186	561.000000	0.017120	0.020950	0.020080	2.000000	0.089240	0.089870	9.000000	0.079601	2.369059	14.495378	27.263401	0.785582	0.000000	0.000000	0.000000	0.000000	0.000000	80.000000	80.000000	0.000000	0.000000	1.000000	0.000000	8.000000	0.000000	0.426073	1.233605	1.908330	0.000000	0.000000	1.000000	1.000000	0.198706	0.000000	67.123627	0.850277	0.019805	0.012470	0.000000	490000.000000	13.102160	700.000000	700.000000	1470000.000000	1.000000	0.000000	0.011461	0.011461	3.000000	0.000000	1.555548	4.969171	5.412970	5.640633	0.000000	0.000000	0.042962	1.000000	0.000000	0.000000	0.091622	1.000000	0.000000	0.000000	4.000000	166.000000	255.000000	0.000000	0.000000	0.000000	0.000000	0.000000	0.000000	0.000000	0.000000	0.000000	0.000000	0.000000	0.000000	0.000000	0.000000	0.000000	0.000000	0.000000	0.000000	0.000000	35.282516	0.316253
/mnt/v/output/codec-corpus-2026-05-01-multiaxis/hdr/hdr_006_seine_sdr_gainmap_srgb.jpg	large	400	300	3848.537842	0.363620	0.058093	0.004144	0.002135	0.462162	0.349189	18.803568	2.197856	1.047671	1804.000000	0.055054	0.002300	0.003220	0.000000	0.004070	0.006880	4.000000	0.664634	3.830128	30.851892	2.899459	0.245946	0.000000	0.000000	0.000000	0.000000	0.000000	80.000000	80.000000	0.000000	0.000000	1.000000	0.000000	8.000000	0.000000	0.041167	3.129888	1.779662	0.000000	0.000000	1.000000	1.000000	0.169189	0.192052	34.887325	0.317297	0.160386	0.005611	0.000000	120000.000000	11.695247	300.000000	400.000000	360000.000000	0.750000	0.287682	0.013333	0.109333	3.000000	3.419085	4.842244	5.091217	5.224551	5.410844	0.044704	0.290374	1.000000	1.000000	0.000000	0.000000	0.127841	0.248077	7.000000	63.000000	140.000000	255.000000	255.000000	0.000000	0.000000	0.031746	0.333333	0.000000	0.000000	0.000000	0.000000	0.000000	0.000000	0.000000	0.000000	0.000000	0.000000	0.000000	0.000000	0.000000	0.000000	0.000000	2.221213	0.596386
/mnt/v/output/codec-corpus-2026-05-01-multiaxis/alpha/alpha_018_91x137.png	large	91	137	7683.945801	0.312255	0.184583	0.018529	0.054669	0.229947	0.187166	72.438286	0.992629	0.842972	566.000000	0.045400	0.092470	0.123730	20.000000	2.936900	4.368120	157.000000	0.464713	3.367810	44.048130	60.973263	0.176471	0.000000	0.000000	0.000000	0.000000	0.000000	80.000000	80.000000	0.000000	0.000000	1.000000	0.000000	8.000000	0.000000	0.257319	3.634812	1.883351	0.000000	0.000000	1.000000	1.000000	0.026738	0.002424	35.660561	0.197861	0.189118	0.108140	0.000000	12467.000000	9.430840	91.000000	137.000000	37401.000000	0.664234	0.409121	0.108847	0.232053	3.000000	4.493334	4.883339	5.206178	5.319851	5.520697	0.309221	1.000000	1.000000	1.000000	0.187329	0.726182	0.997770	1.000000	3.000000	73.000000	160.000000	255.000000	255.000000	0.000000	0.047619	0.206349	0.301587	0.000000	0.000000	0.095238	0.174603	0.000000	0.000000	0.000000	0.000000	0.000000	0.000000	0.000000	0.000000	0.000000	0.000000	0.000000	1.683404	0.467912
/mnt/v/output/codec-corpus-2026-05-01-multiaxis/illustration-screen/screencontent_180_256x167.png	large	256	167	1774.260132	0.298775	0.216095	0.046477	0.042519	0.101562	0.000000	100.706314	0.466326	0.858465	3863.000000	0.117889	0.136540	0.127090	7.000000	1.123670	0.734060	60.000000	0.174028	4.013970	31.915625	61.393749	0.009375	0.000000	0.000000	0.000000	0.000000	0.000000	80.000000	80.000000	0.000000	0.000000	1.000000	0.000000	8.000000	0.000000	0.001076	4.158382	0.784239	0.221334	0.205131	1.000000	1.000000	0.300000	0.290845	22.846090	0.000000	0.138021	0.088145	0.000000	42752.000000	10.663171	167.000000	256.000000	128256.000000	0.652344	0.427184	0.005988	0.149701	3.000000	4.339341	4.781134	4.983521	5.093349	5.177019	0.517351	1.000000	1.000000	1.000000	0.355366	0.604058	1.000000	1.000000	13.000000	38.000000	76.000000	178.000000	255.000000	0.015873	0.063492	0.111111	0.206349	0.015873	0.047619	0.079365	0.126984	0.000000	0.000000	1.000000	1.747096	2.562293	3.071859	0.050007	0.122272	0.221334	0.000000	0.000000	7.037302	0.789353
/mnt/v/output/codec-corpus-2026-05-01-multiaxis/grayscale/gray_043_47x47.png	large	47	47	1477.039429	0.755978	0.000000	0.000000	0.000000	0.000000	0.000000	0.000000	0.492765	0.474493	23.000000	0.010412	0.000000	0.000000	0.000000	0.000000	0.000000	0.000000	0.835936	3.498816	46.880001	0.000000	0.000000	0.000000	0.000000	0.000000	8.000000	1.000000	80.000000	80.000000	0.000000	0.000000	1.000000	0.000000	8.000000	0.000000	1.000000	4.688191	0.202109	0.789755	0.000000	1.000000	1.000000	0.040000	0.000000	25.992487	0.000000	0.266667	0.000000	1.000000	2209.000000	7.700295	47.000000	47.000000	6627.000000	1.000000	0.000000	0.043006	0.854233	3.000000														65.000000	111.000000	161.000000	255.000000	255.000000									0.000000	2.000000	5.000000									0.362865	0.512426
/mnt/v/output/codec-corpus-2026-05-01-multiaxis/grayscale/gray_015_137x137.png	large	137	137	1525.445068	0.290171	0.000000	0.000000	0.000000	0.262976	0.238754	0.000000	1.059495	0.630763	31.000000	0.001652	0.000000	0.000000	0.000000	0.000000	0.000000	0.000000	0.441262	1.752137	34.951557	0.000000	0.183391	0.000000	0.000000	0.000000	8.000000	1.000000	80.000000	80.000000	0.000000	0.000000	1.000000	0.000000	8.000000	0.000000	1.000000	3.671588	1.957804	0.000000	0.000000	1.000000	1.000000	0.065744	0.000000	40.944454	0.197232	0.157357	0.000000	1.000000	18769.000000	9.839962	137.000000	137.000000	56307.000000	1.000000	0.000000	0.104800	0.363951	3.000000	4.776159	5.030572	5.141933	5.182238	5.284357	0.057084	1.000000	1.000000	1.000000	0.000000	0.000000	0.000000	0.000000	3.000000	69.000000	153.000000	255.000000	255.000000	0.000000	0.000000	0.142857	0.238095	0.000000	0.000000	0.000000	0.000000	0.000000	0.000000	0.000000	0.000000	0.000000	0.000000	0.000000	0.000000	0.000000	0.000000	0.000000	1.738641	0.563269
/mnt/v/output/codec-corpus-2026-05-01-multiaxis/alpha/alpha_007_91x137.png	large	91	137	6620.833984	0.438807	0.310955	0.086606	0.059739	0.203209	0.160428	110.173882	2.066276	0.779549	2209.000000	0.177188	0.680950	0.653920	42.000000	2.228160	2.949860	165.000000	0.479731	3.599635	88.240639	127.433159	0.171123	0.000000	0.000000	0.000000	0.000000	0.000000	80.000000	80.000000	0.000000	0.000000	1.000000	0.000000	8.000000	0.000000	0.378439	4.096671	1.934030	0.000000	0.000000	1.000000	1.000000	0.032086	0.119748	56.322960	0.181818	0.289194	0.147950	0.000000	12467.000000	9.430840	91.000000	137.000000	37401.000000	0.664234	0.409121	0.108847	0.232053	3.000000	5.033778	5.263124	5.426041	5.477353	5.717330	0.687365	1.000000	1.000000	1.000000	0.449771	1.000000	1.000000	1.000000	19.000000	109.000000	203.000000	255.000000	255.000000	0.000000	0.111111	0.333333	0.428571	0.000000	0.063492	0.158730	0.222222	0.000000	0.000000	0.000000	0.000000	0.000000	0.000000	0.000000	0.000000	0.000000	0.000000	0.000000	0.075407	0.550801
/mnt/v/output/codec-corpus-2026-05-01-multiaxis/hdr/hdr_000_flickr_2a68670c58131566.jpg	large	1023	569	898.531555	0.124109	0.050426	0.001732	0.000787	0.586226	0.351558	16.529427	0.697111	1.143901	1322.000000	0.040344	0.000270	0.000310	0.000000	0.000550	0.000600	0.000000	0.292451	3.569252	10.422873	1.450355	0.070922	0.000000	0.000000	0.000000	0.000000	0.000000	80.000000	80.000000	0.000000	0.000000	1.000000	0.000000	8.000000	0.000000	0.159730	2.650614	1.403965	0.027594	0.000000	1.000000	1.000000	0.380319	0.017477	22.072435	0.262411	0.056921	0.002617	0.000000	582087.000000	13.274375	569.000000	1023.000000	1746261.000000	0.556207	0.586614	0.013292	0.013292	3.000000	2.540310	3.950169	4.617029	4.726902	4.950265	0.039819	0.141595	0.637320	1.000000	0.000000	0.004222	0.063500	0.129184	2.000000	10.000000	37.000000	136.000000	255.000000	0.000000	0.000000	0.015873	0.079365	0.000000	0.000000	0.000000	0.000000	0.000000	0.000000	0.000000	0.000000	0.000000	1.204115	0.000000	0.000000	0.027594	0.000000	0.000000	20.573364	0.777975
/mnt/v/output/codec-corpus-2026-05-01-multiaxis/illustration-screen/illustration_056_256x96.png	large	256	96	5009.375977	0.253003	0.134801	0.011870	0.013561	0.255208	0.205729	55.254208	1.235190	0.795486	677.000000	0.027547	0.022890	0.016960	2.000000	0.235870	0.360020	15.000000	0.192082	3.320233	64.713539	25.549479	0.513021	0.000000	0.000000	0.000000	0.000000	0.000000	80.000000	80.000000	0.000000	0.000000	1.000000	0.000000	8.000000	0.000000	0.409180	3.823963	2.074799	0.000000	0.000000	1.000000	1.000000	0.236979	0.000000	54.128418	0.541667	0.180721	0.039931	0.000000	24576.000000	10.109526	96.000000	256.000000	73728.000000	0.375000	0.980829	0.000000	0.000000	3.000000	4.887687	5.248206	5.546401	5.660932	5.735316	0.263035	1.000000	1.000000	1.000000	0.000000	0.469141	0.750789	1.000000	3.000000	55.000000	160.000000	255.000000	255.000000	0.000000	0.047619	0.111111	0.317460	0.000000	0.000000	0.031746	0.063492	0.000000	0.000000	0.000000	0.000000	0.000000	0.000000	0.000000	0.000000	0.000000	0.000000	0.000000	2.122677	0.637375
/mnt/v/output/codec-corpus-2026-05-01-multiaxis/grayscale/gray_046_73x73.png	large	73	73	4478.409668	0.543210	0.000000	0.000000	0.000000	0.000000	0.000000	0.000000	0.278785	0.866899	32.000000	0.006005	0.000000	0.000000	0.000000	0.000000	0.000000	0.000000	0.167391	3.149072	51.543209	0.000000	0.074074	0.000000	0.000000	0.000000	8.000000	1.000000	80.000000	80.000000	0.000000	0.000000	1.000000	0.000000	8.000000	0.000000	1.000000	4.588938	0.477818	0.968637	0.000000	1.000000	1.000000	0.086420	0.000000	33.773254	0.074074	0.161474	0.000000	1.000000	5329.000000	8.580919	73.000000	73.000000	15987.000000	1.000000	0.000000	0.200976	0.729405	3.000000														35.000000	60.000000	85.000000	227.000000	255.000000									0.000000	2.000000	5.000000									7.096046	0.751866
/mnt/v/output/codec-corpus-2026-05-01-multiaxis/hdr/hdr_029_gain_mapped-photo-phi_falls_resized_640x426.jpg	large	640	426	2362.564453	0.150471	0.091984	0.004268	0.002930	0.297642	0.011321	34.007717	0.523863	1.249588	2312.000000	0.070557	0.001180	0.002130	0.000000	0.003160	0.005710	1.000000	0.291051	4.247660	12.587736	3.866038	0.000000	0.000000	0.000000	0.000000	0.000000	0.000000	80.000000	80.000000	0.000000	0.000000	1.000000	0.000000	8.000000	0.000000	0.050994	3.462757	0.842080	0.095473	0.022567	1.000000	1.000000	0.409434	0.042726	19.103743	0.010377	0.075936	0.007323	0.000000	272640.000000	12.515907	426.000000	640.000000	817920.000000	0.665625	0.407029	0.014085	0.051643	3.000000	3.623036	4.066801	4.461520	4.680435	5.018909	0.203623	0.433841	0.748901	1.000000	0.037352	0.075276	0.142623	0.225274	5.000000	20.000000	45.000000	128.000000	255.000000	0.000000	0.015873	0.047619	0.111111	0.000000	0.000000	0.000000	0.015873	0.000000	0.000000	0.000000	1.427326	1.907730	2.192950	0.035665	0.065999	0.095473	0.000000	0.000000	17.510185	0.795121
/mnt/v/output/codec-corpus-2026-05-01-multiaxis/illustration-screen/screencontent_151_256x149.png	large	256	149	2640.379150	0.426280	0.095111	0.020050	0.016644	0.059028	0.000000	47.541870	0.662646	0.794434	2085.000000	0.063629	0.021410	0.018920	1.000000	0.087450	0.095460	5.000000	0.123990	4.308067	48.185764	15.156250	0.003472	0.000000	0.000000	0.000000	0.000000	0.000000	80.000000	80.000000	0.000000	0.000000	1.000000	0.000000	8.000000	0.000000	0.017696	4.522055	0.702963	0.460009	0.080485	1.000000	1.000000	0.307292	0.751112	30.375288	0.000000	0.175154	0.028604	0.000000	38144.000000	10.549124	149.000000	256.000000	114432.000000	0.582031	0.541231	0.020134	0.073826	3.000000	4.655991	4.996173	5.294649	5.401895	5.512201	0.837886	1.000000	1.000000	1.000000	0.143391	0.261309	0.392812	0.558638	23.000000	56.000000	99.000000	189.000000	255.000000	0.047619	0.095238	0.174603	0.253968	0.000000	0.015873	0.031746	0.047619	0.000000	1.000000	3.000000	2.269367	2.944906	3.625203	0.065567	0.190418	0.460009	0.000000	0.015873	3.445681	0.811045
/mnt/v/output/codec-corpus-2026-05-01-multiaxis/illustration-screen/illustration_115_256x256.png	large	256	256	2116.593262	0.062484	0.154319	0.002278	0.009828	0.786133	0.767578	66.674911	0.293486	1.550508	198.000000	0.006042	0.002460	0.002090	0.000000	0.314500	0.252670	42.000000	0.226540	0.942514	10.895508	13.971680	0.754883	0.000000	0.000000	0.000000	8.000000	1.000000	80.000000	80.000000	0.000000	0.000000	1.000000	0.000000	8.000000	0.000000	0.861847	1.043388	1.885126	0.000000	0.000000	1.000000	1.000000	0.039062	0.000000	33.949924	0.753906	0.049588	0.021577	0.000000	65536.000000	11.090355	256.000000	256.000000	196608.000000	1.000000	0.000000	0.000000	0.000000	3.000000	0.000000	0.767854	4.605204	4.922644	5.339097	0.000000	0.000000	0.013210	1.000000	0.000000	0.000000	0.000000	0.794442	0.000000	0.000000	7.000000	167.000000	255.000000	0.000000	0.000000	0.000000	0.000000	0.000000	0.000000	0.000000	0.000000	0.000000	0.000000	0.000000	0.000000	0.000000	0.000000	0.000000	0.000000	0.000000	0.000000	0.000000	25.021456	0.162948
/mnt/v/output/codec-corpus-2026-05-01-multiaxis/grayscale/gray_017_73x73.png	large	73	73	11446.833984	0.408951	0.000000	0.000000	0.000000	0.024691	0.024691	0.000000	1.329910	0.408469	32.000000	0.006005	0.000000	0.000000	0.000000	0.000000	0.000000	0.000000	0.125760	2.549755	229.197525	0.000000	0.000000	0.000000	0.000000	0.000000	8.000000	1.000000	80.000000	80.000000	0.000000	0.000000	1.000000	0.000000	8.000000	0.000000	1.000000	5.473210	0.700857	1.000000	0.000000	1.000000	1.000000	0.469136	0.000000	67.295059	0.000000	0.384676	0.000000	1.000000	5329.000000	8.580919	73.000000	73.000000	15987.000000	1.000000	0.000000	0.200976	0.729405	3.000000														33.000000	159.000000	238.000000	255.000000	255.000000									0.000000	0.000000	0.000000									-0.982822	0.860558
/mnt/v/output/codec-corpus-2026-05-01-multiaxis/illustration-screen/illustration_048_231x256.png	large	231	256	4553.156738	0.525269	0.014881	0.002315	0.005030	0.279018	0.107143	6.107853	2.461689	0.645238	516.000000	0.015747	0.000580	0.000320	0.000000	0.014300	0.006410	1.000000	0.440731	3.935952	68.053574	1.151786	0.006696	0.000000	0.000000	0.000000	0.000000	0.000000	80.000000	80.000000	0.000000	0.000000	1.000000	0.000000	8.000000	0.000000	0.396425	4.189321	1.515288	0.048285	0.000000	1.000000	1.000000	0.101562	0.000135	34.670189	0.022321	0.267627	0.000779	0.000000	59136.000000	10.987596	231.000000	256.000000	177408.000000	0.902344	0.102760	0.004329	0.108225	3.000000	5.085540	5.236095	5.314342	5.362515	5.450742	0.106519	1.000000	1.000000	1.000000	0.012332	0.068594	0.106296	0.138416	33.000000	111.000000	181.000000	255.000000	255.000000	0.000000	0.000000	0.349206	0.412698	0.000000	0.000000	0.000000	0.000000	0.000000	0.000000	0.000000	0.808716	1.356985	1.647750	0.015716	0.032742	0.048285	0.000000	0.000000	-0.018213	0.676654
/mnt/v/output/codec-corpus-2026-05-01-multiaxis/illustration-screen/screencontent_155_256x194.png	large	256	194	2909.509277	0.458068	0.051519	0.009326	0.004682	0.157552	0.000000	31.257828	1.389652	0.758945	459.000000	0.014008	0.003380	0.010060	0.000000	0.005200	0.013190	0.000000	0.323433	3.930540	52.190105	6.516927	0.002604	0.000000	0.000000	0.000000	0.000000	0.000000	80.000000	80.000000	0.000000	0.000000	1.000000	0.000000	8.000000	0.000000	0.000000	4.382731	0.953011	0.102638	0.028114	1.000000	1.000000	0.117188	0.980448	32.491535	0.000000	0.206763	0.014261	0.000000	49664.000000	10.813036	194.000000	256.000000	148992.000000	0.757812	0.277319	0.030928	0.154639	3.000000	4.718123	5.018654	5.166729	5.267202	5.442956	0.891684	1.000000	1.000000	1.000000	0.109701	0.182811	0.265033	0.329003	27.000000	76.000000	129.000000	255.000000	255.000000	0.000000	0.095238	0.206349	0.317460	0.000000	0.000000	0.015873	0.015873	0.000000	1.000000	2.000000	2.044344	2.154576	2.444728	0.055181	0.071408	0.102638	0.000000	0.000000	2.209690	0.707745
/mnt/v/output/codec-corpus-2026-05-01-multiaxis/grayscale/gray_029_73x73.png	large	73	73	674.634583	0.158758	0.000000	0.000000	0.000000	0.469136	0.432099	0.000000	0.264034	0.708174	26.000000	0.004879	0.000000	0.000000	0.000000	0.000000	0.000000	0.000000	0.478752	1.041054	20.296297	0.000000	0.481481	0.000000	0.000000	0.000000	8.000000	1.000000	80.000000	80.000000	0.000000	0.000000	1.000000	0.000000	8.000000	0.000000	1.000000	2.621247	2.203839	0.000000	0.000000	1.000000	1.000000	0.123457	0.000000	37.258629	0.530864	0.122085	0.000000	1.000000	5329.000000	8.580919	73.000000	73.000000	15987.000000	1.000000	0.000000	0.200976	0.729405	3.000000														0.000000	4.000000	87.000000	255.000000	255.000000									0.000000	0.000000	0.000000									7.733000	0.418889
/mnt/v/output/codec-corpus-2026-05-01-multiaxis/illustration-screen/screencontent_187_255x142.png	large	255	142	5184.397461	0.552050	0.000000	0.000000	0.000000	0.098672	0.028463	0.000000	5.369606	0.575444	32.000000	0.000977	0.000000	0.000000	0.000000	0.000000	0.000000	0.000000	0.579857	3.760741	131.007584	0.000000	0.007590	0.000000	0.000000	0.000000	8.000000	1.000000	80.000000	80.000000	0.000000	0.000000	1.000000	0.000000	8.000000	0.000000	1.000000	4.957923	1.018923	0.213297	0.000000	1.000000	1.000000	0.022770	0.000000	59.625561	0.000000	0.402518	0.000000	1.000000	36210.000000	10.497090	142.000000	255.000000	108630.000000	0.556863	0.585437	0.018061	0.131179	3.000000	5.329130	5.454551	5.525476	5.605644	5.680826	1.000000	1.000000	1.000000	1.000000	0.000000	0.000000	0.000000	0.000000	60.000000	177.000000	255.000000	255.000000	255.000000	0.015873	0.349206	0.444444	0.507937	0.000000	0.000000	0.000000	0.000000	0.000000	1.000000	2.000000	1.373083	2.034867	3.065107	0.023020	0.056169	0.213297	0.000000	0.000000	-1.195914	0.608544
/mnt/v/output/codec-corpus-2026-05-01-multiaxis/alpha/alpha_036_91x137.png	large	91	137	8291.066406	0.308415	0.088028	0.010894	0.008598	0.272727	0.208556	32.083397	1.455457	0.590112	350.000000	0.028074	0.008800	0.006540	0.000000	0.028460	0.009720	1.000000	0.116891	2.812389	104.513367	9.443851	0.299465	0.000000	0.000000	0.000000	0.000000	0.000000	80.000000	80.000000	0.000000	0.000000	1.000000	0.000000	8.000000	0.000000	0.292051	4.031886	2.280734	0.000000	0.000000	1.000000	1.000000	0.438503	0.066176	64.005646	0.331551	0.201256	0.018504	0.000000	12467.000000	9.430840	91.000000	137.000000	37401.000000	0.664234	0.409121	0.108847	0.232053	3.000000	5.267955	5.674656	5.763175	5.767079	5.836286	0.041288	1.000000	1.000000	1.000000	0.008469	0.064498	0.348946	0.881621	8.000000	87.000000	168.000000	255.000000	255.000000	0.000000	0.000000	0.174603	0.317460	0.000000	0.000000	0.000000	0.031746	0.000000	0.000000	0.000000	0.000000	0.000000	0.000000	0.000000	0.000000	0.000000	0.000000	0.000000	0.764943	0.675295
/mnt/v/output/codec-corpus-2026-05-01-multiaxis/illustration-screen/screencontent_199_256x148.png	large	256	148	1843.323120	0.113807	0.035111	0.004682	0.000598	0.755208	0.595486	13.590754	1.090807	0.985143	402.000000	0.012268	0.009240	0.008090	5.000000	0.001330	0.001220	0.000000	0.315004	0.947411	35.586807	2.496528	0.586806	0.000000	0.000000	0.000000	0.000000	0.000000	80.000000	80.000000	0.000000	0.000000	1.000000	0.000000	8.000000	0.000000	0.258710	1.551538	2.196864	0.000000	0.000000	1.000000	1.000000	0.100694	0.003771	60.877689	0.621528	0.098986	0.005098	0.000000	37888.000000	10.542390	148.000000	256.000000	113664.000000	0.578125	0.547965	0.027027	0.081081	3.000000	0.000000	2.209348	5.465039	5.569643	5.678949	0.000000	0.000000	0.088799	1.000000	0.000000	0.000000	0.128411	0.159498	0.000000	0.000000	84.000000	255.000000	255.000000	0.000000	0.000000	0.000000	0.000000	0.000000	0.000000	0.000000	0.000000	0.000000	0.000000	0.000000	0.000000	0.000000	0.000000	0.000000	0.000000	0.000000	0.000000	0.000000	7.837748	0.295794
/mnt/v/output/codec-corpus-2026-05-01-multiaxis/illustration-screen/illustration_000_204x204.png	large	204	204	144.544479	0.082906	0.028464	0.002330	0.004324	0.412800	0.000000	30.562021	0.055107	0.673877	183.000000	0.005585	0.000440	0.000400	0.000000	0.005230	0.004850	0.000000	0.259470	2.242392	6.105600	3.585600	0.000000	0.000000	0.000000	0.000000	8.000000	1.000000	80.000000	80.000000	0.000000	0.000000	1.000000	0.000000	8.000000	0.000000	0.000000	3.367540	0.526260	0.134001	0.018477	1.000000	1.000000	0.129600	1.000000	3.718598	0.000000	0.055924	0.008025	0.000000	41616.000000	10.636240	204.000000	204.000000	124848.000000	1.000000	0.000000	0.039600	0.205690	3.000000	3.555389	3.864725	3.976370	4.025935	4.118014	0.170186	0.399040	0.603844	0.720540	0.040160	0.105254	0.176382	0.241705	8.000000	16.000000	27.000000	50.000000	95.000000	0.000000	0.015873	0.047619	0.095238	0.000000	0.000000	0.000000	0.015873	0.000000	0.000000	1.000000	2.484456	2.620071	2.680095	0.093262	0.115799	0.134001	0.000000	0.000000	3.106644	0.721314
/mnt/v/output/codec-corpus-2026-05-01-multiaxis/hdr/hdr_043_gain_mapped-visualization-matplotlib_gpx.jpg	large	640	480	1550.774536	0.082756	0.099935	0.002995	0.005563	0.786042	0.718958	38.868233	2.506617	1.105993	2005.000000	0.061188	0.002490	0.002500	2.000000	0.046240	0.060320	34.000000	0.278451	0.903144	24.676666	10.655833	0.779167	0.000000	0.000000	0.000000	0.000000	0.000000	80.000000	80.000000	0.000000	0.000000	1.000000	0.000000	8.000000	0.000000	0.896657	1.332213	2.184721	0.000000	0.000000	1.000000	1.000000	0.096667	0.000049	80.304863	0.795833	0.066468	0.010886	0.000000	307200.000000	12.635254	480.000000	640.000000	921600.000000	0.750000	0.287682	0.000000	0.000000	3.000000	0.000000	1.738382	5.429946	5.519441	5.562464	0.000000	0.000000	0.047723	1.000000	0.000000	0.000000	0.000000	0.167590	0.000000	1.000000	28.000000	255.000000	255.000000	0.000000	0.000000	0.000000	0.000000	0.000000	0.000000	0.000000	0.000000	0.000000	0.000000	0.000000	0.000000	0.000000	0.000000	0.000000	0.000000	0.000000	0.000000	0.000000	15.072453	0.229449
/mnt/v/output/codec-corpus-2026-05-01-multiaxis/hdr/hdr_031_gain_mapped-procedural_art-square_flows_mona_lisa.jpg	large	600	780	9702.321289	0.167263	0.000000	0.000000	0.000000	0.392440	0.375945	0.000000	5.000406	0.657745	32.000000	0.000977	0.000000	0.000000	0.000000	0.000000	0.000000	0.000000	0.096422	1.756104	102.524040	0.000000	0.466346	0.000000	0.000000	0.000000	8.000000	1.000000	80.000000	80.000000	0.000000	0.000000	1.000000	0.000000	8.000000	0.000000	1.000000	3.215272	2.634820	0.000000	0.000000	1.000000	1.000000	0.317308	0.000000	73.126297	0.391346	0.202778	0.000000	1.000000	468000.000000	13.056224	600.000000	780.000000	1404000.000000	0.769231	0.262364	0.005128	0.039316	3.000000	4.870701	5.652218	5.789643	5.808817	5.845490	0.000000	1.000000	1.000000	1.000000	0.000000	0.000000	0.000000	0.000000	6.000000	28.000000	151.000000	255.000000	255.000000	0.000000	0.000000	0.253968	0.365079	0.000000	0.000000	0.000000	0.000000	0.000000	0.000000	0.000000	0.000000	0.000000	0.000000	0.000000	0.000000	0.000000	0.000000	0.000000	3.618909	0.531289
/mnt/v/output/codec-corpus-2026-05-01-multiaxis/hdr/hdr_039_gain_mapped-video_games-nexuiz.jpg	large	700	525	2996.690918	0.148955	0.148673	0.006050	0.004919	0.256057	0.015738	62.451641	0.368436	1.405338	1894.000000	0.057800	0.001230	0.002040	0.000000	0.005300	0.007700	2.000000	0.143617	3.775419	15.013263	6.386384	0.000000	0.000000	0.000000	0.000000	0.000000	0.000000	80.000000	80.000000	0.000000	0.000000	1.000000	0.000000	8.000000	0.000000	0.109954	3.587165	0.806158	0.126816	0.025985	1.000000	1.000000	0.366932	0.000648	17.320765	0.006189	0.079548	0.012743	0.000000	367500.000000	12.814479	525.000000	700.000000	1102500.000000	0.750000	0.287682	0.011461	0.042112	3.000000	3.700367	4.134686	4.556310	4.801756	5.196400	0.238751	0.518810	0.862687	1.000000	0.044849	0.098669	0.201613	0.413297	8.000000	18.000000	36.000000	96.000000	255.000000	0.000000	0.015873	0.063492	0.126984	0.000000	0.000000	0.000000	0.015873	0.000000	0.000000	1.000000	1.557620	2.134685	2.522423	0.044760	0.085048	0.126816	0.000000	0.000000	16.858616	0.818169
/mnt/v/output/codec-corpus-2026-05-01-multiaxis/illustration-screen/screencontent_170_176x256.png	large	176	256	9401.356445	0.386913	0.000000	0.000000	0.000000	0.268466	0.231534	0.000000	1.524550	0.598460	32.000000	0.000977	0.000000	0.000000	0.000000	0.000000	0.000000	0.000000	0.082336	2.904130	91.075287	0.000000	0.197443	0.000000	0.000000	0.000000	8.000000	1.000000	80.000000	80.000000	0.000000	0.000000	1.000000	0.000000	8.000000	0.000000	1.000000	4.030573	2.192048	0.000000	0.000000	1.000000	1.000000	0.443182	0.000000	45.520924	0.247159	0.172213	0.000000	1.000000	45056.000000	10.715661	176.000000	256.000000	135168.000000	0.687500	0.374693	0.000000	0.090909	3.000000	5.350181	5.572713	5.660830	5.698363	5.768941	0.103203	1.000000	1.000000	1.000000	0.000000	0.000000	0.000000	0.000000	9.000000	95.000000	156.000000	249.000000	255.000000	0.000000	0.000000	0.174603	0.269841	0.000000	0.000000	0.000000	0.000000	0.000000	0.000000	0.000000	0.000000	0.000000	0.000000	0.000000	0.000000	0.000000	0.000000	0.000000	0.391213	0.688390
/mnt/v/output/codec-corpus-2026-05-01-multiaxis/grayscale/gray_044_91x91.png	large	91	91	2754.931396	0.416540	0.000000	0.000000	0.000000	0.297521	0.297521	0.000000	2.160232	0.439318	30.000000	0.003623	0.000000	0.000000	0.000000	0.000000	0.000000	0.000000	0.904367	2.167415	83.727272	0.000000	0.206612	0.000000	0.000000	0.000000	8.000000	1.000000	80.000000	80.000000	0.000000	0.000000	1.000000	0.000000	8.000000	0.000000	1.000000	3.712332	2.251212	0.000000	0.000000	1.000000	1.000000	0.000000	0.000000	43.928734	0.247934	0.319166	0.000000	1.000000	8281.000000	9.021719	91.000000	91.000000	24843.000000	1.000000	0.000000	0.112909	0.112909	3.000000	5.156331	5.195886	5.236567	5.251821	5.264044	0.015851	1.000000	1.000000	1.000000	0.000000	0.000000	0.000000	0.000000	23.000000	155.000000	250.000000	255.000000	255.000000	0.000000	0.000000	0.412698	0.476190	0.000000	0.000000	0.000000	0.000000	0.000000	0.000000	0.000000	0.000000	0.000000	0.000000	0.000000	0.000000	0.000000	0.000000	0.000000	-0.982811	0.394713
/mnt/v/output/codec-corpus-2026-05-01-multiaxis/alpha/alpha_019_91x137.png	large	91	137	304.287262	0.097386	0.139841	0.027597	0.010432	0.556150	0.491979	54.186222	0.086477	0.702183	31.000000	0.002487	0.284340	0.253660	36.000000	0.236000	0.307600	32.000000	0.505556	1.337574	5.978610	21.417112	0.604278	0.000000	0.000000	0.000000	8.000000	1.000000	80.000000	80.000000	0.000000	0.000000	1.000000	0.000000	8.000000	0.000000	0.576482	1.898839	1.926934	0.000000	0.000000	1.000000	1.000000	0.064171	0.000000	13.631015	0.636364	0.038282	0.038961	0.000000	12467.000000	9.430840	91.000000	137.000000	37401.000000	0.664234	0.409121	0.108847	0.232053	3.000000	1.204117	3.965713	4.153045	4.201725	4.240087	0.000000	0.018031	0.639124	0.782009	0.000000	0.019787	0.698565	0.767944	0.000000	2.000000	35.000000	119.000000	255.000000	0.000000	0.000000	0.000000	0.079365	0.000000	0.000000	0.000000	0.079365	0.000000	0.000000	0.000000	0.000000	0.000000	0.000000	0.000000	0.000000	0.000000	0.000000	0.000000	22.850573	0.318657
/mnt/v/output/codec-corpus-2026-05-01-multiaxis/illustration-screen/illustration_019_256x192.png	large	256	192	2359.554443	0.382569	0.068527	0.008507	0.004419	0.204427	0.170573	23.172100	0.608508	1.026657	1283.000000	0.039154	0.035900	0.039980	12.000000	0.076990	0.107860	61.000000	0.275752	3.637126	25.356771	8.459636	0.286458	0.000000	0.000000	0.000000	0.000000	0.000000	80.000000	80.000000	0.000000	0.000000	1.000000	0.000000	8.000000	0.000000	0.811035	3.594683	1.674280	0.000000	0.000000	1.000000	1.000000	0.144531	0.008423	23.517057	0.309896	0.123347	0.013744	0.000000	49152.000000	10.802672	192.000000	256.000000	147456.000000	0.750000	0.287682	0.000000	0.000000	3.000000	4.271685	4.666413	4.934502	5.020900	5.286858	0.459368	0.865107	1.000000	1.000000	0.000000	0.000000	0.151911	0.479184	18.000000	49.000000	87.000000	176.000000	255.000000	0.000000	0.063492	0.111111	0.190476	0.000000	0.000000	0.000000	0.015873	0.000000	0.000000	0.000000	0.000000	0.000000	0.000000	0.000000	0.000000	0.000000	0.000000	0.000000	3.582533	0.608855
/mnt/v/output/codec-corpus-2026-05-01-multiaxis/hdr/hdr_033_gain_mapped-test_chart-color_02.jpg	large	700	700	6168.464844	0.023979	0.561037	0.008917	0.006546	0.808165	0.608931	186.352020	0.611165	1.267186	561.000000	0.017120	0.020950	0.020080	2.000000	0.089240	0.089870	9.000000	0.079601	2.369059	14.495378	27.263401	0.785582	0.000000	0.000000	0.000000	0.000000	0.000000	80.000000	80.000000	0.000000	0.000000	1.000000	0.000000	8.000000	0.000000	0.426073	1.233605	1.908330	0.000000	0.000000	1.000000	1.000000	0.198706	0.000000	67.123627	0.850277	0.019805	0.012470	0.000000	490000.000000	13.102160	700.000000	700.000000	1470000.000000	1.000000	0.000000	0.011461	0.011461	3.000000	0.000000	1.555548	4.969171	5.412970	5.640633	0.000000	0.000000	0.042962	1.000000	0.000000	0.000000	0.091622	1.000000	0.000000	0.000000	4.000000	166.000000	255.000000	0.000000	0.000000	0.000000	0.000000	0.000000	0.000000	0.000000	0.000000	0.000000	0.000000	0.000000	0.000000	0.000000	0.000000	0.000000	0.000000	0.000000	0.000000	0.000000	35.282516	0.316253
/mnt/v/output/codec-corpus-2026-05-01-multiaxis/illustration-screen/screencontent_141_256x147.png	large	256	147	4685.861328	0.320507	0.071653	0.011562	0.008982	0.250000	0.000000	24.233271	0.778476	0.879992	1714.000000	0.052307	0.009690	0.011400	1.000000	0.064900	0.042890	18.000000	0.188760	4.249338	48.279514	7.840278	0.000000	0.000000	0.000000	0.000000	0.000000	0.000000	80.000000	80.000000	0.000000	0.000000	1.000000	0.000000	8.000000	0.000000	0.117108	4.021851	1.191187	0.065360	0.021401	1.000000	1.000000	0.222222	0.028971	34.246490	0.000000	0.170166	0.015405	0.000000	37632.000000	10.535610	147.000000	256.000000	112896.000000	0.574219	0.554745	0.034014	0.088435	3.000000	4.458267	5.049282	5.281504	5.376089	5.521309	0.238560	1.000000	1.000000	1.000000	0.053364	0.117194	0.247033	0.424570	11.000000	46.000000	106.000000	236.000000	255.000000	0.000000	0.015873	0.174603	0.285714	0.000000	0.000000	0.000000	0.015873	0.000000	0.000000	1.000000	1.671520	1.896853	2.089684	0.038806	0.052521	0.065360	0.000000	0.000000	4.450577	0.741921
/mnt/v/output/codec-corpus-2026-05-01-multiaxis/hdr/hdr_013_2503-hdr_multipage_app-01.jpg	large	500	298	1316.298828	0.135609	0.027027	0.001635	0.000980	0.428509	0.328248	10.866570	0.790645	1.262009	1106.000000	0.033752	0.000530	0.000370	0.000000	0.001480	0.003870	1.000000	0.388534	3.238714	15.396687	1.509154	0.371404	0.000000	0.000000	0.000000	0.000000	0.000000	80.000000	80.000000	0.000000	0.000000	1.000000	0.000000	8.000000	0.000000	0.059362	2.536067	1.885870	0.000000	0.000000	1.000000	1.000000	0.153444	0.007480	39.069218	0.380122	0.072141	0.002173	0.000000	149000.000000	11.911701	298.000000	500.000000	447000.000000	0.596000	0.517515	0.028295	0.099597	3.000000	3.284653	4.014623	4.668306	5.057912	5.355450	0.000000	0.254068	0.642045	1.000000	0.000000	0.023470	0.052957	0.086975	4.000000	17.000000	45.000000	221.000000	255.000000	0.000000	0.000000	0.031746	0.079365	0.000000	0.000000	0.000000	0.000000	0.000000	0.000000	0.000000	0.000000	0.000000	0.000000	0.000000	0.000000	0.000000	0.000000	0.000000	17.646404	0.444280
/mnt/v/output/codec-corpus-2026-05-01-multiaxis/grayscale/gray_016_73x73.png	large	73	73	13872.224609	0.305748	0.000000	0.000000	0.000000	0.160494	0.123457	0.000000	1.193768	0.514626	32.000000	0.006005	0.000000	0.000000	0.000000	0.000000	0.000000	0.000000	0.161685	2.471633	146.061722	0.000000	0.098765	0.000000	0.000000	0.000000	8.000000	1.000000	80.000000	80.000000	0.000000	0.000000	1.000000	0.000000	8.000000	0.000000	1.000000	4.681818	1.681261	0.021187	0.000000	1.000000	1.000000	0.296296	0.000000	61.459938	0.098765	0.280423	0.000000	1.000000	5329.000000	8.580919	73.000000	73.000000	15987.000000	1.000000	0.000000	0.200976	0.729405	3.000000														8.000000	120.000000	232.000000	255.000000	255.000000									0.000000	0.000000	0.000000									-0.261340	0.707808
/mnt/v/output/codec-corpus-2026-05-01-multiaxis/grayscale/gray_048_73x73.png	large	73	73	1010.564758	0.179205	0.000000	0.000000	0.000000	0.481481	0.469136	0.000000	0.201569	0.804617	26.000000	0.004879	0.000000	0.000000	0.000000	0.000000	0.000000	0.000000	0.224028	1.236275	26.901234	0.000000	0.407407	0.000000	0.000000	0.000000	8.000000	1.000000	80.000000	80.000000	0.000000	0.000000	1.000000	0.000000	8.000000	0.000000	1.000000	2.511357	2.288069	0.000000	0.000000	1.000000	1.000000	0.074074	0.000000	31.969891	0.493827	0.111895	0.000000	1.000000	5329.000000	8.580919	73.000000	73.000000	15987.000000	1.000000	0.000000	0.200976	0.729405	3.000000														0.000000	10.000000	76.000000	224.000000	255.000000									0.000000	0.000000	0.000000									8.678292	0.440675
/mnt/v/output/codec-corpus-2026-05-01-multiaxis/grayscale/gray_047_73x73.png	large	73	73	1598.478760	0.405671	0.000000	0.000000	0.000000	0.049383	0.000000	0.000000	0.369657	0.507504	27.000000	0.005067	0.000000	0.000000	0.000000	0.000000	0.000000	0.000000	0.279788	3.184143	45.172840	0.000000	0.024691	0.000000	0.000000	0.000000	8.000000	1.000000	80.000000	80.000000	0.000000	0.000000	1.000000	0.000000	8.000000	0.000000	1.000000	4.444483	0.719695	0.401434	0.000000	1.000000	1.000000	0.160494	0.000000	31.740656	0.000000	0.169116	0.000000	1.000000	5329.000000	8.580919	73.000000	73.000000	15987.000000	1.000000	0.000000	0.200976	0.729405	3.000000														24.000000	70.000000	117.000000	245.000000	255.000000									0.000000	0.000000	0.000000									2.783692	0.738709
/mnt/v/output/codec-corpus-2026-05-01-multiaxis/grayscale/gray_018_73x73.png	large	73	73	1250.615967	0.257137	0.000000	0.000000	0.000000	0.000000	0.000000	0.000000	1.409648	0.748673	25.000000	0.004691	0.000000	0.000000	0.000000	0.000000	0.000000	0.000000	1.702324	2.920042	21.234568	0.000000	0.024691	0.000000	0.000000	0.000000	8.000000	1.000000	80.000000	80.000000	0.000000	0.000000	1.000000	0.000000	8.000000	0.000000	1.000000	3.855292	0.633829	0.344465	0.000000	1.000000	1.000000	0.012346	0.000000	54.137642	0.000000	0.065844	0.000000	1.000000	5329.000000	8.580919	73.000000	73.000000	15987.000000	1.000000	0.000000	0.200976	0.729405	3.000000														13.000000	33.000000	217.000000	255.000000	255.000000									0.000000	0.000000	1.000000									1.695918	0.649657
/mnt/v/output/codec-corpus-2026-05-01-multiaxis/illustration-screen/illustration_116_256x85.png	large	256	85	0.000000	0.000000	0.000000	0.000000	0.000000	1.000000	1.000000	0.000000	0.000000	0.000000	1.000000	0.000046	0.000000	0.000000	0.000000	0.000000	0.000000	0.000000	0.000000	0.000000	0.000000	0.000000	1.000000	0.000000	0.000000	0.000000	2.000000	1.000000	80.000000	80.000000	0.000000	0.000000	1.000000	0.000000	8.000000	0.000000	1.000000	-0.000001	0.000000	0.000000	0.000000	1.000000	1.000000	0.000000	0.000000	0.000000	1.000000	0.000000	0.000000	1.000000	21760.000000	9.987828	85.000000	256.000000	65280.000000	0.332031	1.102526	0.035294	0.129412	3.000000	0.000000	0.000000	0.000000	0.000000	0.000000	0.000000	0.000000	0.000000	0.000000	0.000000	0.000000	0.000000	0.000000	0.000000	0.000000	0.000000	0.000000	0.000000	0.000000	0.000000	0.000000	0.000000	0.000000	0.000000	0.000000	0.000000	0.000000	0.000000	0.000000	0.000000	0.000000	0.000000	0.000000	0.000000	0.000000	0.000000	0.000000	0.000000	0.000000
/mnt/v/output/codec-corpus-2026-05-01-multiaxis/illustration-screen/illustration_015_256x192.png	large	256	192	1868.580688	0.170106	0.112958	0.013819	0.008991	0.346354	0.000000	41.548477	0.360322	0.944380	759.000000	0.023163	0.011630	0.019960	1.000000	0.034210	0.067670	8.000000	0.241694	3.078758	16.437500	6.281250	0.000000	0.000000	0.000000	0.000000	0.000000	0.000000	80.000000	80.000000	0.000000	0.000000	1.000000	0.000000	8.000000	0.000000	0.341248	3.538164	0.818709	0.111352	0.030985	1.000000	1.000000	0.072917	0.009521	23.609381	0.000000	0.073723	0.011553	0.000000	49152.000000	10.802672	192.000000	256.000000	147456.000000	0.750000	0.287682	0.000000	0.000000	3.000000	3.274847	4.205243	4.916665	5.060020	5.160192	0.157766	0.212904	0.762482	1.000000	0.038480	0.065622	0.201441	0.593911	13.000000	27.000000	60.000000	158.000000	255.000000	0.000000	0.000000	0.015873	0.158730	0.000000	0.000000	0.000000	0.015873	0.000000	1.000000	2.000000	2.216001	2.484456	2.746233	0.061660	0.089467	0.111352	0.000000	0.000000	9.857248	0.509029
/mnt/v/output/codec-corpus-2026-05-01-multiaxis/illustration-screen/illustration_044_256x256.png	large	256	256	5463.020996	0.218085	0.147622	0.009001	0.014377	0.358398	0.249023	63.988590	0.641136	0.719944	487.000000	0.014862	0.004810	0.004130	0.000000	0.101620	0.081990	7.000000	0.088279	2.373067	52.096680	23.494141	0.244141	0.000000	0.000000	0.000000	0.000000	0.000000	80.000000	80.000000	0.000000	0.000000	1.000000	0.000000	8.000000	0.000000	0.600876	3.428836	2.125838	0.000000	0.000000	1.000000	1.000000	0.402344	0.080872	38.418457	0.226562	0.135556	0.029498	0.000000	65536.000000	11.090355	256.000000	256.000000	196608.000000	1.000000	0.000000	0.000000	0.000000	3.000000	4.608618	5.200147	5.470269	5.520009	5.555277	0.021791	1.000000	1.000000	1.000000	0.011258	0.102158	1.000000	1.000000	3.000000	32.000000	85.000000	188.000000	255.000000	0.000000	0.000000	0.142857	0.238095	0.000000	0.000000	0.000000	0.063492	0.000000	0.000000	0.000000	0.000000	0.000000	0.000000	0.000000	0.000000	0.000000	0.000000	0.000000	4.863533	0.617906
/mnt/v/output/codec-corpus-2026-05-01-multiaxis/hdr/hdr_046_jpeg_image.jpg	large	1280	720	1322.149292	0.003711	0.166419	0.001119	0.001035	0.965972	0.895139	62.447582	0.053333	2.311850	487.000000	0.014862	0.000550	0.000580	0.000000	0.003930	0.003260	1.000000	0.085952	2.290364	0.719145	3.153547	0.965986	0.000000	0.000000	0.000000	0.000000	0.000000	80.000000	80.000000	0.000000	0.000000	1.000000	0.000000	8.000000	0.000000	0.000428	0.207720	0.761876	0.000000	0.000000	1.000000	1.000000	0.036929	0.100368	61.475971	0.976676	0.002036	0.001774	0.000000	921600.000000	13.733867	720.000000	1280.000000	2764800.000000	0.562500	0.575364	0.000000	0.022222	3.000000	0.000000	0.000000	0.000000	1.230049	3.793511	0.000000	0.000000	0.000000	0.000000	0.000000	0.000000	0.000000	0.029720	0.000000	0.000000	0.000000	11.000000	255.000000	0.000000	0.000000	0.000000	0.000000	0.000000	0.000000	0.000000	0.000000	0.000000	0.000000	0.000000	0.000000	0.000000	0.000000	0.000000	0.000000	0.000000	0.000000	0.000000	467.232666	0.066641
/mnt/v/output/codec-corpus-2026-05-01-multiaxis/grayscale/gray_030_73x73.png	large	73	73	3919.985596	0.298804	0.000000	0.000000	0.000000	0.086420	0.000000	0.000000	0.161725	0.679016	31.000000	0.005817	0.000000	0.000000	0.000000	0.000000	0.000000	0.000000	0.108394	4.450084	47.135803	0.000000	0.000000	0.000000	0.000000	0.000000	8.000000	1.000000	80.000000	80.000000	0.000000	0.000000	1.000000	0.000000	8.000000	0.000000	1.000000	4.363523	0.787450	0.298681	0.000000	1.000000	1.000000	0.493827	0.000000	26.047281	0.000000	0.154419	0.000000	1.000000	5329.000000	8.580919	73.000000	73.000000	15987.000000	1.000000	0.000000	0.200976	0.729405	3.000000														13.000000	39.000000	80.000000	164.000000	255.000000									0.000000	1.000000	1.000000									5.611150	0.859207
/mnt/v/output/codec-corpus-2026-05-01-multiaxis/alpha/alpha_037_91x137.png	large	91	137	0.000000	0.000000	0.000000	0.000000	0.000000	1.000000	1.000000	0.000000	0.000000	0.000000	1.000000	0.000080	0.000000	0.000000	0.000000	0.000000	0.000000	0.000000	0.000000	0.000000	0.000000	0.000000	1.000000	0.000000	0.000000	0.000000	2.000000	1.000000	80.000000	80.000000	0.000000	0.000000	1.000000	0.000000	8.000000	0.000000	1.000000	-0.000001	0.000000	0.000000	0.000000	1.000000	1.000000	0.000000	0.000000	0.000000	1.000000	0.000000	0.000000	1.000000	12467.000000	9.430840	91.000000	137.000000	37401.000000	0.664234	0.409121	0.108847	0.232053	3.000000	0.000000	0.000000	0.000000	0.000000	0.000000	0.000000	0.000000	0.000000	0.000000	0.000000	0.000000	0.000000	0.000000	0.000000	0.000000	0.000000	0.000000	0.000000	0.000000	0.000000	0.000000	0.000000	0.000000	0.000000	0.000000	0.000000	0.000000	0.000000	0.000000	0.000000	0.000000	0.000000	0.000000	0.000000	0.000000	0.000000	0.000000	0.000000	0.000000
/mnt/v/output/codec-corpus-2026-05-01-multiaxis/alpha/alpha_008_91x137.png	large	91	137	5364.689453	0.400409	0.014063	0.001223	0.001318	0.122995	0.122995	5.186686	5.745518	0.508387	73.000000	0.005855	0.002180	0.003910	3.000000	0.022720	0.068890	129.000000	1.192890	2.202961	144.556152	0.561497	0.122995	0.000000	0.000000	0.000000	8.000000	1.000000	80.000000	80.000000	0.000000	0.000000	1.000000	0.000000	8.000000	0.000000	0.991337	4.605486	1.740207	0.000000	0.000000	1.000000	1.000000	0.000000	0.000889	62.610554	0.149733	0.434513	0.000509	0.000000	12467.000000	9.430840	91.000000	137.000000	37401.000000	0.664234	0.409121	0.108847	0.232053	3.000000	5.295293	5.380096	5.445117	5.481555	5.535363	1.000000	1.000000	1.000000	1.000000	0.000000	0.010873	0.023811	0.043773	40.000000	254.000000	255.000000	255.000000	255.000000	0.000000	0.380952	0.507937	0.555556	0.000000	0.000000	0.000000	0.000000	0.000000	0.000000	0.000000	0.000000	0.000000	0.000000	0.000000	0.000000	0.000000	0.000000	0.000000	-1.509304	0.400304
/mnt/v/output/codec-corpus-2026-05-01-multiaxis/illustration-screen/illustration_049_256x62.png	large	256	62	1289.956665	0.182633	0.156471	0.016535	0.012338	0.508929	0.000000	74.816673	0.103851	0.789734	1030.000000	0.064894	0.012870	0.024740	0.000000	0.094110	0.182190	11.000000	0.133495	3.187843	16.267857	17.267857	0.000000	0.000000	0.000000	0.000000	0.000000	0.000000	80.000000	80.000000	0.000000	0.000000	1.000000	0.000000	8.000000	0.000000	0.006489	3.196640	1.241588	0.043926	0.051889	1.000000	1.000000	0.196429	0.393276	17.348591	0.000000	0.074405	0.024802	0.000000	15872.000000	9.672312	62.000000	256.000000	47616.000000	0.242188	1.418043	0.032258	0.032258	3.000000	3.022113	4.571616	4.736036	4.809839	4.925054	0.059541	0.217633	1.000000	1.000000	0.066854	0.217054	0.497211	0.963672	4.000000	17.000000	49.000000	108.000000	198.000000	0.000000	0.000000	0.031746	0.142857	0.000000	0.000000	0.015873	0.047619	0.000000	0.000000	0.000000	1.690058	1.747703	1.816966	0.035375	0.039942	0.043926	0.000000	0.000000	7.860242	0.732897
/mnt/v/output/codec-corpus-2026-05-01-multiaxis/illustration-screen/illustration_100_166x255.png	large	166	255	3806.535645	0.297067	0.089412	0.014170	0.008600	0.056452	0.000000	38.772812	0.304638	0.998714	1761.000000	0.053741	0.009630	0.012350	0.000000	0.024270	0.028570	3.000000	0.118581	4.528679	31.361290	9.403226	0.000000	0.000000	0.000000	0.000000	0.000000	0.000000	80.000000	80.000000	0.000000	0.000000	1.000000	0.000000	8.000000	0.000000	0.026908	4.181777	0.664759	0.282312	0.062518	1.000000	1.000000	0.304839	0.744632	20.541304	0.000000	0.129544	0.020123	0.000000	42330.000000	10.653252	166.000000	255.000000	126990.000000	0.650980	0.429276	0.016017	0.161162	3.000000	4.213912	4.706728	5.042650	5.174713	5.384777	0.479318	0.953028	1.000000	1.000000	0.093416	0.170827	0.333794	0.466197	16.000000	34.000000	61.000000	134.000000	255.000000	0.031746	0.063492	0.126984	0.190476	0.000000	0.000000	0.015873	0.031746	0.000000	1.000000	2.000000	2.666503	3.054230	3.279007	0.126418	0.217516	0.282312	0.000000	0.015873	8.069595	0.798808
/mnt/v/output/codec-corpus-2026-05-01-multiaxis/alpha/alpha_020_91x137.png	large	91	137	5745.576172	0.267157	0.016316	0.001010	0.001966	0.406417	0.406417	6.297332	1.503024	0.992989	142.000000	0.011390	0.003680	0.001940	4.000000	0.116140	0.064740	157.000000	0.709461	3.078872	48.037434	0.545455	0.427807	0.000000	0.000000	0.000000	8.000000	1.000000	80.000000	80.000000	0.000000	0.000000	1.000000	0.000000	8.000000	0.000000	0.987968	2.840497	2.383098	0.000000	0.000000	1.000000	1.000000	0.048128	0.001454	73.165993	0.427807	0.180884	0.001188	0.000000	12467.000000	9.430840	91.000000	137.000000	37401.000000	0.664234	0.409121	0.108847	0.232053	3.000000	4.290380	4.909062	5.201611	5.610910	5.777581	0.000000	0.859807	1.000000	1.000000	0.000000	0.004377	0.023657	0.053907	0.000000	41.000000	130.000000	255.000000	255.000000	0.000000	0.000000	0.158730	0.317460	0.000000	0.000000	0.000000	0.000000	0.000000	0.000000	0.000000	0.000000	0.000000	0.000000	0.000000	0.000000	0.000000	0.000000	0.000000	3.761025	0.369657
/mnt/v/output/codec-corpus-2026-05-01-multiaxis/palette/palette_000_p256_200x100.png	large	200	100	4438.440430	0.356941	0.172758	0.041396	0.034170	0.090000	0.086667	60.065460	4.967259	0.669028	243.000000	0.012150	0.408470	0.420020	38.000000	2.101410	2.189290	149.000000	0.615290	1.903729	134.666672	67.983330	0.086667	0.000000	0.000000	0.000000	8.000000	1.000000	80.000000	80.000000	0.000000	0.000000	1.000000	0.000000	8.000000	0.000000	0.821900	4.775036	1.503478	0.935555	0.000000	1.000000	1.000000	0.000000	0.019063	73.224472	0.100000	0.426349	0.110952	0.000000	20000.000000	9.903487	100.000000	200.000000	60000.000000	0.500000	0.693147	0.040000	0.433600	3.000000	5.233171	5.447464	5.569314	5.636847	5.760070	1.000000	1.000000	1.000000	1.000000	0.181567	0.536980	0.947512	1.000000	19.000000	175.000000	255.000000	255.000000	255.000000	0.174603	0.380952	0.460317	0.539683	0.000000	0.015873	0.095238	0.174603	0.000000	0.000000	0.000000	0.000000	0.000000	4.412177	0.000000	0.000000	0.935555	0.000000	0.000000	-1.197737	0.547532
/mnt/v/output/codec-corpus-2026-05-01-multiaxis/alpha/alpha_021_91x137.png	large	91	137	1283.372437	0.376144	0.085086	0.003231	0.004422	0.106952	0.074866	30.192034	0.522601	0.730286	315.000000	0.025267	0.006510	0.150260	7.000000	0.105470	1.183470	117.000000	0.305993	2.749155	37.989304	13.561498	0.187166	0.000000	0.000000	0.000000	0.000000	0.000000	80.000000	80.000000	0.000000	0.000000	1.000000	0.000000	8.000000	0.000000	0.902142	4.066873	1.080422	0.134361	0.000000	1.000000	1.000000	0.139037	0.002262	30.868677	0.197861	0.167728	0.022239	0.000000	12467.000000	9.430840	91.000000	137.000000	37401.000000	0.664234	0.409121	0.108847	0.232053	3.000000	4.246892	4.851043	5.074604	5.121175	5.254081	0.429117	0.876282	1.000000	1.000000	0.000000	0.000000	0.021413	0.834277	12.000000	53.000000	107.000000	255.000000	255.000000	0.000000	0.063492	0.126984	0.285714	0.000000	0.000000	0.000000	0.000000	0.000000	0.000000	0.000000	0.859401	1.351882	2.602059	0.018854	0.032611	0.134361	0.000000	0.000000	4.304520	0.740736
/mnt/v/output/codec-corpus-2026-05-01-multiaxis/illustration-screen/illustration_002_208x256.png	large	208	256	1266.857666	0.036677	0.221059	0.003124	0.007916	0.798077	0.671875	99.238823	0.050701	1.114681	192.000000	0.005859	0.004480	0.003460	0.000000	0.188960	0.147250	22.000000	0.085779	1.751359	7.000000	19.860577	0.723558	0.000000	0.000000	0.000000	8.000000	1.000000	80.000000	80.000000	0.000000	0.000000	1.000000	0.000000	8.000000	0.000000	0.683162	1.209681	1.745501	0.000000	0.000000	1.000000	1.000000	0.203125	0.001521	18.456131	0.724760	0.028045	0.021406	0.000000	53248.000000	10.882715	208.000000	256.000000	159744.000000	0.812500	0.207639	0.000000	0.076923	3.000000	0.000000	1.681240	4.550191	4.727736	4.949600	0.000000	0.000000	0.052726	1.000000	0.000000	0.000000	0.052864	1.000000	0.000000	0.000000	1.000000	82.000000	162.000000	0.000000	0.000000	0.000000	0.000000	0.000000	0.000000	0.000000	0.000000	0.000000	0.000000	0.000000	0.000000	0.000000	0.000000	0.000000	0.000000	0.000000	0.000000	0.000000	30.939384	0.334214
/mnt/v/output/codec-corpus-2026-05-01-multiaxis/hdr/hdr_001_flickr_c2d8824d6ffb6e60.jpg	large	756	1024	1468.555420	0.126928	0.096593	0.004284	0.002867	0.522357	0.385721	37.311359	0.533350	1.390862	1699.000000	0.051849	0.000750	0.000650	0.000000	0.002480	0.001880	0.000000	0.238182	3.965424	9.291591	4.060329	0.253199	0.000000	0.000000	0.000000	0.000000	0.000000	80.000000	80.000000	0.000000	0.000000	1.000000	0.000000	8.000000	0.000000	0.009559	2.600744	1.506731	0.019787	0.000000	1.000000	1.000000	0.280622	0.056902	15.634154	0.373857	0.058341	0.008415	0.000000	774144.000000	13.559513	756.000000	1024.000000	2322432.000000	0.738281	0.303430	0.005291	0.015873	3.000000	2.751748	4.084357	4.421884	4.623031	4.755758	0.030996	0.170977	0.765846	1.000000	0.000000	0.042979	0.136414	0.280184	2.000000	14.000000	37.000000	100.000000	255.000000	0.000000	0.000000	0.015873	0.095238	0.000000	0.000000	0.000000	0.015873	0.000000	0.000000	0.000000	0.000000	0.000000	0.903091	0.000000	0.000000	0.019787	0.000000	0.000000	15.195250	0.743772
/mnt/v/output/codec-corpus-2026-05-01-multiaxis/hdr/hdr_002_apple_gainmap_new.jpg	large	384	512	4616.245117	0.085768	0.103723	0.003130	0.002019	0.671875	0.414062	32.981297	0.292413	1.513817	1416.000000	0.043213	0.000610	0.000410	0.000000	0.002030	0.001350	0.000000	0.148262	3.984227	8.540039	2.160156	0.088867	0.000000	0.000000	0.000000	0.000000	0.000000	80.000000	80.000000	0.000000	0.000000	1.000000	0.000000	8.000000	0.000000	0.241603	2.194140	1.454722	0.008726	0.000000	1.000000	1.000000	0.311523	0.346161	30.916460	0.191406	0.031622	0.003922	0.000000	196608.000000	12.188967	384.000000	512.000000	589824.000000	0.750000	0.287682	0.000000	0.000000	3.000000	1.770852	3.321051	4.538070	4.868171	5.331093	0.027147	0.056901	0.335100	1.000000	0.000000	0.029016	0.062355	0.167089	1.000000	4.000000	24.000000	126.000000	255.000000	0.000000	0.000000	0.000000	0.031746	0.000000	0.000000	0.000000	0.000000	0.000000	0.000000	0.000000	0.000000	0.000000	0.467977	0.000000	0.000000	0.008726	0.000000	0.000000	26.929171	0.705594
/mnt/v/output/codec-corpus-2026-05-01-multiaxis/hdr/hdr_047_minnie-320x240-rgb.jpg	large	320	240	4341.978516	0.097743	0.035862	0.002811	0.001927	0.303333	0.043333	13.940920	0.235304	0.985016	816.000000	0.024902	0.000340	0.000340	0.000000	0.001210	0.000960	0.000000	0.067679	4.164514	27.799999	1.639167	0.001667	0.000000	0.000000	0.000000	0.000000	0.000000	80.000000	80.000000	0.000000	0.000000	1.000000	0.000000	8.000000	0.000000	0.056562	3.610033	1.160818	0.064470	0.017123	1.000000	1.000000	0.760833	0.040495	31.117426	0.031667	0.083029	0.002646	0.000000	76800.000000	11.248960	240.000000	320.000000	230400.000000	0.750000	0.287682	0.000000	0.066667	3.000000	3.666645	4.585347	5.135148	5.255902	5.362742	0.212113	0.533552	1.000000	1.000000	0.031518	0.053125	0.077691	0.113337	3.000000	9.000000	34.000000	128.000000	255.000000	0.000000	0.015873	0.047619	0.126984	0.000000	0.000000	0.000000	0.000000	0.000000	0.000000	0.000000	1.113942	1.487846	1.860993	0.022319	0.036976	0.064470	0.000000	0.000000	13.881200	0.920797
/mnt/v/output/codec-corpus-2026-05-01-multiaxis/illustration-screen/illustration_057_256x194.png	large	256	194	6716.088379	0.489011	0.000000	0.000000	0.000000	0.167969	0.151042	0.000000	5.553456	0.576643	32.000000	0.000977	0.000000	0.000000	0.000000	0.000000	0.000000	0.000000	0.426036	3.035017	149.888016	0.000000	0.123698	0.000000	0.000000	0.000000	8.000000	1.000000	80.000000	80.000000	0.000000	0.000000	1.000000	0.000000	8.000000	0.000000	1.000000	4.549825	1.844881	0.007951	0.000000	1.000000	1.000000	0.041667	0.000000	56.839188	0.123698	0.372169	0.000000	1.000000	49664.000000	10.813036	194.000000	256.000000	148992.000000	0.757812	0.277319	0.030928	0.154639	3.000000	5.408150	5.519585	5.604681	5.652217	5.729015	1.000000	1.000000	1.000000	1.000000	0.000000	0.000000	0.000000	0.000000	42.000000	170.000000	255.000000	255.000000	255.000000	0.000000	0.285714	0.444444	0.523810	0.000000	0.000000	0.000000	0.000000	0.000000	0.000000	0.000000	0.000000	0.000000	0.467977	0.000000	0.000000	0.007951	0.000000	0.000000	-1.131193	0.608618
/mnt/v/output/codec-corpus-2026-05-01-multiaxis/grayscale/gray_031_47x47.png	large	47	47	290.310791	0.290761	0.000000	0.000000	0.000000	0.120000	0.080000	0.000000	0.070923	0.559912	16.000000	0.007243	0.000000	0.000000	0.000000	0.000000	0.000000	0.000000	0.611589	1.776735	11.400000	0.000000	0.000000	0.000000	0.000000	0.000000	4.000000	1.000000	80.000000	80.000000	0.000000	0.000000	1.000000	0.000000	8.000000	0.000000	1.000000	3.681726	1.024076	0.172402	0.000000	1.000000	1.000000	0.000000	0.000000	12.361897	0.000000	0.123810	0.000000	1.000000	2209.000000	7.700295	47.000000	47.000000	6627.000000	1.000000	0.000000	0.043006	0.854233	3.000000														9.000000	39.000000	67.000000	121.000000	220.000000									0.000000	0.000000	0.000000									3.033838	0.594712
/mnt/v/output/codec-corpus-2026-05-01-multiaxis/illustration-screen/illustration_001_256x149.png	large	256	149	3589.036621	0.255283	0.143458	0.014922	0.017499	0.319444	0.260417	54.596050	1.711062	0.755132	993.000000	0.030304	0.031410	0.030780	2.000000	0.371330	0.457020	48.000000	0.315502	2.563792	65.760414	31.921875	0.210069	0.000000	0.000000	0.000000	0.000000	0.000000	80.000000	80.000000	0.000000	0.000000	1.000000	0.000000	8.000000	0.000000	0.658714	3.555665	2.057276	0.000000	0.000000	1.000000	1.000000	0.203125	0.090142	55.198097	0.232639	0.193287	0.044533	0.000000	38144.000000	10.549124	149.000000	256.000000	114432.000000	0.582031	0.541231	0.020134	0.073826	3.000000	4.442354	5.303233	5.444698	5.508906	5.608151	0.038004	1.000000	1.000000	1.000000	0.000000	0.187800	0.584724	1.000000	2.000000	43.000000	159.000000	255.000000	255.000000	0.000000	0.000000	0.142857	0.365079	0.000000	0.000000	0.015873	0.079365	0.000000	0.000000	0.000000	0.000000	0.000000	0.000000	0.000000	0.000000	0.000000	0.000000	0.000000	2.376214	0.613267
/mnt/v/output/codec-corpus-2026-05-01-multiaxis/grayscale/gray_019_47x47.png	large	47	47	235.665146	0.361413	0.000000	0.000000	0.000000	0.120000	0.000000	0.000000	0.096113	0.453204	11.000000	0.004980	0.000000	0.000000	0.000000	0.000000	0.000000	0.000000	1.101074	1.723923	12.160000	0.000000	0.000000	0.000000	0.000000	0.000000	4.000000	1.000000	80.000000	80.000000	0.000000	0.000000	1.000000	0.000000	8.000000	0.000000	1.000000	3.870055	0.438161	0.244977	0.000000	1.000000	1.000000	0.040000	0.000000	15.175356	0.000000	0.116190	0.000000	1.000000	2209.000000	7.700295	47.000000	47.000000	6627.000000	1.000000	0.000000	0.043006	0.854233	3.000000														19.000000	46.000000	70.000000	164.000000	243.000000									0.000000	0.000000	0.000000									6.534832	0.550622
/mnt/v/output/codec-corpus-2026-05-01-multiaxis/alpha/alpha_038_91x137.png	large	91	137	7925.653809	0.168709	0.314549	0.043391	0.010905	0.486631	0.438503	116.778000	0.644935	0.864633	262.000000	0.021015	0.448990	0.130500	36.000000	0.401480	0.232800	157.000000	0.275889	2.213668	37.572193	43.064171	0.470588	0.000000	0.000000	0.000000	0.000000	0.000000	80.000000	80.000000	0.000000	0.000000	1.000000	0.000000	8.000000	0.000000	0.473330	2.574923	2.259693	0.000000	0.000000	1.000000	1.000000	0.197861	0.047188	55.595718	0.556150	0.115610	0.046600	0.000000	12467.000000	9.430840	91.000000	137.000000	37401.000000	0.664234	0.409121	0.108847	0.232053	3.000000	3.355835	4.833523	5.378397	5.466047	5.523611	0.000000	0.257948	1.000000	1.000000	0.000000	0.143257	1.000000	1.000000	0.000000	10.000000	93.000000	255.000000	255.000000	0.000000	0.000000	0.031746	0.206349	0.000000	0.000000	0.000000	0.079365	0.000000	0.000000	0.000000	0.000000	0.000000	0.000000	0.000000	0.000000	0.000000	0.000000	0.000000	7.514619	0.445212
/mnt/v/output/codec-corpus-2026-05-01-multiaxis/hdr/hdr_014_gm-12_cats_eating_together_around_a_centrally_placed_lamp_in_cat_cafe.jpg	large	600	400	5356.152344	0.036561	0.080990	0.002367	0.001539	0.517067	0.150400	39.330452	0.044906	1.573732	853.000000	0.026031	0.000250	0.000260	0.000000	0.000960	0.001020	0.000000	0.041392	4.554592	8.753600	2.074400	0.113600	0.000000	0.000000	0.000000	0.000000	0.000000	80.000000	80.000000	0.000000	0.000000	1.000000	0.000000	8.000000	0.000000	0.121217	2.823573	1.275603	0.000000	0.000000	1.000000	1.000000	0.621600	0.695275	11.271341	0.161600	0.036419	0.004102	0.000000	240000.000000	12.388394	400.000000	600.000000	720000.000000	0.666667	0.405465	0.000000	0.053867	3.000000	3.042767	3.625801	4.288157	4.576469	4.937202	0.113221	0.238583	0.509460	1.000000	0.000000	0.031746	0.077639	0.161138	2.000000	6.000000	13.000000	38.000000	221.000000	0.000000	0.000000	0.015873	0.063492	0.000000	0.000000	0.000000	0.000000	0.000000	0.000000	0.000000	0.000000	0.000000	0.000000	0.000000	0.000000	0.000000	0.000000	0.000000	31.569670	0.801928
/mnt/v/output/codec-corpus-2026-05-01-multiaxis/illustration-screen/screencontent_181_175x256.png	large	175	256	2607.394043	0.518887	0.085683	0.018205	0.010058	0.130952	0.022321	42.557076	1.509254	0.611884	823.000000	0.025116	0.019740	0.019160	0.000000	0.039390	0.035800	1.000000	0.496452	4.145897	42.575893	9.778274	0.002976	0.000000	0.000000	0.000000	0.000000	0.000000	80.000000	80.000000	0.000000	0.000000	1.000000	0.000000	8.000000	0.000000	0.008482	4.328175	1.022084	0.089176	0.044444	1.000000	1.000000	0.141369	0.828929	28.577957	0.002976	0.216482	0.014361	0.000000	44800.000000	10.709964	175.000000	256.000000	134400.000000	0.683594	0.380391	0.005714	0.097143	3.000000	4.714882	4.884835	5.008294	5.064664	5.152442	0.983320	1.000000	1.000000	1.000000	0.090748	0.184796	0.312506	0.618441	35.000000	86.000000	146.000000	255.000000	255.000000	0.000000	0.111111	0.222222	0.317460	0.000000	0.000000	0.015873	0.031746	0.000000	0.000000	1.000000	1.128317	1.750003	2.219739	0.018768	0.048529	0.089176	0.000000	0.000000	1.173979	0.657355
/mnt/v/output/codec-corpus-2026-05-01-multiaxis/illustration-screen/illustration_050_256x192.png	large	256	192	3063.038330	0.099353	0.059887	0.007969	0.006934	0.457031	0.000000	22.321863	0.098589	1.248740	1284.000000	0.039185	0.004150	0.004720	0.000000	0.031670	0.022500	9.000000	0.156555	4.259881	10.368489	4.167969	0.007812	0.000000	0.000000	0.000000	0.000000	0.000000	80.000000	80.000000	0.000000	0.000000	1.000000	0.000000	8.000000	0.000000	0.237874	3.187063	0.935379	0.049727	0.024681	1.000000	1.000000	0.334635	0.031881	15.969539	0.000000	0.058346	0.008619	0.000000	49152.000000	10.802672	192.000000	256.000000	147456.000000	0.750000	0.287682	0.000000	0.000000	3.000000	3.199207	3.911836	4.461618	4.669210	4.871170	0.110967	0.294395	0.666069	1.000000	0.031439	0.059560	0.133937	0.310120	3.000000	10.000000	29.000000	89.000000	237.000000	0.000000	0.000000	0.031746	0.079365	0.000000	0.000000	0.000000	0.015873	0.000000	0.000000	0.000000	1.536044	1.715481	1.824451	0.029463	0.040883	0.049727	0.000000	0.000000	18.180765	0.783316
/mnt/v/output/codec-corpus-2026-05-01-multiaxis/alpha/alpha_010_91x137.png	large	91	137	6775.496582	0.173121	0.316334	0.010546	0.024725	0.358289	0.267380	158.881592	0.469192	0.930890	117.000000	0.009385	0.032630	0.060010	4.000000	1.174810	2.160580	157.000000	0.210472	3.019662	36.737968	64.652405	0.272727	0.000000	0.000000	0.000000	8.000000	1.000000	80.000000	80.000000	0.000000	0.000000	1.000000	0.000000	8.000000	0.000000	0.406433	3.142097	2.093014	0.000000	0.000000	1.000000	1.000000	0.176471	0.000000	53.182579	0.304813	0.126475	0.064001	0.000000	12467.000000	9.430840	91.000000	137.000000	37401.000000	0.664234	0.409121	0.108847	0.232053	3.000000	4.127524	4.816817	5.323608	5.558988	5.682811	0.000000	0.729955	1.000000	1.000000	0.000000	0.018037	1.000000	1.000000	0.000000	13.000000	95.000000	255.000000	255.000000	0.000000	0.000000	0.095238	0.238095	0.000000	0.000000	0.000000	0.142857	0.000000	0.000000	0.000000	0.000000	0.000000	0.000000	0.000000	0.000000	0.000000	0.000000	0.000000	7.004832	0.548805
/mnt/v/output/codec-corpus-2026-05-01-multiaxis/hdr/hdr_040_gain_mapped-video_games-speed_dreams.jpg	large	700	394	3741.171387	0.286769	0.092385	0.003907	0.002778	0.168191	0.006568	31.351631	1.294150	1.336634	3373.000000	0.102936	0.000990	0.003490	1.000000	0.004330	0.006440	3.000000	0.304934	4.302026	22.696060	6.819888	0.000000	0.000000	0.000000	0.000000	0.000000	0.000000	80.000000	80.000000	0.000000	0.000000	1.000000	0.000000	8.000000	0.000000	0.514674	3.806542	0.867674	0.139025	0.000000	1.000000	1.000000	0.187617	0.129319	28.744638	0.003752	0.113851	0.010215	0.000000	275800.000000	12.527431	394.000000	700.000000	827400.000000	0.562857	0.574729	0.021030	0.061871	3.000000	3.857942	4.344313	4.949777	5.230021	5.451291	0.254251	0.464437	0.975113	1.000000	0.000000	0.037734	0.119522	0.332380	16.000000	39.000000	73.000000	192.000000	255.000000	0.000000	0.031746	0.095238	0.174603	0.000000	0.000000	0.000000	0.015873	0.000000	0.000000	1.000000	1.416796	2.266584	2.628501	0.036364	0.088909	0.139025	0.000000	0.000000	9.254314	0.627678
/mnt/v/output/codec-corpus-2026-05-01-multiaxis/alpha/alpha_009_91x137.png	large	91	137	957.005371	0.116503	0.009253	0.000707	0.000857	0.620321	0.598930	3.576370	1.126145	0.963823	103.000000	0.008262	0.002470	0.001520	3.000000	0.006440	0.015550	29.000000	1.277884	1.340234	24.823530	0.192513	0.641711	0.000000	0.000000	0.000000	8.000000	1.000000	80.000000	80.000000	0.000000	0.000000	1.000000	0.000000	8.000000	0.000000	0.976338	1.865535	2.311878	0.000000	0.000000	1.000000	1.000000	0.010695	0.000808	76.877899	0.625668	0.131313	0.000085	0.000000	12467.000000	9.430840	91.000000	137.000000	37401.000000	0.664234	0.409121	0.108847	0.232053	3.000000	0.000000	4.689325	5.093391	5.177256	5.327641	0.000000	0.000000	1.000000	1.000000	0.000000	0.000000	0.042413	0.057511	0.000000	0.000000	52.000000	255.000000	255.000000	0.000000	0.000000	0.000000	0.285714	0.000000	0.000000	0.000000	0.000000	0.000000	0.000000	0.000000	0.000000	0.000000	0.000000	0.000000	0.000000	0.000000	0.000000	0.000000	9.800440	0.200091
/mnt/v/output/codec-corpus-2026-05-01-multiaxis/illustration-screen/screencontent_188_256x196.png	large	256	196	6477.912598	0.382251	0.000000	0.000000	0.000000	0.113281	0.000000	0.000000	0.946112	0.829960	32.000000	0.000977	0.000000	0.000000	0.000000	0.000000	0.000000	0.000000	0.127877	4.605063	54.149738	0.000000	0.007812	0.000000	0.000000	0.000000	8.000000	1.000000	80.000000	80.000000	0.000000	0.000000	1.000000	0.000000	8.000000	0.000000	1.000000	4.453221	0.895373	0.239434	0.000000	1.000000	1.000000	0.341146	0.000000	36.924774	0.010417	0.177641	0.000000	1.000000	50176.000000	10.823292	196.000000	256.000000	150528.000000	0.765625	0.267063	0.020408	0.142857	3.000000	4.704536	5.060142	5.433717	5.653717	5.691704	0.705943	1.000000	1.000000	1.000000	0.000000	0.000000	0.000000	0.000000	18.000000	58.000000	113.000000	220.000000	255.000000	0.015873	0.095238	0.174603	0.253968	0.000000	0.000000	0.000000	0.000000	0.000000	1.000000	2.000000	1.926536	2.624282	3.013463	0.055413	0.139198	0.239434	0.000000	0.000000	3.151559	0.818776
/mnt/v/output/codec-corpus-2026-05-01-multiaxis/palette/palette_037_p256_200x100.png	large	200	100	2341.636719	0.215191	0.112933	0.019837	0.012640	0.573333	0.570000	45.818802	0.786209	0.904439	218.000000	0.010900	0.065460	0.066480	6.000000	0.175500	0.171270	12.000000	0.246793	2.290047	43.040001	17.780001	0.570000	0.000000	0.000000	0.000000	8.000000	1.000000	80.000000	80.000000	0.000000	0.000000	1.000000	0.000000	8.000000	0.000000	0.071000	2.104230	2.461652	0.000000	0.000000	1.000000	1.000000	0.016667	0.108542	51.250954	0.570000	0.128201	0.030053	0.000000	20000.000000	9.903487	100.000000	200.000000	60000.000000	0.500000	0.693147	0.040000	0.433600	3.000000	0.000000	4.909253	5.380217	5.512737	5.615430	0.000000	0.000000	1.000000	1.000000	0.000000	0.000000	0.499040	0.971432	0.000000	28.000000	118.000000	255.000000	255.000000	0.000000	0.000000	0.000000	0.285714	0.000000	0.000000	0.000000	0.063492	0.000000	0.000000	0.000000	0.000000	0.000000	0.000000	0.000000	0.000000	0.000000	0.000000	0.000000	4.579657	0.301555
/mnt/v/output/codec-corpus-2026-05-01-multiaxis/palette/palette_023_p35_200x100.png	large	200	100	2642.080322	0.106575	0.167151	0.012723	0.007019	0.006667	0.003333	60.879238	0.451026	1.076384	30.000000	0.001500	0.042240	0.021880	3.000000	0.098390	0.043250	10.000000	0.238568	2.429355	31.593334	13.573334	0.476667	0.000000	0.000000	0.000000	8.000000	1.000000	80.000000	80.000000	0.000000	0.000000	1.000000	0.000000	8.000000	0.000000	0.754950	3.901444	0.763907	0.368802	0.000000	1.000000	1.000000	0.116667	0.135156	53.865250	0.523333	0.122381	0.021799	0.000000	20000.000000	9.903487	100.000000	200.000000	60000.000000	0.500000	0.693147	0.040000	0.433600	3.000000	3.496514	4.725035	5.082614	5.258990	5.550061	0.396634	0.406768	1.000000	1.000000	0.000000	0.000000	0.502032	0.830745	11.000000	16.000000	47.000000	255.000000	255.000000	0.031746	0.047619	0.047619	0.222222	0.000000	0.000000	0.000000	0.047619	0.000000	0.000000	0.000000	3.137670	3.331376	3.371622	0.252514	0.324835	0.368802	0.031746	0.031746	12.634059	0.805074
/mnt/v/output/codec-corpus-2026-05-01-multiaxis/illustration-screen/illustration_020_256x184.png	large	256	184	3741.491699	0.195157	0.176521	0.015886	0.012405	0.544837	0.519022	63.818577	0.670223	0.899493	1274.000000	0.038879	0.049650	0.039620	12.000000	0.191780	0.125970	31.000000	0.235270	2.487741	31.716032	19.641304	0.486413	0.000000	0.000000	0.000000	0.000000	0.000000	80.000000	80.000000	0.000000	0.000000	1.000000	0.000000	8.000000	0.000000	0.669646	2.306508	2.370771	0.000000	0.000000	1.000000	1.000000	0.141304	0.177649	40.006874	0.500000	0.109796	0.026548	0.000000	47104.000000	10.760113	184.000000	256.000000	141312.000000	0.718750	0.330242	0.000000	0.043478	3.000000	0.942006	4.863232	5.198637	5.319968	5.461778	0.000000	0.016694	1.000000	1.000000	0.000000	0.000000	0.338628	1.000000	0.000000	17.000000	80.000000	240.000000	255.000000	0.000000	0.000000	0.000000	0.222222	0.000000	0.000000	0.000000	0.031746	0.000000	0.000000	0.000000	0.000000	0.000000	0.000000	0.000000	0.000000	0.000000	0.000000	0.000000	7.996089	0.406008
/mnt/v/output/codec-corpus-2026-05-01-multiaxis/palette/palette_001_p32_200x100.png	large	200	100	6268.704590	0.296221	0.447043	0.063567	0.034995	0.236667	0.233333	150.471802	1.566015	0.762123	30.000000	0.001500	0.589380	0.534630	28.000000	0.992690	1.124600	43.000000	0.371384	3.117283	66.866669	102.836670	0.220000	0.000000	0.000000	0.000000	8.000000	1.000000	80.000000	80.000000	0.000000	0.000000	1.000000	0.000000	8.000000	0.000000	0.221900	3.805670	2.110671	0.000000	0.000000	1.000000	1.000000	0.186667	0.038698	58.645473	0.256667	0.194233	0.099841	0.000000	20000.000000	9.903487	100.000000	200.000000	60000.000000	0.500000	0.693147	0.040000	0.433600	3.000000	4.871969	5.292621	5.419018	5.485959	5.557119	0.590265	1.000000	1.000000	1.000000	0.116638	0.856375	1.000000	1.000000	2.000000	60.000000	181.000000	255.000000	255.000000	0.000000	0.063492	0.126984	0.349206	0.000000	0.000000	0.079365	0.158730	0.000000	0.000000	0.000000	0.000000	0.000000	0.000000	0.000000	0.000000	0.000000	0.000000	0.000000	1.360955	0.587122
/mnt/v/output/codec-corpus-2026-05-01-multiaxis/palette/palette_044_p256_200x100.png	large	200	100	1611.548706	0.256805	0.001905	0.000211	0.000496	0.213333	0.183333	0.738845	1.506157	0.733358	45.000000	0.002250	0.000020	0.000030	0.000000	0.000850	0.001290	0.000000	0.546282	1.503038	40.376667	0.000000	0.203333	0.000000	0.000000	0.000000	8.000000	1.000000	80.000000	80.000000	0.000000	0.000000	1.000000	0.000000	8.000000	0.000000	0.998550	3.842234	1.898556	0.000000	0.000000	1.000000	1.000000	0.056667	0.000052	48.632591	0.240000	0.195079	0.000000	0.000000	20000.000000	9.903487	100.000000	200.000000	60000.000000	0.500000	0.693147	0.040000	0.433600	3.000000	4.846816	5.033861	5.194625	5.244532	5.316251	0.397694	1.000000	1.000000	1.000000	0.000000	0.006720	0.010476	0.014532	0.000000	79.000000	163.000000	255.000000	255.000000	0.000000	0.095238	0.174603	0.301587	0.000000	0.000000	0.000000	0.000000	0.000000	0.000000	0.000000	0.000000	0.000000	0.000000	0.000000	0.000000	0.000000	0.000000	0.000000	1.240910	0.538652
/mnt/v/output/codec-corpus-2026-05-01-multiaxis/illustration-screen/screencontent_156_192x256.png	large	192	256	4462.234863	0.431373	0.119498	0.019575	0.023467	0.169271	0.032552	59.856186	1.200298	0.826981	1130.000000	0.034485	0.038750	0.038400	1.000000	0.308240	0.275860	16.000000	0.226172	4.196420	45.746094	16.809896	0.040365	0.000000	0.000000	0.000000	0.000000	0.000000	80.000000	80.000000	0.000000	0.000000	1.000000	0.000000	8.000000	0.000000	0.037028	4.252829	1.188318	0.107881	0.028929	1.000000	1.000000	0.246094	0.656026	30.311682	0.049479	0.164703	0.028460	0.000000	49152.000000	10.802672	192.000000	256.000000	147456.000000	0.750000	0.287682	0.000000	0.000000	3.000000	4.671922	5.017629	5.161160	5.311285	5.494832	0.688879	1.000000	1.000000	1.000000	0.152740	0.323315	0.490637	0.688166	25.000000	76.000000	127.000000	228.000000	255.000000	0.000000	0.095238	0.158730	0.253968	0.000000	0.000000	0.031746	0.047619	0.000000	0.000000	1.000000	0.000000	1.647752	2.533053	0.000000	0.049463	0.107881	0.000000	0.000000	1.628194	0.700004
/mnt/v/output/codec-corpus-2026-05-01-multiaxis/illustration-screen/screencontent_142_182x256.png	large	182	256	6362.684082	0.411635	0.213824	0.009675	0.018837	0.116477	0.062500	89.192085	1.410385	0.798480	765.000000	0.023346	0.013640	0.018750	1.000000	0.485110	0.655470	64.000000	0.205187	3.661301	65.011360	32.693180	0.096591	0.000000	0.000000	0.000000	0.000000	0.000000	80.000000	80.000000	0.000000	0.000000	1.000000	0.000000	8.000000	0.000000	0.470145	4.388457	1.237846	0.152012	0.042974	1.000000	1.000000	0.240057	0.146549	41.611423	0.083807	0.209912	0.034407	0.000000	46592.000000	10.749184	182.000000	256.000000	139776.000000	0.710938	0.341171	0.010989	0.054945	3.000000	4.636311	5.133575	5.439022	5.511333	5.673018	1.000000	1.000000	1.000000	1.000000	0.105835	0.143305	0.525194	1.000000	19.000000	67.000000	131.000000	255.000000	255.000000	0.000000	0.095238	0.206349	0.285714	0.000000	0.000000	0.000000	0.047619	0.000000	0.000000	0.000000	0.000000	1.094733	2.690182	0.000000	0.015402	0.152012	0.000000	0.000000	2.557553	0.745701
/mnt/v/output/codec-corpus-2026-05-01-multiaxis/illustration-screen/illustration_003_256x61.png	large	256	61	13521.210938	0.124720	0.000000	0.000000	0.000000	0.473214	0.455357	0.000000	0.852606	0.614459	32.000000	0.002049	0.000000	0.000000	0.000000	0.000000	0.000000	0.000000	0.089606	1.611726	91.343750	0.000000	0.562500	0.000000	0.000000	0.000000	8.000000	1.000000	80.000000	80.000000	0.000000	0.000000	1.000000	0.000000	8.000000	0.000000	1.000000	2.990766	2.674144	0.000000	0.000000	1.000000	1.000000	0.339286	0.000000	73.103745	0.473214	0.152990	0.000000	1.000000	15616.000000	9.656052	61.000000	256.000000	46848.000000	0.238281	1.434304	0.049180	0.049180	3.000000	4.166045	5.715073	5.786426	5.807769	5.822327	0.000000	0.860660	1.000000	1.000000	0.000000	0.000000	0.000000	0.000000	0.000000	7.000000	140.000000	255.000000	255.000000	0.000000	0.000000	0.111111	0.317460	0.000000	0.000000	0.000000	0.000000	0.000000	0.000000	0.000000	0.000000	0.000000	0.000000	0.000000	0.000000	0.000000	0.000000	0.000000	4.172148	0.498670
/mnt/v/output/codec-corpus-2026-05-01-multiaxis/illustration-screen/illustration_058_256x18.png	large	256	18	190.461655	0.043137	0.023699	0.002908	0.001378	0.937500	0.875000	14.638871	0.028394	1.267464	78.000000	0.016927	0.006800	0.006420	1.000000	0.010640	0.009800	2.000000	0.349591	0.385405	4.312500	1.468750	0.875000	0.000000	0.000000	0.000000	8.000000	1.000000	80.000000	80.000000	0.000000	0.000000	1.000000	0.000000	8.000000	0.000000	0.015191	0.383172	1.182409	0.000000	0.000000	1.000000	1.000000	0.000000	0.007324	17.037497	0.875000	0.015625	0.003968	0.000000	4608.000000	8.435549	18.000000	256.000000	13824.000000	0.070312	2.654806	0.333333	0.777778	3.000000														0.000000	0.000000	0.000000	119.000000	218.000000									0.000000	0.000000	0.000000									38.428822	0.072794
/mnt/v/output/codec-corpus-2026-05-01-multiaxis/grayscale/gray_032_91x91.png	large	91	91	1487.760498	0.205429	0.000000	0.000000	0.000000	0.396694	0.355372	0.000000	0.895193	0.703415	32.000000	0.003864	0.000000	0.000000	0.000000	0.000000	0.000000	0.000000	0.618012	1.253488	33.578514	0.000000	0.454545	0.000000	0.000000	0.000000	8.000000	1.000000	80.000000	80.000000	0.000000	0.000000	1.000000	0.000000	8.000000	0.000000	1.000000	3.125660	2.242647	0.000000	0.000000	1.000000	1.000000	0.000000	0.000000	53.460613	0.396694	0.151253	0.000000	1.000000	8281.000000	9.021719	91.000000	91.000000	24843.000000	1.000000	0.000000	0.112909	0.112909	3.000000	4.505975	5.030926	5.349994	5.353170	5.365139	0.000000	0.978404	1.000000	1.000000	0.000000	0.000000	0.000000	0.000000	0.000000	29.000000	161.000000	255.000000	255.000000	0.000000	0.000000	0.111111	0.285714	0.000000	0.000000	0.000000	0.000000	0.000000	0.000000	0.000000	0.000000	0.000000	0.000000	0.000000	0.000000	0.000000	0.000000	0.000000	2.502948	0.414556
/mnt/v/output/codec-corpus-2026-05-01-multiaxis/alpha/alpha_024_91x137.png	large	91	137	252.511398	0.077369	0.000000	0.000000	0.000000	0.754011	0.727273	0.000000	0.341181	1.059500	22.000000	0.001765	0.000000	0.000000	0.000000	0.000000	0.000000	0.000000	1.212352	0.452794	8.411765	0.000000	0.727273	0.000000	0.000000	0.000000	8.000000	1.000000	80.000000	80.000000	0.000000	0.000000	1.000000	0.000000	8.000000	0.000000	1.000000	1.193641	1.921406	0.000000	0.000000	1.000000	1.000000	0.037433	0.000000	46.995914	0.716578	0.056786	0.000000	1.000000	12467.000000	9.430840	91.000000	137.000000	37401.000000	0.664234	0.409121	0.108847	0.232053	3.000000	0.000000	3.060503	4.707314	4.790776	5.006310	0.000000	0.000000	0.208420	1.000000	0.000000	0.000000	0.000000	0.000000	0.000000	0.000000	17.000000	255.000000	255.000000	0.000000	0.000000	0.000000	0.000000	0.000000	0.000000	0.000000	0.000000	0.000000	0.000000	0.000000	0.000000	0.000000	0.000000	0.000000	0.000000	0.000000	0.000000	0.000000	19.287634	0.153875
/mnt/v/output/codec-corpus-2026-05-01-multiaxis/illustration-screen/illustration_117_223x256.png	large	223	256	5059.879395	0.164529	0.346135	0.026274	0.011559	0.446759	0.230324	134.377167	0.362953	0.818130	1040.000000	0.031738	0.026850	0.023130	1.000000	0.034080	0.031690	2.000000	0.145917	2.672831	23.437500	34.591434	0.307870	0.000000	0.000000	0.000000	0.000000	0.000000	80.000000	80.000000	0.000000	0.000000	1.000000	0.000000	8.000000	0.000000	0.325900	2.748884	2.030781	0.000000	0.000000	1.000000	1.000000	0.178241	0.000140	27.852245	0.299769	0.099261	0.042824	0.000000	57088.000000	10.952350	223.000000	256.000000	171264.000000	0.871094	0.138006	0.004484	0.004484	3.000000	3.515159	4.653752	5.116300	5.185548	5.240616	0.005629	0.355156	1.000000	1.000000	0.000000	0.159662	1.000000	1.000000	1.000000	12.000000	63.000000	156.000000	255.000000	0.000000	0.000000	0.063492	0.190476	0.000000	0.000000	0.000000	0.095238	0.000000	0.000000	0.000000	0.000000	0.000000	0.000000	0.000000	0.000000	0.000000	0.000000	0.000000	8.964798	0.501869
/mnt/v/output/codec-corpus-2026-05-01-multiaxis/alpha/alpha_022_91x137.png	large	91	137	7242.210449	0.300408	0.292902	0.039460	0.023687	0.251337	0.229947	99.553177	5.558475	0.630518	708.000000	0.056790	0.403650	0.972530	36.000000	1.247220	1.676510	157.000000	0.851652	2.985543	143.112305	98.909088	0.251337	0.000000	0.000000	0.000000	0.000000	0.000000	80.000000	80.000000	0.000000	0.000000	1.000000	0.000000	8.000000	0.000000	0.526269	3.917280	2.236165	0.000000	0.000000	1.000000	1.000000	0.048128	0.007919	100.951340	0.267380	0.321704	0.093625	0.000000	12467.000000	9.430840	91.000000	137.000000	37401.000000	0.664234	0.409121	0.108847	0.232053	3.000000	5.110512	5.554937	5.698968	5.748927	5.780779	0.113418	1.000000	1.000000	1.000000	0.000000	0.513118	1.000000	1.000000	5.000000	113.000000	255.000000	255.000000	255.000000	0.000000	0.000000	0.317460	0.571429	0.000000	0.000000	0.063492	0.158730	0.000000	0.000000	0.000000	0.000000	0.000000	0.000000	0.000000	0.000000	0.000000	0.000000	0.000000	-0.335968	0.453532
/mnt/v/output/codec-corpus-2026-05-01-multiaxis/alpha/alpha_039_91x137.png	large	91	137	5885.206543	0.411846	0.010269	0.001497	0.000542	0.213904	0.171123	4.034000	3.567205	0.491590	88.000000	0.007059	0.005210	0.003390	2.000000	0.000700	0.000470	0.000000	0.399156	3.445287	104.021393	0.128342	0.475936	0.000000	0.000000	0.000000	8.000000	1.000000	80.000000	80.000000	0.000000	0.000000	1.000000	0.000000	8.000000	0.000000	0.274645	4.369189	1.977562	0.000000	0.000000	1.000000	1.000000	0.283422	0.000000	65.128899	0.497326	0.241915	0.000000	0.000000	12467.000000	9.430840	91.000000	137.000000	37401.000000	0.664234	0.409121	0.108847	0.232053	3.000000	5.437315	5.477359	5.539755	5.581987	5.616525	1.000000	1.000000	1.000000	1.000000	0.000000	0.020778	0.027207	0.053896	30.000000	143.000000	255.000000	255.000000	255.000000	0.000000	0.079365	0.111111	0.412698	0.000000	0.000000	0.000000	0.000000	0.000000	0.000000	0.000000	0.000000	0.000000	0.000000	0.000000	0.000000	0.000000	0.000000	0.000000	-0.798722	0.629056
/mnt/v/output/codec-corpus-2026-05-01-multiaxis/illustration-screen/illustration_051_256x256.png	large	256	256	919.420654	0.054748	0.000773	0.000142	0.000018	0.855469	0.845703	0.505597	0.740564	1.255767	52.000000	0.001587	0.000010	0.000010	0.000000	0.000000	0.000000	0.000000	0.272628	0.364242	16.158203	0.000000	0.924805	0.000000	0.000000	0.000000	8.000000	1.000000	80.000000	80.000000	0.000000	0.000000	1.000000	0.000000	8.000000	0.000000	1.000000	0.841709	1.866379	0.000000	0.000000	1.000000	1.000000	0.049805	0.000000	59.710888	0.924805	0.036644	0.000000	0.000000	65536.000000	11.090355	256.000000	256.000000	196608.000000	1.000000	0.000000	0.000000	0.000000	3.000000	0.000000	0.000000	5.199440	5.279633	5.685678	0.000000	0.000000	0.000000	1.000000	0.000000	0.000000	0.000000	0.000000	0.000000	0.000000	7.000000	255.000000	255.000000	0.000000	0.000000	0.000000	0.000000	0.000000	0.000000	0.000000	0.000000	0.000000	0.000000	0.000000	0.000000	0.000000	0.000000	0.000000	0.000000	0.000000	0.000000	0.000000	17.994356	0.151260
/mnt/v/output/codec-corpus-2026-05-01-multiaxis/illustration-screen/illustration_066_256x256.png	large	256	256	8909.594727	0.088720	0.083463	0.000912	0.002078	0.605469	0.578125	33.166271	0.372842	0.945341	183.000000	0.005585	0.001240	0.000870	0.000000	0.043490	0.030270	13.000000	0.045110	1.745624	36.073242	3.094727	0.716797	0.000000	0.000000	0.000000	8.000000	1.000000	80.000000	80.000000	0.000000	0.000000	1.000000	0.000000	8.000000	0.000000	0.952087	2.089182	2.369323	0.000000	0.000000	1.000000	1.000000	0.312500	0.005417	49.660500	0.692383	0.062717	0.003705	0.000000	65536.000000	11.090355	256.000000	256.000000	196608.000000	1.000000	0.000000	0.000000	0.000000	3.000000	0.297628	4.525719	5.640880	5.759336	5.811084	0.000000	0.005629	1.000000	1.000000	0.000000	0.000000	0.000000	0.000000	0.000000	1.000000	55.000000	176.000000	255.000000	0.000000	0.000000	0.000000	0.095238	0.000000	0.000000	0.000000	0.000000	0.000000	0.000000	0.000000	0.000000	0.000000	0.000000	0.000000	0.000000	0.000000	0.000000	0.000000	12.752142	0.404775
/mnt/v/output/codec-corpus-2026-05-01-multiaxis/hdr/hdr_004_fullColor-fullRes-IDEAL.jpg	large	1000	671	2894.131836	0.108859	0.149963	0.004278	0.002811	0.643566	0.528000	53.225281	0.696787	1.407141	2797.000000	0.085358	0.000990	0.000750	0.000000	0.004900	0.004010	2.000000	0.192083	4.125834	11.579962	3.784200	0.458574	0.000000	0.000000	0.000000	0.000000	0.000000	80.000000	80.000000	0.000000	0.000000	1.000000	0.000000	8.000000	0.000000	0.054714	2.179946	1.733877	0.000000	0.000000	1.000000	1.000000	0.357418	0.228113	28.166533	0.532755	0.053430	0.007095	0.000000	671000.000000	13.416525	671.000000	1000.000000	2013000.000000	0.671000	0.398986	0.001490	0.025526	3.000000	1.690197	3.754920	4.650414	4.907376	5.348527	0.000000	0.054607	0.547888	1.000000	0.000000	0.000000	0.106716	0.309742	1.000000	8.000000	35.000000	136.000000	255.000000	0.000000	0.000000	0.000000	0.079365	0.000000	0.000000	0.000000	0.000000	0.000000	0.000000	0.000000	0.000000	0.000000	0.000000	0.000000	0.000000	0.000000	0.000000	0.000000	18.379354	0.626876
/mnt/v/output/codec-corpus-2026-05-01-multiaxis/hdr/hdr_003_apple_gainmap_old.jpg	large	384	512	4616.245117	0.085768	0.103723	0.003130	0.002019	0.671875	0.414062	32.981297	0.292413	1.513817	1416.000000	0.043213	0.000610	0.000410	0.000000	0.002030	0.001350	0.000000	0.148262	3.984227	8.540039	2.160156	0.088867	0.000000	0.000000	0.000000	0.000000	0.000000	80.000000	80.000000	0.000000	0.000000	1.000000	0.000000	8.000000	0.000000	0.241603	2.194140	1.454722	0.008726	0.000000	1.000000	1.000000	0.311523	0.346161	30.916460	0.191406	0.031622	0.003922	0.000000	196608.000000	12.188967	384.000000	512.000000	589824.000000	0.750000	0.287682	0.000000	0.000000	3.000000	1.770852	3.321051	4.538070	4.868171	5.331093	0.027147	0.056901	0.335100	1.000000	0.000000	0.029016	0.062355	0.167089	1.000000	4.000000	24.000000	126.000000	255.000000	0.000000	0.000000	0.000000	0.031746	0.000000	0.000000	0.000000	0.000000	0.000000	0.000000	0.000000	0.000000	0.000000	0.467977	0.000000	0.000000	0.008726	0.000000	0.000000	26.929171	0.705594
/mnt/v/output/codec-corpus-2026-05-01-multiaxis/illustration-screen/illustration_021_256x85.png	large	256	85	2750.327881	0.182647	0.311705	0.022810	0.052315	0.250000	0.171875	144.227234	0.192181	0.807909	79.000000	0.003631	0.047910	0.032080	2.000000	1.441500	0.710900	35.000000	0.065882	2.038637	39.437500	102.893753	0.268750	0.000000	0.000000	0.000000	8.000000	1.000000	80.000000	80.000000	0.000000	0.000000	1.000000	0.000000	8.000000	0.000000	0.485524	3.721421	1.735348	0.005629	0.009255	1.000000	1.000000	0.543750	0.000049	20.148956	0.315625	0.110714	0.089831	0.000000	21760.000000	9.987828	85.000000	256.000000	65280.000000	0.332031	1.102526	0.035294	0.129412	3.000000	4.635688	4.914768	4.946446	5.238968	5.417039	0.242167	1.000000	1.000000	1.000000	0.278974	1.000000	1.000000	1.000000	1.000000	21.000000	72.000000	120.000000	184.000000	0.000000	0.031746	0.111111	0.174603	0.000000	0.015873	0.095238	0.142857	0.000000	0.000000	0.000000	0.000000	0.000000	0.467978	0.000000	0.000000	0.005629	0.000000	0.000000	2.065914	0.749666
/mnt/v/output/codec-corpus-2026-05-01-multiaxis/palette/palette_038_p32_200x100.png	large	200	100	1453.926147	0.369975	0.100737	0.026798	0.018609	0.073333	0.043333	46.444920	2.367974	0.789451	32.000000	0.001600	0.123020	0.117820	4.000000	0.233070	0.216760	5.000000	1.197178	2.783131	47.580002	11.513333	0.043333	0.000000	0.000000	0.000000	8.000000	1.000000	80.000000	80.000000	0.000000	0.000000	1.000000	0.000000	8.000000	0.000000	0.023950	4.249969	1.127503	0.173617	0.057010	1.000000	1.000000	0.006667	0.000000	58.306999	0.046667	0.267672	0.021534	0.000000	20000.000000	9.903487	100.000000	200.000000	60000.000000	0.500000	0.693147	0.040000	0.433600	3.000000	4.519920	4.970973	5.226943	5.316952	5.427605	0.401735	0.910120	1.000000	1.000000	0.125671	0.197341	0.313597	0.420085	25.000000	91.000000	208.000000	255.000000	255.000000	0.000000	0.095238	0.253968	0.428571	0.000000	0.000000	0.015873	0.031746	0.000000	0.000000	0.000000	0.000000	1.934420	3.285332	0.000000	0.039734	0.173617	0.000000	0.000000	0.502777	0.370756
/mnt/v/output/codec-corpus-2026-05-01-multiaxis/grayscale/gray_020_91x91.png	large	91	91	802.073730	0.358712	0.000000	0.000000	0.000000	0.140496	0.123967	0.000000	0.379219	0.633932	27.000000	0.003260	0.000000	0.000000	0.000000	0.000000	0.000000	0.000000	0.546428	2.143837	27.669422	0.000000	0.107438	0.000000	0.000000	0.000000	8.000000	1.000000	80.000000	80.000000	0.000000	0.000000	1.000000	0.000000	8.000000	0.000000	1.000000	3.927183	1.392852	0.020778	0.000000	1.000000	1.000000	0.024793	0.000000	26.624073	0.140496	0.178145	0.000000	1.000000	8281.000000	9.021719	91.000000	91.000000	24843.000000	1.000000	0.000000	0.112909	0.112909	3.000000	4.415682	4.671501	4.792985	4.869844	5.006615	0.777526	1.000000	1.000000	1.000000	0.000000	0.000000	0.000000	0.000000	13.000000	58.000000	109.000000	217.000000	255.000000	0.000000	0.095238	0.174603	0.269841	0.000000	0.000000	0.000000	0.000000	0.000000	0.000000	0.000000	0.000000	0.297622	0.903090	0.000000	0.003260	0.020778	0.000000	0.000000	3.334231	0.592023
/mnt/v/output/codec-corpus-2026-05-01-multiaxis/illustration-screen/screencontent_171_256x250.png	large	256	250	2090.964844	0.362777	0.041894	0.008767	0.006352	0.135081	0.000000	24.082796	1.386937	0.651963	394.000000	0.012024	0.003640	0.002830	0.000000	0.012000	0.009860	0.000000	0.281615	3.317495	44.827621	4.600806	0.006048	0.000000	0.000000	0.000000	0.000000	0.000000	80.000000	80.000000	0.000000	0.000000	1.000000	0.000000	8.000000	0.000000	0.003078	4.299159	0.887635	0.118735	0.035279	1.000000	1.000000	0.123992	0.828598	31.422800	0.000000	0.188956	0.009505	0.000000	64000.000000	11.066638	250.000000	256.000000	192000.000000	0.976562	0.023717	0.024000	0.024000	3.000000	4.699031	4.945502	5.122939	5.174372	5.244036	0.560988	1.000000	1.000000	1.000000	0.067351	0.152799	0.205579	0.274056	17.000000	65.000000	125.000000	255.000000	255.000000	0.000000	0.079365	0.190476	0.301587	0.000000	0.000000	0.000000	0.015873	0.000000	1.000000	2.000000	2.142233	2.323992	2.621160	0.055869	0.075079	0.118735	0.000000	0.000000	2.735603	0.697204
/mnt/v/output/codec-corpus-2026-05-01-multiaxis/palette/palette_002_p256_200x100.png	large	200	100	5257.110352	0.150283	0.509278	0.035930	0.015958	0.416667	0.310000	169.016602	0.553041	0.845720	184.000000	0.009200	0.131270	0.072210	8.000000	0.359940	0.188110	12.000000	0.126569	2.382694	49.213333	62.303333	0.373333	0.000000	0.000000	0.000000	8.000000	1.000000	80.000000	80.000000	0.000000	0.000000	1.000000	0.000000	8.000000	0.000000	0.113900	3.034731	2.278982	0.000000	0.000000	1.000000	1.000000	0.266667	0.015469	56.344170	0.403333	0.130635	0.053810	0.000000	20000.000000	9.903487	100.000000	200.000000	60000.000000	0.500000	0.693147	0.040000	0.433600	3.000000	4.115924	5.141836	5.514149	5.562823	5.685299	0.000000	0.807935	1.000000	1.000000	0.000000	0.182273	1.000000	1.000000	0.000000	16.000000	90.000000	255.000000	255.000000	0.000000	0.000000	0.095238	0.238095	0.000000	0.000000	0.015873	0.111111	0.000000	0.000000	0.000000	0.000000	0.000000	0.000000	0.000000	0.000000	0.000000	0.000000	0.000000	6.336867	0.551545
/mnt/v/output/codec-corpus-2026-05-01-multiaxis/palette/palette_045_p6_200x100.png	large	200	100	3287.442871	0.182684	0.116195	0.018237	0.000807	0.440000	0.430000	43.054306	3.849997	0.740339	6.000000	0.000300	0.072850	0.074730	2.000000	0.000820	0.000830	0.000000	0.964600	1.595680	85.996666	11.153334	0.436667	0.000000	0.000000	0.000000	4.000000	1.000000	80.000000	80.000000	0.000000	0.000000	1.000000	0.000000	8.000000	0.000000	0.478650	2.940248	2.585958	0.000000	0.000000	1.000000	1.000000	0.000000	0.000000	75.196648	0.496667	0.288307	0.021640	0.000000	20000.000000	9.903487	100.000000	200.000000	60000.000000	0.500000	0.693147	0.040000	0.433600	3.000000	4.753168	5.337225	5.546139	5.587767	5.695522	0.000000	1.000000	1.000000	1.000000	0.000000	0.175291	0.397684	0.630711	0.000000	15.000000	255.000000	255.000000	255.000000	0.000000	0.000000	0.349206	0.555556	0.000000	0.000000	0.000000	0.047619	0.000000	0.000000	0.000000	0.000000	0.000000	0.000000	0.000000	0.000000	0.000000	0.000000	0.000000	0.671342	0.284118
/mnt/v/output/codec-corpus-2026-05-01-multiaxis/illustration-screen/screencontent_182_186x256.png	large	186	256	6603.022461	0.352051	0.217064	0.022970	0.012513	0.138587	0.008152	77.056931	0.959235	0.980493	3622.000000	0.110535	0.046970	0.029120	5.000000	0.106710	0.106380	17.000000	0.203833	4.339306	52.247284	26.748642	0.004076	0.000000	0.000000	0.000000	0.000000	0.000000	80.000000	80.000000	0.000000	0.000000	1.000000	0.000000	8.000000	0.000000	0.326046	4.327032	0.987638	0.122227	0.026948	1.000000	1.000000	0.228261	0.185799	34.503712	0.004076	0.191770	0.038173	0.000000	47616.000000	10.770925	186.000000	256.000000	142848.000000	0.726562	0.319431	0.032258	0.032258	3.000000	4.604976	5.009944	5.252380	5.400090	5.571873	0.761611	1.000000	1.000000	1.000000	0.051849	0.218445	0.728322	1.000000	12.000000	53.000000	107.000000	246.000000	255.000000	0.000000	0.095238	0.190476	0.301587	0.000000	0.000000	0.015873	0.063492	0.000000	0.000000	1.000000	1.356681	2.199858	2.496908	0.028905	0.083311	0.122227	0.000000	0.000000	4.133203	0.779912
/mnt/v/output/codec-corpus-2026-05-01-multiaxis/illustration-screen/illustration_022_256x97.png	large	256	97	2730.785645	0.372386	0.228130	0.052645	0.023011	0.023438	0.007812	110.923225	0.940063	0.856039	713.000000	0.028713	0.200420	0.150310	13.000000	0.243960	0.180930	15.000000	0.229815	2.971961	50.757812	55.476562	0.023438	0.000000	0.000000	0.000000	0.000000	0.000000	80.000000	80.000000	0.000000	0.000000	1.000000	0.000000	8.000000	0.000000	0.084407	4.284323	0.774484	0.535758	0.507474	1.000000	1.000000	0.187500	0.054728	49.830025	0.007812	0.180184	0.081184	0.000000	24832.000000	10.119888	97.000000	256.000000	74496.000000	0.378906	0.970466	0.072165	0.319588	3.000000	4.067322	4.602477	5.568978	5.620484	5.682053	0.677426	0.793671	1.000000	1.000000	0.650040	0.759221	1.000000	1.000000	19.000000	38.000000	105.000000	255.000000	255.000000	0.063492	0.095238	0.111111	0.238095	0.031746	0.047619	0.079365	0.095238	0.000000	0.000000	0.000000	2.693232	3.413716	3.723280	0.133496	0.350681	0.535758	0.000000	0.047619	5.584930	0.783033
/mnt/v/output/codec-corpus-2026-05-01-multiaxis/hdr/hdr_015_gm-Cat_(44744745484).jpg	large	600	450	3705.361328	0.037604	0.025380	0.000699	0.000729	0.663571	0.269524	10.071096	0.112223	1.737547	1012.000000	0.030884	0.000080	0.000100	0.000000	0.000470	0.000560	0.000000	0.067108	4.446799	8.878096	0.638095	0.125714	0.000000	0.000000	0.000000	0.000000	0.000000	80.000000	80.000000	0.000000	0.000000	1.000000	0.000000	8.000000	0.000000	0.238089	2.619559	1.176543	0.030473	0.000000	1.000000	1.000000	0.804762	0.046775	26.878677	0.429524	0.031534	0.001285	0.000000	270000.000000	12.506177	450.000000	600.000000	810000.000000	0.750000	0.287682	0.013333	0.080889	3.000000	2.612188	3.372587	4.104405	4.574679	5.334612	0.067295	0.156309	0.382231	0.883431	0.000000	0.000000	0.030654	0.073386	1.000000	3.000000	8.000000	63.000000	255.000000	0.000000	0.000000	0.015873	0.031746	0.000000	0.000000	0.000000	0.000000	0.000000	0.000000	0.000000	0.000000	0.000000	1.204125	0.000000	0.000000	0.030473	0.000000	0.000000	110.976265	0.885191
/mnt/v/output/codec-corpus-2026-05-01-multiaxis/illustration-screen/screencontent_183_186x256.png	large	186	256	2941.219238	0.596227	0.173382	0.034676	0.037279	0.004076	0.000000	76.982773	1.335305	0.758646	3808.000000	0.116211	0.057220	0.049540	4.000000	0.495790	0.476680	31.000000	0.251047	4.454544	57.800270	44.667118	0.000000	0.000000	0.000000	0.000000	0.000000	0.000000	80.000000	80.000000	0.000000	0.000000	1.000000	0.000000	8.000000	0.000000	0.081800	4.775488	0.332047	0.993188	0.244187	1.000000	1.000000	0.199728	0.455498	27.670315	0.002717	0.255672	0.064031	0.000000	47616.000000	10.770925	186.000000	256.000000	142848.000000	0.726562	0.319431	0.032258	0.032258	3.000000	4.832930	5.004625	5.124923	5.187724	5.347320	1.000000	1.000000	1.000000	1.000000	0.360838	0.520249	0.883265	1.000000	38.000000	80.000000	129.000000	246.000000	255.000000	0.111111	0.190476	0.269841	0.333333	0.015873	0.031746	0.063492	0.079365	0.000000	1.000000	3.000000	3.788765	4.178313	4.344391	0.525014	0.868062	0.993188	0.063492	0.079365	1.947550	0.775726
/mnt/v/output/codec-corpus-2026-05-01-multiaxis/grayscale/gray_033_137x137.png	large	137	137	441.777893	0.073529	0.000000	0.000000	0.000000	0.782007	0.771626	0.000000	0.344639	1.192535	30.000000	0.001598	0.000000	0.000000	0.000000	0.000000	0.000000	0.000000	0.583782	0.540056	10.487889	0.000000	0.726644	0.000000	0.000000	0.000000	8.000000	1.000000	80.000000	80.000000	0.000000	0.000000	1.000000	0.000000	8.000000	0.000000	1.000000	1.087034	1.905244	0.000000	0.000000	1.000000	1.000000	0.003460	0.000000	46.623726	0.747405	0.058604	0.000000	1.000000	18769.000000	9.839962	137.000000	137.000000	56307.000000	1.000000	0.000000	0.104800	0.363951	3.000000	0.000000	0.942010	4.768659	5.061659	5.326516	0.000000	0.000000	0.014726	1.000000	0.000000	0.000000	0.000000	0.000000	0.000000	0.000000	7.000000	255.000000	255.000000	0.000000	0.000000	0.000000	0.000000	0.000000	0.000000	0.000000	0.000000	0.000000	0.000000	0.000000	0.000000	0.000000	0.000000	0.000000	0.000000	0.000000	0.000000	0.000000	19.890879	0.156621
/mnt/v/output/codec-corpus-2026-05-01-multiaxis/alpha/alpha_011_91x137.png	large	91	137	5780.739746	0.158905	0.245479	0.011532	0.012075	0.550802	0.475936	98.881294	0.087002	0.980976	297.000000	0.023823	0.015640	0.030140	1.000000	0.108210	0.207710	9.000000	0.034404	2.210220	37.951870	25.796791	0.417112	0.000000	0.000000	0.000000	0.000000	0.000000	80.000000	80.000000	0.000000	0.000000	1.000000	0.000000	8.000000	0.000000	0.700489	2.452941	2.371984	0.000000	0.000000	1.000000	1.000000	0.379679	0.039916	31.497875	0.427807	0.083270	0.032765	0.000000	12467.000000	9.430840	91.000000	137.000000	37401.000000	0.664234	0.409121	0.108847	0.232053	3.000000	1.851258	5.080768	5.306868	5.462227	5.760191	0.000000	0.049700	1.000000	1.000000	0.000000	0.000000	0.945870	1.000000	0.000000	10.000000	42.000000	120.000000	255.000000	0.000000	0.000000	0.000000	0.174603	0.000000	0.000000	0.000000	0.079365	0.000000	0.000000	0.000000	0.000000	0.000000	0.000000	0.000000	0.000000	0.000000	0.000000	0.000000	14.287634	0.479376
/mnt/v/output/codec-corpus-2026-05-01-multiaxis/illustration-screen/screencontent_189_256x256.png	large	256	256	5907.442383	0.051503	0.302871	0.014870	0.001994	0.773438	0.746094	151.436829	0.321026	1.024625	62.000000	0.001892	0.093740	0.048580	11.000000	0.011250	0.005410	1.000000	0.051467	0.964845	23.432617	27.493164	0.791016	0.000000	0.000000	0.000000	8.000000	1.000000	80.000000	80.000000	0.000000	0.000000	1.000000	0.000000	8.000000	0.000000	0.128372	1.295684	2.153991	0.000000	0.000000	1.000000	1.000000	0.155273	0.003296	54.978111	0.818359	0.041729	0.024383	0.000000	65536.000000	11.090355	256.000000	256.000000	196608.000000	1.000000	0.000000	0.000000	0.000000	3.000000	0.000000	1.812914	5.460484	5.636679	5.718078	0.000000	0.000000	0.050424	1.000000	0.000000	0.000000	0.029817	1.000000	0.000000	0.000000	5.000000	182.000000	255.000000	0.000000	0.000000	0.000000	0.000000	0.000000	0.000000	0.000000	0.000000	0.000000	0.000000	0.000000	0.000000	0.000000	0.000000	0.000000	0.000000	0.000000	0.000000	0.000000	20.458220	0.246979
/mnt/v/output/codec-corpus-2026-05-01-multiaxis/palette/palette_024_p256_200x100.png	large	200	100	1618.388672	0.257014	0.012440	0.000274	0.000642	0.210000	0.183333	4.702048	1.510297	0.731562	46.000000	0.002300	0.000340	0.000260	0.000000	0.012430	0.009710	2.000000	0.544835	1.503038	40.673332	0.600000	0.203333	0.000000	0.000000	0.000000	8.000000	1.000000	80.000000	80.000000	0.000000	0.000000	1.000000	0.000000	8.000000	0.000000	0.998300	3.849621	1.898834	0.000000	0.000000	1.000000	1.000000	0.056667	0.000052	48.733109	0.240000	0.196349	0.000741	0.000000	20000.000000	9.903487	100.000000	200.000000	60000.000000	0.500000	0.693147	0.040000	0.433600	3.000000	4.848521	5.033861	5.194625	5.244532	5.316251	0.415381	1.000000	1.000000	1.000000	0.000000	0.006720	0.010539	0.014542	0.000000	80.000000	164.000000	255.000000	255.000000	0.000000	0.095238	0.174603	0.301587	0.000000	0.000000	0.000000	0.000000	0.000000	0.000000	0.000000	0.000000	0.000000	0.000000	0.000000	0.000000	0.000000	0.000000	0.000000	1.231360	0.538641
/mnt/v/output/codec-corpus-2026-05-01-multiaxis/palette/palette_040_p256_200x100.png	large	200	100	1623.785645	0.257381	0.015664	0.000303	0.000710	0.210000	0.183333	5.921024	1.515629	0.732597	46.000000	0.002300	0.000320	0.000510	0.000000	0.011680	0.018410	30.000000	0.545804	1.506594	40.930000	0.756667	0.180000	0.000000	0.000000	0.000000	8.000000	1.000000	80.000000	80.000000	0.000000	0.000000	1.000000	0.000000	8.000000	0.000000	0.998150	3.880584	1.849607	0.000000	0.000000	1.000000	1.000000	0.056667	0.000052	48.760754	0.190000	0.196349	0.001640	0.000000	20000.000000	9.903487	100.000000	200.000000	60000.000000	0.500000	0.693147	0.040000	0.433600	3.000000	4.848521	5.034880	5.200003	5.247388	5.316251	0.415381	1.000000	1.000000	1.000000	0.000000	0.006551	0.010476	0.014570	1.000000	80.000000	164.000000	255.000000	255.000000	0.000000	0.095238	0.174603	0.301587	0.000000	0.000000	0.000000	0.000000	0.000000	0.000000	0.000000	0.000000	0.000000	0.000000	0.000000	0.000000	0.000000	0.000000	0.000000	1.217328	0.554151
/mnt/v/output/codec-corpus-2026-05-01-multiaxis/illustration-screen/illustration_004_256x256.png	large	256	256	3807.587158	0.071173	0.308242	0.012378	0.013686	0.637695	0.605469	118.219849	0.207711	0.938259	66.000000	0.002014	0.044770	0.040050	4.000000	0.267020	0.223300	19.000000	0.078577	1.757633	20.419922	39.332031	0.632812	0.000000	0.000000	0.000000	8.000000	1.000000	80.000000	80.000000	0.000000	0.000000	1.000000	0.000000	8.000000	0.000000	0.671585	1.742331	2.200826	0.000000	0.000000	1.000000	1.000000	0.247070	0.000000	36.976128	0.619141	0.056656	0.037481	0.000000	65536.000000	11.090355	256.000000	256.000000	196608.000000	1.000000	0.000000	0.000000	0.000000	3.000000	0.000000	4.284068	5.225818	5.328430	5.365067	0.000000	0.000000	1.000000	1.000000	0.000000	0.000000	1.000000	1.000000	0.000000	1.000000	22.000000	150.000000	255.000000	0.000000	0.000000	0.000000	0.095238	0.000000	0.000000	0.000000	0.079365	0.000000	0.000000	0.000000	0.000000	0.000000	0.000000	0.000000	0.000000	0.000000	0.000000	0.000000	19.889515	0.351577
/mnt/v/output/codec-corpus-2026-05-01-multiaxis/illustration-screen/illustration_101_256x246.png	large	256	246	5368.540039	0.258252	0.219859	0.006109	0.016570	0.375000	0.354167	95.843002	1.222703	0.642696	393.000000	0.011993	0.007960	0.005650	1.000000	0.365600	0.293380	38.000000	0.265349	3.180247	38.428123	31.701042	0.506250	0.000000	0.000000	0.000000	0.000000	0.000000	80.000000	80.000000	0.000000	0.000000	1.000000	0.000000	8.000000	0.000000	0.588827	3.110343	2.323258	0.000000	0.000000	1.000000	1.000000	0.131250	0.044710	36.470680	0.486458	0.152298	0.039468	0.000000	62976.000000	11.050509	246.000000	256.000000	188928.000000	0.960938	0.039846	0.008130	0.040650	3.000000	4.594870	5.035853	5.253948	5.287308	5.324493	0.000000	1.000000	1.000000	1.000000	0.000000	0.019291	0.872827	1.000000	1.000000	51.000000	121.000000	242.000000	255.000000	0.000000	0.000000	0.126984	0.285714	0.000000	0.000000	0.000000	0.079365	0.000000	0.000000	0.000000	0.000000	0.000000	0.000000	0.000000	0.000000	0.000000	0.000000	0.000000	2.766374	0.478553
/mnt/v/output/codec-corpus-2026-05-01-multiaxis/alpha/alpha_025_91x137.png	large	91	137	5746.366699	0.196078	0.128947	0.006393	0.005345	0.438503	0.390374	46.979137	0.349687	0.857675	423.000000	0.033930	0.012140	0.019610	5.000000	0.066190	0.202250	28.000000	0.134829	3.158988	46.550800	17.395721	0.401070	0.000000	0.000000	0.000000	0.000000	0.000000	80.000000	80.000000	0.000000	0.000000	1.000000	0.000000	8.000000	0.000000	0.823374	2.893631	2.409114	0.000000	0.000000	1.000000	1.000000	0.320856	0.018988	42.702652	0.422460	0.128088	0.024871	0.000000	12467.000000	9.430840	91.000000	137.000000	37401.000000	0.664234	0.409121	0.108847	0.232053	3.000000	4.065659	5.136785	5.426462	5.473345	5.682968	0.000000	0.817144	1.000000	1.000000	0.000000	0.000000	0.342189	0.805039	0.000000	19.000000	98.000000	224.000000	255.000000	0.000000	0.000000	0.111111	0.253968	0.000000	0.000000	0.000000	0.031746	0.000000	0.000000	0.000000	0.000000	0.000000	0.000000	0.000000	0.000000	0.000000	0.000000	0.000000	5.677795	0.528032
/mnt/v/output/codec-corpus-2026-05-01-multiaxis/alpha/alpha_026_91x137.png	large	91	137	601.989563	0.257761	0.038634	0.003992	0.002321	0.165775	0.074866	12.597701	0.259420	0.825045	186.000000	0.014919	0.010290	0.011060	1.000000	0.021890	0.024280	3.000000	0.368812	2.274341	18.871658	2.668449	0.326203	0.000000	0.000000	0.000000	8.000000	1.000000	80.000000	80.000000	0.000000	0.000000	1.000000	0.000000	8.000000	0.000000	0.967274	3.738847	1.107875	0.059754	0.000000	1.000000	1.000000	0.053476	0.000000	25.785082	0.385027	0.113318	0.009167	0.000000	12467.000000	9.430840	91.000000	137.000000	37401.000000	0.664234	0.409121	0.108847	0.232053	3.000000	3.775970	4.602592	4.865373	4.902343	4.996121	0.456889	0.539472	1.000000	1.000000	0.000000	0.000000	0.000000	0.461714	6.000000	29.000000	71.000000	193.000000	255.000000	0.000000	0.063492	0.079365	0.142857	0.000000	0.000000	0.000000	0.000000	0.000000	0.000000	0.000000	0.000000	0.903084	1.862485	0.000000	0.019787	0.059754	0.000000	0.000000	9.087710	0.688430
/mnt/v/output/codec-corpus-2026-05-01-multiaxis/alpha/alpha_023_91x137.png	large	91	137	238.154648	0.020833	0.107999	0.001328	0.004588	0.903743	0.882353	43.970539	0.011563	1.363958	37.000000	0.002968	0.001530	0.001000	0.000000	0.120180	0.079040	17.000000	0.120907	0.363056	2.593583	9.122994	0.844920	0.000000	0.000000	0.000000	8.000000	1.000000	80.000000	80.000000	0.000000	0.000000	1.000000	0.000000	8.000000	0.000000	0.948263	0.469139	1.279063	0.000000	0.000000	1.000000	1.000000	0.026738	0.000000	16.101215	0.850267	0.012053	0.009761	0.000000	12467.000000	9.430840	91.000000	137.000000	37401.000000	0.664234	0.409121	0.108847	0.232053	3.000000	0.000000	0.000000	2.862988	4.499205	4.791492	0.000000	0.000000	0.000000	0.149734	0.000000	0.000000	0.000000	0.190479	0.000000	0.000000	0.000000	63.000000	160.000000	0.000000	0.000000	0.000000	0.000000	0.000000	0.000000	0.000000	0.000000	0.000000	0.000000	0.000000	0.000000	0.000000	0.000000	0.000000	0.000000	0.000000	0.000000	0.000000	65.277817	0.088679
/mnt/v/output/codec-corpus-2026-05-01-multiaxis/palette/palette_042_p256_200x100.png	large	200	100	7413.998047	0.277743	0.195726	0.015561	0.014089	0.350000	0.230000	73.592903	1.870891	0.687441	185.000000	0.009250	0.061400	0.046500	3.000000	0.275450	0.236470	41.000000	0.340758	2.824677	82.839996	23.816668	0.296667	0.000000	0.000000	0.000000	8.000000	1.000000	80.000000	80.000000	0.000000	0.000000	1.000000	0.000000	8.000000	0.000000	0.629900	3.497380	2.220543	0.000000	0.000000	1.000000	1.000000	0.113333	0.017083	60.025551	0.306667	0.214656	0.030317	0.000000	20000.000000	9.903487	100.000000	200.000000	60000.000000	0.500000	0.693147	0.040000	0.433600	3.000000	4.891439	5.303607	5.529878	5.577784	5.624096	0.031551	1.000000	1.000000	1.000000	0.000000	0.107884	0.745969	1.000000	0.000000	69.000000	190.000000	255.000000	255.000000	0.000000	0.000000	0.126984	0.396825	0.000000	0.000000	0.000000	0.063492	0.000000	0.000000	0.000000	0.000000	0.000000	0.000000	0.000000	0.000000	0.000000	0.000000	0.000000	1.175793	0.500554
/mnt/v/output/codec-corpus-2026-05-01-multiaxis/illustration-screen/illustration_118_256x153.png	large	256	153	548.227173	0.111507	0.044458	0.002834	0.002867	0.662829	0.523026	15.345298	0.468416	1.283613	268.000000	0.008179	0.008040	0.012360	7.000000	0.068200	0.058560	61.000000	0.496296	0.829757	14.717105	3.848684	0.569079	0.000000	0.000000	0.000000	0.000000	0.000000	80.000000	80.000000	0.000000	0.000000	1.000000	0.000000	8.000000	0.000000	0.973014	1.957405	2.064162	0.000000	0.000000	1.000000	1.000000	0.027961	0.000694	34.207088	0.572368	0.070880	0.007519	0.000000	39168.000000	10.575615	153.000000	256.000000	117504.000000	0.597656	0.514740	0.045752	0.045752	3.000000	1.650792	4.589668	4.794610	4.964698	5.239164	0.000000	0.042354	1.000000	1.000000	0.000000	0.000000	0.000000	0.012667	0.000000	3.000000	62.000000	209.000000	255.000000	0.000000	0.000000	0.000000	0.111111	0.000000	0.000000	0.000000	0.000000	0.000000	0.000000	0.000000	0.000000	0.000000	0.000000	0.000000	0.000000	0.000000	0.000000	0.000000	11.644476	0.368978
/mnt/v/output/codec-corpus-2026-05-01-multiaxis/alpha/alpha_040_91x137.png	large	91	137	9103.059570	0.296487	0.210020	0.041979	0.016388	0.112299	0.085561	78.086525	0.815308	0.626370	888.000000	0.071228	0.116220	0.094190	4.000000	0.182840	0.186790	35.000000	0.160679	3.751971	90.438499	50.320854	0.101604	0.000000	0.000000	0.000000	0.000000	0.000000	80.000000	80.000000	0.000000	0.000000	1.000000	0.000000	8.000000	0.000000	0.452154	4.369887	1.545041	0.147191	0.000000	1.000000	1.000000	0.283422	0.099709	54.115112	0.112299	0.242764	0.078856	0.000000	12467.000000	9.430840	91.000000	137.000000	37401.000000	0.664234	0.409121	0.108847	0.232053	3.000000	4.965135	5.479000	5.591911	5.618880	5.674706	0.574711	1.000000	1.000000	1.000000	0.252707	0.777645	1.000000	1.000000	8.000000	54.000000	152.000000	255.000000	255.000000	0.000000	0.063492	0.285714	0.365079	0.000000	0.015873	0.095238	0.126984	0.000000	0.000000	0.000000	0.000000	0.000000	2.689254	0.000000	0.000000	0.147191	0.000000	0.000000	2.190082	0.739606
/mnt/v/output/codec-corpus-2026-05-01-multiaxis/palette/palette_048_p256_200x100.png	large	200	100	8018.848145	0.320299	0.092710	0.011724	0.005233	0.343333	0.256667	31.561365	1.955874	0.787610	189.000000	0.009450	0.046920	0.037470	9.000000	0.051210	0.040600	4.000000	0.408307	3.106140	78.059998	12.600000	0.310000	0.000000	0.000000	0.000000	8.000000	1.000000	80.000000	80.000000	0.000000	0.000000	1.000000	0.000000	8.000000	0.000000	0.633200	3.451047	2.208468	0.000000	0.000000	1.000000	1.000000	0.086667	0.004688	60.013332	0.343333	0.215556	0.019947	0.000000	20000.000000	9.903487	100.000000	200.000000	60000.000000	0.500000	0.693147	0.040000	0.433600	3.000000	4.681711	5.335599	5.501559	5.608627	5.705811	0.011258	1.000000	1.000000	1.000000	0.000000	0.034464	0.316682	0.852559	0.000000	77.000000	202.000000	255.000000	255.000000	0.000000	0.000000	0.111111	0.412698	0.000000	0.000000	0.000000	0.031746	0.000000	0.000000	0.000000	0.000000	0.000000	0.000000	0.000000	0.000000	0.000000	0.000000	0.000000	0.877644	0.463653
/mnt/v/output/codec-corpus-2026-05-01-multiaxis/palette/palette_039_p256_200x100.png	large	200	100	6660.733887	0.227806	0.362721	0.015457	0.013546	0.340000	0.280000	127.931839	1.180045	0.827159	167.000000	0.008350	0.093910	0.119070	4.000000	0.577850	0.471960	59.000000	0.210318	3.824971	67.639999	47.693333	0.230000	0.000000	0.000000	0.000000	8.000000	1.000000	80.000000	80.000000	0.000000	0.000000	1.000000	0.000000	8.000000	0.000000	0.372050	3.520217	2.175605	0.000000	0.000000	1.000000	1.000000	0.176667	0.086354	63.882820	0.273333	0.174392	0.046243	0.000000	20000.000000	9.903487	100.000000	200.000000	60000.000000	0.500000	0.693147	0.040000	0.433600	3.000000	4.770550	5.288790	5.439837	5.511822	5.631791	0.029826	1.000000	1.000000	1.000000	0.000000	0.026900	0.878839	1.000000	3.000000	45.000000	163.000000	255.000000	255.000000	0.000000	0.000000	0.126984	0.333333	0.000000	0.000000	0.000000	0.095238	0.000000	0.000000	0.000000	0.000000	0.000000	0.000000	0.000000	0.000000	0.000000	0.000000	0.000000	2.048817	0.612394
/mnt/v/output/codec-corpus-2026-05-01-multiaxis/illustration-screen/illustration_067_80x80.png	large	80	80	1798.080078	0.233136	0.061168	0.002484	0.003824	0.390000	0.130000	23.173332	0.290236	0.690740	532.000000	0.083125	0.000410	0.000440	0.000000	0.005140	0.004070	0.000000	0.123909	2.883580	37.599998	5.330000	0.100000	0.000000	0.000000	0.000000	0.000000	0.000000	80.000000	80.000000	0.000000	0.000000	1.000000	0.000000	8.000000	0.000000	0.087812	3.295037	1.761705	0.025163	0.000000	1.000000	1.000000	0.480000	0.129531	41.761784	0.120000	0.102063	0.009048	0.000000	6400.000000	8.764053	80.000000	80.000000	19200.000000	1.000000	0.000000	0.000000	0.440000	3.000000	3.774517	5.124550	5.303479	5.331739	5.366389	0.052684	0.608363	1.000000	1.000000	0.035488	0.078829	0.157852	0.353449	4.000000	40.000000	114.000000	209.000000	255.000000	0.000000	0.000000	0.047619	0.190476	0.000000	0.000000	0.000000	0.015873	0.000000	0.000000	0.000000	0.000000	0.000000	1.113941	0.000000	0.000000	0.025163	0.000000	0.000000	3.235187	0.786677
/mnt/v/output/codec-corpus-2026-05-01-multiaxis/palette/palette_041_p25_200x100.png	large	200	100	739.446899	0.103277	0.153893	0.012466	0.018814	0.680000	0.000000	65.756348	0.233947	1.198224	25.000000	0.001250	0.038760	0.042060	1.000000	1.267940	1.193130	47.000000	0.396130	3.115976	10.826667	42.230000	0.000000	0.000000	0.000000	0.000000	8.000000	1.000000	80.000000	80.000000	0.000000	0.000000	1.000000	0.000000	8.000000	0.000000	0.000000	3.053859	0.944619	0.058505	0.020926	1.000000	1.000000	0.086667	0.640573	30.663679	0.006667	0.056349	0.040529	0.000000	20000.000000	9.903487	100.000000	200.000000	60000.000000	0.500000	0.693147	0.040000	0.433600	3.000000	2.599320	4.020226	4.620677	4.827246	5.175130	0.085496	0.116679	0.739991	1.000000	0.034210	0.051989	0.323892	1.000000	5.000000	16.000000	39.000000	195.000000	255.000000	0.000000	0.000000	0.015873	0.063492	0.000000	0.000000	0.000000	0.031746	0.000000	0.000000	0.000000	1.762374	2.096040	2.202378	0.034239	0.052896	0.058505	0.000000	0.000000	17.914455	0.550695
/mnt/v/output/codec-corpus-2026-05-01-multiaxis/palette/palette_046_p256_200x100.png	large	200	100	3012.805176	0.223827	0.055462	0.008902	0.007067	0.350000	0.320000	19.044146	3.331396	0.906966	209.000000	0.010450	0.014880	0.009810	2.000000	0.088030	0.068210	25.000000	0.823429	1.715746	72.419998	5.910000	0.376667	0.000000	0.000000	0.000000	8.000000	1.000000	80.000000	80.000000	0.000000	0.000000	1.000000	0.000000	8.000000	0.000000	0.786200	3.197664	2.314465	0.000000	0.000000	1.000000	1.000000	0.016667	0.011302	103.159210	0.370000	0.231376	0.012011	0.000000	20000.000000	9.903487	100.000000	200.000000	60000.000000	0.500000	0.693147	0.040000	0.433600	3.000000	4.083994	5.173099	5.590268	5.660038	5.831550	0.000000	0.709138	1.000000	1.000000	0.000000	0.027275	0.171772	0.352234	0.000000	29.000000	197.000000	255.000000	255.000000	0.000000	0.000000	0.142857	0.444444	0.000000	0.000000	0.000000	0.015873	0.000000	0.000000	0.000000	0.000000	0.000000	0.000000	0.000000	0.000000	0.000000	0.000000	0.000000	2.899666	0.383657
/mnt/v/output/codec-corpus-2026-05-01-multiaxis/palette/palette_003_p19_200x100.png	large	200	100	1266.769287	0.416091	0.054447	0.018384	0.025518	0.073333	0.073333	24.759066	1.591995	0.363696	2.000000	0.000100	0.031890	0.027960	0.000000	0.395280	0.346620	2.000000	1.038480	0.996131	40.790001	9.606667	0.073333	0.000000	0.000000	0.000000	2.000000	1.000000	80.000000	80.000000	0.000000	0.000000	1.000000	0.000000	8.000000	0.000000	0.479100	4.333351	1.230025	0.573817	0.129572	1.000000	1.000000	0.006667	0.000000	13.153286	0.083333	0.274656	0.017249	0.000000	20000.000000	9.903487	100.000000	200.000000	60000.000000	0.500000	0.693147	0.040000	0.433600	3.000000	4.738340	4.773302	4.780231	4.781298	4.783099	0.880703	1.000000	1.000000	1.000000	0.197265	0.282363	0.327359	0.360238	70.000000	142.000000	145.000000	255.000000	255.000000	0.142857	0.238095	0.301587	0.349206	0.000000	0.000000	0.015873	0.031746	0.000000	0.000000	0.000000	0.000000	0.000000	4.155358	0.000000	0.000000	0.573817	0.000000	0.000000	-0.659302	0.452656
/mnt/v/output/codec-corpus-2026-05-01-multiaxis/grayscale/gray_034_73x73.png	large	73	73	2348.916992	0.180363	0.000000	0.000000	0.000000	0.518519	0.469136	0.000000	0.746366	0.759388	32.000000	0.006005	0.000000	0.000000	0.000000	0.000000	0.000000	0.000000	0.362382	1.187067	51.530865	0.000000	0.370370	0.000000	0.000000	0.000000	8.000000	1.000000	80.000000	80.000000	0.000000	0.000000	1.000000	0.000000	8.000000	0.000000	1.000000	2.658409	2.422330	0.000000	0.000000	1.000000	1.000000	0.000000	0.000000	59.784607	0.382716	0.153243	0.000000	1.000000	5329.000000	8.580919	73.000000	73.000000	15987.000000	1.000000	0.000000	0.200976	0.729405	3.000000														0.000000	12.000000	162.000000	255.000000	255.000000									0.000000	0.000000	0.000000									2.636672	0.412415
/mnt/v/output/codec-corpus-2026-05-01-multiaxis/illustration-screen/illustration_059_231x256.png	large	231	256	6716.913086	0.152822	0.380324	0.038240	0.011860	0.561384	0.270089	139.786407	0.339498	0.773397	2585.000000	0.078888	0.056320	0.046350	5.000000	0.027100	0.031340	3.000000	0.101307	3.078347	28.637278	50.622768	0.285714	0.000000	0.000000	0.000000	0.000000	0.000000	80.000000	80.000000	0.000000	0.000000	1.000000	0.000000	8.000000	0.000000	0.243422	2.566831	2.123421	0.000000	0.000000	1.000000	1.000000	0.216518	0.041768	28.406527	0.295759	0.083865	0.047513	0.000000	59136.000000	10.987596	231.000000	256.000000	177408.000000	0.902344	0.102760	0.004329	0.108225	3.000000	2.123647	4.956101	5.195941	5.270991	5.307351	0.000000	0.058427	1.000000	1.000000	0.000000	0.194495	1.000000	1.000000	0.000000	13.000000	63.000000	149.000000	255.000000	0.000000	0.000000	0.000000	0.174603	0.000000	0.000000	0.015873	0.095238	0.000000	0.000000	0.000000	0.000000	0.000000	0.000000	0.000000	0.000000	0.000000	0.000000	0.000000	8.010709	0.502139
/mnt/v/output/codec-corpus-2026-05-01-multiaxis/alpha/alpha_012_91x137.png	large	91	137	0.000000	0.000000	0.000000	0.000000	0.000000	1.000000	1.000000	0.000000	0.000000	0.000000	1.000000	0.000080	0.000000	0.000000	0.000000	0.000000	0.000000	0.000000	0.000000	0.000000	0.000000	0.000000	1.000000	0.000000	0.000000	0.000000	2.000000	1.000000	80.000000	80.000000	0.000000	0.000000	1.000000	0.000000	8.000000	0.000000	1.000000	-0.000001	0.000000	0.000000	0.000000	1.000000	1.000000	0.000000	0.000000	0.000000	1.000000	0.000000	0.000000	1.000000	12467.000000	9.430840	91.000000	137.000000	37401.000000	0.664234	0.409121	0.108847	0.232053	3.000000	0.000000	0.000000	0.000000	0.000000	0.000000	0.000000	0.000000	0.000000	0.000000	0.000000	0.000000	0.000000	0.000000	0.000000	0.000000	0.000000	0.000000	0.000000	0.000000	0.000000	0.000000	0.000000	0.000000	0.000000	0.000000	0.000000	0.000000	0.000000	0.000000	0.000000	0.000000	0.000000	0.000000	0.000000	0.000000	0.000000	0.000000	0.000000	0.000000
/mnt/v/output/codec-corpus-2026-05-01-multiaxis/illustration-screen/screencontent_143_180x256.png	large	180	256	3696.539551	0.223332	0.055100	0.005784	0.004606	0.492898	0.241477	19.496531	0.823698	0.918806	800.000000	0.024414	0.003140	0.004530	0.000000	0.012640	0.018500	2.000000	0.156796	3.275380	42.116478	3.298295	0.207386	0.000000	0.000000	0.000000	0.000000	0.000000	80.000000	80.000000	0.000000	0.000000	1.000000	0.000000	8.000000	0.000000	0.068750	2.987781	1.964082	0.000000	0.000000	1.000000	1.000000	0.240057	0.196549	50.376595	0.211648	0.118709	0.006584	0.000000	46080.000000	10.738134	180.000000	256.000000	138240.000000	0.703125	0.352221	0.022222	0.066667	3.000000	3.218732	4.482019	5.580009	5.659935	5.711363	0.043210	0.310681	1.000000	1.000000	0.016711	0.052845	0.147999	0.254401	3.000000	25.000000	94.000000	255.000000	255.000000	0.000000	0.000000	0.031746	0.206349	0.000000	0.000000	0.000000	0.015873	0.000000	0.000000	0.000000	0.000000	0.000000	0.000000	0.000000	0.000000	0.000000	0.000000	0.000000	6.335292	0.607108
/mnt/v/output/codec-corpus-2026-05-01-multiaxis/illustration-screen/screencontent_162_255x209.png	large	255	209	2193.827393	0.533692	0.138836	0.037757	0.021180	0.016129	0.000000	54.907940	0.929219	0.930075	2944.000000	0.089844	0.069480	0.072570	5.000000	0.156710	0.180200	20.000000	0.290486	4.255964	40.224567	19.362284	0.000000	0.000000	0.000000	0.000000	0.000000	0.000000	80.000000	80.000000	0.000000	0.000000	1.000000	0.000000	8.000000	0.000000	0.023905	4.497227	0.481795	0.550111	0.153433	1.000000	1.000000	0.070720	0.470814	23.350176	0.000000	0.221513	0.043483	0.000000	53295.000000	10.883597	209.000000	255.000000	159885.000000	0.819608	0.198929	0.037546	0.075973	3.000000	4.575667	4.824523	5.016507	5.134207	5.311746	0.827796	1.000000	1.000000	1.000000	0.240379	0.378026	0.527291	0.704435	32.000000	63.000000	105.000000	199.000000	255.000000	0.095238	0.158730	0.222222	0.285714	0.000000	0.015873	0.047619	0.063492	0.000000	2.000000	4.000000	2.759479	3.678877	3.886878	0.153933	0.425533	0.550111	0.015873	0.063492	3.184098	0.715110
/mnt/v/output/codec-corpus-2026-05-01-multiaxis/palette/palette_025_p256_200x100.png	large	200	100	920.304810	0.053026	0.000000	0.000000	0.000000	0.790000	0.790000	0.000000	0.550962	1.288202	5.000000	0.000250	0.000000	0.000000	0.000000	0.000000	0.000000	0.000000	0.304464	0.242753	16.406666	0.000000	0.910000	0.000000	0.000000	0.000000	4.000000	1.000000	80.000000	80.000000	0.000000	0.000000	1.000000	0.000000	8.000000	0.000000	1.000000	1.040288	2.033111	0.000000	0.000000	1.000000	1.000000	0.026667	0.000000	56.074703	0.920000	0.050794	0.000000	1.000000	20000.000000	9.903487	100.000000	200.000000	60000.000000	0.500000	0.693147	0.040000	0.433600	3.000000	0.000000	0.000000	4.919956	5.505654	5.604677	0.000000	0.000000	0.000000	1.000000	0.000000	0.000000	0.000000	0.000000	0.000000	0.000000	0.000000	255.000000	255.000000	0.000000	0.000000	0.000000	0.000000	0.000000	0.000000	0.000000	0.000000	0.000000	0.000000	0.000000	0.000000	0.000000	0.000000	0.000000	0.000000	0.000000	0.000000	0.000000	15.970513	0.128920
/mnt/v/output/codec-corpus-2026-05-01-multiaxis/hdr/hdr_005_luminosity-lowRes.jpg	large	1000	671	2978.117432	0.115252	0.149965	0.004277	0.002811	0.627855	0.515855	53.224319	0.823100	1.312742	2801.000000	0.085480	0.000990	0.000750	0.000000	0.004900	0.004010	2.000000	0.181331	4.144339	13.447014	3.784200	0.457611	0.000000	0.000000	0.000000	0.000000	0.000000	80.000000	80.000000	0.000000	0.000000	1.000000	0.000000	8.000000	0.000000	0.058876	2.231419	1.762072	0.000000	0.000000	1.000000	1.000000	0.354528	0.228124	32.016907	0.520231	0.058033	0.007095	0.000000	671000.000000	13.416525	671.000000	1000.000000	2013000.000000	0.671000	0.398986	0.001490	0.025526	3.000000	1.690197	3.827764	4.711883	5.010490	5.430429	0.000000	0.054607	0.584828	1.000000	0.000000	0.000000	0.106716	0.309742	1.000000	9.000000	39.000000	149.000000	255.000000	0.000000	0.000000	0.000000	0.079365	0.000000	0.000000	0.000000	0.000000	0.000000	0.000000	0.000000	0.000000	0.000000	0.000000	0.000000	0.000000	0.000000	0.000000	0.000000	17.030699	0.631155
/mnt/v/output/codec-corpus-2026-05-01-multiaxis/illustration-screen/illustration_005_256x238.png	large	256	238	10324.711914	0.022887	0.326197	0.009700	0.001475	0.837285	0.712285	110.112030	0.186445	1.375186	291.000000	0.008881	0.014060	0.028310	4.000000	0.003970	0.010050	1.000000	0.085008	1.895366	14.162716	15.400862	0.843750	0.000000	0.000000	0.000000	0.000000	0.000000	80.000000	80.000000	0.000000	0.000000	1.000000	0.000000	8.000000	0.000000	0.679671	1.108140	1.857100	0.000000	0.000000	1.000000	1.000000	0.228448	0.010658	61.952347	0.867457	0.031951	0.017224	0.000000	60928.000000	11.017448	238.000000	256.000000	182784.000000	0.929688	0.072907	0.008403	0.075630	3.000000	0.000000	2.293915	4.638898	5.402194	5.749135	0.000000	0.000000	0.111570	1.000000	0.000000	0.000000	0.285927	0.941831	0.000000	0.000000	0.000000	176.000000	255.000000	0.000000	0.000000	0.000000	0.000000	0.000000	0.000000	0.000000	0.031746	0.000000	0.000000	0.000000	0.000000	0.000000	0.000000	0.000000	0.000000	0.000000	0.000000	0.000000	54.665131	0.273213
/mnt/v/output/codec-corpus-2026-05-01-multiaxis/illustration-screen/screencontent_157_256x184.png	large	256	184	4857.112305	0.331748	0.167186	0.009265	0.016698	0.217391	0.000000	71.943886	1.423679	0.742985	981.000000	0.029938	0.009700	0.009570	1.000000	0.356600	0.328520	47.000000	0.193504	4.151816	67.873642	25.221468	0.002717	0.000000	0.000000	0.000000	0.000000	0.000000	80.000000	80.000000	0.000000	0.000000	1.000000	0.000000	8.000000	0.000000	0.252441	4.328064	1.167799	0.127545	0.024213	1.000000	1.000000	0.339674	0.173297	47.436073	0.000000	0.202014	0.029287	0.000000	47104.000000	10.760113	184.000000	256.000000	141312.000000	0.718750	0.330242	0.000000	0.043478	3.000000	4.797969	5.288152	5.465259	5.586597	5.674486	0.308453	1.000000	1.000000	1.000000	0.034492	0.057777	0.362708	1.000000	11.000000	63.000000	141.000000	255.000000	255.000000	0.000000	0.031746	0.190476	0.349206	0.000000	0.000000	0.000000	0.031746	0.000000	0.000000	1.000000	1.798909	2.132290	2.466659	0.052692	0.082414	0.127545	0.000000	0.000000	2.290733	0.818154
/mnt/v/output/codec-corpus-2026-05-01-multiaxis/hdr/hdr_018_gm-Cat_liquid.jpg	large	600	450	1308.639038	0.114376	0.140728	0.004055	0.002615	0.254762	0.036429	64.031219	0.280732	1.486515	2191.000000	0.066864	0.000460	0.000510	0.000000	0.001520	0.001740	0.000000	0.235548	3.852100	9.306666	3.985714	0.007619	0.000000	0.000000	0.000000	0.000000	0.000000	80.000000	80.000000	0.000000	0.000000	1.000000	0.000000	8.000000	0.000000	0.019548	3.350307	0.801295	0.094569	0.017843	1.000000	1.000000	0.340000	0.810301	14.356916	0.025714	0.063613	0.007286	0.000000	270000.000000	12.506177	450.000000	600.000000	810000.000000	0.750000	0.287682	0.013333	0.080889	3.000000	3.487563	3.811772	4.170071	4.459056	4.948302	0.226930	0.356213	0.540678	0.899867	0.037621	0.066243	0.113564	0.193573	7.000000	18.000000	35.000000	85.000000	255.000000	0.000000	0.015873	0.047619	0.095238	0.000000	0.000000	0.000000	0.015873	0.000000	0.000000	0.000000	0.586517	1.791953	2.177355	0.010873	0.060841	0.094569	0.000000	0.000000	19.855345	0.753579
/mnt/v/output/codec-corpus-2026-05-01-multiaxis/illustration-screen/illustration_023_256x159.png	large	256	159	3049.122559	0.253483	0.101079	0.016944	0.003929	0.401316	0.279605	30.800426	2.317489	0.767702	874.000000	0.026672	0.068710	0.070080	8.000000	0.021100	0.019100	6.000000	0.407055	2.122813	80.965462	14.800987	0.246711	0.000000	0.000000	0.000000	0.000000	0.000000	80.000000	80.000000	0.000000	0.000000	1.000000	0.000000	8.000000	0.000000	0.829943	3.317660	2.200086	0.000000	0.000000	1.000000	1.000000	0.036184	0.011590	57.598091	0.269737	0.218385	0.023627	0.000000	40704.000000	10.614081	159.000000	256.000000	122112.000000	0.621094	0.476273	0.006289	0.006289	3.000000	4.470324	5.272497	5.434991	5.517896	5.663105	0.016207	1.000000	1.000000	1.000000	0.000000	0.016483	0.353442	0.997733	2.000000	46.000000	185.000000	255.000000	255.000000	0.000000	0.000000	0.206349	0.428571	0.000000	0.000000	0.000000	0.015873	0.000000	0.000000	0.000000	0.000000	0.000000	0.000000	0.000000	0.000000	0.000000	0.000000	0.000000	1.783843	0.529665
/mnt/v/output/codec-corpus-2026-05-01-multiaxis/hdr/hdr_016_gm-Cat_Sergio_fooling_around.jpg	large	600	360	4911.586426	0.199627	0.046003	0.001935	0.001540	0.212148	0.063407	17.358576	0.618390	1.193366	1485.000000	0.045319	0.000220	0.000230	0.000000	0.000910	0.001000	0.000000	0.255287	4.661572	17.107555	1.704889	0.032889	0.000000	0.000000	0.000000	0.000000	0.000000	80.000000	80.000000	0.000000	0.000000	1.000000	0.000000	8.000000	0.000000	0.231431	3.619610	1.022992	0.106188	0.000000	1.000000	1.000000	0.472889	0.194884	21.613611	0.085333	0.094603	0.003076	0.000000	216000.000000	12.283033	360.000000	600.000000	648000.000000	0.600000	0.510826	0.000000	0.080889	3.000000	3.858047	4.253413	4.626086	4.834363	5.112627	0.320727	0.576963	0.965917	1.000000	0.011258	0.034494	0.067020	0.112373	8.000000	22.000000	49.000000	153.000000	255.000000	0.000000	0.031746	0.079365	0.142857	0.000000	0.000000	0.000000	0.000000	0.000000	0.000000	0.000000	0.000000	1.690194	2.252702	0.000000	0.054607	0.106188	0.000000	0.000000	16.543062	0.794784
/mnt/v/output/codec-corpus-2026-05-01-multiaxis/illustration-screen/screencontent_161_179x256.png	large	179	256	4137.480957	0.445010	0.193256	0.049530	0.031685	0.018466	0.000000	83.984962	0.980162	0.822650	3010.000000	0.091858	0.163930	0.130490	9.000000	0.421470	0.425240	31.000000	0.236407	4.692938	48.173294	45.565342	0.005682	0.000000	0.000000	0.000000	0.000000	0.000000	80.000000	80.000000	0.000000	0.000000	1.000000	0.000000	8.000000	0.000000	0.033476	4.522565	0.566553	0.478265	0.249014	1.000000	1.000000	0.207386	0.476693	30.166536	0.000000	0.204320	0.072714	0.000000	45824.000000	10.732563	179.000000	256.000000	137472.000000	0.699219	0.357792	0.027933	0.072626	3.000000	4.612285	4.951069	5.144279	5.287266	5.426517	0.835523	1.000000	1.000000	1.000000	0.406160	0.638567	0.910493	1.000000	26.000000	62.000000	114.000000	224.000000	255.000000	0.063492	0.111111	0.206349	0.301587	0.015873	0.031746	0.063492	0.095238	0.000000	1.000000	3.000000	2.970347	3.325310	3.675481	0.203180	0.321509	0.478265	0.015873	0.031746	3.123628	0.765201
/mnt/v/output/codec-corpus-2026-05-01-multiaxis/illustration-screen/illustration_062_256x256.png	large	256	256	7513.279297	0.055548	0.200055	0.006273	0.007997	0.622070	0.556641	99.420670	0.197467	1.214274	295.000000	0.009003	0.011380	0.005420	2.000000	0.120770	0.060030	8.000000	0.061310	2.527146	18.564453	17.296875	0.682617	0.000000	0.000000	0.000000	0.000000	0.000000	80.000000	80.000000	0.000000	0.000000	1.000000	0.000000	8.000000	0.000000	0.243515	1.815535	2.113924	0.000000	0.000000	1.000000	1.000000	0.302734	0.302750	46.314964	0.749023	0.042984	0.019717	0.000000	65536.000000	11.090355	256.000000	256.000000	196608.000000	1.000000	0.000000	0.000000	0.000000	3.000000	0.000000	3.970905	5.145159	5.369909	5.490279	0.000000	0.000000	0.764423	1.000000	0.000000	0.000000	0.468797	1.000000	0.000000	1.000000	15.000000	144.000000	255.000000	0.000000	0.000000	0.000000	0.047619	0.000000	0.000000	0.000000	0.031746	0.000000	0.000000	0.000000	0.000000	0.000000	0.000000	0.000000	0.000000	0.000000	0.000000	0.000000	28.270191	0.401076
/mnt/v/output/codec-corpus-2026-05-01-multiaxis/palette/palette_049_p32_200x100.png	large	200	100	1360.373169	0.107988	0.202292	0.012210	0.005371	0.593333	0.583333	72.776817	1.676608	0.951577	30.000000	0.001500	0.063940	0.052680	6.000000	0.136780	0.096240	16.000000	0.930124	1.496438	34.586666	10.400000	0.586667	0.000000	0.000000	0.000000	8.000000	1.000000	80.000000	80.000000	0.000000	0.000000	1.000000	0.000000	8.000000	0.000000	0.033500	1.945682	2.348961	0.000000	0.000000	1.000000	1.000000	0.000000	0.719896	85.333633	0.620000	0.141640	0.015767	0.000000	20000.000000	9.903487	100.000000	200.000000	60000.000000	0.500000	0.693147	0.040000	0.433600	3.000000	0.000000	4.647018	5.298224	5.388271	5.503377	0.000000	0.000000	1.000000	1.000000	0.000000	0.000000	0.276492	0.500059	0.000000	0.000000	93.000000	255.000000	255.000000	0.000000	0.000000	0.000000	0.333333	0.000000	0.000000	0.000000	0.015873	0.000000	0.000000	0.000000	0.000000	0.000000	0.000000	0.000000	0.000000	0.000000	0.000000	0.000000	6.511993	0.187062
/mnt/v/output/codec-corpus-2026-05-01-multiaxis/alpha/alpha_027_91x137.png	large	91	137	8921.029297	0.439624	0.260649	0.029065	0.022769	0.080214	0.053476	103.072990	2.171333	0.538272	1307.000000	0.104837	0.133060	0.189490	36.000000	0.495140	0.750270	155.000000	0.232451	3.689681	140.245987	62.941177	0.133690	0.000000	0.000000	0.000000	0.000000	0.000000	80.000000	80.000000	0.000000	0.000000	1.000000	0.000000	8.000000	0.000000	0.336007	4.989056	1.125873	0.591234	0.123825	1.000000	1.000000	0.213904	0.044118	57.485199	0.128342	0.315253	0.079959	0.000000	12467.000000	9.430840	91.000000	137.000000	37401.000000	0.664234	0.409121	0.108847	0.232053	3.000000	5.385207	5.513134	5.611102	5.733512	5.756838	1.000000	1.000000	1.000000	1.000000	0.298490	0.655282	1.000000	1.000000	32.000000	133.000000	232.000000	255.000000	255.000000	0.095238	0.111111	0.349206	0.460317	0.000000	0.047619	0.079365	0.111111	0.000000	0.000000	0.000000	0.808715	1.812911	4.029480	0.010973	0.037135	0.591234	0.000000	0.000000	-0.538749	0.732236
/mnt/v/output/codec-corpus-2026-05-01-multiaxis/alpha/alpha_041_91x137.png	large	91	137	33.237823	0.020997	0.130564	0.017382	0.002509	0.828877	0.775401	40.753895	0.010829	0.960210	44.000000	0.003529	0.279490	0.206610	36.000000	0.034170	0.038510	15.000000	0.474624	0.572677	0.983957	23.657755	0.775401	0.000000	0.000000	0.000000	8.000000	1.000000	80.000000	80.000000	0.000000	0.000000	1.000000	0.000000	8.000000	0.000000	0.899976	0.752603	1.406679	0.000000	0.000000	1.000000	1.000000	0.016043	0.000000	5.840512	0.780749	0.008828	0.031576	0.000000	12467.000000	9.430840	91.000000	137.000000	37401.000000	0.664234	0.409121	0.108847	0.232053	3.000000	0.000000	0.000000	3.518350	3.614152	3.703365	0.000000	0.000000	0.000000	0.369585	0.000000	0.000000	0.000000	1.000000	0.000000	0.000000	1.000000	50.000000	117.000000	0.000000	0.000000	0.000000	0.000000	0.000000	0.000000	0.000000	0.000000	0.000000	0.000000	0.000000	0.000000	0.000000	0.000000	0.000000	0.000000	0.000000	0.000000	0.000000	43.824017	0.149655
/mnt/v/output/codec-corpus-2026-05-01-multiaxis/palette/palette_043_p256_200x100.png	large	200	100	1423.183472	0.236652	0.239923	0.020025	0.019707	0.186667	0.083333	86.627449	1.322700	0.993028	198.000000	0.009900	0.055760	0.093420	7.000000	0.337780	0.510510	54.000000	0.996031	3.518570	31.243334	27.636667	0.083333	0.000000	0.000000	0.000000	8.000000	1.000000	80.000000	80.000000	0.000000	0.000000	1.000000	0.000000	8.000000	0.000000	0.136800	3.743000	1.340870	0.078041	0.000000	1.000000	1.000000	0.043333	0.202240	57.798950	0.083333	0.165079	0.037778	0.000000	20000.000000	9.903487	100.000000	200.000000	60000.000000	0.500000	0.693147	0.040000	0.433600	3.000000	3.982191	4.699087	5.092348	5.183178	5.356585	0.298052	0.616253	1.000000	1.000000	0.106203	0.265472	0.669562	1.000000	14.000000	39.000000	112.000000	255.000000	255.000000	0.000000	0.031746	0.079365	0.317460	0.000000	0.000000	0.031746	0.063492	0.000000	0.000000	0.000000	0.000000	0.000000	2.579766	0.000000	0.000000	0.078041	0.000000	0.000000	5.026107	0.494402
/mnt/v/output/codec-corpus-2026-05-01-multiaxis/illustration-screen/illustration_068_256x143.png	large	256	143	8634.242188	0.102826	0.252073	0.003448	0.009234	0.580882	0.564338	120.897034	0.489243	0.840198	98.000000	0.002991	0.004730	0.005460	0.000000	0.224470	0.262450	11.000000	0.047432	1.971493	54.663605	27.240808	0.612132	0.000000	0.000000	0.000000	8.000000	1.000000	80.000000	80.000000	0.000000	0.000000	1.000000	0.000000	8.000000	0.000000	0.560123	2.391676	2.547642	0.000000	0.000000	1.000000	1.000000	0.363971	0.017435	52.568996	0.656250	0.083829	0.023255	0.000000	36608.000000	10.508022	143.000000	256.000000	109824.000000	0.558594	0.582333	0.006993	0.118881	3.000000	0.903090	5.344251	5.581555	5.776189	5.816399	0.000000	0.020778	1.000000	1.000000	0.000000	0.000000	0.297187	1.000000	0.000000	4.000000	87.000000	207.000000	255.000000	0.000000	0.000000	0.000000	0.111111	0.000000	0.000000	0.000000	0.015873	0.000000	0.000000	0.000000	0.000000	0.000000	0.000000	0.000000	0.000000	0.000000	0.000000	0.000000	7.416965	0.447647
/mnt/v/output/codec-corpus-2026-05-01-multiaxis/illustration-screen/screencontent_172_256x218.png	large	256	218	5855.282227	0.381772	0.000000	0.000000	0.000000	0.190972	0.146991	0.000000	3.897463	0.576510	32.000000	0.000977	0.000000	0.000000	0.000000	0.000000	0.000000	0.000000	0.265138	2.726566	114.092590	0.000000	0.030093	0.000000	0.000000	0.000000	8.000000	1.000000	80.000000	80.000000	0.000000	0.000000	1.000000	0.000000	8.000000	0.000000	1.000000	4.510467	1.613071	0.026025	0.000000	1.000000	1.000000	0.172454	0.000000	61.605927	0.020833	0.275794	0.000000	1.000000	55808.000000	10.929672	218.000000	256.000000	167424.000000	0.851562	0.160682	0.027523	0.027523	3.000000	5.273339	5.526507	5.699271	5.722557	5.746832	1.000000	1.000000	1.000000	1.000000	0.000000	0.000000	0.000000	0.000000	12.000000	119.000000	216.000000	255.000000	255.000000	0.000000	0.095238	0.333333	0.444444	0.000000	0.000000	0.000000	0.000000	0.000000	0.000000	0.000000	0.477123	1.031410	1.388057	0.007233	0.015018	0.026025	0.000000	0.000000	-0.218750	0.679700
/mnt/v/output/codec-corpus-2026-05-01-multiaxis/alpha/alpha_013_91x137.png	large	91	137	1592.307129	0.083415	0.097583	0.009349	0.007340	0.695187	0.636364	37.354286	0.496593	1.010667	96.000000	0.007700	0.067270	0.193920	36.000000	0.345280	1.155560	157.000000	0.543958	1.418826	19.438503	16.390375	0.636364	0.000000	0.000000	0.000000	8.000000	1.000000	80.000000	80.000000	0.000000	0.000000	1.000000	0.000000	8.000000	0.000000	0.803962	1.603565	2.190433	0.000000	0.000000	1.000000	1.000000	0.026738	0.000000	39.832439	0.636364	0.069094	0.022918	0.000000	12467.000000	9.430840	91.000000	137.000000	37401.000000	0.664234	0.409121	0.108847	0.232053	3.000000	0.000000	4.442621	4.948912	5.117157	5.292143	0.000000	0.000000	0.956275	1.000000	0.000000	0.000000	0.266225	0.689273	0.000000	0.000000	70.000000	255.000000	255.000000	0.000000	0.000000	0.000000	0.111111	0.000000	0.000000	0.000000	0.031746	0.000000	0.000000	0.000000	0.000000	0.000000	0.000000	0.000000	0.000000	0.000000	0.000000	0.000000	10.289481	0.236962
/mnt/v/output/codec-corpus-2026-05-01-multiaxis/illustration-screen/screencontent_144_166x256.png	large	166	256	3399.546387	0.253001	0.288021	0.034318	0.024082	0.304688	0.054688	99.977402	0.863063	0.754099	2455.000000	0.074921	0.107640	0.060510	12.000000	0.306020	0.177170	27.000000	0.193096	3.839076	50.948437	43.504688	0.009375	0.000000	0.000000	0.000000	0.000000	0.000000	80.000000	80.000000	0.000000	0.000000	1.000000	0.000000	8.000000	0.000000	0.024543	3.880173	1.414352	0.046467	0.024523	1.000000	1.000000	0.298438	0.144814	41.896976	0.000000	0.166344	0.058532	0.000000	42496.000000	10.657166	166.000000	256.000000	127488.000000	0.648438	0.433190	0.012048	0.156627	3.000000	4.447204	5.126450	5.366722	5.412733	5.460626	0.122205	1.000000	1.000000	1.000000	0.055702	0.433478	0.907954	1.000000	6.000000	37.000000	109.000000	255.000000	255.000000	0.000000	0.000000	0.126984	0.301587	0.000000	0.000000	0.047619	0.095238	0.000000	0.000000	0.000000	1.031408	1.422989	1.637865	0.019247	0.031950	0.046467	0.000000	0.000000	4.870782	0.795399
/mnt/v/output/codec-corpus-2026-05-01-multiaxis/palette/palette_047_p222_200x100.png	large	200	100	4567.368652	0.139290	0.134122	0.003094	0.004553	0.496667	0.453333	58.273506	0.131962	1.164342	89.000000	0.004450	0.003490	0.004600	0.000000	0.085000	0.073190	6.000000	0.106001	2.789652	22.616667	8.000000	0.550000	0.000000	0.000000	0.000000	8.000000	1.000000	80.000000	80.000000	0.000000	0.000000	1.000000	0.000000	8.000000	0.000000	0.430400	2.352468	2.224737	0.000000	0.000000	1.000000	1.000000	0.263333	0.000000	27.948378	0.686667	0.074974	0.014392	0.000000	20000.000000	9.903487	100.000000	200.000000	60000.000000	0.500000	0.693147	0.040000	0.433600	3.000000	3.332410	4.566071	4.908533	5.166696	5.496008	0.000000	0.322349	1.000000	1.000000	0.000000	0.025485	0.180314	0.567563	0.000000	14.000000	44.000000	123.000000	246.000000	0.000000	0.000000	0.031746	0.126984	0.000000	0.000000	0.000000	0.015873	0.000000	0.000000	0.000000	0.000000	0.000000	0.000000	0.000000	0.000000	0.000000	0.000000	0.000000	12.420811	0.458245
/mnt/v/output/codec-corpus-2026-05-01-multiaxis/palette/palette_026_p3_200x100.png	large	200	100	12785.199219	0.280570	0.000000	0.000000	0.000000	0.253333	0.253333	0.000000	12.744462	0.482866	2.000000	0.000100	0.000000	0.000000	0.000000	0.000000	0.000000	0.000000	0.992260	0.835373	260.823334	0.000000	0.263333	0.000000	0.000000	0.000000	2.000000	1.000000	80.000000	80.000000	0.000000	0.000000	1.000000	0.000000	8.000000	0.000000	1.000000	4.218618	2.466711	0.000000	0.000000	1.000000	1.000000	0.013333	0.000000	41.892330	0.320000	0.460053	0.000000	1.000000	20000.000000	9.903487	100.000000	200.000000	60000.000000	0.500000	0.693147	0.040000	0.433600	3.000000	5.640378	5.806675	5.863713	5.878170	5.884584	0.000000	1.000000	1.000000	1.000000	0.000000	0.000000	0.000000	0.000000	0.000000	255.000000	255.000000	255.000000	255.000000	0.000000	0.000000	0.571429	0.698413	0.000000	0.000000	0.000000	0.000000	0.000000	0.000000	0.000000	0.000000	0.000000	0.000000	0.000000	0.000000	0.000000	0.000000	0.000000	-1.858527	0.372358
/mnt/v/output/codec-corpus-2026-05-01-multiaxis/illustration-screen/illustration_060_256x49.png	large	256	49	0.000000	0.000000	0.000000	0.000000	0.000000	1.000000	1.000000	0.000000	0.000000	0.000000	1.000000	0.000080	0.000000	0.000000	0.000000	0.000000	0.000000	0.000000	0.000000	0.000000	0.000000	0.000000	1.000000	0.000000	0.000000	0.000000	2.000000	1.000000	80.000000	80.000000	0.000000	0.000000	1.000000	0.000000	8.000000	0.000000	1.000000	-0.000001	0.000000	0.000000	0.000000	1.000000	1.000000	0.000000	0.000000	0.000000	1.000000	0.000000	0.000000	1.000000	12544.000000	9.436997	49.000000	256.000000	37632.000000	0.191406	1.653357	0.142857	0.306122	3.000000	0.000000	0.000000	0.000000	0.000000	0.000000	0.000000	0.000000	0.000000	0.000000	0.000000	0.000000	0.000000	0.000000	0.000000	0.000000	0.000000	0.000000	0.000000	0.000000	0.000000	0.000000	0.000000	0.000000	0.000000	0.000000	0.000000	0.000000	0.000000	0.000000	0.000000	0.000000	0.000000	0.000000	0.000000	0.000000	0.000000	0.000000	0.000000	0.000000
/mnt/v/output/codec-corpus-2026-05-01-multiaxis/illustration-screen/screencontent_184_256x191.png	large	256	191	2596.788818	0.269501	0.010123	0.002701	0.001592	0.111413	0.008152	5.321608	0.261995	0.938976	147.000000	0.004486	0.000650	0.000500	0.000000	0.001140	0.001000	0.000000	0.156976	4.313571	22.224184	0.597826	0.005435	0.000000	0.000000	0.000000	8.000000	1.000000	80.000000	80.000000	0.000000	0.000000	1.000000	0.000000	8.000000	0.000000	0.082215	3.977935	0.754489	0.213309	0.008709	1.000000	1.000000	0.334239	0.000000	16.090313	0.000000	0.108156	0.001186	0.000000	48896.000000	10.797451	191.000000	256.000000	146688.000000	0.746094	0.292904	0.005236	0.005236	3.000000	4.201423	4.445600	4.708530	4.853700	5.046243	0.484747	0.901906	1.000000	1.000000	0.012606	0.017979	0.029695	0.112885	13.000000	32.000000	57.000000	115.000000	255.000000	0.015873	0.063492	0.095238	0.158730	0.000000	0.000000	0.000000	0.000000	0.000000	0.000000	1.000000	1.226842	2.312250	2.989387	0.025525	0.097203	0.213309	0.000000	0.000000	6.171998	0.803892
/mnt/v/output/codec-corpus-2026-05-01-multiaxis/illustration-screen/screencontent_164_256x162.png	large	256	162	6659.046387	0.580564	0.000000	0.000000	0.000000	0.120312	0.073437	0.000000	1.790116	0.806369	32.000000	0.000977	0.000000	0.000000	0.000000	0.000000	0.000000	0.000000	0.275161	4.514459	72.428123	0.000000	0.015625	0.000000	0.000000	0.000000	8.000000	1.000000	80.000000	80.000000	0.000000	0.000000	1.000000	0.000000	8.000000	0.000000	1.000000	4.482604	1.243778	0.062022	0.000000	1.000000	1.000000	0.135937	0.000000	35.756512	0.020312	0.254688	0.000000	1.000000	41472.000000	10.632773	162.000000	256.000000	124416.000000	0.632812	0.457581	0.037037	0.185185	3.000000	4.935107	5.193871	5.350600	5.427922	5.620978	1.000000	1.000000	1.000000	1.000000	0.000000	0.000000	0.000000	0.000000	40.000000	96.000000	160.000000	255.000000	255.000000	0.000000	0.142857	0.285714	0.365079	0.000000	0.000000	0.000000	0.000000	0.000000	0.000000	1.000000	0.000000	1.322218	2.069517	0.000000	0.030197	0.062022	0.000000	0.000000	0.745129	0.698772
/mnt/v/output/codec-corpus-2026-05-01-multiaxis/illustration-screen/illustration_119_256x192.png	large	256	192	3281.264648	0.166595	0.092808	0.004260	0.002966	0.492188	0.416667	32.987583	0.327322	1.094697	760.000000	0.023193	0.009070	0.009310	5.000000	0.057940	0.056870	90.000000	0.179008	3.133128	19.569010	5.509115	0.351562	0.000000	0.000000	0.000000	0.000000	0.000000	80.000000	80.000000	0.000000	0.000000	1.000000	0.000000	8.000000	0.000000	0.426168	2.524096	2.056466	0.000000	0.000000	1.000000	1.000000	0.192708	0.001953	28.889759	0.348958	0.082445	0.007378	0.000000	49152.000000	10.802672	192.000000	256.000000	147456.000000	0.750000	0.287682	0.000000	0.000000	3.000000	3.151403	4.496921	4.897225	5.118490	5.391797	0.000000	0.242999	1.000000	1.000000	0.000000	0.023288	0.086490	0.195713	0.000000	14.000000	56.000000	163.000000	255.000000	0.000000	0.000000	0.015873	0.158730	0.000000	0.000000	0.000000	0.000000	0.000000	0.000000	0.000000	0.000000	0.000000	0.000000	0.000000	0.000000	0.000000	0.000000	0.000000	11.628051	0.494629
/mnt/v/output/codec-corpus-2026-05-01-multiaxis/hdr/hdr_017_gm-Cat_in_Kathmandu,_Nepal-070A3190.jpg	large	600	400	2540.679688	0.095071	0.043098	0.002154	0.001211	0.232000	0.008000	20.905867	0.197148	1.468206	976.000000	0.029785	0.000250	0.000260	0.000000	0.000770	0.000820	0.000000	0.115710	4.306421	12.686400	1.376800	0.001600	0.000000	0.000000	0.000000	0.000000	0.000000	80.000000	80.000000	0.000000	0.000000	1.000000	0.000000	8.000000	0.000000	0.029767	3.539360	0.671006	0.170395	0.000000	1.000000	1.000000	0.608800	0.000104	15.597644	0.019200	0.068190	0.002819	0.000000	240000.000000	12.388394	400.000000	600.000000	720000.000000	0.666667	0.405465	0.000000	0.053867	3.000000	3.525432	4.000466	4.406235	4.648446	5.112541	0.269439	0.423688	0.760620	1.000000	0.018854	0.040685	0.073230	0.118815	5.000000	12.000000	25.000000	83.000000	255.000000	0.000000	0.031746	0.047619	0.095238	0.000000	0.000000	0.000000	0.000000	0.000000	0.000000	0.000000	1.903090	2.462374	2.726409	0.070456	0.130056	0.170395	0.000000	0.000000	38.940620	0.879044
/mnt/v/output/codec-corpus-2026-05-01-multiaxis/palette/palette_004_p256_200x100.png	large	200	100	1580.045654	0.210427	0.054956	0.013522	0.005698	0.083333	0.000000	21.566406	0.123069	0.862317	210.000000	0.010500	0.012800	0.012670	1.000000	0.018560	0.016530	2.000000	0.148461	3.930710	18.836666	5.320000	0.000000	0.000000	0.000000	0.000000	8.000000	1.000000	80.000000	80.000000	0.000000	0.000000	1.000000	0.000000	8.000000	0.000000	0.018650	3.943299	0.557325	0.255120	0.040022	1.000000	1.000000	0.303333	0.233333	12.950682	0.000000	0.099630	0.012222	0.000000	20000.000000	9.903487	100.000000	200.000000	60000.000000	0.500000	0.693147	0.040000	0.433600	3.000000	4.024536	4.318324	4.632265	4.771622	4.967332	0.446218	0.747725	1.000000	1.000000	0.072340	0.125790	0.198629	0.340190	13.000000	27.000000	47.000000	98.000000	241.000000	0.015873	0.047619	0.095238	0.142857	0.000000	0.000000	0.000000	0.015873	0.000000	0.000000	1.000000	2.528193	2.797256	3.141900	0.102614	0.150502	0.255120	0.000000	0.000000	8.341172	0.795838
/mnt/v/output/codec-corpus-2026-05-01-multiaxis/palette/palette_009_p256_200x100.png	large	200	100	2422.488281	0.163892	0.077550	0.006337	0.004084	0.290000	0.273333	32.650448	1.484461	0.926334	51.000000	0.002550	0.015560	0.034170	0.000000	0.046550	0.047540	3.000000	0.456395	1.468225	51.610001	11.146667	0.470000	0.000000	0.000000	0.000000	8.000000	1.000000	80.000000	80.000000	0.000000	0.000000	1.000000	0.000000	8.000000	0.000000	0.058400	3.321076	2.094939	0.000000	0.000000	1.000000	1.000000	0.076667	0.000000	73.354607	0.623333	0.168254	0.022487	0.000000	20000.000000	9.903487	100.000000	200.000000	60000.000000	0.500000	0.693147	0.040000	0.433600	3.000000	4.366105	4.802606	5.390042	5.627419	5.698742	0.000000	1.000000	1.000000	1.000000	0.000000	0.265076	0.508996	0.537174	0.000000	51.000000	102.000000	255.000000	255.000000	0.000000	0.000000	0.095238	0.301587	0.000000	0.000000	0.031746	0.031746	0.000000	0.000000	0.000000	0.000000	0.000000	0.000000	0.000000	0.000000	0.000000	0.000000	0.000000	4.867109	0.545873
/mnt/v/output/codec-corpus-2026-05-01-multiaxis/illustration-screen/illustration_006_256x89.png	large	256	89	243.076752	0.095053	0.141240	0.020169	0.009593	0.579545	0.519886	49.148930	0.035472	0.700685	75.000000	0.003292	0.063060	0.061340	3.000000	0.092010	0.089060	5.000000	0.121774	1.175545	6.940341	23.065340	0.511364	0.000000	0.000000	0.000000	8.000000	1.000000	80.000000	80.000000	0.000000	0.000000	1.000000	0.000000	8.000000	0.000000	0.758383	1.791834	1.950297	0.000000	0.000000	1.000000	1.000000	0.207386	0.000000	6.617475	0.502841	0.046266	0.035218	0.000000	22784.000000	10.033813	89.000000	256.000000	68352.000000	0.347656	1.056541	0.078652	0.078652	3.000000	0.297626	4.142358	4.230602	4.260101	4.300750	0.000000	0.005629	0.884992	0.991448	0.000000	0.000000	1.000000	1.000000	0.000000	5.000000	27.000000	61.000000	104.000000	0.000000	0.000000	0.000000	0.111111	0.000000	0.000000	0.000000	0.079365	0.000000	0.000000	0.000000	0.000000	0.000000	0.000000	0.000000	0.000000	0.000000	0.000000	0.000000	6.826573	0.399320
/mnt/v/output/codec-corpus-2026-05-01-multiaxis/illustration-screen/screencontent_173_256x216.png	large	256	216	4463.163086	0.449375	0.000000	0.000000	0.000000	0.076389	0.043981	0.000000	4.502970	0.575245	32.000000	0.000977	0.000000	0.000000	0.000000	0.000000	0.000000	0.000000	0.358009	2.850301	108.384262	0.000000	0.019676	0.000000	0.000000	0.000000	8.000000	1.000000	80.000000	80.000000	0.000000	0.000000	1.000000	0.000000	8.000000	0.000000	1.000000	4.906362	1.066037	0.872852	0.000000	1.000000	1.000000	0.108796	0.000000	55.211525	0.009259	0.346708	0.000000	1.000000	55296.000000	10.920456	216.000000	256.000000	165888.000000	0.843750	0.169899	0.000000	0.037037	3.000000	5.241169	5.412331	5.595510	5.628651	5.666072	1.000000	1.000000	1.000000	1.000000	0.000000	0.000000	0.000000	0.000000	31.000000	142.000000	244.000000	255.000000	255.000000	0.095238	0.253968	0.396825	0.460317	0.000000	0.000000	0.000000	0.000000	0.000000	0.000000	1.000000	0.903090	1.610128	4.402141	0.011064	0.033850	0.872852	0.000000	0.000000	-0.691292	0.654986
/mnt/v/output/codec-corpus-2026-05-01-multiaxis/illustration-screen/illustration_061_256x70.png	large	256	70	2077.341553	0.205882	0.000000	0.000000	0.000000	0.417969	0.402344	0.000000	0.945042	0.830216	32.000000	0.001786	0.000000	0.000000	0.000000	0.000000	0.000000	0.000000	0.295864	1.300459	36.687500	0.000000	0.503906	0.000000	0.000000	0.000000	8.000000	1.000000	80.000000	80.000000	0.000000	0.000000	1.000000	0.000000	8.000000	0.000000	1.000000	3.066969	2.274383	0.000000	0.000000	1.000000	1.000000	0.121094	0.000000	52.868725	0.566406	0.114459	0.000000	1.000000	17920.000000	9.793673	70.000000	256.000000	53760.000000	0.273438	1.296682	0.028571	0.371429	3.000000	4.459950	5.075809	5.392542	5.507047	5.640079	0.004377	1.000000	1.000000	1.000000	0.000000	0.000000	0.000000	0.000000	1.000000	36.000000	136.000000	255.000000	255.000000	0.000000	0.000000	0.095238	0.111111	0.000000	0.000000	0.000000	0.000000	0.000000	0.000000	0.000000	0.000000	0.000000	0.000000	0.000000	0.000000	0.000000	0.000000	0.000000	3.206096	0.537440
/mnt/v/output/codec-corpus-2026-05-01-multiaxis/palette/palette_016_p256_200x100.png	large	200	100	2819.047119	0.263453	0.017514	0.003805	0.003438	0.386667	0.333333	6.963357	3.238442	0.604845	102.000000	0.005100	0.002490	0.002190	1.000000	0.034270	0.021580	38.000000	0.914255	1.481459	80.666664	0.553333	0.336667	0.000000	0.000000	0.000000	8.000000	1.000000	80.000000	80.000000	0.000000	0.000000	1.000000	0.000000	8.000000	0.000000	0.904950	3.250899	2.474518	0.000000	0.000000	1.000000	1.000000	0.000000	0.000417	60.237278	0.330000	0.288360	0.001005	0.000000	20000.000000	9.903487	100.000000	200.000000	60000.000000	0.500000	0.693147	0.040000	0.433600	3.000000	5.114738	5.318230	5.394124	5.439393	5.486659	0.000000	1.000000	1.000000	1.000000	0.000000	0.027760	0.035166	0.041464	0.000000	88.000000	255.000000	255.000000	255.000000	0.000000	0.000000	0.349206	0.523810	0.000000	0.000000	0.000000	0.000000	0.000000	0.000000	0.000000	0.000000	0.000000	0.000000	0.000000	0.000000	0.000000	0.000000	0.000000	0.095023	0.348469
/mnt/v/output/codec-corpus-2026-05-01-multiaxis/illustration-screen/illustration_063_256x45.png	large	256	45	421.152252	0.035784	0.630885	0.017287	0.013860	0.631250	0.443750	242.912094	0.015221	0.761531	122.000000	0.010590	0.136150	0.213380	10.000000	0.572360	0.784020	42.000000	0.234497	1.982545	3.368750	46.756248	0.587500	0.000000	0.000000	0.000000	8.000000	1.000000	80.000000	80.000000	0.000000	0.000000	1.000000	0.000000	8.000000	0.000000	0.000000	1.823576	1.714036	0.000000	0.000000	1.000000	1.000000	0.150000	0.000000	6.499303	0.600000	0.024702	0.057044	0.000000	11520.000000	9.351840	45.000000	256.000000	34560.000000	0.175781	1.738515	0.066667	0.422222	3.000000	2.403121	3.667453	3.878809	3.894801	4.010764	0.000000	0.118720	0.494575	0.645716	0.000000	0.251863	1.000000	1.000000	0.000000	4.000000	17.000000	53.000000	106.000000	0.000000	0.000000	0.000000	0.047619	0.000000	0.000000	0.047619	0.095238	0.000000	0.000000	0.000000	0.000000	0.000000	0.000000	0.000000	0.000000	0.000000	0.000000	0.000000	16.343803	0.417299
/mnt/v/output/codec-corpus-2026-05-01-multiaxis/illustration-screen/screencontent_190_188x255.png	large	188	255	3278.616699	0.501725	0.127842	0.029656	0.021922	0.047686	0.000000	49.137642	1.680724	0.748766	2895.000000	0.088348	0.043760	0.046670	4.000000	0.170360	0.159630	14.000000	0.286636	4.454077	62.893410	21.967741	0.000000	0.000000	0.000000	0.000000	0.000000	0.000000	80.000000	80.000000	0.000000	0.000000	1.000000	0.000000	8.000000	0.000000	0.122528	4.649888	0.666940	0.396955	0.098647	1.000000	1.000000	0.119215	0.395354	36.820145	0.000000	0.253323	0.043745	0.000000	47940.000000	10.777705	188.000000	255.000000	143820.000000	0.737255	0.304822	0.025282	0.025282	3.000000	4.851341	5.103065	5.279453	5.451350	5.523516	1.000000	1.000000	1.000000	1.000000	0.187556	0.347141	0.555435	0.822360	34.000000	86.000000	147.000000	255.000000	255.000000	0.063492	0.158730	0.253968	0.349206	0.000000	0.015873	0.047619	0.063492	0.000000	1.000000	3.000000	2.733197	3.110374	3.584216	0.131083	0.237654	0.396955	0.000000	0.015873	1.456383	0.731199
/mnt/v/output/codec-corpus-2026-05-01-multiaxis/illustration-screen/screencontent_191_256x143.png	large	256	143	7232.445801	0.473558	0.000000	0.000000	0.000000	0.198529	0.104779	0.000000	3.013399	0.619865	32.000000	0.000977	0.000000	0.000000	0.000000	0.000000	0.000000	0.000000	0.311666	3.762600	103.448532	0.000000	0.000000	0.000000	0.000000	0.000000	8.000000	1.000000	80.000000	80.000000	0.000000	0.000000	1.000000	0.000000	8.000000	0.000000	1.000000	4.511520	1.480779	0.037420	0.000000	1.000000	1.000000	0.117647	0.000000	56.382526	0.000000	0.293330	0.000000	1.000000	36608.000000	10.508022	143.000000	256.000000	109824.000000	0.558594	0.582333	0.006993	0.118881	3.000000	5.216994	5.463986	5.622745	5.686175	5.737684	0.928536	1.000000	1.000000	1.000000	0.000000	0.000000	0.000000	0.000000	31.000000	122.000000	221.000000	255.000000	255.000000	0.000000	0.142857	0.349206	0.428571	0.000000	0.000000	0.000000	0.000000	0.000000	0.000000	0.000000	0.881351	1.299674	1.623250	0.010350	0.023152	0.037420	0.000000	0.000000	-0.266548	0.677018
/mnt/v/output/codec-corpus-2026-05-01-multiaxis/alpha/alpha_042_91x137.png	large	91	137	7945.527832	0.108905	0.000000	0.000000	0.000000	0.673797	0.625668	0.000000	0.357260	0.864480	32.000000	0.002567	0.000000	0.000000	0.000000	0.000000	0.000000	0.000000	0.093275	1.193313	43.882355	0.000000	0.684492	0.000000	0.000000	0.000000	8.000000	1.000000	80.000000	80.000000	0.000000	0.000000	1.000000	0.000000	8.000000	0.000000	1.000000	1.850620	2.478280	0.000000	0.000000	1.000000	1.000000	0.144385	0.000000	72.885368	0.705882	0.083100	0.000000	1.000000	12467.000000	9.430840	91.000000	137.000000	37401.000000	0.664234	0.409121	0.108847	0.232053	3.000000	0.000000	5.027933	5.644737	5.801353	5.815981	0.000000	0.000000	1.000000	1.000000	0.000000	0.000000	0.000000	0.000000	0.000000	0.000000	46.000000	255.000000	255.000000	0.000000	0.000000	0.000000	0.111111	0.000000	0.000000	0.000000	0.000000	0.000000	0.000000	0.000000	0.000000	0.000000	0.000000	0.000000	0.000000	0.000000	0.000000	0.000000	12.116535	0.316755
/mnt/v/output/codec-corpus-2026-05-01-multiaxis/hdr/hdr_019_gm-Cat_sitting_on_a_balcony_at_Castillo_de_Caravaca_de_la_Cruz_in_Caravaca_de_la_Cruz,_Noroeste,_Murcia,_Spain,_2025_February_-_2.jpg	large	600	400	1545.855713	0.024397	0.095503	0.001119	0.001008	0.721600	0.256267	37.456402	0.072306	1.685940	1125.000000	0.034332	0.000130	0.000250	0.000000	0.000670	0.002080	0.000000	0.059594	3.812479	6.125600	1.548800	0.186400	0.000000	0.000000	0.000000	0.000000	0.000000	80.000000	80.000000	0.000000	0.000000	1.000000	0.000000	8.000000	0.000000	0.093667	2.383636	1.232816	0.000000	0.000000	1.000000	1.000000	0.766400	0.524875	28.234167	0.485600	0.020279	0.002489	0.000000	240000.000000	12.388394	400.000000	600.000000	720000.000000	0.666667	0.405465	0.000000	0.053867	3.000000	2.567026	3.120059	3.730575	4.349642	5.147549	0.057805	0.152627	0.288341	0.590817	0.000000	0.026948	0.053088	0.115544	1.000000	2.000000	4.000000	63.000000	255.000000	0.000000	0.000000	0.015873	0.015873	0.000000	0.000000	0.000000	0.000000	0.000000	0.000000	0.000000	0.000000	0.000000	0.000000	0.000000	0.000000	0.000000	0.000000	0.000000	81.235748	0.828212
/mnt/v/output/codec-corpus-2026-05-01-multiaxis/illustration-screen/illustration_007_256x256.png	large	256	256	573.031494	0.039477	0.326980	0.010386	0.003295	0.745117	0.702148	150.653183	0.030682	0.902881	84.000000	0.002563	0.063930	0.096610	4.000000	0.040310	0.064890	3.000000	0.062170	1.029125	6.507812	31.545898	0.891602	0.000000	0.000000	0.000000	8.000000	1.000000	80.000000	80.000000	0.000000	0.000000	1.000000	0.000000	8.000000	0.000000	0.201538	1.182965	1.811814	0.000000	0.000000	1.000000	1.000000	0.166016	0.013733	10.088182	0.880859	0.022306	0.026832	0.000000	65536.000000	11.090355	256.000000	256.000000	196608.000000	1.000000	0.000000	0.000000	0.000000	3.000000	0.000000	3.243902	4.452829	4.552911	4.573707	0.000000	0.000000	0.263919	1.000000	0.000000	0.000000	0.583824	1.000000	0.000000	0.000000	4.000000	49.000000	111.000000	0.000000	0.000000	0.000000	0.015873	0.000000	0.000000	0.000000	0.063492	0.000000	0.000000	0.000000	0.000000	0.000000	0.000000	0.000000	0.000000	0.000000	0.000000	0.000000	15.527507	0.263778
/mnt/v/output/codec-corpus-2026-05-01-multiaxis/palette/palette_005_p252_200x100.png	large	200	100	5025.844238	0.264552	0.090871	0.012813	0.011328	0.163333	0.163333	35.184475	6.205702	0.637849	208.000000	0.010400	0.025700	0.025120	2.000000	0.135080	0.137820	12.000000	0.800158	2.157003	119.050003	14.193334	0.356667	0.000000	0.000000	0.000000	8.000000	1.000000	80.000000	80.000000	0.000000	0.000000	1.000000	0.000000	8.000000	0.000000	0.735150	4.291954	1.943142	0.000000	0.000000	1.000000	1.000000	0.016667	0.231823	105.646973	0.376667	0.384974	0.030582	0.000000	20000.000000	9.903487	100.000000	200.000000	60000.000000	0.500000	0.693147	0.040000	0.433600	3.000000	5.143007	5.416289	5.575764	5.635067	5.719807	0.958520	1.000000	1.000000	1.000000	0.000000	0.226286	0.553698	0.732070	0.000000	81.000000	255.000000	255.000000	255.000000	0.000000	0.174603	0.444444	0.571429	0.000000	0.000000	0.031746	0.063492	0.000000	0.000000	0.000000	0.000000	0.000000	0.000000	0.000000	0.000000	0.000000	0.000000	0.000000	0.248686	0.481021
/mnt/v/output/codec-corpus-2026-05-01-multiaxis/illustration-screen/illustration_121_230x256.png	large	230	256	1.215367	0.000000	0.011019	0.000192	0.000449	1.000000	0.801339	4.560290	0.000114	0.608511	2.000000	0.000061	0.000020	0.000020	0.000000	0.000750	0.000990	0.000000	0.085847	0.000000	0.000000	0.633929	0.824777	0.000000	0.000000	0.000000	2.000000	1.000000	80.000000	80.000000	0.000000	0.000000	1.000000	0.000000	8.000000	0.000000	0.889844	0.359192	0.738534	0.000000	0.000000	1.000000	1.000000	0.106027	0.000000	0.000000	0.902902	0.000000	0.001506	0.000000	58880.000000	10.983256	230.000000	256.000000	176640.000000	0.898438	0.107098	0.008696	0.113043	3.000000	0.000000	0.000000	1.967316	2.099450	2.133537	0.000000	0.000000	0.000000	0.073945	0.000000	0.000000	0.000000	0.127425	0.000000	0.000000	0.000000	3.000000	6.000000	0.000000	0.000000	0.000000	0.000000	0.000000	0.000000	0.000000	0.000000	0.000000	0.000000	0.000000	0.000000	0.000000	0.000000	0.000000	0.000000	0.000000	0.000000	0.000000	34.332691	0.171070
/mnt/v/output/codec-corpus-2026-05-01-multiaxis/illustration-screen/screencontent_165_256x122.png	large	256	122	3158.366455	0.098366	0.000000	0.000000	0.000000	0.831250	0.827083	0.000000	0.862429	1.069986	32.000000	0.001025	0.000000	0.000000	0.000000	0.000000	0.000000	0.000000	0.276657	0.887719	35.631248	0.000000	0.818750	0.000000	0.000000	0.000000	8.000000	1.000000	80.000000	80.000000	0.000000	0.000000	1.000000	0.000000	8.000000	0.000000	1.000000	0.977469	2.033975	0.000000	0.000000	1.000000	1.000000	0.014583	0.000000	63.856449	0.816667	0.073578	0.000000	1.000000	31232.000000	10.349198	122.000000	256.000000	93696.000000	0.476562	0.741156	0.049180	0.049180	3.000000	0.000000	0.000000	5.474011	5.652849	5.782887	0.000000	0.000000	0.000000	1.000000	0.000000	0.000000	0.000000	0.000000	0.000000	0.000000	49.000000	255.000000	255.000000	0.000000	0.000000	0.000000	0.000000	0.000000	0.000000	0.000000	0.000000	0.000000	0.000000	0.000000	0.000000	0.000000	0.000000	0.000000	0.000000	0.000000	0.000000	0.000000	9.227703	0.144471
/mnt/v/output/codec-corpus-2026-05-01-multiaxis/illustration-screen/screencontent_158_186x256.png	large	186	256	4977.979004	0.277944	0.020688	0.003286	0.002852	0.243207	0.059783	8.662150	1.095640	0.970686	391.000000	0.011932	0.000560	0.001030	0.000000	0.003320	0.004150	0.000000	0.192478	4.229642	50.316578	1.111413	0.021739	0.000000	0.000000	0.000000	0.000000	0.000000	80.000000	80.000000	0.000000	0.000000	1.000000	0.000000	8.000000	0.000000	0.447350	3.880390	1.432968	0.037237	0.014719	1.000000	1.000000	0.349185	0.001407	44.512897	0.017663	0.135675	0.001941	0.000000	47616.000000	10.770925	186.000000	256.000000	142848.000000	0.726562	0.319431	0.032258	0.032258	3.000000	4.232355	4.962483	5.417214	5.527764	5.749177	0.267874	0.902285	1.000000	1.000000	0.022101	0.031234	0.050901	0.088364	8.000000	36.000000	114.000000	255.000000	255.000000	0.000000	0.015873	0.095238	0.222222	0.000000	0.000000	0.000000	0.000000	0.000000	0.000000	0.000000	0.467974	1.058330	1.518515	0.007721	0.017770	0.037237	0.000000	0.000000	4.613819	0.743740
/mnt/v/output/codec-corpus-2026-05-01-multiaxis/palette/palette_027_p2_200x100.png	large	200	100	15791.611328	0.293185	0.000000	0.000000	0.000000	0.106667	0.106667	0.000000	11.472218	0.400834	2.000000	0.000100	0.000000	0.000000	0.000000	0.000000	0.000000	0.000000	0.612257	0.973130	340.059998	0.000000	0.120000	0.000000	0.000000	0.000000	2.000000	1.000000	80.000000	80.000000	0.000000	0.000000	1.000000	0.000000	8.000000	0.000000	1.000000	5.097341	1.776470	0.000000	0.000000	1.000000	1.000000	0.013333	0.000000	40.980633	0.213333	0.536667	0.000000	1.000000	20000.000000	9.903487	100.000000	200.000000	60000.000000	0.500000	0.693147	0.040000	0.433600	3.000000	5.777256	5.849221	5.881175	5.884584	5.885009	1.000000	1.000000	1.000000	1.000000	0.000000	0.000000	0.000000	0.000000	0.000000	255.000000	255.000000	255.000000	255.000000	0.000000	0.492063	0.603175	0.666667	0.000000	0.000000	0.000000	0.000000	0.000000	0.000000	0.000000	0.000000	0.000000	0.000000	0.000000	0.000000	0.000000	0.000000	0.000000	-1.968766	0.554693
/mnt/v/output/codec-corpus-2026-05-01-multiaxis/illustration-screen/illustration_069_256x256.png	large	256	256	9000.642578	0.055625	0.169885	0.004274	0.002999	0.680664	0.638672	66.106377	0.253832	1.259889	476.000000	0.014526	0.007530	0.006620	1.000000	0.019880	0.018980	8.000000	0.078877	2.608663	19.629883	8.875000	0.672852	0.000000	0.000000	0.000000	0.000000	0.000000	80.000000	80.000000	0.000000	0.000000	1.000000	0.000000	8.000000	0.000000	0.426926	1.576162	2.145145	0.000000	0.000000	1.000000	1.000000	0.189453	0.293213	48.972649	0.635742	0.053153	0.014540	0.000000	65536.000000	11.090355	256.000000	256.000000	196608.000000	1.000000	0.000000	0.000000	0.000000	3.000000	0.000000	3.845671	5.094914	5.416024	5.629797	0.000000	0.000000	0.657548	1.000000	0.000000	0.000000	0.115736	0.618034	0.000000	0.000000	13.000000	165.000000	255.000000	0.000000	0.000000	0.000000	0.079365	0.000000	0.000000	0.000000	0.000000	0.000000	0.000000	0.000000	0.000000	0.000000	0.000000	0.000000	0.000000	0.000000	0.000000	0.000000	28.169168	0.314519
/mnt/v/output/codec-corpus-2026-05-01-multiaxis/illustration-screen/illustration_120_255x256.png	large	255	256	14266.928711	0.050996	0.029590	0.001381	0.000594	0.762097	0.732863	12.209213	0.543912	0.959242	120.000000	0.003662	0.000980	0.000820	0.000000	0.000960	0.000870	0.000000	0.082451	1.468965	34.658268	0.899194	0.735887	0.000000	0.000000	0.000000	8.000000	1.000000	80.000000	80.000000	0.000000	0.000000	1.000000	0.000000	8.000000	0.000000	0.455300	1.374031	2.239333	0.000000	0.000000	1.000000	1.000000	0.133065	0.000000	66.868416	0.726815	0.067396	0.002144	0.000000	65280.000000	11.086441	255.000000	256.000000	195840.000000	0.996094	0.003914	0.003922	0.003922	3.000000	0.000000	2.152240	5.612987	5.751583	5.796320	0.000000	0.000000	0.055722	1.000000	0.000000	0.000000	0.016887	0.148757	0.000000	0.000000	7.000000	252.000000	255.000000	0.000000	0.000000	0.000000	0.000000	0.000000	0.000000	0.000000	0.000000	0.000000	0.000000	0.000000	0.000000	0.000000	0.000000	0.000000	0.000000	0.000000	0.000000	0.000000	19.681698	0.233789
/mnt/v/output/codec-corpus-2026-05-01-multiaxis/palette/palette_010_p256_200x100.png	large	200	100	1342.653442	0.070613	0.000101	0.000001	0.000000	0.636667	0.633333	0.028929	3.209783	0.872606	23.000000	0.001150	0.000000	0.000000	0.000000	0.000000	0.000000	0.000000	1.670596	0.282904	36.526669	0.000000	0.640000	0.000000	0.000000	0.000000	8.000000	1.000000	80.000000	80.000000	0.000000	0.000000	1.000000	0.000000	8.000000	0.000000	1.000000	1.864860	2.465561	0.000000	0.000000	1.000000	1.000000	0.003333	0.000000	88.405121	0.700000	0.180159	0.000000	0.000000	20000.000000	9.903487	100.000000	200.000000	60000.000000	0.500000	0.693147	0.040000	0.433600	3.000000	0.000000	5.022274	5.338355	5.424272	5.525988	0.000000	0.000000	1.000000	1.000000	0.000000	0.000000	0.000000	0.000000	0.000000	0.000000	52.000000	255.000000	255.000000	0.000000	0.000000	0.000000	0.460317	0.000000	0.000000	0.000000	0.000000	0.000000	0.000000	0.000000	0.000000	0.000000	0.000000	0.000000	0.000000	0.000000	0.000000	0.000000	6.232918	0.127788
/mnt/v/output/codec-corpus-2026-05-01-multiaxis/illustration-screen/illustration_077_256x76.png	large	256	76	6295.623535	0.347658	0.000000	0.000000	0.000000	0.190972	0.006944	0.000000	1.497338	0.632958	32.000000	0.001645	0.000000	0.000000	0.000000	0.000000	0.000000	0.000000	0.150982	3.935803	101.545135	0.000000	0.225694	0.000000	0.000000	0.000000	8.000000	1.000000	80.000000	80.000000	0.000000	0.000000	1.000000	0.000000	8.000000	0.000000	1.000000	4.730978	1.151931	0.169880	0.000000	1.000000	1.000000	0.437500	0.000000	56.422916	0.378472	0.211861	0.000000	1.000000	19456.000000	9.875911	76.000000	256.000000	58368.000000	0.296875	1.214444	0.052632	0.263158	3.000000	5.149096	5.622494	5.752256	5.816500	5.850009	1.000000	1.000000	1.000000	1.000000	0.000000	0.000000	0.000000	0.000000	11.000000	99.000000	189.000000	255.000000	255.000000	0.015873	0.111111	0.111111	0.365079	0.000000	0.000000	0.000000	0.000000	0.000000	0.000000	0.000000	2.602060	2.627366	2.648360	0.160707	0.165327	0.169880	0.015873	0.015873	0.339230	0.800625
/mnt/v/output/codec-corpus-2026-05-01-multiaxis/illustration-screen/illustration_123_256x160.png	large	256	160	3072.192139	0.360439	0.073207	0.005026	0.004447	0.278125	0.220313	26.942659	1.254447	0.723467	1344.000000	0.041016	0.001620	0.003550	0.000000	0.008610	0.029050	1.000000	0.272605	2.627182	54.531250	8.489062	0.148438	0.000000	0.000000	0.000000	0.000000	0.000000	80.000000	80.000000	0.000000	0.000000	1.000000	0.000000	8.000000	0.000000	0.687622	3.739072	1.954443	0.000000	0.000000	1.000000	1.000000	0.148438	0.091919	37.915081	0.189063	0.188170	0.013616	0.000000	40960.000000	10.620351	160.000000	256.000000	122880.000000	0.625000	0.470004	0.000000	0.000000	3.000000	4.783460	5.130210	5.278227	5.350645	5.461586	0.042612	1.000000	1.000000	1.000000	0.007977	0.067831	0.272759	0.683731	6.000000	69.000000	133.000000	255.000000	255.000000	0.000000	0.000000	0.206349	0.333333	0.000000	0.000000	0.000000	0.015873	0.000000	0.000000	0.000000	0.000000	0.000000	0.000000	0.000000	0.000000	0.000000	0.000000	0.000000	2.146168	0.634783
/mnt/v/output/codec-corpus-2026-05-01-multiaxis/palette/palette_017_p256_200x100.png	large	200	100	15516.390625	0.092389	0.000000	0.000000	0.000000	0.556667	0.556667	0.000000	0.949595	0.704663	5.000000	0.000250	0.000000	0.000000	0.000000	0.000000	0.000000	0.000000	0.103490	1.240082	86.773331	0.000000	0.473333	0.000000	0.000000	0.000000	4.000000	1.000000	80.000000	80.000000	0.000000	0.000000	1.000000	0.000000	8.000000	0.000000	1.000000	2.481892	2.650744	0.000000	0.000000	1.000000	1.000000	0.176667	0.000000	74.595573	0.523333	0.141429	0.000000	1.000000	20000.000000	9.903487	100.000000	200.000000	60000.000000	0.500000	0.693147	0.040000	0.433600	3.000000	0.859408	5.577281	5.799567	5.827530	5.848650	0.000000	0.017737	1.000000	1.000000	0.000000	0.000000	0.000000	0.000000	0.000000	1.000000	102.000000	255.000000	255.000000	0.000000	0.000000	0.000000	0.333333	0.000000	0.000000	0.000000	0.000000	0.000000	0.000000	0.000000	0.000000	0.000000	0.000000	0.000000	0.000000	0.000000	0.000000	0.000000	6.793364	0.412912
/mnt/v/output/codec-corpus-2026-05-01-multiaxis/palette/palette_007_p69_200x100.png	large	200	100	9431.020508	0.040201	0.166444	0.005821	0.001081	0.736667	0.736667	66.639053	0.484540	0.962909	6.000000	0.000300	0.035130	0.041840	4.000000	0.009290	0.027390	3.000000	0.124981	1.175322	26.303333	13.783334	0.906667	0.000000	0.000000	0.000000	4.000000	1.000000	80.000000	80.000000	0.000000	0.000000	1.000000	0.000000	8.000000	0.000000	0.350000	1.314048	2.225843	0.000000	0.000000	1.000000	1.000000	0.096667	0.000000	73.522903	0.933333	0.052434	0.018730	0.000000	20000.000000	9.903487	100.000000	200.000000	60000.000000	0.500000	0.693147	0.040000	0.433600	3.000000	0.000000	3.895022	5.546185	5.690197	5.690197	0.000000	0.000000	0.648635	1.000000	0.000000	0.000000	0.180130	1.000000	0.000000	0.000000	0.000000	255.000000	255.000000	0.000000	0.000000	0.000000	0.063492	0.000000	0.000000	0.000000	0.000000	0.000000	0.000000	0.000000	0.000000	0.000000	0.000000	0.000000	0.000000	0.000000	0.000000	0.000000	16.569351	0.217581
/mnt/v/output/codec-corpus-2026-05-01-multiaxis/illustration-screen/illustration_064_249x255.png	large	249	255	11996.588867	0.065069	0.102856	0.002837	0.002468	0.775234	0.643080	36.851494	0.256948	1.128980	137.000000	0.004181	0.007340	0.006130	1.000000	0.045180	0.037820	9.000000	0.057401	3.071687	18.250780	3.839750	0.679501	0.000000	0.000000	0.000000	8.000000	1.000000	80.000000	80.000000	0.000000	0.000000	1.000000	0.000000	8.000000	0.000000	0.953130	1.616864	1.925651	0.000000	0.000000	1.000000	1.000000	0.187305	0.002704	43.981098	0.824142	0.036553	0.004526	0.000000	63495.000000	11.058717	249.000000	255.000000	190485.000000	0.976471	0.023811	0.032144	0.032144	3.000000	0.974851	2.350248	5.132263	5.698830	5.720723	0.000000	0.020044	0.097257	1.000000	0.000000	0.000000	0.000000	0.030360	0.000000	1.000000	16.000000	156.000000	255.000000	0.000000	0.000000	0.000000	0.000000	0.000000	0.000000	0.000000	0.000000	0.000000	0.000000	0.000000	0.000000	0.000000	0.000000	0.000000	0.000000	0.000000	0.000000	0.000000	21.504805	0.426347
/mnt/v/output/codec-corpus-2026-05-01-multiaxis/illustration-screen/illustration_073_256x170.png	large	256	170	4095.624268	0.163655	0.110844	0.005893	0.003352	0.348214	0.125000	41.020725	0.518878	0.952086	891.000000	0.027191	0.006480	0.013260	5.000000	0.011220	0.021870	8.000000	0.125387	4.361278	38.867561	7.675595	0.026786	0.000000	0.000000	0.000000	0.000000	0.000000	80.000000	80.000000	0.000000	0.000000	1.000000	0.000000	8.000000	0.000000	0.335915	3.644379	1.356993	0.046581	0.003483	1.000000	1.000000	0.583333	0.004720	43.589867	0.086310	0.101025	0.013511	0.000000	43520.000000	10.680976	170.000000	256.000000	130560.000000	0.664062	0.409379	0.035294	0.129412	3.000000	3.839651	4.844766	5.368971	5.469990	5.569463	0.136141	0.662806	1.000000	1.000000	0.006861	0.067566	0.203156	0.409318	1.000000	11.000000	74.000000	214.000000	255.000000	0.000000	0.015873	0.031746	0.158730	0.000000	0.000000	0.000000	0.015873	0.000000	0.000000	0.000000	1.207080	1.422991	1.647749	0.026588	0.035690	0.046581	0.000000	0.000000	9.161783	0.887424
/mnt/v/output/codec-corpus-2026-05-01-multiaxis/illustration-screen/illustration_079_256x256.png	large	256	256	4304.439941	0.091334	0.000000	0.000000	0.000000	0.629883	0.605469	0.000000	0.438177	0.739022	23.000000	0.000702	0.000000	0.000000	0.000000	0.000000	0.000000	0.000000	0.085244	1.358172	33.611328	0.000000	0.613281	0.000000	0.000000	0.000000	8.000000	1.000000	80.000000	80.000000	0.000000	0.000000	1.000000	0.000000	8.000000	0.000000	1.000000	1.981371	2.419285	0.000000	0.000000	1.000000	1.000000	0.226562	0.000000	39.384117	0.591797	0.085007	0.000000	1.000000	65536.000000	11.090355	256.000000	256.000000	196608.000000	1.000000	0.000000	0.000000	0.000000	3.000000	0.000000	5.088483	5.370911	5.396934	5.412270	0.000000	0.000000	1.000000	1.000000	0.000000	0.000000	0.000000	0.000000	0.000000	2.000000	48.000000	185.000000	255.000000	0.000000	0.000000	0.000000	0.206349	0.000000	0.000000	0.000000	0.000000	0.000000	0.000000	0.000000	0.000000	0.000000	0.000000	0.000000	0.000000	0.000000	0.000000	0.000000	10.014799	0.346743
/mnt/v/output/codec-corpus-2026-05-01-multiaxis/alpha/alpha_049_91x137.png	large	91	137	4452.212891	0.088317	0.165144	0.006851	0.021079	0.764706	0.705882	78.184013	0.511680	0.842732	37.000000	0.002968	0.046550	0.016700	4.000000	2.096410	0.412020	157.000000	0.385983	1.360778	23.796791	20.304813	0.930481	0.000000	0.000000	0.000000	8.000000	1.000000	80.000000	80.000000	0.000000	0.000000	1.000000	0.000000	8.000000	0.000000	0.620839	1.408995	2.211097	0.000000	0.000000	1.000000	1.000000	0.000000	0.009373	52.583527	0.941176	0.035820	0.021390	0.000000	12467.000000	9.430840	91.000000	137.000000	37401.000000	0.664234	0.409121	0.108847	0.232053	3.000000	0.000000	1.812913	5.321660	5.466828	5.466828	0.000000	0.000000	0.054627	1.000000	0.000000	0.000000	0.027313	1.000000	0.000000	0.000000	76.000000	255.000000	255.000000	0.000000	0.000000	0.000000	0.000000	0.000000	0.000000	0.000000	0.000000	0.000000	0.000000	0.000000	0.000000	0.000000	0.000000	0.000000	0.000000	0.000000	0.000000	0.000000	7.803437	0.225941
/mnt/v/output/codec-corpus-2026-05-01-multiaxis/palette/palette_006_p256_200x100.png	large	200	100	3341.540283	0.223304	0.136527	0.022264	0.019260	0.033333	0.000000	53.488567	0.179848	0.808564	244.000000	0.012200	0.039280	0.044420	2.000000	0.195350	0.206290	14.000000	0.098035	4.532239	31.520000	15.283334	0.000000	0.000000	0.000000	0.000000	8.000000	1.000000	80.000000	80.000000	0.000000	0.000000	1.000000	0.000000	8.000000	0.000000	0.111300	4.218810	0.581753	0.385605	0.062127	1.000000	1.000000	0.493333	0.415260	22.348467	0.000000	0.112328	0.027566	0.000000	20000.000000	9.903487	100.000000	200.000000	60000.000000	0.500000	0.693147	0.040000	0.433600	3.000000	4.331718	4.644600	4.921638	5.104997	5.190161	0.578669	1.000000	1.000000	1.000000	0.101941	0.190624	0.422524	0.692334	14.000000	27.000000	49.000000	136.000000	255.000000	0.031746	0.063492	0.095238	0.158730	0.000000	0.000000	0.015873	0.047619	0.000000	0.000000	2.000000	2.858537	3.223869	3.432769	0.147620	0.273872	0.385605	0.000000	0.031746	16.704775	0.866578
/mnt/v/output/codec-corpus-2026-05-01-multiaxis/illustration-screen/screencontent_193_174x256.png	large	174	256	818.768738	0.256534	0.024349	0.004894	0.002706	0.209821	0.000000	15.390479	0.403904	0.845957	185.000000	0.005646	0.001530	0.001280	0.000000	0.002540	0.002640	0.000000	0.299555	3.067451	19.376488	1.154762	0.000000	0.000000	0.000000	0.000000	8.000000	1.000000	80.000000	80.000000	0.000000	0.000000	1.000000	0.000000	8.000000	0.000000	0.000045	3.832807	0.783205	0.126431	0.021740	1.000000	1.000000	0.191964	0.856120	18.588106	0.000000	0.109033	0.001724	0.000000	44544.000000	10.704233	174.000000	256.000000	133632.000000	0.679688	0.386122	0.011494	0.103448	3.000000	4.040068	4.524320	4.674280	4.770888	4.942457	0.263112	0.741677	1.000000	1.000000	0.033966	0.067346	0.096102	0.125152	11.000000	30.000000	68.000000	171.000000	255.000000	0.000000	0.031746	0.079365	0.174603	0.000000	0.000000	0.000000	0.000000	0.000000	0.000000	1.000000	2.185931	2.391707	2.617001	0.069440	0.098410	0.126431	0.000000	0.000000	8.843390	0.720750
/mnt/v/output/codec-corpus-2026-05-01-multiaxis/illustration-screen/screencontent_163_245x256.png	large	245	256	4527.359863	0.264063	0.052993	0.010489	0.007347	0.221875	0.000000	26.941389	1.254897	0.715857	454.000000	0.013855	0.006250	0.010990	0.000000	0.018430	0.032940	1.000000	0.216023	3.901461	47.786457	5.117708	0.002083	0.000000	0.000000	0.000000	0.000000	0.000000	80.000000	80.000000	0.000000	0.000000	1.000000	0.000000	8.000000	0.000000	0.000335	4.151426	1.026868	0.131886	0.044521	1.000000	1.000000	0.217708	0.947306	38.784603	0.000000	0.162087	0.009689	0.000000	62720.000000	11.046435	245.000000	256.000000	188160.000000	0.957031	0.043919	0.012245	0.044898	3.000000	4.303277	5.149559	5.290609	5.396795	5.458192	0.251234	0.980478	1.000000	1.000000	0.058512	0.119572	0.249764	0.317823	13.000000	41.000000	121.000000	255.000000	255.000000	0.000000	0.015873	0.095238	0.285714	0.000000	0.000000	0.000000	0.015873	0.000000	1.000000	2.000000	2.193776	2.537819	2.692503	0.067629	0.103330	0.131886	0.000000	0.000000	3.982323	0.727377
/mnt/v/output/codec-corpus-2026-05-01-multiaxis/illustration-screen/illustration_008_233x256.png	large	233	256	2019.988037	0.230325	0.276115	0.041643	0.014268	0.336207	0.264009	100.852119	0.714239	0.874081	661.000000	0.020172	0.169100	0.141610	7.000000	0.114250	0.077240	10.000000	0.323605	3.109679	22.508621	68.245689	0.310345	0.000000	0.000000	0.000000	0.000000	0.000000	80.000000	80.000000	0.000000	0.000000	1.000000	0.000000	8.000000	0.000000	0.546607	3.136523	1.955364	0.000000	0.000000	1.000000	1.000000	0.101293	0.082534	29.885319	0.336207	0.114618	0.063697	0.000000	59648.000000	10.996216	233.000000	256.000000	178944.000000	0.910156	0.094139	0.030043	0.098712	3.000000	4.155215	4.568860	4.940882	5.159888	5.226704	0.010456	0.753417	1.000000	1.000000	0.000000	1.000000	1.000000	1.000000	1.000000	35.000000	92.000000	204.000000	255.000000	0.000000	0.000000	0.111111	0.190476	0.000000	0.000000	0.063492	0.111111	0.000000	0.000000	0.000000	0.000000	0.000000	0.000000	0.000000	0.000000	0.000000	0.000000	0.000000	5.279228	0.507867
/mnt/v/output/codec-corpus-2026-05-01-multiaxis/palette/palette_028_p57_200x100.png	large	200	100	5997.083008	0.116572	0.058874	0.001947	0.001036	0.503333	0.473333	20.182653	1.430158	0.692836	45.000000	0.002250	0.006350	0.039050	3.000000	0.025560	0.147630	14.000000	0.177501	0.935800	63.990002	8.796667	0.256667	0.000000	0.000000	0.000000	8.000000	1.000000	80.000000	80.000000	0.000000	0.000000	1.000000	0.000000	8.000000	0.000000	0.862750	3.121521	2.236183	0.006805	0.000000	1.000000	1.000000	0.120000	0.000885	77.697227	0.370000	0.107778	0.013386	0.000000	20000.000000	9.903487	100.000000	200.000000	60000.000000	0.500000	0.693147	0.040000	0.433600	3.000000	2.566861	5.442806	5.757107	5.773798	5.798584	0.011768	0.124734	1.000000	1.000000	0.000000	0.003310	0.368562	0.546883	0.000000	3.000000	224.000000	255.000000	255.000000	0.000000	0.000000	0.000000	0.111111	0.000000	0.000000	0.000000	0.031746	0.000000	0.000000	0.000000	0.000000	0.000000	0.693506	0.000000	0.000000	0.006805	0.000000	0.000000	2.521259	0.450183
/mnt/v/output/codec-corpus-2026-05-01-multiaxis/illustration-screen/screencontent_192_177x256.png	large	177	256	1660.890259	0.301315	0.074678	0.016400	0.012909	0.204545	0.008523	27.768803	0.683514	1.052620	1753.000000	0.053497	0.016470	0.010280	1.000000	0.085580	0.052510	12.000000	0.325454	3.555215	24.906250	10.750000	0.000000	0.000000	0.000000	0.000000	0.000000	0.000000	80.000000	80.000000	0.000000	0.000000	1.000000	0.000000	8.000000	0.000000	0.018229	3.838310	0.941459	0.085507	0.005629	1.000000	1.000000	0.090909	0.226518	31.325422	0.000000	0.133523	0.023359	0.000000	45312.000000	10.721327	177.000000	256.000000	135936.000000	0.691406	0.369028	0.039548	0.084746	3.000000	4.037122	4.458977	4.978443	5.228697	5.400217	0.305920	0.661995	1.000000	1.000000	0.083883	0.192818	0.336954	0.498882	15.000000	41.000000	84.000000	229.000000	255.000000	0.000000	0.031746	0.111111	0.206349	0.000000	0.000000	0.015873	0.031746	0.000000	0.000000	1.000000	1.758606	2.012838	2.241757	0.049805	0.063103	0.085507	0.000000	0.000000	7.526219	0.679388
/mnt/v/output/codec-corpus-2026-05-01-multiaxis/illustration-screen/illustration_078_255x96.png	large	255	96	894.609009	0.373021	0.143809	0.027132	0.019695	0.271505	0.000000	70.759674	0.337664	0.774005	1649.000000	0.067361	0.051010	0.038280	1.000000	0.175310	0.207360	12.000000	0.351234	3.555177	21.309139	20.341398	0.000000	0.000000	0.000000	0.000000	0.000000	0.000000	80.000000	80.000000	0.000000	0.000000	1.000000	0.000000	8.000000	0.000000	0.003717	3.790610	1.030369	0.069083	0.068486	1.000000	1.000000	0.083333	0.577696	16.368187	0.000000	0.123955	0.036866	0.000000	24480.000000	10.105612	96.000000	255.000000	73440.000000	0.376471	0.976915	0.003922	0.003922	3.000000	4.318233	4.531899	4.669923	4.734800	4.914475	0.142561	0.891312	1.000000	1.000000	0.124268	0.349269	0.615633	0.810170	15.000000	45.000000	81.000000	148.000000	255.000000	0.000000	0.015873	0.126984	0.206349	0.000000	0.000000	0.031746	0.063492	0.000000	0.000000	1.000000	1.679967	1.930615	2.069807	0.035188	0.055266	0.069083	0.000000	0.000000	3.279287	0.697088
/mnt/v/output/codec-corpus-2026-05-01-multiaxis/palette/palette_011_p17_200x100.png	large	200	100	4752.819336	0.039102	0.291556	0.011115	0.012687	0.716667	0.713333	132.383469	0.303805	0.765364	4.000000	0.000200	0.076050	0.039410	1.000000	0.643560	0.332280	16.000000	0.105381	0.997080	26.833334	33.846668	0.880000	0.000000	0.000000	0.000000	2.000000	1.000000	80.000000	80.000000	0.000000	0.000000	1.000000	0.000000	8.000000	0.000000	0.476650	1.464882	2.329553	0.000000	0.000000	1.000000	1.000000	0.140000	0.000000	17.330309	0.933333	0.051005	0.031587	0.000000	20000.000000	9.903487	100.000000	200.000000	60000.000000	0.500000	0.693147	0.040000	0.433600	3.000000	0.000000	4.886499	5.319427	5.327187	5.347975	0.000000	0.000000	1.000000	1.000000	0.000000	0.000000	1.000000	1.000000	0.000000	0.000000	0.000000	255.000000	255.000000	0.000000	0.000000	0.000000	0.095238	0.000000	0.000000	0.000000	0.095238	0.000000	0.000000	0.000000	0.000000	0.000000	0.000000	0.000000	0.000000	0.000000	0.000000	0.000000	13.925340	0.249508
/mnt/v/output/codec-corpus-2026-05-01-multiaxis/alpha/alpha_043_91x137.png	large	91	137	2931.983154	0.642892	0.291006	0.073247	0.033418	0.016043	0.016043	90.954590	1.205822	0.563098	1923.000000	0.154247	0.211560	0.317630	9.000000	0.294330	0.505020	157.000000	0.405408	4.307317	67.106949	79.909088	0.016043	0.000000	0.000000	0.000000	0.000000	0.000000	80.000000	80.000000	0.000000	0.000000	1.000000	0.000000	8.000000	0.000000	0.128900	4.703740	0.812470	0.339119	0.179056	1.000000	1.000000	0.064171	0.196509	38.880428	0.016043	0.265512	0.095493	0.000000	12467.000000	9.430840	91.000000	137.000000	37401.000000	0.664234	0.409121	0.108847	0.232053	3.000000	4.978906	5.181564	5.285817	5.318748	5.400351	1.000000	1.000000	1.000000	1.000000	0.467113	1.000000	1.000000	1.000000	45.000000	94.000000	160.000000	255.000000	255.000000	0.063492	0.174603	0.285714	0.349206	0.000000	0.047619	0.095238	0.142857	0.000000	0.000000	4.000000	0.000000	3.581535	3.742341	0.000000	0.267271	0.339119	0.000000	0.031746	1.074241	0.625283
/mnt/v/output/codec-corpus-2026-05-01-multiaxis/illustration-screen/illustration_122_150x256.png	large	150	256	1449.966797	0.197763	0.112970	0.014581	0.014927	0.381944	0.003472	49.143902	0.332431	0.819800	1410.000000	0.043030	0.029630	0.014380	3.000000	0.204680	0.129150	18.000000	0.188393	2.896715	23.508680	16.616320	0.003472	0.000000	0.000000	0.000000	0.000000	0.000000	80.000000	80.000000	0.000000	0.000000	1.000000	0.000000	8.000000	0.000000	0.002448	3.502223	1.265738	0.044533	0.008300	1.000000	1.000000	0.206597	0.854922	26.046736	0.000000	0.105241	0.024802	0.000000	38400.000000	10.555813	150.000000	256.000000	115200.000000	0.585938	0.534542	0.013333	0.066667	3.000000	3.914763	4.726544	4.976638	5.053833	5.136289	0.064718	0.651590	1.000000	1.000000	0.021090	0.079018	0.456933	1.000000	5.000000	24.000000	66.000000	161.000000	255.000000	0.000000	0.000000	0.079365	0.190476	0.000000	0.000000	0.000000	0.047619	0.000000	0.000000	0.000000	1.524235	1.722222	1.825670	0.025324	0.036820	0.044533	0.000000	0.000000	9.360134	0.702314
/mnt/v/output/codec-corpus-2026-05-01-multiaxis/illustration-screen/screencontent_174_256x163.png	large	256	163	7575.332031	0.530098	0.000000	0.000000	0.000000	0.082813	0.037500	0.000000	4.698590	0.529549	32.000000	0.000977	0.000000	0.000000	0.000000	0.000000	0.000000	0.000000	0.379535	3.371273	136.295319	0.000000	0.006250	0.000000	0.000000	0.000000	8.000000	1.000000	80.000000	80.000000	0.000000	0.000000	1.000000	0.000000	8.000000	0.000000	1.000000	4.995182	1.086110	0.629376	0.000000	1.000000	1.000000	0.050000	0.000000	59.108433	0.000000	0.378075	0.000000	1.000000	41728.000000	10.638927	163.000000	256.000000	125184.000000	0.636719	0.451427	0.030675	0.177914	3.000000	5.342810	5.564996	5.636079	5.669879	5.702055	1.000000	1.000000	1.000000	1.000000	0.000000	0.000000	0.000000	0.000000	55.000000	165.000000	255.000000	255.000000	255.000000	0.111111	0.317460	0.428571	0.492063	0.000000	0.000000	0.000000	0.000000	0.000000	0.000000	1.000000	1.050550	1.762960	4.027308	0.015653	0.040666	0.629376	0.000000	0.000000	-1.051793	0.670425
/mnt/v/output/codec-corpus-2026-05-01-multiaxis/illustration-screen/illustration_070_256x76.png	large	256	76	597.363403	0.158824	0.022713	0.001494	0.001043	0.628472	0.243056	7.622543	0.405723	1.210007	203.000000	0.010434	0.003330	0.004700	2.000000	0.012090	0.016010	7.000000	0.566751	2.795717	15.968750	1.173611	0.000000	0.000000	0.000000	0.000000	8.000000	1.000000	80.000000	80.000000	0.000000	0.000000	1.000000	0.000000	8.000000	0.000000	0.983758	2.811768	1.321662	0.033702	0.000000	1.000000	1.000000	0.347222	0.000109	40.386234	0.000000	0.084436	0.002425	0.000000	19456.000000	9.875911	76.000000	256.000000	58368.000000	0.296875	1.214444	0.052632	0.263158	3.000000	2.133888	4.250162	4.681818	5.102053	5.422258	0.062125	0.091989	0.851364	1.000000	0.000000	0.000000	0.000000	0.000000	2.000000	8.000000	68.000000	254.000000	255.000000	0.000000	0.000000	0.000000	0.142857	0.000000	0.000000	0.000000	0.000000	0.000000	0.000000	0.000000	0.859401	1.224013	1.393576	0.014635	0.023615	0.033702	0.000000	0.000000	11.127750	0.743156
/mnt/v/output/codec-corpus-2026-05-01-multiaxis/illustration-screen/illustration_071_256x108.png	large	256	108	4372.370117	0.345890	0.062378	0.010274	0.006063	0.237981	0.194712	21.215164	0.702416	1.011131	1137.000000	0.041124	0.014620	0.021820	3.000000	0.038190	0.044770	10.000000	0.214527	3.238320	46.444710	8.956731	0.230769	0.000000	0.000000	0.000000	0.000000	0.000000	80.000000	80.000000	0.000000	0.000000	1.000000	0.000000	8.000000	0.000000	0.675926	3.675184	1.846675	0.000000	0.000000	1.000000	1.000000	0.137019	0.003493	33.265118	0.228365	0.163576	0.016980	0.000000	27648.000000	10.227308	108.000000	256.000000	82944.000000	0.421875	0.863046	0.037037	0.185185	3.000000	4.595170	4.805401	5.172377	5.341609	5.570641	0.253630	1.000000	1.000000	1.000000	0.022225	0.073412	0.385921	0.506332	9.000000	51.000000	106.000000	242.000000	255.000000	0.000000	0.047619	0.174603	0.253968	0.000000	0.000000	0.000000	0.031746	0.000000	0.000000	0.000000	0.000000	0.000000	0.000000	0.000000	0.000000	0.000000	0.000000	0.000000	4.195541	0.654460
/mnt/v/output/codec-corpus-2026-05-01-multiaxis/palette/palette_018_p256_200x100.png	large	200	100	1624.199463	0.257276	0.017487	0.000338	0.000793	0.213333	0.183333	6.612836	1.516199	0.731899	46.000000	0.002300	0.000630	0.000530	0.000000	0.022680	0.019270	30.000000	0.546794	1.506139	40.889999	0.730000	0.210000	0.000000	0.000000	0.000000	8.000000	1.000000	80.000000	80.000000	0.000000	0.000000	1.000000	0.000000	8.000000	0.000000	0.998050	3.834327	1.913088	0.000000	0.000000	1.000000	1.000000	0.056667	0.000052	48.772419	0.246667	0.195556	0.001111	0.000000	20000.000000	9.903487	100.000000	200.000000	60000.000000	0.500000	0.693147	0.040000	0.433600	3.000000	4.845639	5.034880	5.199903	5.247388	5.316251	0.397694	1.000000	1.000000	1.000000	0.000000	0.006781	0.010476	0.014532	0.000000	80.000000	164.000000	255.000000	255.000000	0.000000	0.079365	0.174603	0.301587	0.000000	0.000000	0.000000	0.000000	0.000000	0.000000	0.000000	0.000000	0.000000	0.000000	0.000000	0.000000	0.000000	0.000000	0.000000	1.219702	0.533216
/mnt/v/output/codec-corpus-2026-05-01-multiaxis/palette/palette_030_p243_200x100.png	large	200	100	2827.857666	0.171796	0.120099	0.007001	0.012234	0.406667	0.386667	48.039780	3.738536	0.700089	229.000000	0.011450	0.006500	0.004780	0.000000	0.102310	0.044630	11.000000	1.183216	1.357342	72.033333	20.956667	0.393333	0.000000	0.000000	0.000000	8.000000	1.000000	80.000000	80.000000	0.000000	0.000000	1.000000	0.000000	8.000000	0.000000	0.832300	3.076100	2.484184	0.000000	0.000000	1.000000	1.000000	0.010000	0.018229	88.751160	0.400000	0.284497	0.025344	0.000000	20000.000000	9.903487	100.000000	200.000000	60000.000000	0.500000	0.693147	0.040000	0.433600	3.000000	4.815038	5.221894	5.405638	5.479908	5.570106	0.000000	1.000000	1.000000	1.000000	0.000000	0.019518	0.321550	1.000000	0.000000	22.000000	236.000000	255.000000	255.000000	0.000000	0.000000	0.333333	0.523810	0.000000	0.000000	0.000000	0.047619	0.000000	0.000000	0.000000	0.000000	0.000000	0.000000	0.000000	0.000000	0.000000	0.000000	0.000000	1.455796	0.285056
/mnt/v/output/codec-corpus-2026-05-01-multiaxis/illustration-screen/screencontent_186_192x256.png	large	192	256	6814.936523	0.344133	0.150166	0.015290	0.019839	0.214844	0.100260	53.694324	0.974131	0.990656	3170.000000	0.096741	0.022740	0.022270	2.000000	0.444120	0.277200	53.000000	0.150433	3.873541	46.514324	28.636719	0.011719	0.000000	0.000000	0.000000	0.000000	0.000000	80.000000	80.000000	0.000000	0.000000	1.000000	0.000000	8.000000	0.000000	0.483317	4.032691	1.373981	0.034115	0.018676	1.000000	1.000000	0.268229	0.029968	34.454823	0.000000	0.148520	0.034743	0.000000	49152.000000	10.802672	192.000000	256.000000	147456.000000	0.750000	0.287682	0.000000	0.000000	3.000000	4.628622	4.944339	5.258729	5.484250	5.728310	0.342939	1.000000	1.000000	1.000000	0.026860	0.088668	0.434734	1.000000	14.000000	58.000000	116.000000	226.000000	255.000000	0.000000	0.047619	0.126984	0.238095	0.000000	0.000000	0.000000	0.047619	0.000000	0.000000	0.000000	1.176091	1.347027	1.515212	0.018372	0.025911	0.034115	0.000000	0.000000	2.900192	0.734398
/mnt/v/output/codec-corpus-2026-05-01-multiaxis/illustration-screen/screencontent_185_197x256.png	large	197	256	5781.942383	0.419008	0.121550	0.015081	0.015710	0.128906	0.003906	50.417259	1.544042	0.797987	3329.000000	0.101593	0.017570	0.014460	2.000000	0.129660	0.119400	20.000000	0.221757	4.318408	62.722656	18.092447	0.005208	0.000000	0.000000	0.000000	0.000000	0.000000	80.000000	80.000000	0.000000	0.000000	1.000000	0.000000	8.000000	0.000000	0.133229	4.392477	1.055881	0.098059	0.033209	1.000000	1.000000	0.188802	0.343453	40.600533	0.000000	0.214492	0.031085	0.000000	50432.000000	10.828382	197.000000	256.000000	151296.000000	0.769531	0.261974	0.015228	0.137056	3.000000	4.664538	5.124737	5.431744	5.509040	5.617069	0.784785	1.000000	1.000000	1.000000	0.066714	0.212984	0.487033	0.833411	21.000000	68.000000	136.000000	255.000000	255.000000	0.000000	0.111111	0.222222	0.317460	0.000000	0.000000	0.015873	0.047619	0.000000	0.000000	1.000000	1.542320	1.900026	2.355549	0.034859	0.055757	0.098059	0.000000	0.000000	2.464890	0.748038
/mnt/v/output/codec-corpus-2026-05-01-multiaxis/palette/palette_008_p256_200x100.png	large	200	100	1881.052490	0.260417	0.019144	0.000339	0.000795	0.210000	0.180000	7.240479	1.723952	0.711960	43.000000	0.002150	0.000620	0.000640	0.000000	0.022600	0.023100	30.000000	0.532331	1.523008	45.206665	0.490000	0.170000	0.000000	0.000000	0.000000	8.000000	1.000000	80.000000	80.000000	0.000000	0.000000	1.000000	0.000000	8.000000	0.000000	0.997800	3.947471	1.861590	0.000000	0.000000	1.000000	1.000000	0.056667	0.000052	51.297203	0.190000	0.206085	0.001164	0.000000	20000.000000	9.903487	100.000000	200.000000	60000.000000	0.500000	0.693147	0.040000	0.433600	3.000000	4.922214	5.100412	5.259480	5.297894	5.369164	0.462056	1.000000	1.000000	1.000000	0.000000	0.006720	0.010539	0.014920	1.000000	88.000000	178.000000	255.000000	255.000000	0.000000	0.095238	0.190476	0.317460	0.000000	0.000000	0.000000	0.000000	0.000000	0.000000	0.000000	0.000000	0.000000	0.000000	0.000000	0.000000	0.000000	0.000000	0.000000	0.829541	0.557971
/mnt/v/output/codec-corpus-2026-05-01-multiaxis/grayscale/gray_003_137x137.png	large	137	137	6420.478027	0.075043	0.000000	0.000000	0.000000	0.750865	0.709343	0.000000	0.081126	0.990499	32.000000	0.001705	0.000000	0.000000	0.000000	0.000000	0.000000	0.000000	0.029273	1.108686	27.252596	0.000000	0.695502	0.000000	0.000000	0.000000	8.000000	1.000000	80.000000	80.000000	0.000000	0.000000	1.000000	0.000000	8.000000	0.000000	1.000000	1.410764	2.251409	0.000000	0.000000	1.000000	1.000000	0.200692	0.000000	38.712421	0.709343	0.052947	0.000000	1.000000	18769.000000	9.839962	137.000000	137.000000	56307.000000	1.000000	0.000000	0.104800	0.363951	3.000000	0.000000	2.278717	5.594059	5.713859	5.799604	0.000000	0.000000	0.098934	1.000000	0.000000	0.000000	0.000000	0.000000	0.000000	0.000000	13.000000	122.000000	243.000000	0.000000	0.000000	0.000000	0.000000	0.000000	0.000000	0.000000	0.000000	0.000000	0.000000	0.000000	0.000000	0.000000	0.000000	0.000000	0.000000	0.000000	0.000000	0.000000	17.571220	0.269578
/mnt/v/output/codec-corpus-2026-05-01-multiaxis/grayscale/gray_001_47x47.png	large	47	47	7644.406738	0.729891	0.000000	0.000000	0.000000	0.120000	0.000000	0.000000	2.346090	0.389686	32.000000	0.014486	0.000000	0.000000	0.000000	0.000000	0.000000	0.000000	3.254623	4.226504	114.160004	0.000000	0.000000	0.000000	0.000000	0.000000	8.000000	1.000000	80.000000	80.000000	0.000000	0.000000	1.000000	0.000000	8.000000	0.000000	1.000000	4.999181	1.058364	0.222202	0.000000	1.000000	1.000000	0.120000	0.000000	66.609566	0.000000	0.314286	0.000000	1.000000	2209.000000	7.700295	47.000000	47.000000	6627.000000	1.000000	0.000000	0.043006	0.854233	3.000000														144.000000	250.000000	255.000000	255.000000	255.000000									0.000000	1.000000	2.000000									-1.441621	0.356479
/mnt/v/output/codec-corpus-2026-05-01-multiaxis/illustration-screen/illustration_065_256x187.png	large	256	187	2169.852539	0.062724	0.049570	0.002604	0.001681	0.813859	0.808424	16.013544	0.452057	1.120922	134.000000	0.004089	0.011960	0.007570	4.000000	0.027490	0.011740	6.000000	0.104185	0.611770	25.354620	2.604620	0.834239	0.000000	0.000000	0.000000	8.000000	1.000000	80.000000	80.000000	0.000000	0.000000	1.000000	0.000000	8.000000	0.000000	0.988657	0.972510	2.022874	0.000000	0.000000	1.000000	1.000000	0.074728	0.000573	63.121502	0.827446	0.055361	0.004356	0.000000	47872.000000	10.776286	187.000000	256.000000	143616.000000	0.730469	0.314069	0.026738	0.026738	3.000000	0.000000	0.000000	5.261364	5.731326	5.794172	0.000000	0.000000	0.000000	1.000000	0.000000	0.000000	0.000000	0.000000	0.000000	0.000000	7.000000	235.000000	255.000000	0.000000	0.000000	0.000000	0.000000	0.000000	0.000000	0.000000	0.000000	0.000000	0.000000	0.000000	0.000000	0.000000	0.000000	0.000000	0.000000	0.000000	0.000000	0.000000	18.551214	0.159577
/mnt/v/output/codec-corpus-2026-05-01-multiaxis/illustration-screen/illustration_074_256x186.png	large	256	186	2036.112793	0.050213	0.241286	0.016685	0.001392	0.835598	0.828804	82.352318	0.217979	1.002092	74.000000	0.002258	0.114740	0.068740	9.000000	0.006980	0.006570	0.000000	0.068958	0.827167	19.354620	38.805706	0.869565	0.000000	0.000000	0.000000	8.000000	1.000000	80.000000	80.000000	0.000000	0.000000	1.000000	0.000000	8.000000	0.000000	0.000000	0.885630	1.953405	0.000000	0.000000	1.000000	1.000000	0.131793	0.000000	43.549942	0.846467	0.043651	0.027303	0.000000	47616.000000	10.770925	186.000000	256.000000	142848.000000	0.726562	0.319431	0.032258	0.032258	3.000000	0.000000	0.000000	5.330513	5.473095	5.499738	0.000000	0.000000	0.000000	1.000000	0.000000	0.000000	0.000000	1.000000	0.000000	0.000000	7.000000	156.000000	255.000000	0.000000	0.000000	0.000000	0.000000	0.000000	0.000000	0.000000	0.000000	0.000000	0.000000	0.000000	0.000000	0.000000	0.000000	0.000000	0.000000	0.000000	0.000000	0.000000	21.863333	0.156048
/mnt/v/output/codec-corpus-2026-05-01-multiaxis/illustration-screen/illustration_124_256x56.png	large	256	56	5246.128906	0.379037	0.326218	0.022724	0.039975	0.205357	0.200893	163.655487	1.274575	0.495308	304.000000	0.021205	0.090900	0.176880	12.000000	1.071120	1.828840	54.000000	0.178867	2.784166	90.674110	98.133926	0.397321	0.000000	0.000000	0.000000	0.000000	0.000000	80.000000	80.000000	0.000000	0.000000	1.000000	0.000000	8.000000	0.000000	0.126256	4.183537	2.102915	0.000000	0.000000	1.000000	1.000000	0.308036	0.050084	51.368889	0.348214	0.225907	0.109198	0.000000	14336.000000	9.570529	56.000000	256.000000	43008.000000	0.218750	1.519826	0.000000	0.142857	3.000000	5.288177	5.488442	5.540101	5.540101	5.557262	1.000000	1.000000	1.000000	1.000000	0.815221	1.000000	1.000000	1.000000	17.000000	112.000000	187.000000	255.000000	255.000000	0.000000	0.095238	0.253968	0.380952	0.000000	0.047619	0.111111	0.174603	0.000000	0.000000	0.000000	0.000000	0.000000	0.000000	0.000000	0.000000	0.000000	0.000000	0.000000	-0.052952	0.648664
/mnt/v/output/codec-corpus-2026-05-01-multiaxis/grayscale/gray_000_73x73.png	large	73	73	10104.276367	0.264468	0.000000	0.000000	0.000000	0.333333	0.320988	0.000000	0.951554	0.527714	32.000000	0.006005	0.000000	0.000000	0.000000	0.000000	0.000000	0.000000	0.146663	1.924440	117.962959	0.000000	0.246914	0.000000	0.000000	0.000000	8.000000	1.000000	80.000000	80.000000	0.000000	0.000000	1.000000	0.000000	8.000000	0.000000	1.000000	3.870348	2.393208	0.000000	0.000000	1.000000	1.000000	0.283951	0.000000	67.475410	0.308642	0.189888	0.000000	1.000000	5329.000000	8.580919	73.000000	73.000000	15987.000000	1.000000	0.000000	0.200976	0.729405	3.000000														4.000000	91.000000	208.000000	255.000000	255.000000									0.000000	0.000000	0.000000									0.285771	0.630579
/mnt/v/output/codec-corpus-2026-05-01-multiaxis/illustration-screen/illustration_080_163x256.png	large	163	256	4195.337891	0.779472	0.000000	0.000000	0.000000	0.009375	0.001563	0.000000	5.302319	0.512117	32.000000	0.000977	0.000000	0.000000	0.000000	0.000000	0.000000	0.000000	0.670860	4.206964	121.493752	0.000000	0.006250	0.000000	0.000000	0.000000	8.000000	1.000000	80.000000	80.000000	0.000000	0.000000	1.000000	0.000000	8.000000	0.000000	1.000000	5.147345	0.349885	1.000000	0.000000	1.000000	1.000000	0.007812	0.000000	43.426464	0.000000	0.427778	0.000000	1.000000	41728.000000	10.638927	163.000000	256.000000	125184.000000	0.636719	0.451427	0.030675	0.177914	3.000000	5.193550	5.286491	5.361732	5.405231	5.451899	1.000000	1.000000	1.000000	1.000000	0.000000	0.000000	0.000000	0.000000	104.000000	185.000000	255.000000	255.000000	255.000000	0.301587	0.380952	0.444444	0.492063	0.000000	0.000000	0.000000	0.000000	0.000000	2.000000	6.000000	4.127789	4.894047	4.968268	0.674623	1.000000	1.000000	0.095238	0.269841	-1.203975	0.580318
/mnt/v/output/codec-corpus-2026-05-01-multiaxis/illustration-screen/illustration_075_256x230.png	large	256	230	3034.936768	0.031338	0.347027	0.005683	0.007071	0.825893	0.808036	151.988968	0.077460	1.198624	187.000000	0.005707	0.017050	0.014500	1.000000	0.177680	0.173150	21.000000	0.086286	1.949112	8.966517	21.119419	0.821429	0.000000	0.000000	0.000000	8.000000	1.000000	80.000000	80.000000	0.000000	0.000000	1.000000	0.000000	8.000000	0.000000	0.590540	1.198689	1.699510	0.000000	0.000000	1.000000	1.000000	0.131696	0.001221	26.848322	0.822545	0.030665	0.021790	0.000000	58880.000000	10.983256	230.000000	256.000000	176640.000000	0.898438	0.107098	0.008696	0.113043	3.000000	0.676699	1.204121	4.766126	4.991028	5.158195	0.000000	0.009751	0.030473	1.000000	0.000000	0.000000	0.030473	1.000000	0.000000	0.000000	1.000000	108.000000	189.000000	0.000000	0.000000	0.000000	0.000000	0.000000	0.000000	0.000000	0.000000	0.000000	0.000000	0.000000	0.000000	0.000000	0.000000	0.000000	0.000000	0.000000	0.000000	0.000000	34.236694	0.381543
/mnt/v/output/codec-corpus-2026-05-01-multiaxis/palette/palette_029_p47_200x100.png	large	200	100	1576.030640	0.225398	0.015609	0.000136	0.000318	0.256667	0.213333	5.869167	1.765139	0.783885	41.000000	0.002050	0.000310	0.000490	0.000000	0.011260	0.017770	30.000000	0.768320	1.286609	44.696667	0.936667	0.270000	0.000000	0.000000	0.000000	8.000000	1.000000	80.000000	80.000000	0.000000	0.000000	1.000000	0.000000	8.000000	0.000000	0.998050	3.654207	2.021162	0.000000	0.000000	1.000000	1.000000	0.036667	0.000000	54.474415	0.300000	0.241587	0.002169	0.000000	20000.000000	9.903487	100.000000	200.000000	60000.000000	0.500000	0.693147	0.040000	0.433600	3.000000	4.729582	5.044672	5.177678	5.287343	5.496263	0.096232	1.000000	1.000000	1.000000	0.000000	0.000000	0.000000	0.010801	0.000000	60.000000	177.000000	255.000000	255.000000	0.000000	0.000000	0.269841	0.396825	0.000000	0.000000	0.000000	0.000000	0.000000	0.000000	0.000000	0.000000	0.000000	0.000000	0.000000	0.000000	0.000000	0.000000	0.000000	1.512156	0.441578
/mnt/v/output/codec-corpus-2026-05-01-multiaxis/palette/palette_033_p143_200x100.png	large	200	100	770.573181	0.068886	0.044792	0.003193	0.003980	0.726667	0.726667	16.581493	0.864357	0.943735	54.000000	0.002700	0.029980	0.024230	14.000000	0.160020	0.245490	43.000000	0.841764	0.358409	21.303333	5.840000	0.840000	0.000000	0.000000	0.000000	8.000000	1.000000	80.000000	80.000000	0.000000	0.000000	1.000000	0.000000	8.000000	0.000000	0.979950	1.367938	2.233939	0.000000	0.000000	1.000000	1.000000	0.000000	0.005990	45.637218	0.853333	0.077937	0.010952	0.000000	20000.000000	9.903487	100.000000	200.000000	60000.000000	0.500000	0.693147	0.040000	0.433600	3.000000	0.000000	4.703804	5.063364	5.222270	5.365076	0.000000	0.000000	1.000000	1.000000	0.000000	0.000000	0.000000	0.394729	0.000000	0.000000	71.000000	255.000000	255.000000	0.000000	0.000000	0.000000	0.111111	0.000000	0.000000	0.000000	0.000000	0.000000	0.000000	0.000000	0.000000	0.000000	0.000000	0.000000	0.000000	0.000000	0.000000	0.000000	8.766699	0.146010
/mnt/v/output/codec-corpus-2026-05-01-multiaxis/illustration-screen/illustration_072_226x256.png	large	226	256	9280.631836	0.095024	0.002591	0.000211	0.000145	0.584821	0.562500	0.992515	0.751655	0.744541	87.000000	0.002655	0.000010	0.000010	0.000000	0.000040	0.000030	0.000000	0.086781	1.536176	49.457588	0.000000	0.597098	0.000000	0.000000	0.000000	8.000000	1.000000	80.000000	80.000000	0.000000	0.000000	1.000000	0.000000	8.000000	0.000000	1.000000	2.284317	2.518776	0.000000	0.000000	1.000000	1.000000	0.223214	0.000000	59.786655	0.549107	0.111005	0.000000	0.000000	57856.000000	10.965713	226.000000	256.000000	173568.000000	0.882812	0.124642	0.026549	0.132743	3.000000	0.693509	5.283353	5.635999	5.676383	5.689883	0.000000	0.012838	1.000000	1.000000	0.000000	0.000000	0.018188	0.027938	0.000000	2.000000	52.000000	255.000000	255.000000	0.000000	0.000000	0.000000	0.253968	0.000000	0.000000	0.000000	0.000000	0.000000	0.000000	0.000000	0.000000	0.000000	0.000000	0.000000	0.000000	0.000000	0.000000	0.000000	9.585687	0.398670
/mnt/v/output/codec-corpus-2026-05-01-multiaxis/alpha/alpha_045_91x137.png	large	91	137	3254.179932	0.135948	0.183510	0.009249	0.004772	0.454545	0.406417	61.635735	0.248195	0.998407	177.000000	0.014197	0.021490	0.027380	3.000000	0.038350	0.049060	6.000000	0.115472	3.106567	40.545456	17.614973	0.540107	0.000000	0.000000	0.000000	8.000000	1.000000	80.000000	80.000000	0.000000	0.000000	1.000000	0.000000	8.000000	0.000000	0.432422	2.698411	2.316233	0.000000	0.000000	1.000000	1.000000	0.299465	0.000000	44.397217	0.529412	0.106867	0.022579	0.000000	12467.000000	9.430840	91.000000	137.000000	37401.000000	0.664234	0.409121	0.108847	0.232053	3.000000	3.607348	4.890062	5.210894	5.596817	5.695391	0.000000	0.485667	1.000000	1.000000	0.000000	0.009310	0.539187	1.000000	0.000000	11.000000	68.000000	208.000000	255.000000	0.000000	0.000000	0.063492	0.190476	0.000000	0.000000	0.000000	0.047619	0.000000	0.000000	0.000000	0.000000	0.000000	0.000000	0.000000	0.000000	0.000000	0.000000	0.000000	11.079459	0.498927
/mnt/v/output/codec-corpus-2026-05-01-multiaxis/palette/palette_014_p256_200x100.png	large	200	100	629.977112	0.388400	0.000964	0.000389	0.000269	0.076667	0.023333	0.335682	1.386653	0.992902	61.000000	0.003050	0.000030	0.000030	0.000000	0.000120	0.000130	0.000000	2.202863	1.878646	19.203333	0.000000	0.013333	0.000000	0.000000	0.000000	8.000000	1.000000	80.000000	80.000000	0.000000	0.000000	1.000000	0.000000	8.000000	0.000000	1.000000	4.023765	0.816778	0.171307	0.000000	1.000000	1.000000	0.000000	0.000000	41.776562	0.013333	0.178360	0.000000	0.000000	20000.000000	9.903487	100.000000	200.000000	60000.000000	0.500000	0.693147	0.040000	0.433600	3.000000	4.172450	4.522820	4.794154	4.898680	5.143275	0.307381	0.522984	0.798159	1.000000	0.000000	0.000000	0.000000	0.000000	25.000000	70.000000	140.000000	255.000000	255.000000	0.000000	0.047619	0.158730	0.285714	0.000000	0.000000	0.000000	0.000000	0.000000	0.000000	0.000000	0.000000	2.832788	3.229166	0.000000	0.110465	0.171307	0.000000	0.000000	2.496640	0.298723
/mnt/v/output/codec-corpus-2026-05-01-multiaxis/palette/palette_031_p214_200x100.png	large	200	100	1274.989136	0.108825	0.259714	0.007094	0.002465	0.576667	0.570000	85.204353	1.339636	0.959077	51.000000	0.002550	0.098630	0.199680	26.000000	0.075960	0.145690	24.000000	0.810526	1.002703	36.373333	18.473333	0.653333	0.000000	0.000000	0.000000	8.000000	1.000000	80.000000	80.000000	0.000000	0.000000	1.000000	0.000000	8.000000	0.000000	0.854400	2.070217	2.412060	0.000000	0.000000	1.000000	1.000000	0.080000	0.000052	68.487488	0.703333	0.147249	0.015556	0.000000	20000.000000	9.903487	100.000000	200.000000	60000.000000	0.500000	0.693147	0.040000	0.433600	3.000000	0.000000	4.755719	5.207580	5.327734	5.463327	0.000000	0.000000	1.000000	1.000000	0.000000	0.000000	0.000000	1.000000	0.000000	0.000000	76.000000	255.000000	255.000000	0.000000	0.000000	0.000000	0.349206	0.000000	0.000000	0.000000	0.000000	0.000000	0.000000	0.000000	0.000000	0.000000	0.000000	0.000000	0.000000	0.000000	0.000000	0.000000	6.671572	0.247933
/mnt/v/output/codec-corpus-2026-05-01-multiaxis/palette/palette_012_p17_200x100.png	large	200	100	268.542786	0.050199	0.085970	0.003617	0.003672	0.866667	0.766667	33.664986	0.091122	1.306669	17.000000	0.000850	0.014040	0.013730	1.000000	0.086580	0.083070	5.000000	0.289575	1.172336	6.470000	6.683333	0.826667	0.000000	0.000000	0.000000	8.000000	1.000000	80.000000	80.000000	0.000000	0.000000	1.000000	0.000000	8.000000	0.000000	0.000000	0.902467	1.704870	0.000000	0.000000	1.000000	1.000000	0.056667	0.018021	29.077995	0.850000	0.034127	0.010952	0.000000	20000.000000	9.903487	100.000000	200.000000	60000.000000	0.500000	0.693147	0.040000	0.433600	3.000000	0.000000	0.000000	4.537529	4.767876	5.163045	0.000000	0.000000	0.000000	1.000000	0.000000	0.000000	0.000000	0.620214	0.000000	0.000000	9.000000	132.000000	255.000000	0.000000	0.000000	0.000000	0.000000	0.000000	0.000000	0.000000	0.000000	0.000000	0.000000	0.000000	0.000000	0.000000	0.000000	0.000000	0.000000	0.000000	0.000000	0.000000	22.957581	0.184988
/mnt/v/output/codec-corpus-2026-05-01-multiaxis/grayscale/gray_002_91x91.png	large	91	91	4181.447754	0.218813	0.000000	0.000000	0.000000	0.396694	0.363636	0.000000	1.525391	0.689000	32.000000	0.003864	0.000000	0.000000	0.000000	0.000000	0.000000	0.000000	0.441783	1.607470	76.123970	0.000000	0.355372	0.000000	0.000000	0.000000	8.000000	1.000000	80.000000	80.000000	0.000000	0.000000	1.000000	0.000000	8.000000	0.000000	1.000000	3.316031	2.376873	0.000000	0.000000	1.000000	1.000000	0.057851	0.000000	64.136681	0.355372	0.226551	0.000000	1.000000	8281.000000	9.021719	91.000000	91.000000	24843.000000	1.000000	0.000000	0.112909	0.112909	3.000000	4.852915	5.417241	5.530580	5.632337	5.707945	0.005629	1.000000	1.000000	1.000000	0.000000	0.000000	0.000000	0.000000	0.000000	43.000000	228.000000	255.000000	255.000000	0.000000	0.000000	0.222222	0.428571	0.000000	0.000000	0.000000	0.000000	0.000000	0.000000	0.000000	0.000000	0.000000	0.000000	0.000000	0.000000	0.000000	0.000000	0.000000	1.116258	0.490741
/mnt/v/output/codec-corpus-2026-05-01-multiaxis/palette/palette_019_p31_200x100.png	large	200	100	2286.563477	0.246964	0.061775	0.011424	0.014333	0.053333	0.053333	28.461174	1.377960	0.436726	2.000000	0.000100	0.020910	0.020350	0.000000	0.205460	0.199980	3.000000	0.476586	0.999842	47.486668	7.866667	0.060000	0.000000	0.000000	0.000000	2.000000	1.000000	80.000000	80.000000	0.000000	0.000000	1.000000	0.000000	8.000000	0.000000	0.494300	4.462927	1.114609	0.295220	0.054004	1.000000	1.000000	0.000000	0.000000	15.702909	0.183333	0.281799	0.030847	0.000000	20000.000000	9.903487	100.000000	200.000000	60000.000000	0.500000	0.693147	0.040000	0.433600	3.000000	4.842968	4.977140	5.021018	5.030052	5.031752	1.000000	1.000000	1.000000	1.000000	0.190771	0.313615	0.381292	0.405847	0.000000	95.000000	191.000000	255.000000	255.000000	0.047619	0.238095	0.301587	0.365079	0.000000	0.000000	0.031746	0.047619	0.000000	0.000000	0.000000	0.000000	0.000000	3.820854	0.000000	0.000000	0.295220	0.000000	0.000000	-0.131722	0.576340
/mnt/v/output/codec-corpus-2026-05-01-multiaxis/alpha/alpha_044_91x137.png	large	91	137	4524.609375	0.550082	0.157888	0.011538	0.021686	0.048128	0.042781	66.640282	0.908106	0.596095	1163.000000	0.093286	0.019620	0.020840	32.000000	0.207390	0.193370	39.000000	0.403312	4.439610	59.454544	25.652407	0.042781	0.000000	0.000000	0.000000	0.000000	0.000000	80.000000	80.000000	0.000000	0.000000	1.000000	0.000000	8.000000	0.000000	0.108527	4.512272	1.095762	0.333573	0.036841	1.000000	1.000000	0.064171	0.076196	38.024456	0.053476	0.265003	0.044733	0.000000	12467.000000	9.430840	91.000000	137.000000	37401.000000	0.664234	0.409121	0.108847	0.232053	3.000000	4.712518	5.110957	5.344027	5.369554	5.389809	1.000000	1.000000	1.000000	1.000000	0.076706	0.136749	1.000000	1.000000	36.000000	79.000000	141.000000	255.000000	255.000000	0.047619	0.190476	0.269841	0.349206	0.000000	0.000000	0.015873	0.095238	0.000000	0.000000	1.000000	0.000000	3.088491	3.614311	0.000000	0.159667	0.333573	0.000000	0.000000	2.267256	0.644647
/mnt/v/output/codec-corpus-2026-05-01-multiaxis/illustration-screen/illustration_125_256x62.png	large	256	62	866.049927	0.113305	0.121501	0.006921	0.004452	0.616071	0.593750	43.099285	0.066344	1.085177	104.000000	0.006552	0.014710	0.013680	1.000000	0.055100	0.045890	8.000000	0.095476	1.266534	13.017858	9.075892	0.616071	0.000000	0.000000	0.000000	8.000000	1.000000	80.000000	80.000000	0.000000	0.000000	1.000000	0.000000	8.000000	0.000000	0.808972	1.739063	2.142284	0.000000	0.000000	1.000000	1.000000	0.200893	0.000000	20.664158	0.611607	0.057469	0.012472	0.000000	15872.000000	9.672312	62.000000	256.000000	47616.000000	0.242188	1.418043	0.032258	0.032258	3.000000	0.000000	4.335986	4.429768	4.843603	5.209218	0.000000	0.000000	1.000000	1.000000	0.000000	0.000000	0.198193	0.383897	0.000000	2.000000	38.000000	99.000000	215.000000	0.000000	0.000000	0.000000	0.142857	0.000000	0.000000	0.000000	0.015873	0.000000	0.000000	0.000000	0.000000	0.000000	0.000000	0.000000	0.000000	0.000000	0.000000	0.000000	12.249307	0.355562
/mnt/v/output/codec-corpus-2026-05-01-multiaxis/illustration-screen/screencontent_176_150x256.png	large	150	256	4192.187500	0.217239	0.084590	0.006296	0.003755	0.555556	0.494792	28.939781	0.828177	0.786832	1383.000000	0.042206	0.010330	0.015070	2.000000	0.021320	0.028060	4.000000	0.131174	2.092379	44.842014	5.248264	0.435764	0.000000	0.000000	0.000000	0.000000	0.000000	80.000000	80.000000	0.000000	0.000000	1.000000	0.000000	8.000000	0.000000	0.854375	2.441461	2.436124	0.000000	0.000000	1.000000	1.000000	0.197917	0.087682	44.116573	0.493056	0.106151	0.010279	0.000000	38400.000000	10.555813	150.000000	256.000000	115200.000000	0.585938	0.534542	0.013333	0.066667	3.000000	1.439088	5.205953	5.496044	5.561908	5.603484	0.000000	0.031688	1.000000	1.000000	0.000000	0.000000	0.011195	0.484437	0.000000	19.000000	99.000000	255.000000	255.000000	0.000000	0.000000	0.000000	0.190476	0.000000	0.000000	0.000000	0.000000	0.000000	0.000000	0.000000	0.000000	0.000000	0.000000	0.000000	0.000000	0.000000	0.000000	0.000000	6.321363	0.422631
/mnt/v/output/codec-corpus-2026-05-01-multiaxis/grayscale/gray_004_73x73.png	large	73	73	7457.416992	0.221836	0.000000	0.000000	0.000000	0.320988	0.259259	0.000000	0.443476	0.527967	32.000000	0.006005	0.000000	0.000000	0.000000	0.000000	0.000000	0.000000	0.107215	2.582970	83.716049	0.000000	0.185185	0.000000	0.000000	0.000000	8.000000	1.000000	80.000000	80.000000	0.000000	0.000000	1.000000	0.000000	8.000000	0.000000	1.000000	3.782191	2.228425	0.000000	0.000000	1.000000	1.000000	0.283951	0.000000	49.670845	0.123457	0.167744	0.000000	1.000000	5329.000000	8.580919	73.000000	73.000000	15987.000000	1.000000	0.000000	0.200976	0.729405	3.000000														3.000000	49.000000	151.000000	255.000000	255.000000									0.000000	0.000000	0.000000									1.729400	0.611926
/mnt/v/output/codec-corpus-2026-05-01-multiaxis/wide-aspect/wide_002_landscape_16x9_1280x720.png	large	1280	720	1912.327148	0.086660	0.256470	0.000795	0.000926	0.791528	0.683264	114.053001	0.759131	1.858944	261.000000	0.007965	0.000620	0.000100	0.000000	0.004930	0.000720	4.000000	0.543188	2.714120	4.790088	1.375121	0.433431	0.000000	0.000000	0.000000	0.000000	0.000000	80.000000	80.000000	0.000000	0.000000	1.000000	0.000000	8.000000	0.000000	0.532458	1.297459	1.620904	0.000000	0.000000	1.000000	1.000000	0.037901	0.000548	23.673475	0.540330	0.034600	0.001373	0.000000	921600.000000	13.733867	720.000000	1280.000000	2764800.000000	0.562500	0.575364	0.000000	0.022222	3.000000	0.767846	1.685603	4.218997	4.578272	4.959569	0.000000	0.013883	0.047852	0.760043	0.000000	0.000000	0.000000	0.030709	0.000000	1.000000	24.000000	135.000000	255.000000	0.000000	0.000000	0.000000	0.000000	0.000000	0.000000	0.000000	0.000000	0.000000	0.000000	0.000000	0.000000	0.000000	0.000000	0.000000	0.000000	0.000000	0.000000	0.000000	30.037560	0.296808
/mnt/v/output/codec-corpus-2026-05-01-multiaxis/palette/palette_015_p256_200x100.png	large	200	100	4194.496582	0.133951	0.061414	0.013456	0.004816	0.586667	0.540000	20.318504	1.711113	0.724062	159.000000	0.007950	0.022250	0.016860	1.000000	0.015360	0.011160	1.000000	0.294987	1.150656	73.036667	8.016666	0.536667	0.000000	0.000000	0.000000	8.000000	1.000000	80.000000	80.000000	0.000000	0.000000	1.000000	0.000000	8.000000	0.000000	0.820700	2.327749	2.627544	0.000000	0.000000	1.000000	1.000000	0.060000	0.000000	73.621056	0.556667	0.175185	0.022063	0.000000	20000.000000	9.903487	100.000000	200.000000	60000.000000	0.500000	0.693147	0.040000	0.433600	3.000000	0.000000	5.422954	5.679108	5.724543	5.747306	0.000000	0.000000	1.000000	1.000000	0.000000	0.003851	0.401225	0.699686	0.000000	3.000000	211.000000	255.000000	255.000000	0.000000	0.000000	0.000000	0.412698	0.000000	0.000000	0.000000	0.031746	0.000000	0.000000	0.000000	0.000000	0.000000	0.000000	0.000000	0.000000	0.000000	0.000000	0.000000	2.225633	0.334140
/mnt/v/output/codec-corpus-2026-05-01-multiaxis/palette/palette_034_p148_200x100.png	large	200	100	288.945862	0.015389	0.003908	0.000375	0.000277	0.940000	0.940000	1.263483	0.098726	1.707123	45.000000	0.002250	0.000460	0.000520	0.000000	0.001780	0.001490	0.000000	0.241180	0.135319	7.086667	0.013333	0.940000	0.000000	0.000000	0.000000	8.000000	1.000000	80.000000	80.000000	0.000000	0.000000	1.000000	0.000000	8.000000	0.000000	0.995450	0.346542	1.107214	0.000000	0.000000	1.000000	1.000000	0.003333	0.000885	74.408165	0.940000	0.015238	0.000000	0.000000	20000.000000	9.903487	100.000000	200.000000	60000.000000	0.500000	0.693147	0.040000	0.433600	3.000000	0.000000	0.000000	0.903094	3.593603	5.590433	0.000000	0.000000	0.000000	0.015799	0.000000	0.000000	0.000000	0.000000	0.000000	0.000000	0.000000	123.000000	255.000000	0.000000	0.000000	0.000000	0.000000	0.000000	0.000000	0.000000	0.000000	0.000000	0.000000	0.000000	0.000000	0.000000	0.000000	0.000000	0.000000	0.000000	0.000000	0.000000	90.200317	0.054375
/mnt/v/output/codec-corpus-2026-05-01-multiaxis/illustration-screen/screencontent_175_194x256.png	large	194	256	1536.041992	0.392685	0.000000	0.000000	0.000000	0.187500	0.000000	0.000000	0.791092	0.571461	19.000000	0.000580	0.000000	0.000000	0.000000	0.000000	0.000000	0.000000	0.217714	3.195677	35.002605	0.000000	0.000000	0.000000	0.000000	0.000000	8.000000	1.000000	80.000000	80.000000	0.000000	0.000000	1.000000	0.000000	8.000000	0.000000	1.000000	4.254898	0.848418	0.128877	0.000000	1.000000	1.000000	0.210938	0.000000	23.143444	0.000000	0.158834	0.000000	1.000000	49664.000000	10.813036	194.000000	256.000000	148992.000000	0.757812	0.277319	0.030928	0.154639	3.000000	4.677278	4.855244	4.920502	4.957840	5.009923	0.579691	1.000000	1.000000	1.000000	0.000000	0.000000	0.000000	0.000000	18.000000	64.000000	106.000000	179.000000	255.000000	0.000000	0.079365	0.174603	0.238095	0.000000	0.000000	0.000000	0.000000	0.000000	1.000000	2.000000	2.340661	2.487470	2.659307	0.077456	0.098380	0.128877	0.000000	0.000000	1.772125	0.731052
/mnt/v/output/codec-corpus-2026-05-01-multiaxis/palette/palette_032_p256_200x100.png	large	200	100	787.006897	0.075377	0.000000	0.000000	0.000000	0.710000	0.710000	0.000000	0.876924	1.186032	28.000000	0.001400	0.000000	0.000000	0.000000	0.000000	0.000000	0.000000	0.807158	0.445830	21.886667	0.000000	0.716667	0.000000	0.000000	0.000000	8.000000	1.000000	80.000000	80.000000	0.000000	0.000000	1.000000	0.000000	8.000000	0.000000	1.000000	1.418221	2.227674	0.000000	0.000000	1.000000	1.000000	0.003333	0.000000	64.416733	0.740000	0.108519	0.000000	1.000000	20000.000000	9.903487	100.000000	200.000000	60000.000000	0.500000	0.693147	0.040000	0.433600	3.000000	0.000000	4.544222	5.003875	5.222599	5.576797	0.000000	0.000000	0.972968	1.000000	0.000000	0.000000	0.000000	0.000000	0.000000	0.000000	29.000000	255.000000	255.000000	0.000000	0.000000	0.000000	0.269841	0.000000	0.000000	0.000000	0.000000	0.000000	0.000000	0.000000	0.000000	0.000000	0.000000	0.000000	0.000000	0.000000	0.000000	0.000000	10.511697	0.149237
/mnt/v/output/codec-corpus-2026-05-01-multiaxis/illustration-screen/screencontent_194_190x256.png	large	190	256	3624.947998	0.218923	0.134625	0.018629	0.011844	0.251359	0.000000	46.135567	0.580692	0.995569	2237.000000	0.068268	0.047440	0.066270	10.000000	0.061430	0.069280	13.000000	0.288875	4.519505	24.774456	15.334239	0.000000	0.000000	0.000000	0.000000	0.000000	0.000000	80.000000	80.000000	0.000000	0.000000	1.000000	0.000000	8.000000	0.000000	0.032977	3.833285	0.840940	0.177888	0.060945	1.000000	1.000000	0.146739	0.388898	32.190269	0.000000	0.106927	0.025880	0.000000	48640.000000	10.792201	190.000000	256.000000	145920.000000	0.742188	0.298153	0.010526	0.010526	3.000000	3.546388	4.605141	4.997215	5.164771	5.313269	0.233583	0.408335	1.000000	1.000000	0.080668	0.125858	0.417032	0.663881	12.000000	27.000000	73.000000	224.000000	255.000000	0.015873	0.015873	0.063492	0.158730	0.000000	0.000000	0.015873	0.031746	0.000000	0.000000	2.000000	2.529880	2.788699	2.884229	0.114139	0.156355	0.177888	0.000000	0.000000	10.316256	0.744057
/mnt/v/output/codec-corpus-2026-05-01-multiaxis/palette/palette_035_p256_200x100.png	large	200	100	3945.819580	0.125523	0.172797	0.002431	0.024921	0.400000	0.343333	99.654472	0.828360	0.685126	121.000000	0.006050	0.008810	0.008460	3.000000	0.867630	0.678820	45.000000	0.169433	1.497362	56.580002	54.279999	0.376667	0.000000	0.000000	0.000000	8.000000	1.000000	80.000000	80.000000	0.000000	0.000000	1.000000	0.000000	8.000000	0.000000	0.164800	3.062061	2.356652	0.000000	0.000000	1.000000	1.000000	0.183333	0.000000	58.500439	0.493333	0.155926	0.062328	0.000000	20000.000000	9.903487	100.000000	200.000000	60000.000000	0.500000	0.693147	0.040000	0.433600	3.000000	4.246622	5.257410	5.421196	5.437047	5.477689	0.000000	1.000000	1.000000	1.000000	0.000000	0.942327	1.000000	1.000000	0.000000	1.000000	151.000000	255.000000	255.000000	0.000000	0.000000	0.095238	0.317460	0.000000	0.000000	0.079365	0.111111	0.000000	0.000000	0.000000	0.000000	0.000000	0.000000	0.000000	0.000000	0.000000	0.000000	0.000000	4.237462	0.521074
/mnt/v/output/codec-corpus-2026-05-01-multiaxis/palette/palette_036_p256_200x100.png	large	200	100	1629.946899	0.326214	0.292832	0.057619	0.090086	0.120000	0.000000	121.476219	0.751372	1.174417	253.000000	0.012650	0.276540	0.213390	10.000000	4.668290	3.904360	160.000000	0.456629	3.574198	29.260000	154.666672	0.000000	0.000000	0.000000	0.000000	8.000000	1.000000	80.000000	80.000000	0.000000	0.000000	1.000000	0.000000	8.000000	0.000000	0.082300	4.003303	0.763193	0.179963	0.152452	1.000000	1.000000	0.053333	0.052083	35.598160	0.000000	0.141005	0.134550	0.000000	20000.000000	9.903487	100.000000	200.000000	60000.000000	0.500000	0.693147	0.040000	0.433600	3.000000	4.065832	4.474575	4.940961	5.194859	5.557765	0.368145	0.630506	1.000000	1.000000	0.436593	1.000000	1.000000	1.000000	18.000000	51.000000	108.000000	255.000000	255.000000	0.000000	0.047619	0.111111	0.206349	0.000000	0.047619	0.126984	0.206349	0.000000	0.000000	1.000000	1.938269	2.506822	2.931967	0.036542	0.081884	0.179963	0.000000	0.000000	4.925341	0.552667
/mnt/v/output/codec-corpus-2026-05-01-multiaxis/palette/palette_013_p256_200x100.png	large	200	100	897.698975	0.092860	0.067397	0.005523	0.007388	0.663333	0.373333	24.586542	0.343795	0.905412	98.000000	0.004900	0.020290	0.024610	2.000000	0.293570	0.360010	48.000000	0.294498	1.314990	21.299999	12.003333	0.383333	0.000000	0.000000	0.000000	8.000000	1.000000	80.000000	80.000000	0.000000	0.000000	1.000000	0.000000	8.000000	0.000000	0.949350	2.319034	1.958701	0.000000	0.000000	1.000000	1.000000	0.033333	0.001927	49.821194	0.430000	0.077302	0.021852	0.000000	20000.000000	9.903487	100.000000	200.000000	60000.000000	0.500000	0.693147	0.040000	0.433600	3.000000	2.703667	3.733037	5.175201	5.210617	5.299593	0.000000	0.118807	0.546652	1.000000	0.000000	0.005363	0.011482	0.944266	0.000000	6.000000	38.000000	242.000000	255.000000	0.000000	0.000000	0.000000	0.063492	0.000000	0.000000	0.000000	0.000000	0.000000	0.000000	0.000000	0.000000	0.000000	0.000000	0.000000	0.000000	0.000000	0.000000	0.000000	13.124408	0.399879
/mnt/v/output/codec-corpus-2026-05-01-multiaxis/palette/palette_020_p7_200x100.png	large	200	100	601.572266	0.021043	0.026161	0.001045	0.001408	0.846667	0.846667	19.517595	0.093508	1.042770	2.000000	0.000100	0.001240	0.000490	0.000000	0.014660	0.005810	0.000000	0.156584	0.362931	9.670000	1.866667	0.880000	0.000000	0.000000	0.000000	2.000000	1.000000	80.000000	80.000000	0.000000	0.000000	1.000000	0.000000	8.000000	0.000000	0.069000	0.733156	1.727140	0.000000	0.000000	1.000000	1.000000	0.036667	0.000000	13.131356	0.933333	0.032116	0.003862	0.000000	20000.000000	9.903487	100.000000	200.000000	60000.000000	0.500000	0.693147	0.040000	0.433600	3.000000	0.000000	0.000000	4.774780	5.016894	5.052258	0.000000	0.000000	0.000000	1.000000	0.000000	0.000000	0.000000	0.284190	0.000000	0.000000	0.000000	194.000000	255.000000	0.000000	0.000000	0.000000	0.000000	0.000000	0.000000	0.000000	0.000000	0.000000	0.000000	0.000000	0.000000	0.000000	0.000000	0.000000	0.000000	0.000000	0.000000	0.000000	37.361607	0.127581
/mnt/v/output/codec-corpus-2026-05-01-multiaxis/alpha/alpha_046_91x137.png	large	91	137	5415.448242	0.242647	0.353510	0.077801	0.053322	0.385027	0.358289	130.974213	3.787378	0.711291	42.000000	0.003369	1.264370	1.760730	36.000000	3.586720	4.778690	207.000000	1.164571	1.826052	81.267380	129.278076	0.358289	0.000000	0.000000	0.000000	8.000000	1.000000	80.000000	80.000000	0.000000	0.000000	1.000000	0.000000	8.000000	0.000000	0.634154	3.190669	2.441651	0.000000	0.000000	1.000000	1.000000	0.000000	0.000000	69.933357	0.379679	0.272558	0.153807	0.000000	12467.000000	9.430840	91.000000	137.000000	37401.000000	0.664234	0.409121	0.108847	0.232053	3.000000	4.789950	5.167231	5.529553	5.594520	5.627020	0.000000	1.000000	1.000000	1.000000	0.000000	0.669326	1.000000	1.000000	0.000000	93.000000	255.000000	255.000000	255.000000	0.000000	0.000000	0.349206	0.476190	0.000000	0.000000	0.158730	0.269841	0.000000	0.000000	0.000000	0.000000	0.000000	0.000000	0.000000	0.000000	0.000000	0.000000	0.000000	-0.185795	0.293975
/mnt/v/output/codec-corpus-2026-05-01-multiaxis/illustration-screen/illustration_126_256x256.png	large	256	256	1445.480591	0.032741	0.198656	0.004561	0.001775	0.875977	0.865234	73.635651	0.152670	1.426189	102.000000	0.003113	0.011890	0.018820	2.000000	0.011610	0.018310	2.000000	0.130209	1.283083	8.626953	8.235352	0.875000	0.000000	0.000000	0.000000	8.000000	1.000000	80.000000	80.000000	0.000000	0.000000	1.000000	0.000000	8.000000	0.000000	0.599609	0.637694	1.578273	0.000000	0.000000	1.000000	1.000000	0.078125	0.000000	47.737686	0.883789	0.023360	0.010618	0.000000	65536.000000	11.090355	256.000000	256.000000	196608.000000	1.000000	0.000000	0.000000	0.000000	3.000000	0.000000	0.000000	4.372820	4.588728	5.519224	0.000000	0.000000	0.000000	1.000000	0.000000	0.000000	0.000000	0.891511	0.000000	0.000000	0.000000	143.000000	255.000000	0.000000	0.000000	0.000000	0.000000	0.000000	0.000000	0.000000	0.000000	0.000000	0.000000	0.000000	0.000000	0.000000	0.000000	0.000000	0.000000	0.000000	0.000000	0.000000	51.770786	0.128016
/mnt/v/output/codec-corpus-2026-05-01-multiaxis/grayscale/gray_005_73x73.png	large	73	73	4963.720215	0.167631	0.000000	0.000000	0.000000	0.456790	0.370370	0.000000	0.252629	0.730520	28.000000	0.005254	0.000000	0.000000	0.000000	0.000000	0.000000	0.000000	0.129111	1.901929	48.259258	0.000000	0.419753	0.000000	0.000000	0.000000	8.000000	1.000000	80.000000	80.000000	0.000000	0.000000	1.000000	0.000000	8.000000	0.000000	1.000000	2.931689	2.263389	0.000000	0.000000	1.000000	1.000000	0.160494	0.000000	50.223877	0.456790	0.141877	0.000000	1.000000	5329.000000	8.580919	73.000000	73.000000	15987.000000	1.000000	0.000000	0.200976	0.729405	3.000000														0.000000	10.000000	92.000000	247.000000	255.000000									0.000000	0.000000	0.000000									6.733316	0.564980
/mnt/v/output/codec-corpus-2026-05-01-multiaxis/grayscale/gray_006_73x73.png	large	73	73	11861.795898	0.514660	0.000000	0.000000	0.000000	0.000000	0.000000	0.000000	1.405215	0.398862	32.000000	0.006005	0.000000	0.000000	0.000000	0.000000	0.000000	0.000000	0.084861	3.090722	194.259262	0.000000	0.049383	0.000000	0.000000	0.000000	8.000000	1.000000	80.000000	80.000000	0.000000	0.000000	1.000000	0.000000	8.000000	0.000000	1.000000	5.652669	0.129158	1.000000	0.000000	1.000000	1.000000	0.703704	0.000000	60.105846	0.049383	0.284930	0.000000	1.000000	5329.000000	8.580919	73.000000	73.000000	15987.000000	1.000000	0.000000	0.200976	0.729405	3.000000														88.000000	174.000000	216.000000	255.000000	255.000000									0.000000	2.000000	4.000000									-1.174416	0.915039
/mnt/v/output/codec-corpus-2026-05-01-multiaxis/palette/palette_022_p17_200x100.png	large	200	100	1064.924683	0.102701	0.155413	0.014609	0.012328	0.563333	0.163333	90.294846	0.251523	1.237826	17.000000	0.000850	0.072600	0.042270	5.000000	0.210390	0.159190	18.000000	0.200535	2.835982	17.083334	19.440001	0.166667	0.000000	0.000000	0.000000	8.000000	1.000000	80.000000	80.000000	0.000000	0.000000	1.000000	0.000000	8.000000	0.000000	0.075500	2.720816	1.556170	0.000000	0.000000	1.000000	1.000000	0.026667	0.045729	46.273891	0.170000	0.055661	0.022593	0.000000	20000.000000	9.903487	100.000000	200.000000	60000.000000	0.500000	0.693147	0.040000	0.433600	3.000000	2.761176	3.622052	4.886883	5.207924	5.388507	0.042477	0.120244	0.381406	1.000000	0.016472	0.068636	0.214587	1.000000	4.000000	18.000000	41.000000	208.000000	255.000000	0.000000	0.000000	0.000000	0.047619	0.000000	0.000000	0.000000	0.015873	0.000000	0.000000	0.000000	0.000000	0.000000	0.000000	0.000000	0.000000	0.000000	0.000000	0.000000	19.041248	0.395748
/mnt/v/output/codec-corpus-2026-05-01-multiaxis/illustration-screen/illustration_128_256x50.png	large	256	50	479.641785	0.104330	0.168727	0.021747	0.012835	0.322917	0.218750	66.515800	0.028445	0.547529	25.000000	0.001953	0.057150	0.028290	1.000000	0.128280	0.064100	3.000000	0.072283	1.571873	12.854167	29.203125	0.401042	0.000000	0.000000	0.000000	8.000000	1.000000	80.000000	80.000000	0.000000	0.000000	1.000000	0.000000	8.000000	0.000000	0.540313	2.940742	1.693393	0.000000	0.000000	1.000000	1.000000	0.520833	0.000000	6.017216	0.442708	0.061177	0.041584	0.000000	12800.000000	9.457200	50.000000	256.000000	38400.000000	0.195312	1.633154	0.120000	0.280000	3.000000	3.878241	4.246696	4.332009	4.335739	4.344862	0.041555	0.680800	1.000000	1.000000	0.041555	0.662438	1.000000	1.000000	0.000000	5.000000	32.000000	55.000000	95.000000	0.000000	0.000000	0.063492	0.111111	0.000000	0.000000	0.047619	0.079365	0.000000	0.000000	0.000000	0.000000	0.000000	0.000000	0.000000	0.000000	0.000000	0.000000	0.000000	3.515481	0.697759
/mnt/v/output/codec-corpus-2026-05-01-multiaxis/illustration-screen/illustration_076_253x256.png	large	253	256	5012.226074	0.191363	0.383163	0.059195	0.016026	0.307460	0.096774	132.835144	0.294118	0.831729	3090.000000	0.094299	0.066760	0.059260	2.000000	0.034900	0.032680	3.000000	0.076171	3.656239	32.668346	84.344757	0.110887	0.000000	0.000000	0.000000	0.000000	0.000000	80.000000	80.000000	0.000000	0.000000	1.000000	0.000000	8.000000	0.000000	0.169250	3.534455	1.653836	0.007925	0.024604	1.000000	1.000000	0.454637	0.108418	30.382248	0.117944	0.099862	0.070052	0.000000	64768.000000	11.078567	253.000000	256.000000	194304.000000	0.988281	0.011788	0.011858	0.011858	3.000000	4.302493	4.569338	5.290592	5.374978	5.443411	0.087077	1.000000	1.000000	1.000000	0.200572	1.000000	1.000000	1.000000	7.000000	25.000000	50.000000	135.000000	255.000000	0.000000	0.000000	0.095238	0.158730	0.000000	0.015873	0.079365	0.111111	0.000000	0.000000	0.000000	0.000000	0.000000	0.467978	0.000000	0.000000	0.007925	0.000000	0.000000	8.224005	0.708705
/mnt/v/output/codec-corpus-2026-05-01-multiaxis/palette/palette_021_p256_200x100.png	large	200	100	1125.706299	0.130182	0.015581	0.000116	0.000272	0.630000	0.620000	5.863178	1.274258	0.973377	44.000000	0.002200	0.000310	0.000490	0.000000	0.011180	0.017790	30.000000	1.140231	0.837463	30.296667	0.606667	0.640000	0.000000	0.000000	0.000000	8.000000	1.000000	80.000000	80.000000	0.000000	0.000000	1.000000	0.000000	8.000000	0.000000	0.998750	1.827458	2.349556	0.000000	0.000000	1.000000	1.000000	0.000000	0.000104	59.061836	0.646667	0.144021	0.001270	0.000000	20000.000000	9.903487	100.000000	200.000000	60000.000000	0.500000	0.693147	0.040000	0.433600	3.000000	0.000000	4.752116	5.152442	5.331281	5.504879	0.000000	0.000000	1.000000	1.000000	0.000000	0.000000	0.000000	0.000000	0.000000	0.000000	114.000000	255.000000	255.000000	0.000000	0.000000	0.000000	0.333333	0.000000	0.000000	0.000000	0.000000	0.000000	0.000000	0.000000	0.000000	0.000000	0.000000	0.000000	0.000000	0.000000	0.000000	0.000000	5.772894	0.192125
/mnt/v/output/codec-corpus-2026-05-01-multiaxis/illustration-screen/screencontent_130_256x187.png	large	256	187	2214.963135	0.130072	0.185441	0.032068	0.004238	0.744565	0.705163	123.864685	1.047251	0.947832	63.000000	0.001923	0.222320	0.232360	23.000000	0.025930	0.026530	2.000000	0.252564	1.160872	38.369564	48.164402	0.692935	0.000000	0.000000	0.000000	8.000000	1.000000	80.000000	80.000000	0.000000	0.000000	1.000000	0.000000	8.000000	0.000000	0.023417	1.417787	2.292305	0.000000	0.000000	1.000000	1.000000	0.042120	0.011506	53.745327	0.697011	0.099681	0.051738	0.000000	47872.000000	10.776286	187.000000	256.000000	143616.000000	0.730469	0.314069	0.026738	0.026738	3.000000	0.000000	4.072571	5.489119	5.577945	5.658080	0.000000	0.000000	0.773438	1.000000	0.000000	0.000000	0.438102	1.000000	0.000000	0.000000	102.000000	255.000000	255.000000	0.000000	0.000000	0.000000	0.158730	0.000000	0.000000	0.000000	0.063492	0.000000	0.000000	0.000000	0.000000	0.000000	0.000000	0.000000	0.000000	0.000000	0.000000	0.000000	6.441177	0.204140
/mnt/v/output/codec-corpus-2026-05-01-multiaxis/alpha/alpha_047_91x137.png	large	91	137	2834.725830	0.290441	0.341973	0.009056	0.019747	0.299465	0.203209	154.696793	2.846502	0.780454	864.000000	0.069303	0.011200	0.009760	3.000000	0.389990	0.396550	38.000000	1.102886	2.943138	72.240639	40.844921	0.197861	0.000000	0.000000	0.000000	0.000000	0.000000	80.000000	80.000000	0.000000	0.000000	1.000000	0.000000	8.000000	0.000000	0.453597	3.616519	2.070302	0.000000	0.000000	1.000000	1.000000	0.048128	0.023352	80.810547	0.208556	0.256685	0.035651	0.000000	12467.000000	9.430840	91.000000	137.000000	37401.000000	0.664234	0.409121	0.108847	0.232053	3.000000	4.674058	5.224995	5.453100	5.505796	5.641688	0.033466	1.000000	1.000000	1.000000	0.000000	0.058310	0.645049	1.000000	2.000000	59.000000	248.000000	255.000000	255.000000	0.000000	0.000000	0.253968	0.444444	0.000000	0.000000	0.000000	0.095238	0.000000	0.000000	0.000000	0.000000	0.000000	0.000000	0.000000	0.000000	0.000000	0.000000	0.000000	1.084942	0.436738
/mnt/v/output/codec-corpus-2026-05-01-multiaxis/illustration-screen/illustration_129_256x217.png	large	256	217	143.257156	0.071369	0.075786	0.011814	0.001669	0.575231	0.525463	34.706055	0.033179	0.657962	19.000000	0.000580	0.025360	0.018660	1.000000	0.003400	0.002520	0.000000	0.121419	1.000135	5.903935	12.473380	0.552083	0.000000	0.000000	0.000000	8.000000	1.000000	80.000000	80.000000	0.000000	0.000000	1.000000	0.000000	8.000000	0.000000	0.000000	1.797248	1.869278	0.000000	0.000000	1.000000	1.000000	0.210648	0.000000	3.743578	0.555556	0.034722	0.023975	0.000000	55552.000000	10.925075	217.000000	256.000000	166656.000000	0.847656	0.165280	0.032258	0.032258	3.000000	0.600360	3.877032	4.071514	4.092957	4.102331	0.000000	0.008000	0.654596	0.836661	0.000000	0.011258	0.600881	0.766316	0.000000	1.000000	21.000000	47.000000	90.000000	0.000000	0.000000	0.000000	0.079365	0.000000	0.000000	0.000000	0.047619	0.000000	0.000000	0.000000	0.000000	0.000000	0.000000	0.000000	0.000000	0.000000	0.000000	0.000000	8.558924	0.403646
/mnt/v/output/codec-corpus-2026-05-01-multiaxis/illustration-screen/illustration_127_256x256.png	large	256	256	922.240417	0.072818	0.162240	0.010363	0.003755	0.825195	0.793945	77.317223	0.524528	1.089675	402.000000	0.012268	0.036770	0.037320	9.000000	0.032230	0.029590	12.000000	0.327549	0.890728	14.108398	15.170898	0.400391	0.000000	0.000000	0.000000	0.000000	0.000000	80.000000	80.000000	0.000000	0.000000	1.000000	0.000000	8.000000	0.000000	0.002869	1.354661	1.792973	0.000000	0.000000	1.000000	1.000000	0.042969	0.004898	47.007465	0.551758	0.048348	0.019190	0.000000	65536.000000	11.090355	256.000000	256.000000	196608.000000	1.000000	0.000000	0.000000	0.000000	3.000000	0.859402	1.224015	5.068003	5.327742	5.438047	0.000000	0.017860	0.029277	1.000000	0.008699	0.021264	0.027703	0.933235	0.000000	0.000000	16.000000	249.000000	255.000000	0.000000	0.000000	0.000000	0.000000	0.000000	0.000000	0.000000	0.000000	0.000000	0.000000	0.000000	0.000000	0.000000	0.000000	0.000000	0.000000	0.000000	0.000000	0.000000	17.850227	0.357835
/mnt/v/output/codec-corpus-2026-05-01-multiaxis/illustration-screen/screencontent_177_195x256.png	large	195	256	4652.880371	0.584556	0.195350	0.045771	0.087626	0.067708	0.000000	92.457947	3.278410	0.556381	1723.000000	0.052582	0.126080	0.089100	3.000000	3.771680	2.803870	78.000000	0.361003	4.450387	89.255211	77.682289	0.000000	0.000000	0.000000	0.000000	0.000000	0.000000	80.000000	80.000000	0.000000	0.000000	1.000000	0.000000	8.000000	0.000000	0.047676	4.819625	0.902876	0.546644	0.083384	1.000000	1.000000	0.147135	0.495893	40.157955	0.000000	0.304791	0.126633	0.000000	49920.000000	10.818177	195.000000	256.000000	149760.000000	0.761719	0.272178	0.025641	0.148718	3.000000	5.116651	5.299853	5.382102	5.426515	5.516255	1.000000	1.000000	1.000000	1.000000	0.250348	0.940021	1.000000	1.000000	54.000000	134.000000	211.000000	255.000000	255.000000	0.079365	0.206349	0.333333	0.412698	0.000000	0.031746	0.126984	0.206349	0.000000	0.000000	2.000000	1.414713	2.122010	3.916214	0.027951	0.081976	0.546644	0.000000	0.000000	-0.485804	0.689197
/mnt/v/output/codec-corpus-2026-05-01-multiaxis/illustration-screen/screencontent_134_155x256.png	large	155	256	2122.249512	0.328750	0.042766	0.017215	0.006755	0.238487	0.000000	25.923248	1.023850	0.698892	204.000000	0.006226	0.024890	0.008340	0.000000	0.020860	0.008430	0.000000	0.220771	3.020704	44.310856	6.386513	0.003289	0.000000	0.000000	0.000000	8.000000	1.000000	80.000000	80.000000	0.000000	0.000000	1.000000	0.000000	8.000000	0.000000	0.028805	4.187920	1.169714	0.076874	0.025408	1.000000	1.000000	0.179276	0.955544	31.011250	0.000000	0.181704	0.010939	0.000000	39680.000000	10.588603	155.000000	256.000000	119040.000000	0.605469	0.501752	0.032258	0.032258	3.000000	4.720598	5.016931	5.191839	5.339218	5.419945	0.354412	1.000000	1.000000	1.000000	0.055324	0.177968	0.260618	0.418402	7.000000	69.000000	129.000000	236.000000	255.000000	0.000000	0.079365	0.206349	0.301587	0.000000	0.000000	0.000000	0.015873	0.000000	0.000000	0.000000	1.677694	1.911740	2.138105	0.036738	0.050389	0.076874	0.000000	0.000000	1.888610	0.728751
/mnt/v/output/codec-corpus-2026-05-01-multiaxis/illustration-screen/screencontent_178_189x256.png	large	189	256	8247.008789	0.620463	0.000000	0.000000	0.000000	0.065217	0.044837	0.000000	1.990375	0.584415	32.000000	0.000977	0.000000	0.000000	0.000000	0.000000	0.000000	0.000000	0.147051	4.078567	107.172554	0.000000	0.024457	0.000000	0.000000	0.000000	8.000000	1.000000	80.000000	80.000000	0.000000	0.000000	1.000000	0.000000	8.000000	0.000000	1.000000	4.988099	1.105505	0.877303	0.000000	1.000000	1.000000	0.375000	0.000000	38.295486	0.032609	0.282479	0.000000	1.000000	48384.000000	10.786924	189.000000	256.000000	145152.000000	0.738281	0.303430	0.015873	0.015873	3.000000	5.335140	5.464289	5.541300	5.604937	5.680242	1.000000	1.000000	1.000000	1.000000	0.000000	0.000000	0.000000	0.000000	53.000000	111.000000	165.000000	251.000000	255.000000	0.111111	0.206349	0.317460	0.380952	0.000000	0.000000	0.000000	0.000000	0.000000	0.000000	1.000000	0.000000	1.977437	4.279795	0.000000	0.057819	0.877303	0.000000	0.000000	-0.142324	0.809141
/mnt/v/output/codec-corpus-2026-05-01-multiaxis/alpha/alpha_048_91x137.png	large	91	137	14308.437500	0.245016	0.171089	0.015758	0.003016	0.192513	0.165775	52.463230	1.142143	0.542394	153.000000	0.012272	0.096190	0.101240	5.000000	0.050760	0.041860	15.000000	0.121261	2.430244	130.550797	31.513369	0.139037	0.000000	0.000000	0.000000	8.000000	1.000000	80.000000	80.000000	0.000000	0.000000	1.000000	0.000000	8.000000	0.000000	0.923879	4.414085	1.992060	0.000000	0.000000	1.000000	1.000000	0.363636	0.004444	69.620132	0.149733	0.260080	0.031916	0.000000	12467.000000	9.430840	91.000000	137.000000	37401.000000	0.664234	0.409121	0.108847	0.232053	3.000000	5.332599	5.676978	5.784350	5.807237	5.828906	1.000000	1.000000	1.000000	1.000000	0.000000	0.000000	0.004253	1.000000	5.000000	50.000000	185.000000	255.000000	255.000000	0.000000	0.111111	0.301587	0.365079	0.000000	0.000000	0.000000	0.000000	0.000000	0.000000	0.000000	0.000000	0.000000	0.000000	0.000000	0.000000	0.000000	0.000000	0.000000	1.486871	0.707781
/mnt/v/output/codec-corpus-2026-05-01-multiaxis/illustration-screen/screencontent_179_129x256.png	large	129	256	3893.718994	0.646906	0.000000	0.000000	0.000000	0.005859	0.000000	0.000000	2.469934	0.657464	32.000000	0.000977	0.000000	0.000000	0.000000	0.000000	0.000000	0.000000	0.343676	4.586921	96.533203	0.000000	0.000000	0.000000	0.000000	0.000000	8.000000	1.000000	80.000000	80.000000	0.000000	0.000000	1.000000	0.000000	8.000000	0.000000	1.000000	5.010306	0.374781	1.000000	0.000000	1.000000	1.000000	0.017578	0.000000	38.652100	0.000000	0.341115	0.000000	1.000000	33024.000000	10.404990	129.000000	256.000000	99072.000000	0.503906	0.685365	0.054264	0.240310	3.000000	5.048141	5.206758	5.360762	5.418059	5.528574	1.000000	1.000000	1.000000	1.000000	0.000000	0.000000	0.000000	0.000000	63.000000	125.000000	196.000000	255.000000	255.000000	0.206349	0.285714	0.365079	0.412698	0.000000	0.000000	0.000000	0.000000	1.000000	3.000000	6.000000	3.119256	4.420814	4.735742	0.209728	1.000000	1.000000	0.015873	0.111111	-0.207054	0.727285
/mnt/v/output/codec-corpus-2026-05-01-multiaxis/illustration-screen/screencontent_131_165x255.png	large	165	255	5514.999023	0.329170	0.018889	0.003909	0.002096	0.327419	0.029032	8.907404	1.855267	0.642475	255.000000	0.007782	0.000900	0.000800	0.000000	0.001670	0.001760	0.000000	0.174422	3.079033	86.080643	0.554839	0.000000	0.000000	0.000000	0.000000	8.000000	1.000000	80.000000	80.000000	0.000000	0.000000	1.000000	0.000000	8.000000	0.000000	0.127225	4.145331	1.529554	0.044377	0.009762	1.000000	1.000000	0.175806	0.064956	54.193466	0.000000	0.216999	0.000794	0.000000	42075.000000	10.647209	165.000000	255.000000	126225.000000	0.647059	0.435318	0.022175	0.168200	3.000000	4.786455	5.553225	5.638608	5.659480	5.691972	0.087740	1.000000	1.000000	1.000000	0.031100	0.051040	0.072871	0.095929	9.000000	84.000000	168.000000	255.000000	255.000000	0.000000	0.000000	0.238095	0.380952	0.000000	0.000000	0.000000	0.000000	0.000000	0.000000	1.000000	1.605945	1.789646	1.880457	0.027755	0.036709	0.044377	0.000000	0.000000	0.989659	0.690967
/mnt/v/output/codec-corpus-2026-05-01-multiaxis/illustration-screen/screencontent_132_200x256.png	large	200	256	9765.784180	0.420298	0.116219	0.012728	0.010640	0.175000	0.057500	40.991184	2.563804	0.592756	3630.000000	0.110779	0.015100	0.023520	3.000000	0.096270	0.150250	33.000000	0.147379	3.596382	126.843750	14.155000	0.047500	0.000000	0.000000	0.000000	0.000000	0.000000	80.000000	80.000000	0.000000	0.000000	1.000000	0.000000	8.000000	0.000000	0.476289	4.638611	1.486434	0.063546	0.019787	1.000000	1.000000	0.303750	0.056562	54.964951	0.046250	0.279444	0.021071	0.000000	51200.000000	10.843494	200.000000	256.000000	153600.000000	0.781250	0.246860	0.000000	0.120000	3.000000	5.106898	5.626269	5.747181	5.777515	5.806738	1.000000	1.000000	1.000000	1.000000	0.034755	0.077828	0.191512	0.864040	23.000000	108.000000	189.000000	255.000000	255.000000	0.000000	0.158730	0.333333	0.412698	0.000000	0.000000	0.000000	0.015873	0.000000	0.000000	0.000000	0.000000	1.168787	2.038359	0.000000	0.027183	0.063546	0.000000	0.000000	0.098263	0.737922
/mnt/v/output/codec-corpus-2026-05-01-multiaxis/illustration-screen/screencontent_135_178x256.png	large	178	256	4237.026855	0.379063	0.137044	0.017568	0.017297	0.093750	0.000000	53.200520	1.056751	0.915577	3587.000000	0.109467	0.033420	0.037490	4.000000	0.299180	0.254290	52.000000	0.276349	4.187212	44.393467	20.491478	0.002841	0.000000	0.000000	0.000000	0.000000	0.000000	80.000000	80.000000	0.000000	0.000000	1.000000	0.000000	8.000000	0.000000	0.145497	4.323805	0.812758	0.252848	0.042460	1.000000	1.000000	0.200284	0.254609	34.768978	0.000000	0.189507	0.034136	0.000000	45568.000000	10.726961	178.000000	256.000000	136704.000000	0.695312	0.363394	0.033708	0.078652	3.000000	4.452197	4.867967	5.256049	5.331503	5.562769	0.642525	1.000000	1.000000	1.000000	0.062077	0.134219	0.466178	0.908918	16.000000	57.000000	114.000000	255.000000	255.000000	0.031746	0.095238	0.174603	0.285714	0.000000	0.000000	0.015873	0.047619	0.000000	0.000000	1.000000	1.751930	2.730782	3.145696	0.051470	0.167068	0.252848	0.000000	0.000000	3.743617	0.734605
/mnt/v/output/codec-corpus-2026-05-01-multiaxis/illustration-screen/screencontent_133_256x170.png	large	256	170	5691.587402	0.222292	0.205732	0.027713	0.011577	0.238095	0.116071	61.520863	0.615575	0.697063	1093.000000	0.033356	0.083020	0.059000	11.000000	0.085510	0.048410	8.000000	0.083702	3.639703	58.751488	32.691963	0.025298	0.000000	0.000000	0.000000	0.000000	0.000000	80.000000	80.000000	0.000000	0.000000	1.000000	0.000000	8.000000	0.000000	0.445404	4.099340	1.475455	0.030031	0.013627	1.000000	1.000000	0.529762	0.037830	37.349174	0.011905	0.153156	0.042942	0.000000	43520.000000	10.680976	170.000000	256.000000	130560.000000	0.664062	0.409379	0.035294	0.129412	3.000000	4.813957	5.286902	5.360713	5.381235	5.556261	0.270701	1.000000	1.000000	1.000000	0.031995	0.365414	1.000000	1.000000	5.000000	35.000000	106.000000	187.000000	255.000000	0.000000	0.015873	0.142857	0.253968	0.000000	0.000000	0.031746	0.079365	0.000000	0.000000	0.000000	0.748916	1.144183	1.342115	0.009187	0.020299	0.030031	0.000000	0.000000	3.150124	0.821262
/mnt/v/output/codec-corpus-2026-05-01-multiaxis/wide-aspect/wide_026_portrait_9x16_720x1280.png	large	720	1280	1168.092407	0.021559	0.071390	0.001316	0.000761	0.921389	0.837500	34.907131	0.144092	1.713642	1457.000000	0.044464	0.000420	0.000470	0.000000	0.000600	0.000700	1.000000	0.043987	2.456942	4.715258	1.084548	0.262391	0.000000	0.000000	0.000000	0.000000	0.000000	80.000000	80.000000	0.000000	0.000000	1.000000	0.000000	8.000000	0.000000	0.026029	1.203142	1.186317	0.000000	0.000000	1.000000	1.000000	0.101069	0.009474	40.096172	0.543246	0.011168	0.002052	0.000000	921600.000000	13.733867	720.000000	1280.000000	2764800.000000	0.562500	0.575364	0.000000	0.022222	3.000000	1.129834	1.269728	2.588202	3.949975	5.602610	0.009139	0.025228	0.030644	0.112249	0.000000	0.021127	0.029022	0.041556	0.000000	0.000000	1.000000	64.000000	255.000000	0.000000	0.000000	0.000000	0.000000	0.000000	0.000000	0.000000	0.000000	0.000000	0.000000	0.000000	0.000000	0.000000	0.000000	0.000000	0.000000	0.000000	0.000000	0.000000	101.205727	0.494866
/mnt/v/output/codec-corpus-2026-05-01-multiaxis/wide-aspect/wide_000_landscape_16x9_1280x720.png	large	1280	720	1328.830078	0.058318	0.273114	0.003688	0.005071	0.756597	0.405347	105.693413	0.244073	1.606627	2790.000000	0.085144	0.001450	0.001180	0.000000	0.020230	0.016420	9.000000	0.075066	2.885945	7.621963	9.210884	0.000000	0.000000	0.000000	0.000000	0.000000	0.000000	80.000000	80.000000	0.000000	0.000000	1.000000	0.000000	8.000000	0.000000	0.013407	2.292695	1.215640	0.019533	0.000000	1.000000	1.000000	0.203110	0.097722	18.949791	0.000000	0.023540	0.007944	0.000000	921600.000000	13.733867	720.000000	1280.000000	2764800.000000	0.562500	0.575364	0.000000	0.022222	3.000000	1.683357	2.924505	4.461858	4.703557	5.062389	0.024786	0.039697	0.207248	1.000000	0.000000	0.028131	0.101069	0.724795	2.000000	4.000000	14.000000	76.000000	255.000000	0.000000	0.000000	0.000000	0.015873	0.000000	0.000000	0.000000	0.000000	0.000000	0.000000	0.000000	0.777019	1.141744	1.253762	0.009410	0.015720	0.019533	0.000000	0.000000	33.248749	0.587023
/mnt/v/output/codec-corpus-2026-05-01-multiaxis/illustration-screen/screencontent_136_192x256.png	large	192	256	3591.805664	0.437491	0.000000	0.000000	0.000000	0.104167	0.000000	0.000000	1.043747	0.739387	30.000000	0.000916	0.000000	0.000000	0.000000	0.000000	0.000000	0.000000	0.277452	4.286944	43.781250	0.000000	0.000000	0.000000	0.000000	0.000000	8.000000	1.000000	80.000000	80.000000	0.000000	0.000000	1.000000	0.000000	8.000000	0.000000	1.000000	4.409874	0.748786	0.216809	0.000000	1.000000	1.000000	0.186198	0.000000	27.124485	0.000000	0.200893	0.000000	1.000000	49152.000000	10.802672	192.000000	256.000000	147456.000000	0.750000	0.287682	0.000000	0.000000	3.000000	4.678895	4.898982	5.047176	5.115701	5.275178	0.848757	1.000000	1.000000	1.000000	0.000000	0.000000	0.000000	0.000000	26.000000	65.000000	114.000000	229.000000	255.000000	0.015873	0.111111	0.206349	0.285714	0.000000	0.000000	0.000000	0.000000	0.000000	1.000000	3.000000	2.222554	2.587079	3.012725	0.070713	0.118156	0.216809	0.000000	0.000000	3.035682	0.726231
/mnt/v/output/codec-corpus-2026-05-01-multiaxis/illustration-screen/screencontent_137_199x256.png	large	199	256	3879.973877	0.330877	0.172152	0.019654	0.014012	0.197917	0.136719	67.865997	1.316460	0.855871	2437.000000	0.074371	0.052480	0.030200	12.000000	0.171470	0.094880	20.000000	0.282158	3.521096	51.481770	19.463541	0.136719	0.000000	0.000000	0.000000	0.000000	0.000000	80.000000	80.000000	0.000000	0.000000	1.000000	0.000000	8.000000	0.000000	0.487516	3.888217	1.678282	0.000000	0.000000	1.000000	1.000000	0.182292	0.341591	39.924522	0.144531	0.183242	0.031581	0.000000	50944.000000	10.838482	199.000000	256.000000	152832.000000	0.777344	0.251873	0.005025	0.125628	3.000000	4.541741	4.986668	5.281091	5.350558	5.499561	0.401842	1.000000	1.000000	1.000000	0.010484	0.114219	0.488866	0.896630	12.000000	55.000000	119.000000	255.000000	255.000000	0.000000	0.063492	0.158730	0.301587	0.000000	0.000000	0.000000	0.063492	0.000000	0.000000	0.000000	0.000000	0.000000	0.000000	0.000000	0.000000	0.000000	0.000000	0.000000	3.607437	0.663135
/mnt/v/output/codec-corpus-2026-05-01-multiaxis/wide-aspect/wide_007_landscape_16x9_1280x720.png	large	1280	720	5437.434570	0.007696	0.279010	0.003586	0.004216	0.845972	0.275556	138.212631	0.025516	1.811007	1524.000000	0.046509	0.000550	0.000440	0.000000	0.004420	0.003060	2.000000	0.047351	4.036255	2.807580	4.230321	0.043732	0.000000	0.000000	0.000000	0.000000	0.000000	80.000000	80.000000	0.000000	0.000000	1.000000	0.000000	8.000000	0.000000	0.006896	2.015053	0.982340	0.018075	0.000000	1.000000	1.000000	0.209913	0.136591	6.553140	0.126336	0.009348	0.005569	0.000000	921600.000000	13.733867	720.000000	1280.000000	2764800.000000	0.562500	0.575364	0.000000	0.022222	3.000000	1.875693	2.396172	3.497204	3.952696	4.529635	0.032860	0.058058	0.112586	0.434666	0.017970	0.034622	0.063377	0.294424	1.000000	3.000000	6.000000	21.000000	137.000000	0.000000	0.000000	0.000000	0.000000	0.000000	0.000000	0.000000	0.000000	0.000000	0.000000	0.000000	0.000000	0.467977	1.004727	0.000000	0.008024	0.018075	0.000000	0.000000	51.355366	0.676707
/mnt/v/output/codec-corpus-2026-05-01-multiaxis/wide-aspect/wide_009_landscape_16x9_1280x720.png	large	1280	720	735.881409	0.051310	0.047070	0.001279	0.001313	0.625903	0.397153	17.086599	0.326351	1.956650	684.000000	0.020874	0.000120	0.000110	0.000000	0.000810	0.000750	0.000000	0.403516	3.107732	2.840622	0.387755	0.002915	0.000000	0.000000	0.000000	0.000000	0.000000	80.000000	80.000000	0.000000	0.000000	1.000000	0.000000	8.000000	0.000000	0.026347	2.306774	1.100887	0.013914	0.000000	1.000000	1.000000	0.081633	0.068315	7.078588	0.014577	0.015919	0.000694	0.000000	921600.000000	13.733867	720.000000	1280.000000	2764800.000000	0.562500	0.575364	0.000000	0.022222	3.000000	2.061111	3.387746	3.643353	3.890253	4.406922	0.020248	0.064696	0.236065	0.422871	0.000000	0.025737	0.040322	0.057467	3.000000	12.000000	30.000000	70.000000	217.000000	0.000000	0.000000	0.000000	0.015873	0.000000	0.000000	0.000000	0.000000	0.000000	0.000000	0.000000	0.297622	0.903090	1.096366	0.004222	0.010411	0.013914	0.000000	0.000000	8.934630	0.432192
/mnt/v/output/codec-corpus-2026-05-01-multiaxis/wide-aspect/wide_031_portrait_9x16_720x1280.png	large	720	1280	5718.505371	0.186976	0.114153	0.007045	0.010295	0.455972	0.316389	49.428139	1.041245	1.238220	2604.000000	0.079468	0.003030	0.002500	0.000000	0.044180	0.033990	5.000000	0.175037	3.903915	16.670553	9.156463	0.133139	0.000000	0.000000	0.000000	0.000000	0.000000	80.000000	80.000000	0.000000	0.000000	1.000000	0.000000	8.000000	0.000000	0.007015	2.800184	1.791612	0.000000	0.000000	1.000000	1.000000	0.222546	0.565411	21.230932	0.164237	0.088050	0.018326	0.000000	921600.000000	13.733867	720.000000	1280.000000	2764800.000000	0.562500	0.575364	0.000000	0.022222	3.000000	3.410935	4.422700	4.843662	4.988759	5.122481	0.017621	0.349960	1.000000	1.000000	0.000000	0.078047	0.324188	0.642172	3.000000	17.000000	51.000000	133.000000	255.000000	0.000000	0.000000	0.047619	0.174603	0.000000	0.000000	0.000000	0.031746	0.000000	0.000000	0.000000	0.000000	0.000000	0.000000	0.000000	0.000000	0.000000	0.000000	0.000000	10.556928	0.587130
/mnt/v/output/codec-corpus-2026-05-01-multiaxis/wide-aspect/wide_005_landscape_16x9_1280x720.png	large	1280	720	1180.713745	0.018126	0.088255	0.003764	0.003428	0.708472	0.138194	37.347393	0.066500	1.731954	1969.000000	0.060089	0.001380	0.002300	2.000000	0.008210	0.011230	4.000000	0.084110	3.787853	3.903790	2.317784	0.001944	0.000000	0.000000	0.000000	0.000000	0.000000	80.000000	80.000000	0.000000	0.000000	1.000000	0.000000	8.000000	0.000000	0.049457	2.561285	0.911856	0.026946	0.012649	1.000000	1.000000	0.344995	0.019812	10.503923	0.003887	0.023216	0.004088	0.000000	921600.000000	13.733867	720.000000	1280.000000	2764800.000000	0.562500	0.575364	0.000000	0.022222	3.000000	2.528254	3.271943	3.801463	4.106089	4.526390	0.059584	0.132675	0.322868	0.601902	0.021891	0.040543	0.090460	0.169738	1.000000	4.000000	10.000000	37.000000	173.000000	0.000000	0.000000	0.000000	0.031746	0.000000	0.000000	0.000000	0.000000	0.000000	0.000000	0.000000	0.748914	1.188577	1.342114	0.009139	0.020846	0.026946	0.000000	0.000000	34.403305	0.779272
/mnt/v/output/codec-corpus-2026-05-01-multiaxis/wide-aspect/wide_013_landscape_16x9_1280x720.png	large	1280	720	3142.693604	0.025688	0.160921	0.002247	0.001466	0.772986	0.136528	68.507843	0.085656	1.862324	1582.000000	0.048279	0.000310	0.000270	0.000000	0.001200	0.001230	0.000000	0.070953	4.220441	4.256560	0.701652	0.000000	0.000000	0.000000	0.000000	0.000000	0.000000	80.000000	80.000000	0.000000	0.000000	1.000000	0.000000	8.000000	0.000000	0.210558	2.379807	0.943277	0.025484	0.000000	1.000000	1.000000	0.281827	0.461389	15.616703	0.001944	0.021025	0.001357	0.000000	921600.000000	13.733867	720.000000	1280.000000	2764800.000000	0.562500	0.575364	0.000000	0.022222	3.000000	2.077311	3.021286	3.809407	4.282367	4.873325	0.042656	0.077994	0.241965	0.624393	0.018018	0.028781	0.043663	0.069466	2.000000	4.000000	8.000000	41.000000	255.000000	0.000000	0.000000	0.000000	0.015873	0.000000	0.000000	0.000000	0.000000	0.000000	0.000000	0.000000	0.951216	1.253762	1.379928	0.013550	0.021707	0.025484	0.000000	0.000000	91.855644	0.729071
/mnt/v/output/codec-corpus-2026-05-01-multiaxis/wide-aspect/wide_024_portrait_9x16_720x1280.png	large	720	1280	1704.410156	0.006276	0.151916	0.002760	0.003765	0.767569	0.025417	81.119423	0.026795	2.152822	2357.000000	0.071930	0.000250	0.000220	0.000000	0.001920	0.001760	0.000000	0.064119	4.036406	3.095238	3.486881	0.000000	0.000000	0.000000	0.000000	0.000000	0.000000	80.000000	80.000000	0.000000	0.000000	1.000000	0.000000	8.000000	0.000000	0.000016	2.588218	0.690915	0.048379	0.028946	1.000000	1.000000	0.405248	0.144153	12.946728	0.008746	0.017462	0.006386	0.000000	921600.000000	13.733867	720.000000	1280.000000	2764800.000000	0.562500	0.575364	0.000000	0.022222	3.000000	2.559608	3.030846	3.493560	3.782504	4.339778	0.076356	0.143262	0.250225	0.424982	0.043252	0.073337	0.122086	0.215576	2.000000	4.000000	7.000000	19.000000	199.000000	0.000000	0.000000	0.015873	0.031746	0.000000	0.000000	0.000000	0.015873	0.000000	0.000000	0.000000	1.263859	1.543293	1.718995	0.027403	0.038513	0.048379	0.000000	0.000000	87.438988	0.846602
/mnt/v/output/codec-corpus-2026-05-01-multiaxis/wide-aspect/wide_016_landscape_16x9_1280x720.png	large	1280	720	3385.610107	0.145270	0.095448	0.008446	0.005565	0.335556	0.096458	38.789776	0.710330	0.996414	4245.000000	0.129547	0.002940	0.002840	0.000000	0.008510	0.009200	6.000000	0.107209	4.201859	21.633625	8.353742	0.013605	0.000000	0.000000	0.000000	0.000000	0.000000	80.000000	80.000000	0.000000	0.000000	1.000000	0.000000	8.000000	0.000000	0.091312	3.457874	1.277949	0.028025	0.017364	1.000000	1.000000	0.481050	0.563024	22.773514	0.014577	0.088266	0.016660	0.000000	921600.000000	13.733867	720.000000	1280.000000	2764800.000000	0.562500	0.575364	0.000000	0.022222	3.000000	3.737847	4.516170	4.932488	5.055958	5.188927	0.142077	0.555817	1.000000	1.000000	0.039602	0.108477	0.274219	0.518353	3.000000	11.000000	34.000000	120.000000	255.000000	0.000000	0.000000	0.063492	0.142857	0.000000	0.000000	0.000000	0.031746	0.000000	0.000000	0.000000	0.000000	1.141743	1.380212	0.000000	0.019807	0.028025	0.000000	0.000000	20.193796	0.810965
/mnt/v/output/codec-corpus-2026-05-01-multiaxis/wide-aspect/wide_012_landscape_16x9_1280x720.png	large	1280	720	3473.311523	0.161544	0.055782	0.003367	0.002525	0.448264	0.150208	34.362072	0.691685	1.160439	971.000000	0.029633	0.000500	0.000300	0.000000	0.002020	0.001290	1.000000	0.131909	4.397158	17.019436	2.289602	0.034014	0.000000	0.000000	0.000000	0.000000	0.000000	80.000000	80.000000	0.000000	0.000000	1.000000	0.000000	8.000000	0.000000	0.002462	3.180527	1.359919	0.028967	0.000000	1.000000	1.000000	0.348882	0.946532	19.989902	0.095238	0.074599	0.004551	0.000000	921600.000000	13.733867	720.000000	1280.000000	2764800.000000	0.562500	0.575364	0.000000	0.022222	3.000000	3.300945	4.363658	4.814823	5.024149	5.188522	0.089374	0.319035	1.000000	1.000000	0.023121	0.045028	0.091071	0.179393	4.000000	16.000000	37.000000	113.000000	255.000000	0.000000	0.000000	0.031746	0.126984	0.000000	0.000000	0.000000	0.000000	0.000000	0.000000	0.000000	0.000000	0.903091	1.210436	0.000000	0.020317	0.028967	0.000000	0.000000	18.972919	0.784194
/mnt/v/output/codec-corpus-2026-05-01-multiaxis/wide-aspect/wide_027_portrait_9x16_720x1280.png	large	720	1280	5110.302246	0.067315	0.133145	0.005811	0.005667	0.439653	0.045556	50.827076	0.127546	1.474240	7958.000000	0.242859	0.001210	0.001280	0.000000	0.009460	0.009320	10.000000	0.023151	4.561939	15.620992	7.840622	0.028183	0.000000	0.000000	0.000000	0.000000	0.000000	80.000000	80.000000	0.000000	0.000000	1.000000	0.000000	8.000000	0.000000	0.089827	3.209227	1.140128	0.042436	0.019842	1.000000	1.000000	0.662779	0.283270	17.245665	0.035957	0.045722	0.012757	0.000000	921600.000000	13.733867	720.000000	1280.000000	2764800.000000	0.562500	0.575364	0.000000	0.022222	3.000000	3.283439	4.086306	4.668725	4.888122	5.321772	0.117598	0.346201	0.878282	1.000000	0.038643	0.089060	0.197890	0.383350	3.000000	6.000000	12.000000	49.000000	255.000000	0.000000	0.015873	0.031746	0.063492	0.000000	0.000000	0.000000	0.015873	0.000000	0.000000	0.000000	0.000000	1.515210	1.767040	0.000000	0.025062	0.042436	0.000000	0.000000	50.378281	0.850210
/mnt/v/output/codec-corpus-2026-05-01-multiaxis/wide-aspect/wide_017_landscape_16x9_1280x720.png	large	1280	720	382.019196	0.055757	0.034459	0.003705	0.002398	0.684375	0.517431	13.850952	0.388317	1.751271	658.000000	0.020081	0.002170	0.001420	0.000000	0.005370	0.003700	1.000000	0.212179	2.031626	6.407191	1.765792	0.487852	0.000000	0.000000	0.000000	0.000000	0.000000	80.000000	80.000000	0.000000	0.000000	1.000000	0.000000	8.000000	0.000000	0.041714	1.622463	1.784227	0.000000	0.000000	1.000000	1.000000	0.178814	0.000713	25.387981	0.508260	0.037083	0.004088	0.000000	921600.000000	13.733867	720.000000	1280.000000	2764800.000000	0.562500	0.575364	0.000000	0.022222	3.000000	0.859403	3.417212	4.183351	4.586996	5.040788	0.000000	0.015091	0.388336	0.896047	0.000000	0.007846	0.080873	0.210680	0.000000	2.000000	13.000000	99.000000	255.000000	0.000000	0.000000	0.000000	0.047619	0.000000	0.000000	0.000000	0.000000	0.000000	0.000000	0.000000	0.000000	0.000000	0.000000	0.000000	0.000000	0.000000	0.000000	0.000000	54.969238	0.409223
/mnt/v/output/codec-corpus-2026-05-01-multiaxis/wide-aspect/wide_038_portrait_9x16_720x1280.png	large	720	1280	5269.547852	0.028271	0.113376	0.004591	0.004014	0.547778	0.138333	45.910412	0.102192	1.610891	3015.000000	0.092010	0.000710	0.000640	0.000000	0.003930	0.003780	5.000000	0.027908	4.232749	11.048591	5.072886	0.008746	0.000000	0.000000	0.000000	0.000000	0.000000	80.000000	80.000000	0.000000	0.000000	1.000000	0.000000	8.000000	0.000000	0.040616	2.911113	1.126256	0.030719	0.000000	1.000000	1.000000	0.573372	0.596331	21.811945	0.047619	0.031684	0.009579	0.000000	921600.000000	13.733867	720.000000	1280.000000	2764800.000000	0.562500	0.575364	0.000000	0.022222	3.000000	2.956619	3.768387	4.410658	4.714107	5.143982	0.074811	0.228960	0.609411	1.000000	0.022475	0.057084	0.158056	0.322467	2.000000	6.000000	11.000000	39.000000	255.000000	0.000000	0.000000	0.015873	0.047619	0.000000	0.000000	0.000000	0.015873	0.000000	0.000000	0.000000	0.467977	1.128317	1.388059	0.005826	0.020788	0.030719	0.000000	0.000000	92.105301	0.835574
/mnt/v/output/codec-corpus-2026-05-01-multiaxis/wide-aspect/wide_021_portrait_9x16_720x1280.png	large	720	1280	1601.045654	0.033078	0.183999	0.005229	0.002754	0.819444	0.067292	106.913094	0.261544	1.740053	1923.000000	0.058685	0.003920	0.003910	1.000000	0.009600	0.006180	5.000000	0.263882	3.150102	3.178814	3.189504	0.000000	0.000000	0.000000	0.000000	0.000000	0.000000	80.000000	80.000000	0.000000	0.000000	1.000000	0.000000	8.000000	0.000000	0.002263	2.248856	0.841098	0.024893	0.006974	1.000000	1.000000	0.078717	0.229167	23.215815	0.000000	0.016413	0.005353	0.000000	921600.000000	13.733867	720.000000	1280.000000	2764800.000000	0.562500	0.575364	0.000000	0.022222	3.000000	1.903683	2.232361	3.799046	4.237091	4.672677	0.030068	0.038345	0.072947	0.570322	0.013997	0.023436	0.044370	0.295475	3.000000	7.000000	13.000000	72.000000	255.000000	0.000000	0.000000	0.000000	0.000000	0.000000	0.000000	0.000000	0.000000	0.000000	0.000000	0.000000	1.350975	1.518514	1.627750	0.017465	0.022355	0.024893	0.000000	0.000000	82.374840	0.405501
/mnt/v/output/codec-corpus-2026-05-01-multiaxis/wide-aspect/wide_014_landscape_16x9_1280x720.png	large	1280	720	2612.411865	0.113178	0.252112	0.007755	0.008756	0.399028	0.038333	111.829323	0.909698	1.174669	2291.000000	0.069916	0.005850	0.006940	1.000000	0.045200	0.069900	9.000000	0.148536	4.057312	18.089407	17.232264	0.003887	0.000000	0.000000	0.000000	0.000000	0.000000	80.000000	80.000000	0.000000	0.000000	1.000000	0.000000	8.000000	0.000000	0.109251	3.401098	1.072597	0.042362	0.018072	1.000000	1.000000	0.463557	0.019672	30.628099	0.000000	0.063430	0.019591	0.000000	921600.000000	13.733867	720.000000	1280.000000	2764800.000000	0.562500	0.575364	0.000000	0.022222	3.000000	3.543750	4.288204	4.766553	4.985846	5.214849	0.117766	0.447945	1.000000	1.000000	0.035761	0.154613	0.499171	0.995220	5.000000	12.000000	30.000000	145.000000	255.000000	0.000000	0.000000	0.031746	0.079365	0.000000	0.000000	0.015873	0.031746	0.000000	0.000000	0.000000	1.128317	1.653213	1.885697	0.016682	0.031727	0.042362	0.000000	0.000000	29.640116	0.782657
/mnt/v/output/codec-corpus-2026-05-01-multiaxis/wide-aspect/wide_006_landscape_16x9_1280x720.png	large	1280	720	2334.700684	0.054306	0.110072	0.004987	0.003488	0.526667	0.025556	44.239029	0.217522	1.457272	5289.000000	0.161407	0.001160	0.002410	0.000000	0.003500	0.004030	2.000000	0.104510	4.276856	7.955297	5.157434	0.000000	0.000000	0.000000	0.000000	0.000000	0.000000	80.000000	80.000000	0.000000	0.000000	1.000000	0.000000	8.000000	0.000000	0.013666	3.084655	0.814813	0.073619	0.020217	1.000000	1.000000	0.228377	0.088078	12.797091	0.000000	0.038688	0.009641	0.000000	921600.000000	13.733867	720.000000	1280.000000	2764800.000000	0.562500	0.575364	0.000000	0.022222	3.000000	2.986653	3.670986	4.223830	4.488908	4.897268	0.111880	0.224412	0.512906	0.998348	0.028410	0.056073	0.179874	0.321163	5.000000	11.000000	21.000000	60.000000	254.000000	0.000000	0.000000	0.015873	0.063492	0.000000	0.000000	0.000000	0.015873	0.000000	0.000000	0.000000	1.189895	1.916124	2.221251	0.022555	0.050092	0.073619	0.000000	0.000000	16.539726	0.752462
/mnt/v/output/codec-corpus-2026-05-01-multiaxis/wide-aspect/wide_008_landscape_16x9_1280x720.png	large	1280	720	3559.480469	0.017742	0.070945	0.002072	0.002231	0.464097	0.230208	36.044006	0.120924	1.733815	1013.000000	0.030914	0.000220	0.000290	0.000000	0.001200	0.001800	0.000000	0.168301	4.149000	4.502429	1.329446	0.020408	0.000000	0.000000	0.000000	0.000000	0.000000	80.000000	80.000000	0.000000	0.000000	1.000000	0.000000	8.000000	0.000000	0.183298	2.767277	1.038308	0.022656	0.000000	1.000000	1.000000	0.164237	0.712537	10.543892	0.036929	0.031206	0.002036	0.000000	921600.000000	13.733867	720.000000	1280.000000	2764800.000000	0.562500	0.575364	0.000000	0.022222	3.000000	3.108263	3.441850	3.785895	3.984921	4.379165	0.121927	0.242715	0.383307	0.603433	0.027888	0.056775	0.083558	0.125350	4.000000	9.000000	16.000000	39.000000	255.000000	0.000000	0.000000	0.015873	0.047619	0.000000	0.000000	0.000000	0.000000	0.000000	0.000000	0.000000	0.000000	0.859398	1.157136	0.000000	0.014552	0.022656	0.000000	0.000000	34.526657	0.717662
/mnt/v/output/codec-corpus-2026-05-01-multiaxis/wide-aspect/wide_003_landscape_16x9_1280x720.png	large	1280	720	1960.340088	0.073866	0.264923	0.007212	0.007894	0.421319	0.002569	114.825439	0.185434	1.441840	10008.000000	0.305420	0.001160	0.001050	0.000000	0.008400	0.007740	1.000000	0.083709	4.167293	9.872692	10.564626	0.001944	0.000000	0.000000	0.000000	0.000000	0.000000	80.000000	80.000000	0.000000	0.000000	1.000000	0.000000	8.000000	0.000000	0.026404	3.266369	0.804994	0.089595	0.028523	1.000000	1.000000	0.481050	0.275375	11.941490	0.001944	0.053419	0.017817	0.000000	921600.000000	13.733867	720.000000	1280.000000	2764800.000000	0.562500	0.575364	0.000000	0.022222	3.000000	3.249061	3.902186	4.324526	4.549830	4.923969	0.154950	0.314169	0.671789	1.000000	0.050472	0.121005	0.289372	0.568233	3.000000	9.000000	21.000000	54.000000	185.000000	0.000000	0.015873	0.031746	0.079365	0.000000	0.000000	0.015873	0.031746	0.000000	0.000000	0.000000	1.544068	1.938816	2.199858	0.036437	0.059310	0.089595	0.000000	0.000000	11.824924	0.856451
/mnt/v/output/codec-corpus-2026-05-01-multiaxis/wide-aspect/wide_020_portrait_9x16_720x1280.png	large	720	1280	2349.522217	0.046759	0.077927	0.002102	0.001742	0.716875	0.104583	32.436806	0.260546	1.796662	1254.000000	0.038269	0.000240	0.000210	0.000000	0.001120	0.001010	0.000000	0.305471	3.339101	3.585034	0.943635	0.001944	0.000000	0.000000	0.000000	0.000000	0.000000	80.000000	80.000000	0.000000	0.000000	1.000000	0.000000	8.000000	0.000000	0.443764	2.549507	0.921912	0.031143	0.000000	1.000000	1.000000	0.104956	0.242848	16.209320	0.007775	0.028275	0.001759	0.000000	921600.000000	13.733867	720.000000	1280.000000	2764800.000000	0.562500	0.575364	0.000000	0.022222	3.000000	2.388168	3.181768	3.959524	4.197018	4.748548	0.049815	0.110358	0.268370	0.602605	0.018079	0.030226	0.051339	0.087255	2.000000	6.000000	16.000000	74.000000	255.000000	0.000000	0.000000	0.000000	0.031746	0.000000	0.000000	0.000000	0.000000	0.000000	0.000000	0.000000	1.031408	1.360543	1.477121	0.016660	0.026066	0.031143	0.000000	0.000000	53.309063	0.675466
/mnt/v/output/codec-corpus-2026-05-01-multiaxis/wide-aspect/wide_015_landscape_16x9_1280x720.png	large	1280	720	1414.193481	0.117494	0.107519	0.008437	0.007193	0.417361	0.024931	47.786835	0.558226	1.363875	5333.000000	0.162750	0.003710	0.003240	1.000000	0.021880	0.017730	15.000000	0.094647	3.538414	14.571428	8.081633	0.001944	0.000000	0.000000	0.000000	0.000000	0.000000	80.000000	80.000000	0.000000	0.000000	1.000000	0.000000	8.000000	0.000000	0.011340	3.300077	1.032875	0.046048	0.019797	1.000000	1.000000	0.408163	0.004337	22.310318	0.000000	0.061348	0.015040	0.000000	921600.000000	13.733867	720.000000	1280.000000	2764800.000000	0.562500	0.575364	0.000000	0.022222	3.000000	3.356118	4.128697	4.673402	4.892929	5.201253	0.120315	0.359641	0.878147	1.000000	0.043389	0.106213	0.207024	0.418036	5.000000	12.000000	30.000000	104.000000	255.000000	0.000000	0.000000	0.031746	0.095238	0.000000	0.000000	0.015873	0.015873	0.000000	0.000000	0.000000	1.301031	1.626950	1.853927	0.020226	0.031504	0.046048	0.000000	0.000000	25.503635	0.791352
/mnt/v/output/codec-corpus-2026-05-01-multiaxis/wide-aspect/wide_001_landscape_16x9_1280x720.png	large	1280	720	3460.690186	0.260197	0.175495	0.009191	0.005053	0.094722	0.001667	58.815800	2.100377	1.231578	6276.000000	0.191528	0.009260	0.015080	4.000000	0.013450	0.033600	8.000000	0.225185	4.539018	20.094267	8.263363	0.000000	0.000000	0.000000	0.000000	0.000000	0.000000	80.000000	80.000000	0.000000	0.000000	1.000000	0.000000	8.000000	0.000000	0.147281	3.809845	0.736493	0.119979	0.000000	1.000000	1.000000	0.107872	0.256803	27.791775	0.000000	0.079643	0.014207	0.000000	921600.000000	13.733867	720.000000	1280.000000	2764800.000000	0.562500	0.575364	0.000000	0.022222	3.000000	3.522045	4.363255	4.989195	5.174109	5.425629	0.158533	0.269995	1.000000	1.000000	0.019787	0.036044	0.190577	0.576072	21.000000	41.000000	69.000000	171.000000	255.000000	0.000000	0.000000	0.031746	0.126984	0.000000	0.000000	0.000000	0.015873	0.000000	1.000000	3.000000	2.393109	2.986709	3.104636	0.073192	0.102257	0.119979	0.000000	0.000000	9.285468	0.475828
/mnt/v/output/codec-corpus-2026-05-01-multiaxis/wide-aspect/wide_023_portrait_9x16_720x1280.png	large	720	1280	1915.460327	0.203828	0.031019	0.008691	0.004400	0.183264	0.001181	9.613096	0.495727	1.039214	573.000000	0.017487	0.002490	0.001980	0.000000	0.003970	0.003110	0.000000	0.071786	3.727383	23.289602	3.093294	0.001944	0.000000	0.000000	0.000000	0.000000	0.000000	80.000000	80.000000	0.000000	0.000000	1.000000	0.000000	8.000000	0.000000	0.467347	3.852104	0.907577	0.099218	0.020543	1.000000	1.000000	0.455782	0.046325	15.665021	0.000000	0.109892	0.006803	0.000000	921600.000000	13.733867	720.000000	1280.000000	2764800.000000	0.562500	0.575364	0.000000	0.022222	3.000000	4.003579	4.520804	4.953793	5.144733	5.265919	0.328385	0.757171	1.000000	1.000000	0.055887	0.114901	0.176048	0.228956	7.000000	18.000000	35.000000	85.000000	212.000000	0.000000	0.047619	0.111111	0.174603	0.000000	0.000000	0.000000	0.015873	0.000000	0.000000	1.000000	1.763311	1.957846	2.326048	0.046942	0.062745	0.099218	0.000000	0.000000	10.195116	0.848416
/mnt/v/output/codec-corpus-2026-05-01-multiaxis/wide-aspect/wide_045_ultrawide_21x9_1920x810.png	large	1920	810	547.332397	0.039591	0.020930	0.001905	0.001295	0.640809	0.111029	12.329529	0.139837	1.584849	687.000000	0.020966	0.000170	0.000140	0.000000	0.000580	0.000460	0.000000	0.163371	2.814912	3.796964	0.261860	0.003795	0.000000	0.000000	0.000000	0.000000	0.000000	80.000000	80.000000	0.000000	0.000000	1.000000	0.000000	8.000000	0.000000	0.002575	2.707372	0.919430	0.040122	0.000000	1.000000	1.000000	0.120493	0.142701	6.037040	0.008539	0.035918	0.000361	0.000000	1555200.000000	14.257114	810.000000	1920.000000	4665600.000000	0.421875	0.863046	0.007407	0.027160	3.000000	2.608525	3.529743	3.946697	4.090028	4.405005	0.069660	0.138823	0.414009	0.691957	0.014335	0.027621	0.040366	0.061567	3.000000	7.000000	16.000000	40.000000	123.000000	0.000000	0.000000	0.000000	0.063492	0.000000	0.000000	0.000000	0.000000	0.000000	0.000000	0.000000	0.676692	1.241484	1.565257	0.012395	0.028109	0.040122	0.000000	0.000000	12.489768	0.743336
/mnt/v/output/codec-corpus-2026-05-01-multiaxis/wide-aspect/wide_029_portrait_9x16_720x1280.png	large	720	1280	2642.143066	0.255910	0.133136	0.010757	0.006670	0.140069	0.008056	48.214504	0.948828	1.055508	5224.000000	0.159424	0.004600	0.005320	0.000000	0.012220	0.015570	7.000000	0.074255	4.390564	30.846453	10.256559	0.000000	0.000000	0.000000	0.000000	0.000000	0.000000	80.000000	80.000000	0.000000	0.000000	1.000000	0.000000	8.000000	0.000000	0.075545	4.025183	0.852641	0.192858	0.037026	1.000000	1.000000	0.573372	0.345383	19.069853	0.000000	0.107424	0.017863	0.000000	921600.000000	13.733867	720.000000	1280.000000	2764800.000000	0.562500	0.575364	0.000000	0.022222	3.000000	4.149423	4.673177	5.037508	5.177022	5.351768	0.402038	0.900588	1.000000	1.000000	0.080199	0.167188	0.321680	0.477526	9.000000	25.000000	50.000000	116.000000	255.000000	0.015873	0.047619	0.095238	0.158730	0.000000	0.000000	0.015873	0.031746	0.000000	0.000000	1.000000	1.613939	2.497427	2.821145	0.046876	0.130974	0.192858	0.000000	0.000000	9.029657	0.886286
/mnt/v/output/codec-corpus-2026-05-01-multiaxis/wide-aspect/wide_028_portrait_9x16_720x1280.png	large	720	1280	2875.235596	0.021707	0.182968	0.005798	0.004613	0.760417	0.073056	73.239143	0.159784	2.018517	3909.000000	0.119293	0.001260	0.001000	0.000000	0.005210	0.004760	1.000000	0.256403	3.925133	2.656949	4.138970	0.000000	0.000000	0.000000	0.000000	0.000000	0.000000	80.000000	80.000000	0.000000	0.000000	1.000000	0.000000	8.000000	0.000000	0.002560	2.642302	0.717307	0.033279	0.007021	1.000000	1.000000	0.092323	0.134581	10.254429	0.003887	0.016043	0.007759	0.000000	921600.000000	13.733867	720.000000	1280.000000	2764800.000000	0.562500	0.575364	0.000000	0.022222	3.000000	2.619208	3.023503	3.652124	3.956696	4.514383	0.062853	0.106223	0.215953	0.436400	0.033929	0.068433	0.130546	0.254308	4.000000	10.000000	19.000000	47.000000	255.000000	0.000000	0.000000	0.000000	0.015873	0.000000	0.000000	0.000000	0.015873	0.000000	0.000000	0.000000	1.299670	1.540955	1.663789	0.020332	0.026613	0.033279	0.000000	0.000000	33.806957	0.534531
/mnt/v/output/codec-corpus-2026-05-01-multiaxis/wide-aspect/wide_025_portrait_9x16_720x1280.png	large	720	1280	3487.882568	0.170632	0.044443	0.005386	0.003512	0.147778	0.000347	16.126911	0.709004	1.372308	1408.000000	0.042969	0.000670	0.000580	0.000000	0.002150	0.002160	0.000000	0.163107	4.162012	14.344995	2.794946	0.000000	0.000000	0.000000	0.000000	0.000000	0.000000	80.000000	80.000000	0.000000	0.000000	1.000000	0.000000	8.000000	0.000000	0.129813	3.724229	0.609100	0.181301	0.043970	1.000000	1.000000	0.199223	0.146916	13.017905	0.000000	0.081031	0.005600	0.000000	921600.000000	13.733867	720.000000	1280.000000	2764800.000000	0.562500	0.575364	0.000000	0.022222	3.000000	3.735198	4.162682	4.512724	4.679403	4.952391	0.284663	0.505919	0.886983	1.000000	0.064034	0.088049	0.123879	0.159452	11.000000	24.000000	42.000000	96.000000	255.000000	0.015873	0.031746	0.063492	0.126984	0.000000	0.000000	0.000000	0.015873	0.000000	0.000000	1.000000	2.194340	2.766122	2.945838	0.090332	0.147354	0.181301	0.000000	0.000000	9.577023	0.750383
/mnt/v/output/codec-corpus-2026-05-01-multiaxis/wide-aspect/wide_048_ultrawide_21x9_1920x810.png	large	1920	810	2451.267090	0.086495	0.085154	0.002910	0.002214	0.672601	0.496212	33.597683	0.267444	1.449373	1513.000000	0.046173	0.000510	0.000450	0.000000	0.002030	0.002040	0.000000	0.084899	3.917678	8.882353	1.918406	0.005693	0.000000	0.000000	0.000000	0.000000	0.000000	80.000000	80.000000	0.000000	0.000000	1.000000	0.000000	8.000000	0.000000	0.677285	2.332893	1.397126	0.014859	0.000000	1.000000	1.000000	0.249526	0.272696	11.230035	0.013283	0.041143	0.004985	0.000000	1555200.000000	14.257114	810.000000	1920.000000	4665600.000000	0.421875	0.863046	0.007407	0.027160	3.000000	1.569483	3.862525	4.512951	4.675426	4.906235	0.020902	0.033603	0.669540	1.000000	0.000000	0.012363	0.092920	0.199510	2.000000	5.000000	19.000000	64.000000	255.000000	0.000000	0.000000	0.000000	0.079365	0.000000	0.000000	0.000000	0.000000	0.000000	0.000000	0.000000	0.297623	0.859401	1.076913	0.003329	0.011114	0.014859	0.000000	0.000000	23.391634	0.602139
/mnt/v/output/codec-corpus-2026-05-01-multiaxis/wide-aspect/wide_004_landscape_16x9_1280x720.png	large	1280	720	3731.195801	0.325728	0.128885	0.013702	0.013047	0.039583	0.000000	51.393459	1.613429	0.936063	8638.000000	0.263611	0.005490	0.004790	1.000000	0.037900	0.031260	13.000000	0.106620	4.530527	41.500484	15.941691	0.001944	0.000000	0.000000	0.000000	0.000000	0.000000	80.000000	80.000000	0.000000	0.000000	1.000000	0.000000	8.000000	0.000000	0.034319	4.426352	0.632537	0.415608	0.068745	1.000000	1.000000	0.533528	0.517945	23.551876	0.000000	0.161507	0.032363	0.000000	921600.000000	13.733867	720.000000	1280.000000	2764800.000000	0.562500	0.575364	0.000000	0.022222	3.000000	4.553747	4.901308	5.141672	5.250257	5.354396	0.789245	1.000000	1.000000	1.000000	0.133630	0.273803	0.451862	0.655152	14.000000	33.000000	65.000000	151.000000	255.000000	0.047619	0.095238	0.158730	0.222222	0.000000	0.015873	0.031746	0.047619	0.000000	1.000000	2.000000	2.511193	3.207887	3.547582	0.116856	0.273230	0.415608	0.000000	0.031746	8.431243	0.864160
/mnt/v/output/codec-corpus-2026-05-01-multiaxis/wide-aspect/wide_019_landscape_16x9_1280x720.png	large	1280	720	2165.354492	0.279453	0.157634	0.009131	0.007034	0.059514	0.000069	59.790451	1.592558	1.103488	7462.000000	0.227722	0.006690	0.006990	2.000000	0.022310	0.023230	7.000000	0.180609	4.115492	22.582119	11.730806	0.000000	0.000000	0.000000	0.000000	0.000000	0.000000	80.000000	80.000000	0.000000	0.000000	1.000000	0.000000	8.000000	0.000000	0.054766	4.023025	0.602446	0.213833	0.024586	1.000000	1.000000	0.190476	0.554319	18.369576	0.000000	0.100683	0.017061	0.000000	921600.000000	13.733867	720.000000	1280.000000	2764800.000000	0.562500	0.575364	0.000000	0.022222	3.000000	3.968223	4.489016	4.842838	4.991119	5.163243	0.353553	0.646324	1.000000	1.000000	0.037928	0.077988	0.228348	0.702414	21.000000	40.000000	65.000000	131.000000	255.000000	0.015873	0.047619	0.079365	0.142857	0.000000	0.000000	0.000000	0.031746	0.000000	1.000000	3.000000	2.622150	3.029073	3.276333	0.079025	0.159337	0.213833	0.000000	0.000000	6.020600	0.678286
/mnt/v/output/codec-corpus-2026-05-01-multiaxis/wide-aspect/wide_022_portrait_9x16_720x1280.png	large	720	1280	3688.492676	0.237566	0.176881	0.017245	0.008249	0.442153	0.000556	62.588783	2.328877	1.167516	11440.000000	0.349121	0.019250	0.018760	3.000000	0.024300	0.025570	6.000000	0.385325	4.611692	19.753159	13.143829	0.000000	0.000000	0.000000	0.000000	0.000000	0.000000	80.000000	80.000000	0.000000	0.000000	1.000000	0.000000	8.000000	0.000000	0.007202	3.410607	1.090885	0.057521	0.009672	1.000000	1.000000	0.098154	0.124414	29.710896	0.000000	0.107486	0.025499	0.000000	921600.000000	13.733867	720.000000	1280.000000	2764800.000000	0.562500	0.575364	0.000000	0.022222	3.000000	3.330008	4.449430	4.875573	5.084572	5.365703	0.078504	0.323719	1.000000	1.000000	0.032806	0.112623	0.393172	0.837312	8.000000	27.000000	72.000000	208.000000	255.000000	0.000000	0.000000	0.031746	0.206349	0.000000	0.000000	0.000000	0.047619	0.000000	0.000000	1.000000	1.847804	2.037426	2.116441	0.039327	0.049083	0.057521	0.000000	0.000000	9.858659	0.627090
/mnt/v/output/codec-corpus-2026-05-01-multiaxis/wide-aspect/wide_053_ultrawide_21x9_1920x810.png	large	1920	810	1838.047241	0.101098	0.018104	0.000984	0.000534	0.765319	0.763235	5.778676	5.292879	0.992206	136.000000	0.004150	0.002290	0.002270	5.000000	0.003400	0.003360	8.000000	0.273250	1.415300	29.873814	0.470588	0.790323	0.000000	0.000000	0.000000	8.000000	1.000000	80.000000	80.000000	0.000000	0.000000	1.000000	0.000000	8.000000	0.000000	0.961253	1.289917	2.209601	0.000000	0.000000	1.000000	1.000000	0.030361	0.000000	58.443062	0.807400	0.086308	0.000858	0.000000	1555200.000000	14.257114	810.000000	1920.000000	4665600.000000	0.421875	0.863046	0.007407	0.027160	3.000000	0.000000	3.488683	5.427145	5.552794	5.618961	0.000000	0.000000	0.358573	1.000000	0.000000	0.000000	0.004318	0.043232	0.000000	0.000000	66.000000	255.000000	255.000000	0.000000	0.000000	0.000000	0.063492	0.000000	0.000000	0.000000	0.000000	0.000000	0.000000	0.000000	0.000000	0.000000	0.000000	0.000000	0.000000	0.000000	0.000000	0.000000	8.665116	0.195898
/mnt/v/output/codec-corpus-2026-05-01-multiaxis/wide-aspect/wide_036_portrait_9x16_720x1280.png	large	720	1280	3638.317627	0.011863	0.065775	0.001083	0.001026	0.731389	0.119375	32.626873	0.055757	1.854929	1582.000000	0.048279	0.000100	0.000090	0.000000	0.000520	0.000500	0.000000	0.107059	4.385201	3.276968	0.611273	0.001944	0.000000	0.000000	0.000000	0.000000	0.000000	80.000000	80.000000	0.000000	0.000000	1.000000	0.000000	8.000000	0.000000	0.091442	2.593614	0.779159	0.042342	0.000000	1.000000	1.000000	0.381924	0.663234	7.931517	0.033042	0.018758	0.001018	0.000000	921600.000000	13.733867	720.000000	1280.000000	2764800.000000	0.562500	0.575364	0.000000	0.022222	3.000000	2.630428	3.106993	3.569074	3.863561	4.363112	0.075948	0.150284	0.271087	0.463297	0.007846	0.026948	0.039303	0.068391	2.000000	4.000000	10.000000	31.000000	193.000000	0.000000	0.000000	0.015873	0.031746	0.000000	0.000000	0.000000	0.000000	0.000000	0.000000	0.000000	0.748911	1.301030	1.586695	0.012999	0.028595	0.042342	0.000000	0.000000	36.115364	0.815415
/mnt/v/output/codec-corpus-2026-05-01-multiaxis/wide-aspect/wide_032_portrait_9x16_720x1280.png	large	720	1280	2915.260742	0.223196	0.227219	0.009325	0.008704	0.282500	0.081181	76.462639	1.537504	1.393697	4397.000000	0.134186	0.003690	0.003280	1.000000	0.028980	0.024560	4.000000	0.364896	4.427877	13.397473	5.350826	0.025267	0.000000	0.000000	0.000000	0.000000	0.000000	80.000000	80.000000	0.000000	0.000000	1.000000	0.000000	8.000000	0.000000	0.005363	3.414963	1.087948	0.083345	0.016825	1.000000	1.000000	0.135083	0.488687	18.772509	0.037901	0.081432	0.011353	0.000000	921600.000000	13.733867	720.000000	1280.000000	2764800.000000	0.562500	0.575364	0.000000	0.022222	3.000000	3.540375	4.155116	4.602841	4.835596	5.153092	0.185222	0.391545	0.760083	1.000000	0.042871	0.109987	0.211326	0.302670	11.000000	30.000000	62.000000	153.000000	255.000000	0.000000	0.015873	0.047619	0.126984	0.000000	0.000000	0.000000	0.015873	0.000000	0.000000	0.000000	0.000000	0.903090	2.197238	0.000000	0.016698	0.083345	0.000000	0.000000	9.551918	0.624341
/mnt/v/output/codec-corpus-2026-05-01-multiaxis/wide-aspect/wide_034_portrait_9x16_720x1280.png	large	720	1280	2935.298828	0.430339	0.122030	0.019511	0.005932	0.058681	0.001250	45.342518	2.711308	0.964625	4059.000000	0.123871	0.015120	0.024890	2.000000	0.006660	0.009370	0.000000	0.352536	4.496332	26.745384	11.849368	0.000000	0.000000	0.000000	0.000000	0.000000	0.000000	80.000000	80.000000	0.000000	0.000000	1.000000	0.000000	8.000000	0.000000	0.026718	4.202297	0.590685	0.328658	0.028126	1.000000	1.000000	0.191448	0.037300	19.874905	0.002915	0.173446	0.028723	0.000000	921600.000000	13.733867	720.000000	1280.000000	2764800.000000	0.562500	0.575364	0.000000	0.022222	3.000000	4.352035	4.606521	4.831021	4.932854	5.129009	0.596050	0.984926	1.000000	1.000000	0.100446	0.246514	0.424418	0.604612	21.000000	50.000000	88.000000	177.000000	255.000000	0.031746	0.095238	0.190476	0.253968	0.000000	0.000000	0.015873	0.047619	0.000000	1.000000	2.000000	2.460687	3.007294	3.327959	0.131618	0.236476	0.328658	0.000000	0.015873	4.457308	0.734656
/mnt/v/output/codec-corpus-2026-05-01-multiaxis/wide-aspect/wide_052_ultrawide_21x9_1920x810.png	large	1920	810	3476.606934	0.114340	0.057772	0.007846	0.007502	0.365196	0.013603	25.255634	0.495466	1.144394	3059.000000	0.093353	0.001500	0.000420	0.000000	0.010670	0.002080	1.000000	0.054765	4.376167	17.235294	5.022770	0.001898	0.000000	0.000000	0.000000	0.000000	0.000000	80.000000	80.000000	0.000000	0.000000	1.000000	0.000000	8.000000	0.000000	0.039323	3.354923	1.072003	0.054376	0.031514	1.000000	1.000000	0.556926	0.465769	24.777458	0.001898	0.072679	0.010482	0.000000	1555200.000000	14.257114	810.000000	1920.000000	4665600.000000	0.421875	0.863046	0.007407	0.027160	3.000000	3.416285	4.040947	4.901284	5.238697	5.419413	0.137587	0.393546	0.802333	1.000000	0.051862	0.093715	0.170466	0.298631	3.000000	10.000000	25.000000	88.000000	242.000000	0.000000	0.000000	0.047619	0.111111	0.000000	0.000000	0.000000	0.015873	0.000000	0.000000	0.000000	1.396853	1.632045	1.798910	0.029426	0.042613	0.054376	0.000000	0.000000	18.370478	0.872309
/mnt/v/output/codec-corpus-2026-05-01-multiaxis/wide-aspect/wide_010_landscape_16x9_1280x720.png	large	1280	720	2319.604248	0.111291	0.120238	0.003229	0.003991	0.367500	0.000208	48.840752	0.607348	1.312463	3189.000000	0.097321	0.000690	0.000510	0.000000	0.007280	0.004610	8.000000	0.174345	3.877940	12.543246	2.544218	0.000000	0.000000	0.000000	0.000000	0.000000	0.000000	80.000000	80.000000	0.000000	0.000000	1.000000	0.000000	8.000000	0.000000	0.038138	3.411869	0.820722	0.098174	0.015441	1.000000	1.000000	0.283771	0.338077	20.973209	0.000000	0.070341	0.005306	0.000000	921600.000000	13.733867	720.000000	1280.000000	2764800.000000	0.562500	0.575364	0.000000	0.022222	3.000000	3.352170	4.072773	4.564636	4.801955	5.076005	0.161294	0.346542	0.838166	1.000000	0.026822	0.045785	0.095303	0.219135	5.000000	13.000000	28.000000	112.000000	255.000000	0.000000	0.015873	0.047619	0.111111	0.000000	0.000000	0.000000	0.000000	0.000000	0.000000	1.000000	2.014874	2.183981	2.334328	0.064194	0.081130	0.098174	0.000000	0.000000	32.600365	0.806682
/mnt/v/output/codec-corpus-2026-05-01-multiaxis/wide-aspect/wide_046_ultrawide_21x9_1920x810.png	large	1920	810	4875.131836	0.015620	0.107926	0.005120	0.005225	0.749632	0.220466	45.477924	0.072170	1.837060	3742.000000	0.114197	0.000810	0.000680	0.000000	0.007100	0.005570	1.000000	0.092001	4.077485	3.683112	2.902277	0.013283	0.000000	0.000000	0.000000	0.000000	0.000000	80.000000	80.000000	0.000000	0.000000	1.000000	0.000000	8.000000	0.000000	0.181863	2.362295	1.005979	0.024976	0.014130	1.000000	1.000000	0.244782	0.379971	8.469005	0.036053	0.020647	0.006159	0.000000	1555200.000000	14.257114	810.000000	1920.000000	4665600.000000	0.421875	0.863046	0.007407	0.027160	3.000000	2.389360	3.104295	3.686407	4.073081	4.593513	0.036626	0.110563	0.271118	0.530723	0.027543	0.063488	0.143463	0.230976	1.000000	4.000000	9.000000	32.000000	162.000000	0.000000	0.000000	0.000000	0.031746	0.000000	0.000000	0.000000	0.015873	0.000000	0.000000	0.000000	0.000000	1.031408	1.196849	0.000000	0.020437	0.024976	0.000000	0.000000	33.585106	0.748458
/mnt/v/output/codec-corpus-2026-05-01-multiaxis/wide-aspect/wide_037_portrait_9x16_720x1280.png	large	720	1280	2864.072754	0.102440	0.084502	0.006573	0.003081	0.521319	0.081944	28.002535	0.344892	1.376038	2120.000000	0.064697	0.002720	0.003740	0.000000	0.003450	0.005100	1.000000	0.266753	4.411615	6.879495	3.218659	0.000000	0.000000	0.000000	0.000000	0.000000	0.000000	80.000000	80.000000	0.000000	0.000000	1.000000	0.000000	8.000000	0.000000	0.029372	2.959511	1.009519	0.041831	0.011187	1.000000	1.000000	0.318756	0.068389	10.904416	0.009718	0.055394	0.007003	0.000000	921600.000000	13.733867	720.000000	1280.000000	2764800.000000	0.562500	0.575364	0.000000	0.022222	3.000000	3.025914	3.876041	4.229656	4.387977	4.574941	0.082684	0.239678	0.598733	0.916826	0.034228	0.077585	0.162062	0.247984	2.000000	11.000000	29.000000	76.000000	255.000000	0.000000	0.000000	0.015873	0.095238	0.000000	0.000000	0.000000	0.015873	0.000000	0.000000	0.000000	0.941233	1.356982	1.544068	0.018207	0.031843	0.041831	0.000000	0.000000	14.358747	0.806138
/mnt/v/output/codec-corpus-2026-05-01-multiaxis/wide-aspect/wide_039_portrait_9x16_720x1280.png	large	720	1280	6314.450684	0.177719	0.118933	0.006431	0.006903	0.372153	0.095347	48.603943	0.911549	1.115005	8635.000000	0.263519	0.001650	0.001590	1.000000	0.011380	0.015020	2.000000	0.095192	4.452690	21.992226	8.964043	0.003887	0.000000	0.000000	0.000000	0.000000	0.000000	80.000000	80.000000	0.000000	0.000000	1.000000	0.000000	8.000000	0.000000	0.010359	3.418992	1.278293	0.041200	0.016172	1.000000	1.000000	0.388727	0.286918	23.862345	0.025267	0.086476	0.015133	0.000000	921600.000000	13.733867	720.000000	1280.000000	2764800.000000	0.562500	0.575364	0.000000	0.022222	3.000000	3.616566	4.508111	5.028687	5.166800	5.351370	0.101121	0.446057	1.000000	1.000000	0.034083	0.098560	0.225466	0.475200	5.000000	19.000000	47.000000	122.000000	255.000000	0.000000	0.000000	0.063492	0.158730	0.000000	0.000000	0.000000	0.031746	0.000000	0.000000	0.000000	0.676697	1.220357	1.540956	0.013261	0.027864	0.041200	0.000000	0.000000	12.058434	0.791717
/mnt/v/output/codec-corpus-2026-05-01-multiaxis/wide-aspect/wide_018_landscape_16x9_1280x720.png	large	1280	720	6543.669922	0.322930	0.110764	0.011624	0.009112	0.220556	0.025069	39.471287	3.510116	1.109491	5259.000000	0.160492	0.007550	0.007700	1.000000	0.024580	0.024680	8.000000	0.303122	4.626273	30.002916	6.266278	0.017493	0.000000	0.000000	0.000000	0.000000	0.000000	80.000000	80.000000	0.000000	0.000000	1.000000	0.000000	8.000000	0.000000	0.031668	3.781332	1.210771	0.052176	0.040436	1.000000	1.000000	0.137026	0.149225	33.553448	0.019436	0.146498	0.012664	0.000000	921600.000000	13.733867	720.000000	1280.000000	2764800.000000	0.562500	0.575364	0.000000	0.022222	3.000000	4.051967	4.651704	5.113594	5.335888	5.531407	0.237935	0.639239	1.000000	1.000000	0.064292	0.104842	0.223224	0.382454	14.000000	43.000000	92.000000	237.000000	255.000000	0.000000	0.015873	0.126984	0.238095	0.000000	0.000000	0.000000	0.015873	0.000000	0.000000	0.000000	0.000000	1.469592	1.901646	0.000000	0.031475	0.052176	0.000000	0.000000	6.330001	0.618525
/mnt/v/output/codec-corpus-2026-05-01-multiaxis/wide-aspect/wide_050_ultrawide_21x9_1920x810.png	large	1920	810	2783.969482	0.009293	0.089130	0.002199	0.001739	0.811490	0.003030	37.431847	0.069329	1.859963	1409.000000	0.042999	0.000240	0.000300	0.000000	0.000990	0.001210	0.000000	0.144310	4.021754	2.380455	0.491461	0.000000	0.000000	0.000000	0.000000	0.000000	0.000000	80.000000	80.000000	0.000000	0.000000	1.000000	0.000000	8.000000	0.000000	0.361912	2.449143	0.670434	0.040960	0.015918	1.000000	1.000000	0.175522	0.404003	10.460317	0.001898	0.013433	0.000783	0.000000	1555200.000000	14.257114	810.000000	1920.000000	4665600.000000	0.421875	0.863046	0.007407	0.027160	3.000000	2.197927	2.929475	3.416547	3.732394	4.277541	0.050266	0.082472	0.208244	0.389327	0.027767	0.037206	0.052717	0.074462	3.000000	5.000000	8.000000	29.000000	205.000000	0.000000	0.000000	0.000000	0.015873	0.000000	0.000000	0.000000	0.000000	0.000000	0.000000	0.000000	1.595909	1.722222	1.787881	0.030243	0.036948	0.040960	0.000000	0.000000	76.556511	0.661680
/mnt/v/output/codec-corpus-2026-05-01-multiaxis/wide-aspect/wide_049_ultrawide_21x9_1920x810.png	large	1920	810	5072.462891	0.008225	0.087479	0.002549	0.002251	0.656127	0.075735	39.546318	0.039839	1.710992	2454.000000	0.074890	0.000210	0.000170	0.000000	0.001120	0.000830	0.000000	0.047715	4.197209	4.522770	1.381404	0.023719	0.000000	0.000000	0.000000	0.000000	0.000000	80.000000	80.000000	0.000000	0.000000	1.000000	0.000000	8.000000	0.000000	0.030773	2.705164	0.882923	0.040289	0.007951	1.000000	1.000000	0.555977	0.326790	6.417608	0.071157	0.024020	0.002876	0.000000	1555200.000000	14.257114	810.000000	1920.000000	4665600.000000	0.421875	0.863046	0.007407	0.027160	3.000000	2.778694	3.279464	3.737678	4.079072	4.508563	0.099021	0.186045	0.333242	0.588522	0.022993	0.035845	0.064506	0.122244	1.000000	4.000000	8.000000	22.000000	105.000000	0.000000	0.000000	0.015873	0.031746	0.000000	0.000000	0.000000	0.000000	0.000000	0.000000	0.000000	0.000000	1.157137	1.540762	0.000000	0.025246	0.040289	0.000000	0.000000	23.591465	0.851933
/mnt/v/output/codec-corpus-2026-05-01-multiaxis/wide-aspect/wide_035_portrait_9x16_720x1280.png	large	720	1280	4247.012695	0.100084	0.110015	0.003591	0.003705	0.286667	0.021875	41.697220	0.603191	1.854030	3261.000000	0.099518	0.000620	0.000770	0.000000	0.004080	0.004120	1.000000	0.208909	4.593665	8.859086	2.067055	0.007775	0.000000	0.000000	0.000000	0.000000	0.000000	80.000000	80.000000	0.000000	0.000000	1.000000	0.000000	8.000000	0.000000	0.066337	3.350302	0.756405	0.092509	0.018331	1.000000	1.000000	0.096210	0.500483	12.154881	0.007775	0.044179	0.003764	0.000000	921600.000000	13.733867	720.000000	1280.000000	2764800.000000	0.562500	0.575364	0.000000	0.022222	3.000000	3.320302	3.754807	4.240872	4.533900	4.905779	0.169420	0.279220	0.529374	0.995724	0.032811	0.055204	0.097190	0.162957	12.000000	24.000000	39.000000	81.000000	255.000000	0.000000	0.000000	0.031746	0.063492	0.000000	0.000000	0.000000	0.000000	0.000000	0.000000	1.000000	0.586512	2.082560	2.741102	0.008874	0.055296	0.092509	0.000000	0.000000	9.109548	0.595804
/mnt/v/output/codec-corpus-2026-05-01-multiaxis/wide-aspect/wide_011_landscape_16x9_1280x720.png	large	1280	720	4152.020508	0.287643	0.117212	0.007740	0.006813	0.176736	0.000000	50.263313	2.802426	1.035084	6327.000000	0.193085	0.003020	0.002760	2.000000	0.019850	0.014070	8.000000	0.245016	4.528088	28.550049	6.929057	0.001944	0.000000	0.000000	0.000000	0.000000	0.000000	80.000000	80.000000	0.000000	0.000000	1.000000	0.000000	8.000000	0.000000	0.007684	4.007067	0.778483	0.134917	0.017114	1.000000	1.000000	0.137998	0.407131	29.442947	0.000000	0.122403	0.012233	0.000000	921600.000000	13.733867	720.000000	1280.000000	2764800.000000	0.562500	0.575364	0.000000	0.022222	3.000000	4.063112	4.671059	5.056022	5.194444	5.344010	0.228219	0.749327	1.000000	1.000000	0.039211	0.088761	0.175109	0.329123	19.000000	40.000000	86.000000	202.000000	255.000000	0.000000	0.015873	0.095238	0.190476	0.000000	0.000000	0.000000	0.015873	0.000000	1.000000	3.000000	2.774836	2.883937	2.954114	0.094681	0.115414	0.134917	0.000000	0.000000	6.920261	0.648423
/mnt/v/output/codec-corpus-2026-05-01-multiaxis/wide-aspect/wide_030_portrait_9x16_720x1280.png	large	720	1280	3178.734619	0.661480	0.147936	0.069886	0.028748	0.000000	0.000000	78.185158	3.944019	0.639759	1886.000000	0.057556	0.139660	0.155950	3.000000	0.152310	0.168120	6.000000	0.129797	4.390604	69.422737	46.100098	0.000000	0.000000	0.000000	0.000000	0.000000	0.000000	80.000000	80.000000	0.000000	0.000000	1.000000	0.000000	8.000000	0.000000	0.007706	4.939735	0.314910	1.000000	0.591271	1.000000	1.000000	0.387755	0.508009	26.116825	0.000000	0.272587	0.097737	0.000000	921600.000000	13.733867	720.000000	1280.000000	2764800.000000	0.562500	0.575364	0.000000	0.022222	3.000000	4.987222	5.198184	5.319905	5.375800	5.436152	1.000000	1.000000	1.000000	1.000000	0.697221	0.870252	1.000000	1.000000	37.000000	69.000000	106.000000	182.000000	255.000000	0.206349	0.238095	0.269841	0.301587	0.063492	0.079365	0.095238	0.111111	0.000000	3.000000	6.000000	4.141755	4.371510	4.482937	0.776962	1.000000	1.000000	0.126984	0.174603	2.025360	0.847333
/mnt/v/output/codec-corpus-2026-05-01-multiaxis/wide-aspect/wide_041_ultrawide_21x9_1920x810.png	large	1920	810	3819.042480	0.154456	0.222391	0.007107	0.008896	0.467647	0.185907	87.545990	1.953497	1.140677	12744.000000	0.388916	0.003070	0.005920	1.000000	0.029170	0.057720	9.000000	0.150584	4.387157	22.514231	16.774193	0.063567	0.000000	0.000000	0.000000	0.000000	0.000000	80.000000	80.000000	0.000000	0.000000	1.000000	0.000000	8.000000	0.000000	0.032161	3.083957	1.594482	0.019662	0.000000	1.000000	1.000000	0.367173	0.214888	32.606827	0.094877	0.083898	0.022996	0.000000	1555200.000000	14.257114	810.000000	1920.000000	4665600.000000	0.421875	0.863046	0.007407	0.027160	3.000000	3.320717	4.520646	5.048102	5.210599	5.381095	0.052240	0.339127	1.000000	1.000000	0.026971	0.108496	0.418957	0.932138	2.000000	13.000000	57.000000	170.000000	255.000000	0.000000	0.000000	0.047619	0.142857	0.000000	0.000000	0.000000	0.047619	0.000000	0.000000	0.000000	0.000000	0.000000	0.954243	0.000000	0.000000	0.019662	0.000000	0.000000	11.569915	0.750785
/mnt/v/output/codec-corpus-2026-05-01-multiaxis/wide-aspect/wide_056_ultrawide_21x9_1920x810.png	large	1920	810	1966.926147	0.067473	0.118455	0.007287	0.006962	0.475368	0.015931	50.654453	0.417971	1.562253	11956.000000	0.364868	0.008510	0.009580	10.000000	0.026460	0.032830	16.000000	0.108457	3.789903	9.545541	8.399430	0.000000	0.000000	0.000000	0.000000	0.000000	0.000000	80.000000	80.000000	0.000000	0.000000	1.000000	0.000000	8.000000	0.000000	0.009503	3.217305	0.834711	0.057250	0.026508	1.000000	1.000000	0.236243	0.023985	16.605389	0.001898	0.046535	0.016084	0.000000	1555200.000000	14.257114	810.000000	1920.000000	4665600.000000	0.421875	0.863046	0.007407	0.027160	3.000000	3.115423	3.790351	4.373150	4.660723	5.039723	0.110071	0.244008	0.594465	1.000000	0.049556	0.108759	0.228402	0.457684	7.000000	14.000000	25.000000	70.000000	255.000000	0.000000	0.000000	0.031746	0.063492	0.000000	0.000000	0.000000	0.031746	0.000000	0.000000	1.000000	1.356983	1.803521	2.160571	0.025020	0.041489	0.057250	0.000000	0.000000	26.185907	0.672244
/mnt/v/output/codec-corpus-2026-05-01-multiaxis/wide-aspect/wide_033_portrait_9x16_720x1280.png	large	720	1280	2209.870605	0.248277	0.128037	0.012239	0.017351	0.089722	0.000000	65.049751	1.653252	1.034818	1917.000000	0.058502	0.006550	0.007530	0.000000	0.088490	0.101380	8.000000	0.117302	3.644324	24.033041	11.721088	0.004859	0.000000	0.000000	0.000000	0.000000	0.000000	80.000000	80.000000	0.000000	0.000000	1.000000	0.000000	8.000000	0.000000	0.000750	3.881892	0.783480	0.138359	0.029648	1.000000	1.000000	0.206997	0.000077	24.884657	0.000000	0.088667	0.022645	0.000000	921600.000000	13.733867	720.000000	1280.000000	2764800.000000	0.562500	0.575364	0.000000	0.022222	3.000000	3.584776	4.550591	5.171391	5.274792	5.415228	0.190785	0.299586	1.000000	1.000000	0.094695	0.151897	0.412833	0.715702	19.000000	38.000000	65.000000	142.000000	255.000000	0.000000	0.000000	0.047619	0.158730	0.000000	0.000000	0.000000	0.047619	0.000000	1.000000	3.000000	2.620136	2.911282	3.051707	0.083746	0.116047	0.138359	0.000000	0.000000	7.328271	0.531899
/mnt/v/output/codec-corpus-2026-05-01-multiaxis/wide-aspect/wide_040_ultrawide_21x9_1920x810.png	large	1920	810	4613.499023	0.159550	0.015629	0.000423	0.000324	0.514828	0.137010	5.503359	1.955315	1.310127	380.000000	0.011597	0.000030	0.000030	0.000000	0.000150	0.000120	0.000000	0.300330	3.985267	16.552181	0.053131	0.053131	0.000000	0.000000	0.000000	0.000000	0.000000	80.000000	80.000000	0.000000	0.000000	1.000000	0.000000	8.000000	0.000000	0.780405	3.138412	1.334169	0.035814	0.000000	1.000000	1.000000	0.203036	0.000000	30.788553	0.068311	0.083747	0.000090	0.000000	1555200.000000	14.257114	810.000000	1920.000000	4665600.000000	0.421875	0.863046	0.007407	0.027160	3.000000	3.080784	4.245784	4.872817	5.134175	5.345993	0.091289	0.206080	0.966128	1.000000	0.000000	0.000000	0.015943	0.027840	5.000000	17.000000	46.000000	183.000000	255.000000	0.000000	0.000000	0.015873	0.142857	0.000000	0.000000	0.000000	0.000000	0.000000	0.000000	0.000000	0.000000	0.000000	1.414977	0.000000	0.000000	0.035814	0.000000	0.000000	17.725357	0.648446
/mnt/v/output/codec-corpus-2026-05-01-multiaxis/wide-aspect/wide_047_ultrawide_21x9_1920x810.png	large	1920	810	2638.165771	0.909061	0.000000	0.000000	0.000000	0.000000	0.000000	0.000000	13.355308	0.536037	32.000000	0.000977	0.000000	0.000000	0.000000	0.000000	0.000000	0.000000	0.204441	4.472831	70.792221	0.000000	0.000000	0.000000	0.000000	0.000000	8.000000	1.000000	80.000000	80.000000	0.000000	0.000000	1.000000	0.000000	8.000000	0.000000	1.000000	5.005660	0.145673	1.000000	0.000000	1.000000	1.000000	0.066414	0.000000	29.843224	0.005693	0.322295	0.000000	1.000000	1555200.000000	14.257114	810.000000	1920.000000	4665600.000000	0.421875	0.863046	0.007407	0.027160	3.000000	5.019473	5.109527	5.183551	5.236781	5.289194	1.000000	1.000000	1.000000	1.000000	0.000000	0.000000	0.000000	0.000000	69.000000	117.000000	170.000000	255.000000	255.000000	0.269841	0.285714	0.317460	0.349206	0.000000	0.000000	0.000000	0.000000	1.000000	7.000000	13.000000	4.625999	4.754874	4.805859	1.000000	1.000000	1.000000	0.206349	0.238095	0.252836	0.828931
/mnt/v/output/codec-corpus-2026-05-01-multiaxis/wide-aspect/wide_043_ultrawide_21x9_1920x810.png	large	1920	810	2592.944824	0.134678	0.098106	0.006821	0.007066	0.267677	0.069823	39.470650	0.512978	1.241145	4101.000000	0.125153	0.001030	0.000970	0.000000	0.006880	0.006010	1.000000	0.054159	4.056732	22.601519	9.765655	0.039848	0.000000	0.000000	0.000000	0.000000	0.000000	80.000000	80.000000	0.000000	0.000000	1.000000	0.000000	8.000000	0.000000	0.046137	3.561822	1.253665	0.052334	0.022454	1.000000	1.000000	0.745731	0.347627	18.492302	0.070209	0.081007	0.019984	0.000000	1555200.000000	14.257114	810.000000	1920.000000	4665600.000000	0.421875	0.863046	0.007407	0.027160	3.000000	3.869561	4.514441	4.838862	5.020531	5.275629	0.252528	0.675281	1.000000	1.000000	0.059811	0.158156	0.325431	0.500867	3.000000	10.000000	25.000000	88.000000	255.000000	0.000000	0.031746	0.063492	0.126984	0.000000	0.000000	0.015873	0.031746	0.000000	0.000000	0.000000	0.000000	1.004724	1.708505	0.000000	0.021356	0.052334	0.000000	0.000000	31.362543	0.888251
/mnt/v/output/codec-corpus-2026-05-01-multiaxis/wide-aspect/wide_042_ultrawide_21x9_1920x810.png	large	1920	810	3595.080322	0.074470	0.258736	0.011171	0.007416	0.384191	0.016544	103.150276	0.298714	1.420969	12101.000000	0.369293	0.007330	0.004060	1.000000	0.013350	0.010560	8.000000	0.048286	4.593943	14.257115	14.603415	0.005693	0.000000	0.000000	0.000000	0.000000	0.000000	80.000000	80.000000	0.000000	0.000000	1.000000	0.000000	8.000000	0.000000	0.034657	3.329356	0.920823	0.080260	0.031699	1.000000	1.000000	0.684061	0.349680	14.966710	0.034156	0.046580	0.020496	0.000000	1555200.000000	14.257114	810.000000	1920.000000	4665600.000000	0.421875	0.863046	0.007407	0.027160	3.000000	3.288441	4.034693	4.619331	4.743149	5.028708	0.173137	0.344841	0.796024	1.000000	0.061820	0.122875	0.247636	0.691190	3.000000	7.000000	19.000000	66.000000	255.000000	0.000000	0.015873	0.031746	0.063492	0.000000	0.000000	0.015873	0.031746	0.000000	0.000000	0.000000	1.096366	1.792392	2.096910	0.017872	0.050460	0.080260	0.000000	0.000000	24.779615	0.895042
/mnt/v/output/codec-corpus-2026-05-01-multiaxis/wide-aspect/wide_051_ultrawide_21x9_1920x810.png	large	1920	810	3498.723145	0.180772	0.322064	0.017079	0.016023	0.423284	0.000000	121.022896	0.778321	1.087223	17402.000000	0.531067	0.008520	0.004140	1.000000	0.050120	0.025660	6.000000	0.058614	4.241702	23.769449	21.298861	0.003795	0.000000	0.000000	0.000000	0.000000	0.000000	80.000000	80.000000	0.000000	0.000000	1.000000	0.000000	8.000000	0.000000	0.031159	3.627697	1.058715	0.076929	0.030087	1.000000	1.000000	0.366224	0.089474	21.100584	0.000000	0.086413	0.034005	0.000000	1555200.000000	14.257114	810.000000	1920.000000	4665600.000000	0.421875	0.863046	0.007407	0.027160	3.000000	3.629968	4.621395	5.052451	5.248407	5.396950	0.128024	0.472819	1.000000	1.000000	0.052115	0.234894	0.605305	1.000000	7.000000	17.000000	37.000000	98.000000	255.000000	0.000000	0.000000	0.063492	0.158730	0.000000	0.000000	0.031746	0.063492	0.000000	0.000000	1.000000	1.956349	2.122011	2.237418	0.052385	0.066753	0.076929	0.000000	0.000000	13.354690	0.758190
/mnt/v/output/codec-corpus-2026-05-01-multiaxis/wide-aspect/wide_059_ultrawide_21x9_1920x810.png	large	1920	810	3836.067139	0.029640	0.264083	0.004979	0.004277	0.621078	0.022794	96.200157	0.131340	1.549670	3462.000000	0.105652	0.000730	0.000440	0.000000	0.003210	0.001830	0.000000	0.172919	4.372258	4.149905	3.371917	0.000000	0.000000	0.000000	0.000000	0.000000	0.000000	80.000000	80.000000	0.000000	0.000000	1.000000	0.000000	8.000000	0.000000	0.000349	2.834186	0.755240	0.048051	0.025585	1.000000	1.000000	0.278937	0.521563	7.834239	0.003795	0.028900	0.006235	0.000000	1555200.000000	14.257114	810.000000	1920.000000	4665600.000000	0.421875	0.863046	0.007407	0.027160	3.000000	2.858800	3.374886	3.823514	4.095273	4.384676	0.100124	0.186721	0.356936	0.615197	0.036831	0.058512	0.111171	0.190220	3.000000	7.000000	14.000000	42.000000	217.000000	0.000000	0.000000	0.015873	0.047619	0.000000	0.000000	0.000000	0.015873	0.000000	0.000000	0.000000	1.331174	1.568200	1.738384	0.026006	0.037990	0.048051	0.000000	0.000000	23.725790	0.784108
/mnt/v/output/codec-corpus-2026-05-01-multiaxis/wide-aspect/wide_055_ultrawide_21x9_1920x810.png	large	1920	810	5824.661133	0.163214	0.187485	0.012328	0.005236	0.568182	0.014899	76.355377	1.591226	1.337476	7205.000000	0.219879	0.017150	0.015690	3.000000	0.011170	0.010180	4.000000	0.216740	4.712398	15.303605	7.172676	0.000000	0.000000	0.000000	0.000000	0.000000	0.000000	80.000000	80.000000	0.000000	0.000000	1.000000	0.000000	8.000000	0.000000	0.034365	3.166433	1.063558	0.050037	0.004995	1.000000	1.000000	0.078748	0.368209	25.970297	0.000000	0.073281	0.015903	0.000000	1555200.000000	14.257114	810.000000	1920.000000	4665600.000000	0.421875	0.863046	0.007407	0.027160	3.000000	2.551983	4.229115	4.721704	5.020222	5.431899	0.062443	0.109449	0.856388	1.000000	0.023564	0.050818	0.265289	0.513722	7.000000	17.000000	49.000000	150.000000	255.000000	0.000000	0.000000	0.000000	0.142857	0.000000	0.000000	0.000000	0.031746	0.000000	0.000000	1.000000	1.485855	2.096910	2.184691	0.024231	0.042149	0.050037	0.000000	0.000000	15.508343	0.530369
/mnt/v/output/codec-corpus-2026-05-01-multiaxis/wide-aspect/wide_057_ultrawide_21x9_1920x810.png	large	1920	810	2208.741943	0.048123	0.079229	0.004079	0.004217	0.601515	0.019066	32.578732	0.453056	1.711094	1867.000000	0.056976	0.000810	0.001070	0.000000	0.006780	0.009310	3.000000	0.351009	4.017517	5.398482	1.828273	0.003795	0.000000	0.000000	0.000000	0.000000	0.000000	80.000000	80.000000	0.000000	0.000000	1.000000	0.000000	8.000000	0.000000	0.165984	2.869608	0.802409	0.056946	0.021402	1.000000	1.000000	0.449715	0.524787	20.795301	0.004744	0.036701	0.004202	0.000000	1555200.000000	14.257114	810.000000	1920.000000	4665600.000000	0.421875	0.863046	0.007407	0.027160	3.000000	2.810138	3.438896	3.959982	4.231858	4.740111	0.099147	0.191702	0.392724	0.671016	0.032395	0.055379	0.099963	0.186640	3.000000	6.000000	14.000000	91.000000	255.000000	0.000000	0.000000	0.015873	0.047619	0.000000	0.000000	0.000000	0.000000	0.000000	0.000000	0.000000	1.334644	1.651851	1.898915	0.025764	0.042039	0.056946	0.000000	0.000000	57.907291	0.827308
/mnt/v/output/codec-corpus-2026-05-01-multiaxis/wide-aspect/wide_054_ultrawide_21x9_1920x810.png	large	1920	810	3263.507812	0.230384	0.334527	0.023296	0.013105	0.114951	0.000245	149.622833	1.340173	1.213940	7726.000000	0.235779	0.020000	0.017650	3.000000	0.033430	0.044090	10.000000	0.137944	4.481831	22.549335	25.866224	0.003795	0.000000	0.000000	0.000000	0.000000	0.000000	80.000000	80.000000	0.000000	0.000000	1.000000	0.000000	8.000000	0.000000	0.000141	3.973863	0.690555	0.248497	0.107131	1.000000	1.000000	0.551233	0.007899	17.266121	0.005693	0.113912	0.041399	0.000000	1555200.000000	14.257114	810.000000	1920.000000	4665600.000000	0.421875	0.863046	0.007407	0.027160	3.000000	4.053150	4.453905	4.813237	4.940320	5.186440	0.443011	0.719062	1.000000	1.000000	0.179210	0.284490	0.499627	0.817824	7.000000	25.000000	54.000000	121.000000	255.000000	0.031746	0.047619	0.095238	0.174603	0.000000	0.015873	0.031746	0.063492	0.000000	0.000000	0.000000	2.089022	2.638099	3.025453	0.084472	0.160810	0.248497	0.000000	0.015873	8.141669	0.841512
/mnt/v/output/codec-corpus-2026-05-01-multiaxis/wide-aspect/wide_058_ultrawide_21x9_1920x810.png	large	1920	810	1827.581543	0.066954	0.047845	0.005610	0.004820	0.052146	0.000126	28.364246	0.302964	1.173671	1416.000000	0.043213	0.000540	0.000540	0.000000	0.002530	0.002210	0.000000	0.141123	4.146059	10.900379	3.418406	0.000000	0.000000	0.000000	0.000000	0.000000	0.000000	80.000000	80.000000	0.000000	0.000000	1.000000	0.000000	8.000000	0.000000	0.005502	3.678398	0.402237	0.265982	0.059655	1.000000	1.000000	0.286528	0.918065	6.185937	0.000000	0.073416	0.006626	0.000000	1555200.000000	14.257114	810.000000	1920.000000	4665600.000000	0.421875	0.863046	0.007407	0.027160	3.000000	3.671264	3.939369	4.204950	4.351476	4.639381	0.354632	0.509808	0.709088	0.959738	0.078354	0.101095	0.133866	0.166964	9.000000	16.000000	24.000000	47.000000	118.000000	0.031746	0.047619	0.063492	0.095238	0.000000	0.000000	0.000000	0.015873	0.000000	0.000000	1.000000	2.646266	3.054511	3.203305	0.140730	0.218017	0.265982	0.000000	0.015873	5.090171	0.825010
/mnt/v/output/codec-corpus-2026-05-01-multiaxis/wide-aspect/wide_044_ultrawide_21x9_1920x810.png	large	1920	810	4662.273926	0.282172	0.228792	0.016245	0.013519	0.381005	0.001716	76.555855	5.038896	1.046229	14098.000000	0.430237	0.013070	0.018130	3.000000	0.064500	0.058960	12.000000	0.309116	4.494676	28.121443	16.802656	0.000000	0.000000	0.000000	0.000000	0.000000	0.000000	80.000000	80.000000	0.000000	0.000000	1.000000	0.000000	8.000000	0.000000	0.040635	3.681175	1.152080	0.067384	0.050896	1.000000	1.000000	0.118596	0.234528	37.518063	0.000000	0.115192	0.027017	0.000000	1555200.000000	14.257114	810.000000	1920.000000	4665600.000000	0.421875	0.863046	0.007407	0.027160	3.000000	3.712890	4.773852	5.148802	5.275259	5.455504	0.120929	0.490375	1.000000	1.000000	0.088453	0.175845	0.430747	0.795498	9.000000	39.000000	106.000000	245.000000	255.000000	0.000000	0.000000	0.063492	0.206349	0.000000	0.000000	0.015873	0.047619	0.000000	0.000000	1.000000	1.784327	1.972838	2.119699	0.037647	0.051342	0.067384	0.000000	0.000000	4.917377	0.660408
