image_path	size_class	width	height	feat_variance	feat_edge_density	feat_chroma_complexity	feat_cb_sharpness	feat_cr_sharpness	feat_uniformity	feat_flat_color_block_ratio	feat_colourfulness	feat_laplacian_variance	feat_variance_spread	feat_distinct_color_bins	feat_palette_density	feat_cb_horiz_sharpness	feat_cb_vert_sharpness	feat_cb_peak_sharpness	feat_cr_horiz_sharpness	feat_cr_vert_sharpness	feat_cr_peak_sharpness	feat_high_freq_energy_ratio	feat_luma_histogram_entropy	feat_dct_compressibility_y	feat_dct_compressibility_uv	feat_patch_fraction	feat_alpha_present	feat_alpha_used_fraction	feat_alpha_bimodal_score	feat_indexed_palette_width	feat_palette_fits_in_256	feat_peak_luminance_nits	feat_p99_luminance_nits	feat_hdr_headroom_stops	feat_hdr_pixel_fraction	feat_wide_gamut_peak	feat_wide_gamut_fraction	feat_effective_bit_depth	feat_hdr_present	feat_grayscale_score	feat_aq_map_mean	feat_aq_map_std	feat_noise_floor_y	feat_noise_floor_uv	feat_gamut_coverage_srgb	feat_gamut_coverage_p3	feat_gradient_fraction	feat_skin_tone_fraction	feat_edge_slope_stdev	feat_patch_fraction_fast	feat_quant_survival_y	feat_quant_survival_uv	feat_is_grayscale	feat_pixel_count	feat_log_pixels	feat_min_dim	feat_max_dim	feat_bitmap_bytes	feat_aspect_min_over_max	feat_log_aspect_abs	feat_block_misalignment_8	feat_block_misalignment_32	feat_channel_count	feat_aq_map_p50	feat_aq_map_p75	feat_aq_map_p90	feat_aq_map_p95	feat_aq_map_p99	feat_noise_floor_y_p25	feat_noise_floor_y_p50	feat_noise_floor_y_p75	feat_noise_floor_y_p90	feat_noise_floor_uv_p25	feat_noise_floor_uv_p50	feat_noise_floor_uv_p75	feat_noise_floor_uv_p90	feat_laplacian_variance_p50	feat_laplacian_variance_p75	feat_laplacian_variance_p90	feat_laplacian_variance_p99	feat_laplacian_variance_peak	feat_quant_survival_y_p10	feat_quant_survival_y_p25	feat_quant_survival_y_p50	feat_quant_survival_y_p75	feat_quant_survival_uv_p10	feat_quant_survival_uv_p25	feat_quant_survival_uv_p50	feat_quant_survival_uv_p75	feat_laplacian_variance_p1	feat_laplacian_variance_p5	feat_laplacian_variance_p10	feat_aq_map_p1	feat_aq_map_p5	feat_aq_map_p10	feat_noise_floor_y_p1	feat_noise_floor_y_p5	feat_noise_floor_y_p10	feat_quant_survival_y_p1	feat_quant_survival_y_p5	feat_luma_kurtosis	feat_gradient_fraction_smooth
/home/lilith/work/codec-eval/codec-corpus/CID22/CID22-512/training/1428647.png	large	512	512	6410.391602	0.084995	0.109450	0.006878	0.005018	0.508789	0.129639	37.538788	0.258522	1.318966	3513.000000	0.107208	0.004630	0.005540	2.000000	0.010720	0.013880	6.000000	0.065227	4.364254	17.602539	4.291016	0.000000	0.000000	0.000000	0.000000	0.000000	0.000000	80.000000	80.000000	0.000000	0.000000	1.000000	0.000000	8.000000	0.000000	0.046829	3.004979	1.289854	0.029451	0.019084	1.000000	1.000000	0.460938	0.211147	33.384056	0.024414	0.053571	0.008557	0.000000	262144.000000	12.476649	512.000000	512.000000	786432.000000	1.000000	0.000000	0.000000	0.000000	3.000000	2.979064	3.966264	4.846016	5.258578	5.512084	0.057634	0.236390	0.735144	1.000000	0.026503	0.050027	0.128442	0.272971	2.000000	6.000000	19.000000	110.000000	255.000000	0.000000	0.000000	0.015873	0.079365	0.000000	0.000000	0.000000	0.015873	0.000000	0.000000	0.000000	0.767852	1.189894	1.311420	0.012350	0.024202	0.029451	0.000000	0.000000	40.497948	0.818802
/home/lilith/work/codec-eval/codec-corpus/CID22/CID22-512/training/3616956.png	large	512	512	2164.354736	0.079369	0.244935	0.009927	0.006244	0.567139	0.394043	88.936989	0.196227	1.406070	5252.000000	0.160278	0.010860	0.013210	4.000000	0.025510	0.032680	7.000000	0.096442	3.897020	11.248047	9.976562	0.001953	0.000000	0.000000	0.000000	0.000000	0.000000	80.000000	80.000000	0.000000	0.000000	1.000000	0.000000	8.000000	0.000000	0.000175	2.668895	1.358302	0.015479	0.012560	1.000000	1.000000	0.262695	0.393162	18.451069	0.000000	0.043775	0.016555	0.000000	262144.000000	12.476649	512.000000	512.000000	786432.000000	1.000000	0.000000	0.000000	0.000000	3.000000	2.608910	3.890155	4.586693	4.817914	5.018946	0.020274	0.148846	0.679642	1.000000	0.015916	0.050466	0.258564	0.572941	2.000000	8.000000	24.000000	86.000000	255.000000	0.000000	0.000000	0.000000	0.063492	0.000000	0.000000	0.000000	0.031746	0.000000	0.000000	0.000000	0.903093	1.121703	1.189893	0.009634	0.013397	0.015479	0.000000	0.000000	30.768810	0.627724
/home/lilith/work/codec-eval/codec-corpus/CID22/CID22-512/training/1277396.png	large	512	512	2345.953125	0.077263	0.114242	0.004322	0.002957	0.502686	0.042480	46.233105	0.222605	1.571995	2161.000000	0.065948	0.001970	0.002640	1.000000	0.004550	0.004610	2.000000	0.147756	3.865650	10.095703	2.652344	0.000000	0.000000	0.000000	0.000000	0.000000	0.000000	80.000000	80.000000	0.000000	0.000000	1.000000	0.000000	8.000000	0.000000	0.052654	3.020066	1.011288	0.048172	0.013196	1.000000	1.000000	0.535156	0.053730	23.761358	0.002930	0.054517	0.005131	0.000000	262144.000000	12.476649	512.000000	512.000000	786432.000000	1.000000	0.000000	0.000000	0.000000	3.000000	3.072520	3.748478	4.337975	4.707382	5.210299	0.087135	0.270712	0.562172	1.000000	0.024450	0.038250	0.076502	0.207262	2.000000	6.000000	21.000000	98.000000	255.000000	0.000000	0.000000	0.031746	0.079365	0.000000	0.000000	0.000000	0.000000	0.000000	0.000000	0.000000	1.255272	1.497449	1.676550	0.023334	0.036928	0.048172	0.000000	0.000000	34.548923	0.862234
/home/lilith/work/codec-eval/codec-corpus/CID22/CID22-512/training/2208891.png	large	512	512	5584.284668	0.213537	0.089082	0.011246	0.009729	0.239746	0.039062	40.068459	0.637898	1.036775	3109.000000	0.094879	0.008960	0.004920	1.000000	0.039980	0.027580	8.000000	0.050422	4.525043	44.656250	10.323242	0.009766	0.000000	0.000000	0.000000	0.000000	0.000000	80.000000	80.000000	0.000000	0.000000	1.000000	0.000000	8.000000	0.000000	0.165356	4.244842	0.925804	0.183522	0.042642	1.000000	1.000000	0.640625	0.657448	29.662149	0.026367	0.102570	0.018028	0.000000	262144.000000	12.476649	512.000000	512.000000	786432.000000	1.000000	0.000000	0.000000	0.000000	3.000000	4.380942	4.974515	5.360873	5.491300	5.573463	0.535657	1.000000	1.000000	1.000000	0.094856	0.177577	0.284709	0.470653	8.000000	23.000000	51.000000	139.000000	255.000000	0.015873	0.047619	0.079365	0.142857	0.000000	0.000000	0.015873	0.031746	0.000000	0.000000	0.000000	1.907142	2.450033	2.914575	0.057649	0.110979	0.183522	0.000000	0.000000	15.332430	0.889183
/home/lilith/work/codec-eval/codec-corpus/CID22/CID22-512/training/144200.png	large	512	512	1466.148315	0.038120	0.113257	0.005328	0.003620	0.761230	0.307861	37.936352	0.108554	1.661461	2428.000000	0.074097	0.002280	0.002710	1.000000	0.007170	0.011140	3.000000	0.116858	2.731795	5.744141	3.975586	0.001953	0.000000	0.000000	0.000000	0.000000	0.000000	80.000000	80.000000	0.000000	0.000000	1.000000	0.000000	8.000000	0.000000	0.010860	2.153195	1.157957	0.017877	0.018319	1.000000	1.000000	0.190430	0.497471	23.669771	0.004883	0.023717	0.005921	0.000000	262144.000000	12.476649	512.000000	512.000000	786432.000000	1.000000	0.000000	0.000000	0.000000	3.000000	1.582452	3.060485	3.932420	4.453404	5.151550	0.022552	0.043938	0.227698	0.715365	0.023729	0.031927	0.081835	0.288039	1.000000	3.000000	12.000000	68.000000	255.000000	0.000000	0.000000	0.000000	0.015873	0.000000	0.000000	0.000000	0.000000	0.000000	0.000000	0.000000	0.881350	1.030780	1.121704	0.010826	0.015355	0.017877	0.000000	0.000000	62.674240	0.637143
/home/lilith/work/codec-eval/codec-corpus/CID22/CID22-512/training/2290070.png	large	512	512	4609.125488	0.098579	0.056775	0.005970	0.003549	0.603271	0.115234	22.458300	0.512621	1.273788	2144.000000	0.065430	0.004040	0.003520	2.000000	0.010470	0.010890	6.000000	0.078559	3.860113	21.204102	2.441406	0.001953	0.000000	0.000000	0.000000	0.000000	0.000000	80.000000	80.000000	0.000000	0.000000	1.000000	0.000000	8.000000	0.000000	0.437130	2.926671	1.358587	0.028896	0.010380	1.000000	1.000000	0.386719	0.398018	39.903446	0.002930	0.059431	0.005084	0.000000	262144.000000	12.476649	512.000000	512.000000	786432.000000	1.000000	0.000000	0.000000	0.000000	3.000000	2.593546	4.076820	5.133098	5.428275	5.649590	0.046854	0.149322	0.825425	1.000000	0.021677	0.039293	0.104128	0.227626	2.000000	5.000000	29.000000	154.000000	255.000000	0.000000	0.000000	0.015873	0.095238	0.000000	0.000000	0.000000	0.000000	0.000000	0.000000	0.000000	1.129830	1.331173	1.452695	0.017071	0.024759	0.028896	0.000000	0.000000	22.034128	0.776247
/home/lilith/work/codec-eval/codec-corpus/CID22/CID22-512/training/1938351.png	large	512	512	1055.702515	0.023146	0.079084	0.004339	0.008213	0.684570	0.000000	63.669857	0.058646	1.631624	956.000000	0.029175	0.000900	0.001320	0.000000	0.022960	0.035910	7.000000	0.184941	3.577624	3.797852	3.902344	0.000000	0.000000	0.000000	0.000000	0.000000	0.000000	80.000000	80.000000	0.000000	0.000000	1.000000	0.000000	8.000000	0.000000	0.000389	2.802208	0.650367	0.056954	0.038205	1.000000	1.000000	0.196289	0.000000	10.556231	0.000000	0.024864	0.008417	0.000000	262144.000000	12.476649	512.000000	512.000000	786432.000000	1.000000	0.000000	0.000000	0.000000	3.000000	2.674632	3.223999	3.802593	4.035079	4.449801	0.077588	0.146920	0.305240	0.602842	0.047876	0.070229	0.132287	0.304994	4.000000	8.000000	13.000000	41.000000	245.000000	0.000000	0.000000	0.015873	0.031746	0.000000	0.000000	0.000000	0.015873	0.000000	0.000000	0.000000	1.928140	2.028368	2.091172	0.038130	0.049086	0.056954	0.000000	0.000000	69.552597	0.686358
/home/lilith/work/codec-eval/codec-corpus/CID22/CID22-512/training/1029604.png	large	512	512	3625.239258	0.178048	0.054186	0.006691	0.006794	0.086426	0.000000	21.848373	0.375044	1.151763	1276.000000	0.038940	0.001900	0.001810	0.000000	0.013030	0.012750	2.000000	0.081085	4.490302	26.599609	3.516602	0.007812	0.000000	0.000000	0.000000	0.000000	0.000000	80.000000	80.000000	0.000000	0.000000	1.000000	0.000000	8.000000	0.000000	0.126904	4.025284	0.700461	0.247641	0.040782	1.000000	1.000000	0.496094	0.055229	21.239622	0.000000	0.103237	0.007983	0.000000	262144.000000	12.476649	512.000000	512.000000	786432.000000	1.000000	0.000000	0.000000	0.000000	3.000000	4.044901	4.521174	4.947853	5.137572	5.417614	0.444856	0.787475	1.000000	1.000000	0.062847	0.103009	0.162104	0.228239	9.000000	20.000000	39.000000	104.000000	255.000000	0.015873	0.047619	0.079365	0.158730	0.000000	0.000000	0.000000	0.015873	0.000000	0.000000	1.000000	2.236633	2.830258	3.106865	0.089053	0.182124	0.247641	0.000000	0.015873	15.199321	0.859020
/home/lilith/work/codec-eval/codec-corpus/CID22/CID22-512/training/110472.png	large	512	512	4546.775879	0.068643	0.277548	0.013923	0.009387	0.488037	0.017578	103.108307	0.138836	1.545280	12317.000000	0.375885	0.021340	0.015930	8.000000	0.040260	0.033400	29.000000	0.064558	4.533952	12.447266	21.619141	0.007812	0.000000	0.000000	0.000000	0.000000	0.000000	80.000000	80.000000	0.000000	0.000000	1.000000	0.000000	8.000000	0.000000	0.006077	3.156858	0.970758	0.067459	0.046210	1.000000	1.000000	0.672852	0.190075	19.221731	0.042969	0.049262	0.029405	0.000000	262144.000000	12.476649	512.000000	512.000000	786432.000000	1.000000	0.000000	0.000000	0.000000	3.000000	3.073713	3.881980	4.517156	4.800577	5.201947	0.132507	0.255966	0.671562	1.000000	0.079028	0.154989	0.368392	0.780629	2.000000	5.000000	16.000000	75.000000	255.000000	0.000000	0.015873	0.031746	0.063492	0.000000	0.000000	0.015873	0.047619	0.000000	0.000000	0.000000	1.226842	1.566549	1.917769	0.023917	0.040103	0.067459	0.000000	0.000000	53.753834	0.892914
/home/lilith/work/codec-eval/codec-corpus/CID22/CID22-512/training/33162.png	large	512	512	5229.671875	0.298272	0.149971	0.019706	0.014459	0.179443	0.005615	62.528923	1.087241	1.129585	7740.000000	0.236206	0.015400	0.012160	2.000000	0.062880	0.052370	11.000000	0.167315	4.631639	31.765625	17.128906	0.001953	0.000000	0.000000	0.000000	0.000000	0.000000	80.000000	80.000000	0.000000	0.000000	1.000000	0.000000	8.000000	0.000000	0.041275	4.001903	0.979927	0.124152	0.055829	1.000000	1.000000	0.344727	0.523975	27.449560	0.005859	0.136424	0.034862	0.000000	262144.000000	12.476649	512.000000	512.000000	786432.000000	1.000000	0.000000	0.000000	0.000000	3.000000	4.196252	4.798258	5.107505	5.228259	5.437905	0.366644	0.882317	1.000000	1.000000	0.108524	0.234493	0.459489	0.722769	10.000000	32.000000	70.000000	184.000000	255.000000	0.000000	0.031746	0.126984	0.206349	0.000000	0.000000	0.031746	0.047619	0.000000	0.000000	1.000000	1.524235	2.123034	2.464988	0.035553	0.076083	0.124152	0.000000	0.000000	9.095092	0.801603
/home/lilith/work/codec-eval/codec-corpus/CID22/CID22-512/training/1910225.png	large	512	512	2278.460938	0.031430	0.223043	0.009737	0.010613	0.640869	0.232910	89.374741	0.051420	1.552751	6269.000000	0.191315	0.016930	0.009090	5.000000	0.070300	0.039490	17.000000	0.082637	3.928227	6.072266	15.830078	0.005859	0.000000	0.000000	0.000000	0.000000	0.000000	80.000000	80.000000	0.000000	0.000000	1.000000	0.000000	8.000000	0.000000	0.001320	2.486495	1.129984	0.018917	0.016587	1.000000	1.000000	0.442383	0.010990	13.822284	0.022461	0.027204	0.021763	0.000000	262144.000000	12.476649	512.000000	512.000000	786432.000000	1.000000	0.000000	0.000000	0.000000	3.000000	2.392889	3.475251	4.029424	4.354298	4.662729	0.028667	0.122559	0.426124	0.801584	0.029925	0.122958	0.366857	0.758475	1.000000	3.000000	9.000000	50.000000	187.000000	0.000000	0.000000	0.015873	0.047619	0.000000	0.000000	0.015873	0.031746	0.000000	0.000000	0.000000	0.676694	1.038921	1.174279	0.008675	0.014900	0.018917	0.000000	0.000000	45.380104	0.756468
/home/lilith/work/codec-eval/codec-corpus/CID22/CID22-512/training/2020432.png	large	512	512	2543.384766	0.007054	0.134576	0.002724	0.002843	0.909180	0.027344	56.047638	0.016122	2.267786	1392.000000	0.042480	0.000690	0.000530	0.000000	0.005400	0.004510	5.000000	0.083488	4.278468	1.537109	0.888672	0.000000	0.000000	0.000000	0.000000	0.000000	0.000000	80.000000	80.000000	0.000000	0.000000	1.000000	0.000000	8.000000	0.000000	0.001740	2.326450	0.569629	0.048812	0.019647	1.000000	1.000000	0.482422	0.184055	14.878378	0.002930	0.011269	0.001349	0.000000	262144.000000	12.476649	512.000000	512.000000	786432.000000	1.000000	0.000000	0.000000	0.000000	3.000000	2.271224	2.620250	3.012725	3.351107	4.185719	0.069456	0.104159	0.157198	0.246267	0.026537	0.038633	0.059902	0.096098	1.000000	2.000000	4.000000	20.000000	146.000000	0.000000	0.000000	0.000000	0.015873	0.000000	0.000000	0.000000	0.000000	0.000000	0.000000	0.000000	1.144184	1.555548	1.690196	0.022813	0.040570	0.048812	0.000000	0.000000	170.834030	0.864352
/home/lilith/work/codec-eval/codec-corpus/CID22/CID22-512/training/2693212.png	large	512	512	1960.337158	0.245109	0.134251	0.011189	0.017939	0.200928	0.000000	66.417679	0.904617	1.005542	1342.000000	0.040955	0.007560	0.009480	0.000000	0.117940	0.153870	12.000000	0.233085	4.168190	20.549805	17.349609	0.000000	0.000000	0.000000	0.000000	0.000000	0.000000	80.000000	80.000000	0.000000	0.000000	1.000000	0.000000	8.000000	0.000000	0.001560	3.845292	0.837492	0.097410	0.026606	1.000000	1.000000	0.259766	0.000305	20.212433	0.000000	0.101950	0.034536	0.000000	262144.000000	12.476649	512.000000	512.000000	786432.000000	1.000000	0.000000	0.000000	0.000000	3.000000	4.071025	4.513684	4.778665	4.882655	5.050291	0.285852	0.746805	1.000000	1.000000	0.106990	0.313244	0.555034	0.847686	11.000000	30.000000	66.000000	161.000000	255.000000	0.000000	0.031746	0.095238	0.158730	0.000000	0.000000	0.031746	0.063492	0.000000	0.000000	1.000000	2.127105	2.274987	2.456271	0.046787	0.066851	0.097410	0.000000	0.000000	9.035000	0.732302
/home/lilith/work/codec-eval/codec-corpus/CID22/CID22-512/training/5617414.png	large	512	512	2617.395508	0.156789	0.044476	0.004514	0.005103	0.401611	0.092041	16.595276	0.492385	1.250130	2256.000000	0.068848	0.002290	0.001480	1.000000	0.022650	0.021950	19.000000	0.089094	4.114404	23.303711	3.971680	0.003906	0.000000	0.000000	0.000000	0.000000	0.000000	80.000000	80.000000	0.000000	0.000000	1.000000	0.000000	8.000000	0.000000	0.256413	3.426124	1.247918	0.045050	0.008421	1.000000	1.000000	0.519531	0.058090	30.308578	0.021484	0.078110	0.007208	0.000000	262144.000000	12.476649	512.000000	512.000000	786432.000000	1.000000	0.000000	0.000000	0.000000	3.000000	3.574834	4.466871	5.014083	5.228828	5.542652	0.108521	0.464963	1.000000	1.000000	0.021348	0.049521	0.120693	0.249989	3.000000	13.000000	38.000000	142.000000	255.000000	0.000000	0.000000	0.047619	0.126984	0.000000	0.000000	0.000000	0.000000	0.000000	0.000000	0.000000	1.129831	1.462396	1.643452	0.018088	0.032900	0.045050	0.000000	0.000000	18.546886	0.856781
/home/lilith/work/codec-eval/codec-corpus/CID22/CID22-512/training/1599791.png	large	512	512	2826.718750	0.135271	0.079271	0.005076	0.003930	0.503662	0.112305	27.617266	0.351902	1.210893	2589.000000	0.079010	0.004430	0.004710	2.000000	0.023570	0.019560	43.000000	0.101078	4.423359	17.125000	4.789062	0.007812	0.000000	0.000000	0.000000	0.000000	0.000000	80.000000	80.000000	0.000000	0.000000	1.000000	0.000000	8.000000	0.000000	0.086601	3.178871	1.257999	0.045529	0.006288	1.000000	1.000000	0.596680	0.176735	20.977072	0.060547	0.064112	0.007859	0.000000	262144.000000	12.476649	512.000000	512.000000	786432.000000	1.000000	0.000000	0.000000	0.000000	3.000000	3.035524	4.440042	4.774464	4.944122	5.113784	0.074809	0.252453	1.000000	1.000000	0.019352	0.037731	0.120294	0.346159	1.000000	9.000000	39.000000	111.000000	255.000000	0.000000	0.000000	0.031746	0.111111	0.000000	0.000000	0.000000	0.015873	0.000000	0.000000	0.000000	1.144184	1.395489	1.606784	0.022733	0.033783	0.045529	0.000000	0.000000	16.016417	0.874627
/home/lilith/work/codec-eval/codec-corpus/CID22/CID22-512/training/459728.png	large	512	512	3755.303711	0.156215	0.175267	0.013493	0.009066	0.280029	0.001709	65.364006	0.508401	1.299595	3745.000000	0.114288	0.014120	0.008160	2.000000	0.033780	0.029440	8.000000	0.134661	4.346870	19.433594	12.938477	0.001953	0.000000	0.000000	0.000000	0.000000	0.000000	80.000000	80.000000	0.000000	0.000000	1.000000	0.000000	8.000000	0.000000	0.036720	3.654706	0.846280	0.141878	0.052783	1.000000	1.000000	0.552734	0.425743	24.766897	0.003906	0.080869	0.020911	0.000000	262144.000000	12.476649	512.000000	512.000000	786432.000000	1.000000	0.000000	0.000000	0.000000	3.000000	3.684732	4.262450	4.720403	5.051426	5.409146	0.252697	0.525205	0.953345	1.000000	0.100605	0.191023	0.328050	0.532950	5.000000	16.000000	46.000000	131.000000	255.000000	0.015873	0.015873	0.063492	0.111111	0.000000	0.000000	0.015873	0.031746	0.000000	0.000000	0.000000	1.534462	2.229768	2.545848	0.033480	0.097935	0.141878	0.000000	0.000000	13.247323	0.857324
/home/lilith/work/codec-eval/codec-corpus/CID22/CID22-512/training/1287145.png	large	512	512	6250.077637	0.168332	0.070076	0.004399	0.005322	0.488037	0.211426	30.066990	0.605013	1.234294	616.000000	0.018799	0.001280	0.001300	0.000000	0.013840	0.013420	2.000000	0.299605	3.780580	12.287109	2.170898	0.001953	0.000000	0.000000	0.000000	0.000000	0.000000	80.000000	80.000000	0.000000	0.000000	1.000000	0.000000	8.000000	0.000000	0.066898	2.846324	1.377210	0.017904	0.022476	1.000000	1.000000	0.072266	0.153458	22.320623	0.000000	0.078234	0.003968	0.000000	262144.000000	12.476649	512.000000	512.000000	786432.000000	1.000000	0.000000	0.000000	0.000000	3.000000	3.170990	4.045792	4.677715	4.928339	5.174789	0.025561	0.247474	0.669988	1.000000	0.035180	0.066862	0.122897	0.187743	3.000000	19.000000	49.000000	142.000000	255.000000	0.000000	0.000000	0.015873	0.142857	0.000000	0.000000	0.000000	0.000000	0.000000	0.000000	0.000000	0.965409	1.125785	1.213765	0.010625	0.015045	0.017904	0.000000	0.000000	14.266068	0.600756
/home/lilith/work/codec-eval/codec-corpus/CID22/CID22-512/training/3623285.png	large	512	512	2745.134277	0.135753	0.182360	0.005094	0.004116	0.463379	0.299072	68.111214	0.388652	1.441575	2085.000000	0.063629	0.003640	0.002460	1.000000	0.017350	0.010690	11.000000	0.185532	3.865856	13.118164	3.125977	0.003906	0.000000	0.000000	0.000000	0.000000	0.000000	80.000000	80.000000	0.000000	0.000000	1.000000	0.000000	8.000000	0.000000	0.029236	2.890062	1.442144	0.017064	0.017251	1.000000	1.000000	0.156250	0.249142	22.154367	0.006836	0.068359	0.005410	0.000000	262144.000000	12.476649	512.000000	512.000000	786432.000000	1.000000	0.000000	0.000000	0.000000	3.000000	3.211150	4.127465	4.641489	4.829784	5.322956	0.025430	0.288066	0.778897	1.000000	0.024961	0.040694	0.082734	0.165447	3.000000	15.000000	39.000000	111.000000	255.000000	0.000000	0.000000	0.031746	0.111111	0.000000	0.000000	0.000000	0.000000	0.000000	0.000000	0.000000	0.467978	0.808717	1.000000	0.005629	0.011937	0.017064	0.000000	0.000000	18.942165	0.652696
/home/lilith/work/codec-eval/codec-corpus/CID22/CID22-512/training/pexels-photo-1130297.png	large	512	512	4160.742188	0.319496	0.060057	0.006742	0.006195	0.205322	0.101807	20.466108	1.265721	0.938604	2129.000000	0.064972	0.003530	0.002550	1.000000	0.016760	0.010930	5.000000	0.173863	4.292058	33.569336	4.450195	0.003906	0.000000	0.000000	0.000000	0.000000	0.000000	80.000000	80.000000	0.000000	0.000000	1.000000	0.000000	8.000000	0.000000	0.209850	3.907332	1.239444	0.042092	0.019787	1.000000	1.000000	0.299805	0.127804	26.970812	0.025391	0.143214	0.008309	0.000000	262144.000000	12.476649	512.000000	512.000000	786432.000000	1.000000	0.000000	0.000000	0.000000	3.000000	4.333689	4.775392	5.133769	5.268396	5.428310	0.400946	1.000000	1.000000	1.000000	0.040169	0.081656	0.154320	0.259481	11.000000	41.000000	82.000000	181.000000	255.000000	0.000000	0.047619	0.126984	0.222222	0.000000	0.000000	0.000000	0.015873	0.000000	0.000000	0.000000	0.903090	1.288640	1.542319	0.017152	0.030401	0.042092	0.000000	0.000000	5.745236	0.790272
/home/lilith/work/codec-eval/codec-corpus/CID22/CID22-512/training/1943411.png	large	512	512	2960.506348	0.145833	0.207579	0.026190	0.019774	0.531494	0.000000	91.028816	0.563932	1.305791	7514.000000	0.229309	0.042760	0.051370	7.000000	0.247880	0.327060	92.000000	0.174684	3.857831	17.088867	21.610352	0.000000	0.000000	0.000000	0.000000	0.000000	0.000000	80.000000	80.000000	0.000000	0.000000	1.000000	0.000000	8.000000	0.000000	0.011513	3.164612	1.186477	0.044965	0.062600	1.000000	1.000000	0.210938	0.002640	27.081108	0.001953	0.072684	0.034831	0.000000	262144.000000	12.476649	512.000000	512.000000	786432.000000	1.000000	0.000000	0.000000	0.000000	3.000000	2.854875	4.331225	4.871858	5.049554	5.367076	0.071568	0.184269	1.000000	1.000000	0.082986	0.136998	0.483105	1.000000	4.000000	12.000000	43.000000	148.000000	255.000000	0.000000	0.000000	0.015873	0.126984	0.000000	0.000000	0.015873	0.063492	0.000000	0.000000	0.000000	1.544069	1.688948	1.777133	0.026088	0.036891	0.044965	0.000000	0.000000	18.189844	0.721322
/home/lilith/work/codec-eval/codec-corpus/CID22/CID22-512/training/3311574.png	large	512	512	4716.744141	0.098012	0.055482	0.003368	0.002289	0.554932	0.124023	20.284025	0.356006	1.437793	1927.000000	0.058807	0.006930	0.008090	11.000000	0.014700	0.021990	20.000000	0.128586	4.599513	12.915039	2.007812	0.001953	0.000000	0.000000	0.000000	0.000000	0.000000	80.000000	80.000000	0.000000	0.000000	1.000000	0.000000	8.000000	0.000000	0.367985	3.108594	1.061409	0.052964	0.000000	1.000000	1.000000	0.333008	0.045856	29.326462	0.005859	0.052440	0.003937	0.000000	262144.000000	12.476649	512.000000	512.000000	786432.000000	1.000000	0.000000	0.000000	0.000000	3.000000	2.963603	3.969824	4.710110	4.952780	5.281816	0.096634	0.199100	0.727891	1.000000	0.006195	0.019812	0.041636	0.115179	3.000000	12.000000	29.000000	119.000000	255.000000	0.000000	0.000000	0.015873	0.079365	0.000000	0.000000	0.000000	0.000000	0.000000	0.000000	0.000000	1.284076	1.584754	1.707038	0.030282	0.044712	0.052964	0.000000	0.000000	31.546682	0.794028
/home/lilith/work/codec-eval/codec-corpus/CID22/CID22-512/training/1129482.png	large	512	512	1380.077026	0.060861	0.017287	0.002095	0.001552	0.859375	0.838135	5.756355	0.377707	1.505977	1666.000000	0.050842	0.004600	0.002190	4.000000	0.012060	0.007630	7.000000	0.097039	0.914516	11.741211	0.994141	0.831055	0.000000	0.000000	0.000000	0.000000	0.000000	80.000000	80.000000	0.000000	0.000000	1.000000	0.000000	8.000000	0.000000	0.915016	0.778332	1.756675	0.000000	0.000000	1.000000	1.000000	0.078125	0.003582	38.725433	0.857422	0.030862	0.002310	0.000000	262144.000000	12.476649	512.000000	512.000000	786432.000000	1.000000	0.000000	0.000000	0.000000	3.000000	0.000000	0.000000	4.707338	5.247374	5.590973	0.000000	0.000000	0.000000	1.000000	0.000000	0.000000	0.000000	0.093615	0.000000	0.000000	2.000000	142.000000	255.000000	0.000000	0.000000	0.000000	0.000000	0.000000	0.000000	0.000000	0.000000	0.000000	0.000000	0.000000	0.000000	0.000000	0.000000	0.000000	0.000000	0.000000	0.000000	0.000000	38.121487	0.143589
/home/lilith/work/codec-eval/codec-corpus/CID22/CID22-512/training/1661950.png	large	512	512	3499.193359	0.150317	0.112907	0.013996	0.012306	0.346680	0.015625	49.618206	0.322695	1.235251	3809.000000	0.116241	0.013360	0.008630	2.000000	0.076330	0.059170	25.000000	0.126973	4.221056	17.902344	10.855469	0.001953	0.000000	0.000000	0.000000	0.000000	0.000000	80.000000	80.000000	0.000000	0.000000	1.000000	0.000000	8.000000	0.000000	0.073799	3.466431	1.098929	0.055964	0.027314	1.000000	1.000000	0.667969	0.274548	18.797499	0.013672	0.083597	0.026088	0.000000	262144.000000	12.476649	512.000000	512.000000	786432.000000	1.000000	0.000000	0.000000	0.000000	3.000000	3.706270	4.423242	4.759200	4.877400	5.100674	0.164204	0.562314	1.000000	1.000000	0.053065	0.141492	0.365965	0.557729	3.000000	10.000000	29.000000	115.000000	255.000000	0.000000	0.015873	0.047619	0.126984	0.000000	0.000000	0.015873	0.047619	0.000000	0.000000	0.000000	1.224014	1.487844	1.792280	0.023433	0.035694	0.055964	0.000000	0.000000	23.772612	0.888781
/home/lilith/work/codec-eval/codec-corpus/CID22/CID22-512/training/106399.png	large	512	512	3906.160889	0.146457	0.143564	0.009281	0.005208	0.486816	0.024170	52.104324	0.617496	1.152485	4523.000000	0.138031	0.015700	0.020180	7.000000	0.021670	0.032070	10.000000	0.110628	4.419976	20.365234	8.946289	0.003906	0.000000	0.000000	0.000000	0.000000	0.000000	80.000000	80.000000	0.000000	0.000000	1.000000	0.000000	8.000000	0.000000	0.006287	3.250173	1.258950	0.048034	0.031465	1.000000	1.000000	0.423828	0.075241	34.284966	0.001953	0.065042	0.012649	0.000000	262144.000000	12.476649	512.000000	512.000000	786432.000000	1.000000	0.000000	0.000000	0.000000	3.000000	3.105462	4.414973	5.048623	5.276781	5.442897	0.089674	0.213072	1.000000	1.000000	0.046286	0.078691	0.206899	0.471509	3.000000	16.000000	45.000000	148.000000	255.000000	0.000000	0.000000	0.015873	0.095238	0.000000	0.000000	0.000000	0.015873	0.000000	0.000000	0.000000	1.223609	1.422220	1.635828	0.022652	0.033389	0.048034	0.000000	0.000000	16.055029	0.787739
/home/lilith/work/codec-eval/codec-corpus/CID22/CID22-512/training/2232979.png	large	512	512	931.198547	0.025494	0.061949	0.004056	0.003634	0.676514	0.000000	37.976727	0.149772	1.549203	633.000000	0.019318	0.002140	0.002360	0.000000	0.009310	0.010430	4.000000	0.614023	3.507180	2.206055	0.856445	0.000000	0.000000	0.000000	0.000000	0.000000	0.000000	80.000000	80.000000	0.000000	0.000000	1.000000	0.000000	8.000000	0.000000	0.000088	2.808843	0.603346	0.063033	0.017251	1.000000	1.000000	0.029297	0.007832	24.082655	0.000000	0.022151	0.001349	0.000000	262144.000000	12.476649	512.000000	512.000000	786432.000000	1.000000	0.000000	0.000000	0.000000	3.000000	2.701986	3.246864	3.660710	3.915788	4.260948	0.086061	0.133697	0.257081	0.419119	0.029269	0.045223	0.069534	0.109201	5.000000	9.000000	17.000000	64.000000	255.000000	0.000000	0.000000	0.000000	0.031746	0.000000	0.000000	0.000000	0.000000	0.000000	0.000000	0.000000	1.777699	1.977438	2.081887	0.038089	0.051572	0.063033	0.000000	0.000000	96.267143	0.570436
/home/lilith/work/codec-eval/codec-corpus/CID22/CID22-512/training/2471234.png	large	512	512	833.621765	0.000712	0.357420	0.004736	0.008580	0.891846	0.019287	186.210266	0.008063	1.698700	1059.000000	0.032318	0.000910	0.000880	0.000000	0.021210	0.023580	15.000000	0.085833	3.587226	1.675781	11.284180	0.009766	0.000000	0.000000	0.000000	0.000000	0.000000	80.000000	80.000000	0.000000	0.000000	1.000000	0.000000	8.000000	0.000000	0.000000	2.319388	0.588606	0.037253	0.034010	1.000000	1.000000	0.414062	0.000000	4.766574	0.020508	0.011114	0.017082	0.000000	262144.000000	12.476649	512.000000	512.000000	786432.000000	1.000000	0.000000	0.000000	0.000000	3.000000	2.307195	2.735487	3.083273	3.309760	3.722696	0.058376	0.098338	0.182893	0.275721	0.060923	0.134263	0.283630	0.580323	1.000000	3.000000	5.000000	13.000000	82.000000	0.000000	0.000000	0.000000	0.015873	0.000000	0.000000	0.015873	0.031746	0.000000	0.000000	0.000000	1.273003	1.418871	1.561549	0.022722	0.029307	0.037253	0.000000	0.000000	36.932468	0.801474
/home/lilith/work/codec-eval/codec-corpus/CID22/CID22-512/training/3214023.png	large	512	512	3768.148438	0.149172	0.069619	0.004261	0.004106	0.262695	0.011963	23.743401	0.375148	1.243528	3118.000000	0.095154	0.001960	0.003710	1.000000	0.010350	0.025060	7.000000	0.103312	4.630209	23.308594	3.698242	0.000000	0.000000	0.000000	0.000000	0.000000	0.000000	80.000000	80.000000	0.000000	0.000000	1.000000	0.000000	8.000000	0.000000	0.142914	3.733160	0.924055	0.125781	0.010699	1.000000	1.000000	0.646484	0.102322	24.840561	0.021484	0.080574	0.006774	0.000000	262144.000000	12.476649	512.000000	512.000000	786432.000000	1.000000	0.000000	0.000000	0.000000	3.000000	3.790215	4.477880	4.909089	5.076214	5.426817	0.260314	0.597434	1.000000	1.000000	0.025081	0.052580	0.120389	0.239293	4.000000	13.000000	36.000000	120.000000	255.000000	0.000000	0.031746	0.063492	0.111111	0.000000	0.000000	0.000000	0.015873	0.000000	0.000000	0.000000	1.671518	2.117635	2.464545	0.049961	0.088502	0.125781	0.000000	0.000000	17.851974	0.896838
/home/lilith/work/codec-eval/codec-corpus/CID22/CID22-512/training/1082342.png	large	512	512	6271.364258	0.160504	0.238691	0.017344	0.013104	0.330322	0.071533	110.067917	0.321702	1.188304	1723.000000	0.052582	0.012420	0.030470	4.000000	0.046160	0.117260	19.000000	0.075270	4.569922	23.923828	22.408203	0.038086	0.000000	0.000000	0.000000	0.000000	0.000000	80.000000	80.000000	0.000000	0.000000	1.000000	0.000000	8.000000	0.000000	0.123447	3.514820	1.322322	0.037515	0.030820	1.000000	1.000000	0.705078	0.044365	23.703901	0.050781	0.088759	0.041481	0.000000	262144.000000	12.476649	512.000000	512.000000	786432.000000	1.000000	0.000000	0.000000	0.000000	3.000000	3.914277	4.520116	4.924345	5.112358	5.367496	0.161558	0.714689	1.000000	1.000000	0.072885	0.286448	0.624053	0.931251	3.000000	11.000000	27.000000	119.000000	255.000000	0.000000	0.015873	0.079365	0.126984	0.000000	0.000000	0.031746	0.063492	0.000000	0.000000	0.000000	0.000000	1.213766	1.487846	0.000000	0.022707	0.037515	0.000000	0.000000	26.979271	0.877687
/home/lilith/work/codec-eval/codec-corpus/CID22/CID22-512/training/2291004.png	large	512	512	794.362671	0.160956	0.246512	0.025853	0.023185	0.253174	0.000000	91.232559	0.475408	0.986133	3344.000000	0.102051	0.046790	0.017520	5.000000	0.238450	0.093940	22.000000	0.157520	3.319064	17.521484	22.909180	0.001953	0.000000	0.000000	0.000000	0.000000	0.000000	80.000000	80.000000	0.000000	0.000000	1.000000	0.000000	8.000000	0.000000	0.004066	3.795488	0.729625	0.174993	0.069666	1.000000	1.000000	0.224609	0.054649	18.093121	0.000000	0.082744	0.031328	0.000000	262144.000000	12.476649	512.000000	512.000000	786432.000000	1.000000	0.000000	0.000000	0.000000	3.000000	3.713017	4.522134	4.720317	4.794444	4.871432	0.250413	0.503196	1.000000	1.000000	0.110974	0.245540	0.638756	1.000000	10.000000	21.000000	48.000000	111.000000	255.000000	0.000000	0.031746	0.063492	0.111111	0.000000	0.000000	0.015873	0.047619	0.000000	0.000000	1.000000	2.426511	2.680321	2.848459	0.096148	0.137992	0.174993	0.000000	0.000000	8.689114	0.774425
/home/lilith/work/codec-eval/codec-corpus/CID22/CID22-512/training/3705529.png	large	512	512	2672.880127	0.142283	0.078524	0.005123	0.003534	0.432617	0.114990	29.624901	0.541441	1.246286	1852.000000	0.056519	0.001620	0.002470	0.000000	0.004330	0.006610	2.000000	0.105569	4.215174	22.133789	3.705078	0.009766	0.000000	0.000000	0.000000	0.000000	0.000000	80.000000	80.000000	0.000000	0.000000	1.000000	0.000000	8.000000	0.000000	0.110641	3.299277	1.328409	0.029696	0.021785	1.000000	1.000000	0.502930	0.240902	31.247519	0.018555	0.073583	0.006619	0.000000	262144.000000	12.476649	512.000000	512.000000	786432.000000	1.000000	0.000000	0.000000	0.000000	3.000000	3.474134	4.439466	4.976593	5.187969	5.480491	0.072618	0.420089	1.000000	1.000000	0.028036	0.055762	0.131055	0.256176	2.000000	10.000000	38.000000	145.000000	255.000000	0.000000	0.000000	0.047619	0.111111	0.000000	0.000000	0.000000	0.015873	0.000000	0.000000	0.000000	1.105511	1.254895	1.361432	0.018644	0.024016	0.029696	0.000000	0.000000	20.198988	0.826572
/home/lilith/work/codec-eval/codec-corpus/CID22/CID22-512/training/271619.png	large	512	512	1703.081055	0.030595	0.057741	0.003921	0.002675	0.812744	0.261475	33.034252	0.097516	1.786173	1472.000000	0.044922	0.002240	0.001780	2.000000	0.005430	0.005030	5.000000	0.078438	3.905380	6.091797	2.104492	0.020508	0.000000	0.000000	0.000000	0.000000	0.000000	80.000000	80.000000	0.000000	0.000000	1.000000	0.000000	8.000000	0.000000	0.024101	2.082900	1.134093	0.019196	0.009222	1.000000	1.000000	0.259766	0.942986	29.824146	0.031250	0.021422	0.003488	0.000000	262144.000000	12.476649	512.000000	512.000000	786432.000000	1.000000	0.000000	0.000000	0.000000	3.000000	1.690196	2.480007	3.988266	4.572960	5.266714	0.028371	0.049210	0.134933	0.785965	0.016361	0.022482	0.034743	0.105824	1.000000	2.000000	5.000000	66.000000	255.000000	0.000000	0.000000	0.000000	0.015873	0.000000	0.000000	0.000000	0.000000	0.000000	0.000000	0.000000	0.000000	0.982696	1.149507	0.000000	0.014534	0.019196	0.000000	0.000000	103.444641	0.708405
/home/lilith/work/codec-eval/codec-corpus/CID22/CID22-512/validation/1531677.png	large	512	512	2068.239258	0.395587	0.031660	0.007187	0.006191	0.005371	0.000000	12.294714	0.814383	1.067391	1390.000000	0.042419	0.002520	0.003120	0.000000	0.013370	0.018350	2.000000	0.175044	4.225801	27.059570	2.248047	0.000000	0.000000	0.000000	0.000000	0.000000	0.000000	80.000000	80.000000	0.000000	0.000000	1.000000	0.000000	8.000000	0.000000	0.219093	4.267517	0.432751	0.489801	0.033478	1.000000	1.000000	0.239258	0.126984	15.581214	0.000000	0.155258	0.003937	0.000000	262144.000000	12.476649	512.000000	512.000000	786432.000000	1.000000	0.000000	0.000000	0.000000	3.000000	4.282636	4.541217	4.828898	4.984213	5.190684	0.689954	0.981875	1.000000	1.000000	0.050326	0.079542	0.115130	0.167158	20.000000	40.000000	64.000000	126.000000	255.000000	0.079365	0.111111	0.158730	0.190476	0.000000	0.000000	0.000000	0.000000	0.000000	1.000000	3.000000	3.159247	3.521792	3.721063	0.252116	0.382431	0.489801	0.015873	0.063492	5.953153	0.795019
/home/lilith/work/codec-eval/codec-corpus/CID22/CID22-512/training/1687147.png	large	512	512	6200.436035	0.131089	0.041469	0.005754	0.009461	0.245605	0.002686	20.774738	0.413645	1.448852	1210.000000	0.036926	0.002530	0.002390	0.000000	0.051510	0.048620	8.000000	0.250940	4.345333	11.515625	2.838867	0.001953	0.000000	0.000000	0.000000	0.000000	0.000000	80.000000	80.000000	0.000000	0.000000	1.000000	0.000000	8.000000	0.000000	0.029072	3.544810	0.652182	0.126913	0.021988	1.000000	1.000000	0.230469	0.002937	21.441769	0.000000	0.068638	0.006386	0.000000	262144.000000	12.476649	512.000000	512.000000	786432.000000	1.000000	0.000000	0.000000	0.000000	3.000000	3.576599	3.954206	4.375236	4.607277	5.131281	0.238720	0.427223	0.655599	1.000000	0.031846	0.057306	0.134488	0.293900	9.000000	19.000000	39.000000	116.000000	255.000000	0.000000	0.015873	0.047619	0.095238	0.000000	0.000000	0.000000	0.000000	0.000000	0.000000	1.000000	2.332313	2.511549	2.622975	0.071183	0.102620	0.126913	0.000000	0.000000	21.027624	0.728443
/home/lilith/work/codec-eval/codec-corpus/CID22/CID22-512/training/144428.png	large	512	512	2363.166992	0.071005	0.253648	0.009496	0.010043	0.414551	0.041748	107.111717	0.115184	1.503282	4230.000000	0.129089	0.004630	0.003210	1.000000	0.035530	0.020630	10.000000	0.076404	4.128830	10.865234	10.548828	0.012695	0.000000	0.000000	0.000000	0.000000	0.000000	80.000000	80.000000	0.000000	0.000000	1.000000	0.000000	8.000000	0.000000	0.007111	3.075071	1.129243	0.030708	0.026614	1.000000	1.000000	0.535156	0.110138	15.806692	0.044922	0.050053	0.021174	0.000000	262144.000000	12.476649	512.000000	512.000000	786432.000000	1.000000	0.000000	0.000000	0.000000	3.000000	3.312439	3.947929	4.382485	4.665729	5.042693	0.097296	0.324983	0.722247	1.000000	0.052108	0.113191	0.276567	0.546026	2.000000	7.000000	19.000000	63.000000	255.000000	0.000000	0.000000	0.031746	0.079365	0.000000	0.000000	0.015873	0.031746	0.000000	0.000000	0.000000	0.586519	1.144180	1.391102	0.007020	0.021115	0.030708	0.000000	0.000000	34.223671	0.831450
/home/lilith/work/codec-eval/codec-corpus/CID22/CID22-512/training/1292115.png	large	512	512	7745.273926	0.032985	0.018750	0.002653	0.002851	0.583252	0.291016	8.549542	0.085271	1.585463	275.000000	0.008392	0.000540	0.000550	0.000000	0.003720	0.003860	0.000000	0.235959	4.066429	3.893555	0.279297	0.001953	0.000000	0.000000	0.000000	0.000000	0.000000	80.000000	80.000000	0.000000	0.000000	1.000000	0.000000	8.000000	0.000000	0.240597	2.586742	1.003582	0.022355	0.000000	1.000000	1.000000	0.157227	0.000908	7.248147	0.000000	0.028708	0.000248	0.000000	262144.000000	12.476649	512.000000	512.000000	786432.000000	1.000000	0.000000	0.000000	0.000000	3.000000	2.747218	3.503791	3.822674	3.958982	4.346837	0.039317	0.165045	0.387999	0.590938	0.008728	0.029688	0.057892	0.084588	2.000000	8.000000	20.000000	51.000000	155.000000	0.000000	0.000000	0.015873	0.047619	0.000000	0.000000	0.000000	0.000000	0.000000	0.000000	0.000000	1.030777	1.224014	1.327038	0.014277	0.018729	0.022355	0.000000	0.000000	12.514686	0.691054
/home/lilith/work/codec-eval/codec-corpus/CID22/CID22-512/training/3004909.png	large	512	512	2952.172852	0.146664	0.064327	0.007298	0.005111	0.465820	0.006836	32.079556	0.717550	1.300325	2218.000000	0.067688	0.005230	0.005350	1.000000	0.017340	0.016070	6.000000	0.162413	4.262300	19.627930	3.479492	0.003906	0.000000	0.000000	0.000000	0.000000	0.000000	80.000000	80.000000	0.000000	0.000000	1.000000	0.000000	8.000000	0.000000	0.017124	3.311459	1.081407	0.067670	0.019938	1.000000	1.000000	0.264648	0.562862	35.653000	0.000000	0.074761	0.006557	0.000000	262144.000000	12.476649	512.000000	512.000000	786432.000000	1.000000	0.000000	0.000000	0.000000	3.000000	3.040601	4.267289	4.983837	5.174320	5.516513	0.118807	0.244364	1.000000	1.000000	0.028351	0.045429	0.114760	0.257793	4.000000	13.000000	46.000000	171.000000	255.000000	0.000000	0.000000	0.031746	0.111111	0.000000	0.000000	0.000000	0.000000	0.000000	0.000000	0.000000	1.549462	1.815827	2.043301	0.033545	0.047422	0.067670	0.000000	0.000000	16.361382	0.793962
/home/lilith/work/codec-eval/codec-corpus/CID22/CID22-512/training/160577.png	large	512	512	5155.160645	0.062573	0.089552	0.005695	0.004900	0.517090	0.028809	30.614674	0.261637	1.474459	2420.000000	0.073853	0.001700	0.001720	1.000000	0.012850	0.009100	12.000000	0.069942	4.654577	17.215820	4.509766	0.013672	0.000000	0.000000	0.000000	0.000000	0.000000	80.000000	80.000000	0.000000	0.000000	1.000000	0.000000	8.000000	0.000000	0.128376	3.172533	1.138142	0.042852	0.027351	1.000000	1.000000	0.593750	0.126976	36.426926	0.036133	0.053432	0.007968	0.000000	262144.000000	12.476649	512.000000	512.000000	786432.000000	1.000000	0.000000	0.000000	0.000000	3.000000	3.110837	3.974558	4.835348	5.142304	5.434328	0.105300	0.276970	0.752326	1.000000	0.037650	0.054280	0.108568	0.246525	2.000000	5.000000	13.000000	113.000000	255.000000	0.000000	0.000000	0.015873	0.063492	0.000000	0.000000	0.000000	0.015873	0.000000	0.000000	0.000000	0.000000	1.601892	1.759195	0.000000	0.032999	0.042852	0.000000	0.000000	50.796276	0.841878
/home/lilith/work/codec-eval/codec-corpus/CID22/CID22-512/training/1796698.png	large	512	512	5860.143555	0.121089	0.143309	0.009752	0.009615	0.362305	0.078857	60.099026	0.408098	1.173335	3592.000000	0.109619	0.008510	0.010950	3.000000	0.057380	0.068570	23.000000	0.089240	4.552983	22.750000	11.950195	0.005859	0.000000	0.000000	0.000000	0.000000	0.000000	80.000000	80.000000	0.000000	0.000000	1.000000	0.000000	8.000000	0.000000	0.177700	3.446585	1.150645	0.061096	0.021964	1.000000	1.000000	0.729492	0.404190	29.447924	0.130859	0.073459	0.020058	0.000000	262144.000000	12.476649	512.000000	512.000000	786432.000000	1.000000	0.000000	0.000000	0.000000	3.000000	3.511313	4.330903	4.986697	5.194717	5.437901	0.161325	0.440249	1.000000	1.000000	0.044451	0.135015	0.323308	0.669663	1.000000	6.000000	25.000000	138.000000	255.000000	0.000000	0.015873	0.031746	0.111111	0.000000	0.000000	0.015873	0.031746	0.000000	0.000000	0.000000	1.050545	1.393574	1.818617	0.020260	0.033842	0.061096	0.000000	0.000000	29.443520	0.904454
/home/lilith/work/codec-eval/codec-corpus/CID22/CID22-512/training/1028637.png	large	512	512	3413.672852	0.139422	0.193570	0.007592	0.006218	0.595703	0.470215	69.467133	0.736419	1.247442	6099.000000	0.186127	0.012820	0.011150	4.000000	0.055550	0.039830	13.000000	0.269942	2.304875	17.040039	5.860352	0.412109	0.000000	0.000000	0.000000	0.000000	0.000000	80.000000	80.000000	0.000000	0.000000	1.000000	0.000000	8.000000	0.000000	0.739983	2.181317	2.023415	0.000000	0.000000	1.000000	1.000000	0.103516	0.023479	30.219700	0.439453	0.080280	0.009812	0.000000	262144.000000	12.476649	512.000000	512.000000	786432.000000	1.000000	0.000000	0.000000	0.000000	3.000000	2.144526	4.147819	4.906719	5.094879	5.275242	0.000000	0.077510	0.815844	1.000000	0.000000	0.000000	0.092493	0.297826	0.000000	7.000000	46.000000	176.000000	255.000000	0.000000	0.000000	0.000000	0.158730	0.000000	0.000000	0.000000	0.000000	0.000000	0.000000	0.000000	0.000000	0.000000	0.000000	0.000000	0.000000	0.000000	0.000000	0.000000	15.754541	0.424109
/home/lilith/work/codec-eval/codec-corpus/CID22/CID22-512/training/2387532-srgb.png	large	512	512	977.049988	0.158731	0.000000	0.000000	0.000000	0.475586	0.286377	0.000000	0.643340	0.891420	26.000000	0.000793	0.000000	0.000000	0.000000	0.000000	0.000000	0.000000	0.135897	2.637923	21.002930	0.000000	0.441406	0.000000	0.000000	0.000000	8.000000	1.000000	80.000000	80.000000	0.000000	0.000000	1.000000	0.000000	8.000000	0.000000	1.000000	2.996068	1.808451	0.000000	0.000000	1.000000	1.000000	0.346680	0.000000	23.978256	0.247070	0.089828	0.000000	1.000000	262144.000000	12.476649	512.000000	512.000000	786432.000000	1.000000	0.000000	0.000000	0.000000	3.000000	3.240514	4.721570	5.042914	5.110062	5.204935	0.025007	0.297696	1.000000	1.000000	0.000000	0.000000	0.000000	0.000000	1.000000	7.000000	56.000000	158.000000	255.000000	0.000000	0.000000	0.031746	0.190476	0.000000	0.000000	0.000000	0.000000	0.000000	0.000000	0.000000	0.000000	0.000000	0.000000	0.000000	0.000000	0.000000	0.000000	0.000000	10.649012	0.660909
/home/lilith/work/codec-eval/codec-corpus/CID22/CID22-512/training/1130683.png	large	512	512	4478.616699	0.343986	0.165034	0.024959	0.011939	0.266113	0.014893	61.570759	1.375979	0.816095	5739.000000	0.175140	0.045710	0.036540	5.000000	0.057100	0.043890	18.000000	0.172606	4.607422	37.515625	17.535156	0.000000	0.000000	0.000000	0.000000	0.000000	0.000000	80.000000	80.000000	0.000000	0.000000	1.000000	0.000000	8.000000	0.000000	0.040409	3.977785	1.135152	0.096155	0.028099	1.000000	1.000000	0.483398	0.465015	25.982096	0.008789	0.151662	0.033994	0.000000	262144.000000	12.476649	512.000000	512.000000	786432.000000	1.000000	0.000000	0.000000	0.000000	3.000000	4.428730	4.941566	5.125957	5.206946	5.294840	0.236493	1.000000	1.000000	1.000000	0.085482	0.285601	0.546874	0.780842	10.000000	40.000000	86.000000	190.000000	255.000000	0.000000	0.015873	0.142857	0.253968	0.000000	0.000000	0.031746	0.063492	0.000000	0.000000	0.000000	1.519950	1.908151	2.191687	0.039309	0.066126	0.096155	0.000000	0.000000	5.522020	0.850733
/home/lilith/work/codec-eval/codec-corpus/CID22/CID22-512/training/1080721.png	large	512	512	3175.124268	0.119178	0.043997	0.005924	0.005795	0.435303	0.101318	15.466128	0.268210	1.193064	2384.000000	0.072754	0.003060	0.003330	3.000000	0.018250	0.015580	4.000000	0.098219	4.290021	16.112305	2.357422	0.003906	0.000000	0.000000	0.000000	0.000000	0.000000	80.000000	80.000000	0.000000	0.000000	1.000000	0.000000	8.000000	0.000000	0.275993	3.263298	1.145049	0.048037	0.014549	1.000000	1.000000	0.545898	0.062607	20.531561	0.050781	0.064732	0.003922	0.000000	262144.000000	12.476649	512.000000	512.000000	786432.000000	1.000000	0.000000	0.000000	0.000000	3.000000	3.371688	4.263878	4.718167	4.943223	5.128994	0.109360	0.370090	1.000000	1.000000	0.021343	0.044457	0.087343	0.151640	2.000000	9.000000	30.000000	96.000000	255.000000	0.000000	0.000000	0.031746	0.111111	0.000000	0.000000	0.000000	0.000000	0.000000	0.000000	0.000000	1.113943	1.405474	1.669782	0.019886	0.031854	0.048037	0.000000	0.000000	25.273689	0.859284
/home/lilith/work/codec-eval/codec-corpus/CID22/CID22-512/training/1147124.png	large	512	512	1038.687378	0.221736	0.074656	0.013770	0.013235	0.246094	0.003906	71.565567	0.542754	0.903460	2216.000000	0.067627	0.012170	0.033600	2.000000	0.060220	0.137050	12.000000	0.172804	3.346702	21.253906	12.467773	0.003906	0.000000	0.000000	0.000000	0.000000	0.000000	80.000000	80.000000	0.000000	0.000000	1.000000	0.000000	8.000000	0.000000	0.000000	3.777243	0.970814	0.092477	0.065040	1.000000	1.000000	0.448242	0.000000	18.490412	0.000000	0.112909	0.030382	0.000000	262144.000000	12.476649	512.000000	512.000000	786432.000000	1.000000	0.000000	0.000000	0.000000	3.000000	4.121601	4.570286	4.775691	4.865590	5.026201	0.256549	0.857351	1.000000	1.000000	0.142775	0.269373	0.406047	0.539055	4.000000	22.000000	54.000000	124.000000	255.000000	0.000000	0.031746	0.111111	0.174603	0.000000	0.015873	0.031746	0.047619	0.000000	0.000000	0.000000	1.531279	1.892007	2.167640	0.036970	0.064644	0.092477	0.000000	0.000000	6.873044	0.855969
/home/lilith/work/codec-eval/codec-corpus/CID22/CID22-512/training/1001682.png	large	512	512	4520.874023	0.278652	0.096596	0.006159	0.009452	0.342285	0.194092	44.952126	0.639174	1.265251	721.000000	0.022003	0.002220	0.007690	0.000000	0.035340	0.121480	7.000000	0.273102	4.333448	17.335938	6.864258	0.003906	0.000000	0.000000	0.000000	0.000000	0.000000	80.000000	80.000000	0.000000	0.000000	1.000000	0.000000	8.000000	0.000000	0.047863	3.343261	1.363329	0.024213	0.011943	1.000000	1.000000	0.178711	0.062702	16.129734	0.004883	0.099082	0.013982	0.000000	262144.000000	12.476649	512.000000	512.000000	786432.000000	1.000000	0.000000	0.000000	0.000000	3.000000	3.969043	4.416698	4.691258	4.815399	5.056119	0.077957	0.635356	1.000000	1.000000	0.028231	0.178567	0.290695	0.401261	9.000000	32.000000	59.000000	123.000000	255.000000	0.000000	0.000000	0.095238	0.174603	0.000000	0.000000	0.000000	0.015873	0.000000	0.000000	0.000000	0.467978	1.055355	1.196849	0.005221	0.019187	0.024213	0.000000	0.000000	5.701195	0.721735
/home/lilith/work/codec-eval/codec-corpus/CID22/CID22-512/training/pexels-photo-1544724.png	large	512	512	2292.457275	0.192623	0.253060	0.020945	0.019265	0.243164	0.014160	105.573860	0.583032	1.002672	8376.000000	0.255615	0.023910	0.007540	3.000000	0.091450	0.028990	17.000000	0.118070	4.253621	22.588867	30.176758	0.001953	0.000000	0.000000	0.000000	0.000000	0.000000	80.000000	80.000000	0.000000	0.000000	1.000000	0.000000	8.000000	0.000000	0.028214	3.724026	0.989335	0.102894	0.041239	1.000000	1.000000	0.568359	0.172791	25.681112	0.010742	0.093037	0.038411	0.000000	262144.000000	12.476649	512.000000	512.000000	786432.000000	1.000000	0.000000	0.000000	0.000000	3.000000	3.829150	4.489677	5.023604	5.147110	5.267344	0.252695	0.578444	1.000000	1.000000	0.088242	0.242844	0.665945	1.000000	5.000000	20.000000	51.000000	140.000000	255.000000	0.000000	0.015873	0.079365	0.142857	0.000000	0.000000	0.031746	0.063492	0.000000	0.000000	0.000000	1.498096	1.928696	2.256741	0.040854	0.068685	0.102894	0.000000	0.000000	10.359217	0.869801
/home/lilith/work/codec-eval/codec-corpus/CID22/CID22-512/training/1454613116.png	large	512	512	4509.090332	0.092145	0.000000	0.000000	0.000000	0.748291	0.739502	0.000000	2.096340	0.994691	32.000000	0.000977	0.000000	0.000000	0.000000	0.000000	0.000000	0.000000	0.187111	1.032482	32.966797	0.000000	0.851562	0.000000	0.000000	0.000000	8.000000	1.000000	80.000000	80.000000	0.000000	0.000000	1.000000	0.000000	8.000000	0.000000	1.000000	1.445556	2.366732	0.000000	0.000000	1.000000	1.000000	0.101562	0.000000	60.903687	0.862305	0.057478	0.000000	1.000000	262144.000000	12.476649	512.000000	512.000000	786432.000000	1.000000	0.000000	0.000000	0.000000	3.000000	0.000000	4.516336	5.536262	5.696963	5.821951	0.000000	0.000000	1.000000	1.000000	0.000000	0.000000	0.000000	0.000000	0.000000	0.000000	47.000000	255.000000	255.000000	0.000000	0.000000	0.000000	0.095238	0.000000	0.000000	0.000000	0.000000	0.000000	0.000000	0.000000	0.000000	0.000000	0.000000	0.000000	0.000000	0.000000	0.000000	0.000000	9.855381	0.223611
/home/lilith/work/codec-eval/codec-corpus/CID22/CID22-512/training/2263510.png	large	512	512	6757.811523	0.126214	0.083669	0.005932	0.005183	0.447021	0.056641	32.100197	0.593042	1.218635	3031.000000	0.092499	0.003270	0.002760	2.000000	0.016970	0.012620	6.000000	0.096623	4.176880	21.171875	4.208008	0.041016	0.000000	0.000000	0.000000	0.000000	0.000000	80.000000	80.000000	0.000000	0.000000	1.000000	0.000000	8.000000	0.000000	0.210476	3.147812	1.329815	0.039641	0.013227	1.000000	1.000000	0.357422	0.223576	37.697075	0.042969	0.065383	0.007440	0.000000	262144.000000	12.476649	512.000000	512.000000	786432.000000	1.000000	0.000000	0.000000	0.000000	3.000000	3.102756	4.147009	5.082185	5.278028	5.580208	0.083730	0.255469	0.887327	1.000000	0.023241	0.047766	0.137540	0.280566	3.000000	10.000000	36.000000	162.000000	255.000000	0.000000	0.000000	0.031746	0.095238	0.000000	0.000000	0.000000	0.015873	0.000000	0.000000	0.000000	0.000000	1.410515	1.633468	0.000000	0.024924	0.039641	0.000000	0.000000	20.257635	0.764294
/home/lilith/work/codec-eval/codec-corpus/CID22/CID22-512/training/3315291.png	large	512	512	5152.062500	0.096388	0.049319	0.004789	0.003851	0.457520	0.077881	17.552338	0.426272	1.355860	1512.000000	0.046143	0.002590	0.002220	1.000000	0.010030	0.007500	3.000000	0.070987	4.436417	17.649414	1.870117	0.007812	0.000000	0.000000	0.000000	0.000000	0.000000	80.000000	80.000000	0.000000	0.000000	1.000000	0.000000	8.000000	0.000000	0.241882	3.174711	1.147627	0.046006	0.010801	1.000000	1.000000	0.378906	0.115353	37.010078	0.002930	0.052316	0.003534	0.000000	262144.000000	12.476649	512.000000	512.000000	786432.000000	1.000000	0.000000	0.000000	0.000000	3.000000	3.123995	3.927126	4.882644	5.192464	5.670245	0.106140	0.277086	0.684102	1.000000	0.018601	0.031501	0.065631	0.164237	4.000000	11.000000	29.000000	137.000000	255.000000	0.000000	0.000000	0.031746	0.079365	0.000000	0.000000	0.000000	0.000000	0.000000	0.000000	0.000000	1.055356	1.334643	1.643298	0.017414	0.029193	0.046006	0.000000	0.000000	22.482656	0.820763
/home/lilith/work/codec-eval/codec-corpus/CID22/CID22-512/training/3316926_opo25u.png	large	512	512	2735.690430	0.015368	0.112347	0.002893	0.003598	0.646484	0.025146	49.064857	0.025493	1.608321	1360.000000	0.041504	0.000300	0.000270	0.000000	0.002850	0.002210	1.000000	0.044737	4.376171	5.458984	3.380859	0.001953	0.000000	0.000000	0.000000	0.000000	0.000000	80.000000	80.000000	0.000000	0.000000	1.000000	0.000000	8.000000	0.000000	0.000599	2.798756	0.773356	0.055133	0.019012	1.000000	1.000000	0.588867	0.503254	9.093157	0.001953	0.025608	0.007161	0.000000	262144.000000	12.476649	512.000000	512.000000	786432.000000	1.000000	0.000000	0.000000	0.000000	3.000000	2.745258	3.350393	3.907542	4.158622	4.531997	0.093219	0.180163	0.371552	0.704176	0.036180	0.065680	0.137006	0.221304	2.000000	4.000000	8.000000	28.000000	156.000000	0.000000	0.000000	0.015873	0.031746	0.000000	0.000000	0.000000	0.015873	0.000000	0.000000	0.000000	1.342424	1.633468	1.818618	0.028817	0.045347	0.055133	0.000000	0.000000	51.367077	0.876768
/home/lilith/work/codec-eval/codec-corpus/CID22/CID22-512/training/5739122.png	large	512	512	4887.511230	0.213886	0.076892	0.006516	0.005677	0.290771	0.029053	26.373039	0.385406	1.098935	2529.000000	0.077179	0.002700	0.003750	1.000000	0.014470	0.021120	7.000000	0.058916	4.393619	30.711914	6.237305	0.014648	0.000000	0.000000	0.000000	0.000000	0.000000	80.000000	80.000000	0.000000	0.000000	1.000000	0.000000	8.000000	0.000000	0.191959	3.776952	1.197070	0.069607	0.008446	1.000000	1.000000	0.600586	0.226807	23.048010	0.010742	0.100183	0.013052	0.000000	262144.000000	12.476649	512.000000	512.000000	786432.000000	1.000000	0.000000	0.000000	0.000000	3.000000	4.153157	4.749910	5.091649	5.236015	5.477133	0.180775	0.922381	1.000000	1.000000	0.032200	0.103904	0.217627	0.377966	6.000000	17.000000	35.000000	117.000000	255.000000	0.000000	0.015873	0.095238	0.158730	0.000000	0.000000	0.000000	0.015873	0.000000	0.000000	0.000000	0.000000	1.662168	2.073202	0.000000	0.038666	0.069607	0.000000	0.000000	23.634789	0.845140
/home/lilith/work/codec-eval/codec-corpus/CID22/CID22-512/training/1963557.png	large	512	512	3683.009766	0.193317	0.246047	0.012740	0.015863	0.334717	0.149170	97.242088	0.715030	1.294358	3724.000000	0.113647	0.025270	0.014600	7.000000	0.223440	0.165270	37.000000	0.184865	4.557653	15.915039	15.606445	0.017578	0.000000	0.000000	0.000000	0.000000	0.000000	80.000000	80.000000	0.000000	0.000000	1.000000	0.000000	8.000000	0.000000	0.011013	3.381124	1.288258	0.022331	0.015732	1.000000	1.000000	0.369141	0.047676	22.985821	0.014648	0.085674	0.026615	0.000000	262144.000000	12.476649	512.000000	512.000000	786432.000000	1.000000	0.000000	0.000000	0.000000	3.000000	3.819462	4.368189	4.620199	4.880934	5.280057	0.151519	0.595432	1.000000	1.000000	0.059301	0.155574	0.430263	0.789472	3.000000	22.000000	62.000000	142.000000	255.000000	0.000000	0.015873	0.079365	0.126984	0.000000	0.000000	0.015873	0.031746	0.000000	0.000000	0.000000	0.297625	0.941230	1.193386	0.005365	0.014157	0.022331	0.000000	0.000000	7.892878	0.768786
/home/lilith/work/codec-eval/codec-corpus/CID22/CID22-512/training/271624.png	large	512	512	1935.749756	0.059582	0.078362	0.006084	0.003755	0.626221	0.125977	41.477409	0.149196	1.646789	1949.000000	0.059479	0.004650	0.002900	4.000000	0.009760	0.006670	5.000000	0.094967	4.081634	10.029297	3.591797	0.008789	0.000000	0.000000	0.000000	0.000000	0.000000	80.000000	80.000000	0.000000	0.000000	1.000000	0.000000	8.000000	0.000000	0.019966	2.706040	1.211807	0.027148	0.010204	1.000000	1.000000	0.438477	0.914040	23.217119	0.028320	0.038597	0.006092	0.000000	262144.000000	12.476649	512.000000	512.000000	786432.000000	1.000000	0.000000	0.000000	0.000000	3.000000	2.582916	3.692180	4.484506	4.794188	5.045100	0.043533	0.140964	0.538466	1.000000	0.018072	0.033133	0.093280	0.249330	1.000000	5.000000	15.000000	77.000000	255.000000	0.000000	0.000000	0.015873	0.047619	0.000000	0.000000	0.000000	0.000000	0.000000	0.000000	0.000000	0.777019	1.193386	1.314065	0.011261	0.021694	0.027148	0.000000	0.000000	53.638058	0.804715
/home/lilith/work/codec-eval/codec-corpus/CID22/CID22-512/training/169647.png	large	512	512	2698.063232	0.302737	0.128572	0.016889	0.012863	0.538574	0.353271	52.179024	1.583623	0.889077	9803.000000	0.299164	0.031490	0.060340	10.000000	0.148150	0.271010	38.000000	0.328530	3.674261	29.175781	16.689453	0.097656	0.000000	0.000000	0.000000	0.000000	0.000000	80.000000	80.000000	0.000000	0.000000	1.000000	0.000000	8.000000	0.000000	0.005943	2.849288	1.933193	0.005629	0.004475	1.000000	1.000000	0.151367	0.069649	28.740461	0.197266	0.129402	0.031312	0.000000	262144.000000	12.476649	512.000000	512.000000	786432.000000	1.000000	0.000000	0.000000	0.000000	3.000000	2.411513	4.856903	5.106994	5.198431	5.328321	0.025443	0.127446	1.000000	1.000000	0.022960	0.044673	0.498176	0.753154	1.000000	37.000000	93.000000	214.000000	255.000000	0.000000	0.000000	0.015873	0.269841	0.000000	0.000000	0.000000	0.063492	0.000000	0.000000	0.000000	0.000000	0.000000	0.297623	0.000000	0.000000	0.005629	0.000000	0.000000	5.284069	0.621569
/home/lilith/work/codec-eval/codec-corpus/CID22/CID22-512/training/4666751.png	large	512	512	4969.003906	0.098165	0.146415	0.007251	0.009795	0.588623	0.169678	71.568260	0.223936	1.360583	1444.000000	0.044067	0.004660	0.003740	0.000000	0.057890	0.046170	13.000000	0.148753	4.334536	8.747070	5.541016	0.005859	0.000000	0.000000	0.000000	0.000000	0.000000	80.000000	80.000000	0.000000	0.000000	1.000000	0.000000	8.000000	0.000000	0.036713	2.739259	1.198551	0.029528	0.014341	1.000000	1.000000	0.249023	0.005524	17.947659	0.006836	0.048208	0.013625	0.000000	262144.000000	12.476649	512.000000	512.000000	786432.000000	1.000000	0.000000	0.000000	0.000000	3.000000	2.499150	3.793564	4.426328	4.748011	5.084482	0.043291	0.127729	0.556411	1.000000	0.026898	0.057556	0.233393	0.429675	2.000000	7.000000	25.000000	95.000000	255.000000	0.000000	0.000000	0.000000	0.079365	0.000000	0.000000	0.000000	0.015873	0.000000	0.000000	0.000000	0.999320	1.213765	1.360547	0.015024	0.024719	0.029528	0.000000	0.000000	26.049093	0.731672
/home/lilith/work/codec-eval/codec-corpus/CID22/CID22-512/training/1089930.png	large	512	512	4093.968262	0.069772	0.178978	0.008241	0.005739	0.343018	0.048584	73.689178	0.125199	1.407181	3267.000000	0.099701	0.005360	0.005590	1.000000	0.014850	0.017810	5.000000	0.060223	4.580406	14.438477	7.898438	0.001953	0.000000	0.000000	0.000000	0.000000	0.000000	80.000000	80.000000	0.000000	0.000000	1.000000	0.000000	8.000000	0.000000	0.124268	3.349335	0.955247	0.063344	0.022826	1.000000	1.000000	0.602539	0.485668	18.140928	0.040039	0.051060	0.012168	0.000000	262144.000000	12.476649	512.000000	512.000000	786432.000000	1.000000	0.000000	0.000000	0.000000	3.000000	3.397307	4.011208	4.589690	4.864846	5.163580	0.184994	0.378171	0.785457	1.000000	0.035186	0.069819	0.162879	0.471064	3.000000	8.000000	20.000000	68.000000	246.000000	0.000000	0.015873	0.031746	0.063492	0.000000	0.000000	0.000000	0.015873	0.000000	0.000000	0.000000	1.058334	1.572399	1.910407	0.016538	0.037747	0.063344	0.000000	0.000000	29.242479	0.863299
/home/lilith/work/codec-eval/codec-corpus/CID22/CID22-512/validation/1544947.png	large	512	512	3772.461182	0.052075	0.028193	0.002421	0.002019	0.595703	0.122803	10.773094	0.173673	1.425472	387.000000	0.011810	0.000330	0.000450	0.000000	0.001690	0.001960	0.000000	0.062034	3.500252	11.790039	0.687500	0.005859	0.000000	0.000000	0.000000	0.000000	0.000000	80.000000	80.000000	0.000000	0.000000	1.000000	0.000000	8.000000	0.000000	0.265438	2.832260	1.135702	0.032882	0.009676	1.000000	1.000000	0.376953	0.000038	32.889515	0.008789	0.041961	0.001163	0.000000	262144.000000	12.476649	512.000000	512.000000	786432.000000	1.000000	0.000000	0.000000	0.000000	3.000000	2.755577	3.618774	4.212865	5.184418	5.458722	0.068819	0.168811	0.491425	0.980896	0.018267	0.026107	0.054949	0.092933	2.000000	6.000000	16.000000	91.000000	255.000000	0.000000	0.000000	0.015873	0.063492	0.000000	0.000000	0.000000	0.000000	0.000000	0.000000	0.000000	0.477127	1.113942	1.380209	0.006385	0.021466	0.032882	0.000000	0.000000	43.274605	0.772870
/home/lilith/work/codec-eval/codec-corpus/CID22/CID22-512/training/2504911.png	large	512	512	4742.272461	0.336897	0.086956	0.012387	0.010541	0.076904	0.022705	42.965191	0.932635	1.084812	2201.000000	0.067169	0.009300	0.007360	1.000000	0.044660	0.037480	7.000000	0.137130	4.647274	35.256836	8.545898	0.018555	0.000000	0.000000	0.000000	0.000000	0.000000	80.000000	80.000000	0.000000	0.000000	1.000000	0.000000	8.000000	0.000000	0.098743	4.211021	0.902518	0.344746	0.054208	1.000000	1.000000	0.413086	0.728546	23.903013	0.029297	0.144640	0.016974	0.000000	262144.000000	12.476649	512.000000	512.000000	786432.000000	1.000000	0.000000	0.000000	0.000000	3.000000	4.370217	4.751089	5.053415	5.193692	5.423124	0.671331	1.000000	1.000000	1.000000	0.097937	0.169303	0.299371	0.437674	14.000000	35.000000	65.000000	159.000000	255.000000	0.031746	0.079365	0.126984	0.190476	0.000000	0.000000	0.015873	0.031746	0.000000	0.000000	1.000000	0.000000	2.940889	3.375958	0.000000	0.208621	0.344746	0.000000	0.015873	9.743319	0.823232
/home/lilith/work/codec-eval/codec-corpus/CID22/CID22-512/training/2062426.png	large	512	512	2702.965088	0.173395	0.078476	0.008220	0.006203	0.315186	0.002197	30.385551	0.533261	1.187390	2719.000000	0.082977	0.006920	0.009530	2.000000	0.024780	0.032380	8.000000	0.136116	3.812578	19.716797	5.939453	0.000000	0.000000	0.000000	0.000000	0.000000	0.000000	80.000000	80.000000	0.000000	0.000000	1.000000	0.000000	8.000000	0.000000	0.269451	3.635171	0.930668	0.086038	0.024177	1.000000	1.000000	0.252930	0.364182	26.531549	0.000000	0.087736	0.011068	0.000000	262144.000000	12.476649	512.000000	512.000000	786432.000000	1.000000	0.000000	0.000000	0.000000	3.000000	3.711785	4.350924	4.831428	5.128044	5.391565	0.199525	0.517947	1.000000	1.000000	0.049909	0.113618	0.225902	0.340454	6.000000	18.000000	44.000000	137.000000	255.000000	0.000000	0.015873	0.063492	0.126984	0.000000	0.000000	0.000000	0.015873	0.000000	0.000000	1.000000	1.778152	1.994537	2.276139	0.042265	0.058004	0.086038	0.000000	0.000000	18.504625	0.781096
/home/lilith/work/codec-eval/codec-corpus/CID22/CID22-512/training/2387876.png	large	512	512	4044.085449	0.417194	0.099326	0.015168	0.009819	0.175537	0.064209	35.289883	1.446215	1.001566	2493.000000	0.076080	0.011450	0.021830	2.000000	0.034990	0.056190	4.000000	0.339652	4.447178	26.845703	8.866211	0.002930	0.000000	0.000000	0.000000	0.000000	0.000000	80.000000	80.000000	0.000000	0.000000	1.000000	0.000000	8.000000	0.000000	0.036488	3.958704	1.035851	0.074911	0.025321	1.000000	1.000000	0.082031	0.088001	20.766327	0.002930	0.162419	0.019020	0.000000	262144.000000	12.476649	512.000000	512.000000	786432.000000	1.000000	0.000000	0.000000	0.000000	3.000000	4.314140	4.650309	4.878664	4.997276	5.275267	0.429169	0.951392	1.000000	1.000000	0.079545	0.178766	0.332387	0.498754	20.000000	48.000000	87.000000	183.000000	255.000000	0.000000	0.063492	0.174603	0.253968	0.000000	0.000000	0.015873	0.031746	0.000000	0.000000	1.000000	1.031407	1.560617	2.093203	0.014987	0.033928	0.074911	0.000000	0.000000	4.787110	0.686887
/home/lilith/work/codec-eval/codec-corpus/CID22/CID22-512/training/1618269.png	large	512	512	4686.405762	0.131204	0.142258	0.011079	0.012707	0.317383	0.002197	52.001270	0.418922	1.217903	6852.000000	0.209106	0.007900	0.008100	2.000000	0.090710	0.091570	42.000000	0.079329	4.607206	24.309570	14.602539	0.001953	0.000000	0.000000	0.000000	0.000000	0.000000	80.000000	80.000000	0.000000	0.000000	1.000000	0.000000	8.000000	0.000000	0.077274	3.657815	0.990077	0.107714	0.042350	1.000000	1.000000	0.655273	0.140308	31.349192	0.016602	0.086976	0.022817	0.000000	262144.000000	12.476649	512.000000	512.000000	786432.000000	1.000000	0.000000	0.000000	0.000000	3.000000	3.588937	4.437897	5.057811	5.287499	5.460070	0.222079	0.477265	1.000000	1.000000	0.067645	0.120307	0.291846	0.650833	3.000000	10.000000	31.000000	132.000000	255.000000	0.000000	0.015873	0.047619	0.126984	0.000000	0.000000	0.000000	0.031746	0.000000	0.000000	0.000000	1.713778	2.079577	2.307729	0.047350	0.080913	0.107714	0.000000	0.000000	23.721361	0.902443
/home/lilith/work/codec-eval/codec-corpus/CID22/CID22-512/training/2600340.png	large	512	512	2337.234863	0.146361	0.087463	0.009206	0.010328	0.396729	0.042969	33.193882	0.495073	1.470837	3243.000000	0.098969	0.007010	0.005600	1.000000	0.110860	0.076740	33.000000	0.198323	3.756997	14.450195	7.001953	0.000000	0.000000	0.000000	0.000000	0.000000	0.000000	80.000000	80.000000	0.000000	0.000000	1.000000	0.000000	8.000000	0.000000	0.049881	3.196254	1.104116	0.045762	0.017597	1.000000	1.000000	0.231445	0.158188	23.808449	0.000000	0.077582	0.012323	0.000000	262144.000000	12.476649	512.000000	512.000000	786432.000000	1.000000	0.000000	0.000000	0.000000	3.000000	3.348840	3.922281	4.752862	4.946737	5.311594	0.090617	0.322752	0.664864	1.000000	0.042251	0.076941	0.129762	0.377059	4.000000	17.000000	39.000000	136.000000	255.000000	0.000000	0.000000	0.031746	0.111111	0.000000	0.000000	0.000000	0.000000	0.000000	0.000000	0.000000	1.324476	1.516658	1.668474	0.022461	0.033084	0.045762	0.000000	0.000000	20.040445	0.766792
/home/lilith/work/codec-eval/codec-corpus/CID22/CID22-512/training/2738653.png	large	512	512	2657.521240	0.262074	0.128247	0.021180	0.009579	0.088623	0.000244	47.856750	0.728616	1.230475	2150.000000	0.065613	0.021120	0.042400	3.000000	0.032390	0.078010	13.000000	0.223461	4.242277	19.806641	11.302734	0.000000	0.000000	0.000000	0.000000	0.000000	0.000000	80.000000	80.000000	0.000000	0.000000	1.000000	0.000000	8.000000	0.000000	0.047977	3.914601	0.624425	0.246184	0.055350	1.000000	1.000000	0.159180	0.237164	20.457266	0.001953	0.117761	0.024368	0.000000	262144.000000	12.476649	512.000000	512.000000	786432.000000	1.000000	0.000000	0.000000	0.000000	3.000000	3.906482	4.295479	4.761430	5.010768	5.321716	0.392739	0.603551	0.987977	1.000000	0.138313	0.243803	0.359915	0.525061	15.000000	32.000000	56.000000	141.000000	255.000000	0.015873	0.047619	0.095238	0.158730	0.000000	0.000000	0.015873	0.031746	0.000000	0.000000	1.000000	2.316887	2.782070	3.143517	0.112980	0.184328	0.246184	0.000000	0.015873	10.440722	0.745682
/home/lilith/work/codec-eval/codec-corpus/CID22/CID22-512/training/3330118.png	large	512	512	244.742111	0.045010	0.145898	0.008870	0.004803	0.779053	0.303955	50.659100	0.113958	1.888657	1010.000000	0.030823	0.016750	0.009920	4.000000	0.020390	0.015130	3.000000	0.319034	2.637750	2.833984	3.977539	0.000000	0.000000	0.000000	0.000000	0.000000	0.000000	80.000000	80.000000	0.000000	0.000000	1.000000	0.000000	8.000000	0.000000	0.015312	2.267649	0.924623	0.023707	0.000000	1.000000	1.000000	0.147461	0.161873	15.478224	0.000000	0.024321	0.008588	0.000000	262144.000000	12.476649	512.000000	512.000000	786432.000000	1.000000	0.000000	0.000000	0.000000	3.000000	1.792282	2.877147	3.843902	4.102689	4.552813	0.028895	0.045515	0.210834	0.544630	0.009751	0.024294	0.093908	0.401265	2.000000	5.000000	15.000000	66.000000	255.000000	0.000000	0.000000	0.000000	0.015873	0.000000	0.000000	0.000000	0.000000	0.000000	0.000000	0.000000	1.308765	1.401991	1.462163	0.017552	0.021603	0.023707	0.000000	0.000000	47.659252	0.566557
/home/lilith/work/codec-eval/codec-corpus/CID22/CID22-512/training/4843579.png	large	512	512	5446.783203	0.284205	0.095056	0.009040	0.007209	0.162598	0.000000	41.366890	0.957081	0.994781	2669.000000	0.081451	0.005940	0.008940	2.000000	0.025900	0.031780	14.000000	0.173528	4.462520	29.847656	7.724609	0.009766	0.000000	0.000000	0.000000	0.000000	0.000000	80.000000	80.000000	0.000000	0.000000	1.000000	0.000000	8.000000	0.000000	0.050022	4.049706	0.855388	0.150953	0.036360	1.000000	1.000000	0.273438	0.561275	27.207184	0.000000	0.127852	0.015796	0.000000	262144.000000	12.476649	512.000000	512.000000	786432.000000	1.000000	0.000000	0.000000	0.000000	3.000000	4.226568	4.661901	5.105299	5.256830	5.412871	0.397511	0.898733	1.000000	1.000000	0.066943	0.131178	0.238958	0.340753	11.000000	33.000000	68.000000	153.000000	255.000000	0.015873	0.047619	0.126984	0.206349	0.000000	0.000000	0.015873	0.031746	0.000000	0.000000	1.000000	2.122165	2.350218	2.675420	0.058163	0.088554	0.150953	0.000000	0.000000	8.906264	0.780781
/home/lilith/work/codec-eval/codec-corpus/CID22/CID22-512/training/207691.png	large	512	512	4516.314941	0.224283	0.153838	0.012590	0.011102	0.320312	0.001709	62.555653	1.018908	1.096234	2606.000000	0.079529	0.011230	0.022040	2.000000	0.057310	0.070580	9.000000	0.124290	4.427783	30.081055	14.126953	0.000000	0.000000	0.000000	0.000000	0.000000	0.000000	80.000000	80.000000	0.000000	0.000000	1.000000	0.000000	8.000000	0.000000	0.054161	3.760657	1.158135	0.061319	0.032633	1.000000	1.000000	0.316406	0.377747	34.505600	0.000000	0.095114	0.023158	0.000000	262144.000000	12.476649	512.000000	512.000000	786432.000000	1.000000	0.000000	0.000000	0.000000	3.000000	4.007833	4.761497	5.182724	5.337562	5.530836	0.156370	0.738548	1.000000	1.000000	0.057257	0.149237	0.515973	0.729934	8.000000	27.000000	71.000000	172.000000	255.000000	0.000000	0.015873	0.079365	0.142857	0.000000	0.000000	0.015873	0.047619	0.000000	0.000000	1.000000	1.617884	1.822414	2.006399	0.033588	0.045186	0.061319	0.000000	0.000000	7.414672	0.780323
/home/lilith/work/codec-eval/codec-corpus/CID22/CID22-512/training/1722183.png	large	512	512	4420.412598	0.234627	0.057712	0.010088	0.008483	0.372559	0.083496	20.121393	0.879627	1.243344	1006.000000	0.030701	0.013500	0.005860	1.000000	0.058180	0.021340	5.000000	0.195655	4.333613	19.064453	3.452148	0.009766	0.000000	0.000000	0.000000	0.000000	0.000000	80.000000	80.000000	0.000000	0.000000	1.000000	0.000000	8.000000	0.000000	0.351528	3.455018	1.135974	0.058907	0.003600	1.000000	1.000000	0.244141	0.124542	25.830107	0.001953	0.090169	0.005906	0.000000	262144.000000	12.476649	512.000000	512.000000	786432.000000	1.000000	0.000000	0.000000	0.000000	3.000000	3.594993	4.438122	4.901584	5.091516	5.344134	0.124139	0.422643	1.000000	1.000000	0.017069	0.034635	0.133001	0.342178	5.000000	27.000000	68.000000	161.000000	255.000000	0.000000	0.000000	0.063492	0.142857	0.000000	0.000000	0.000000	0.000000	0.000000	0.000000	0.000000	1.303399	1.627751	1.811240	0.022611	0.045021	0.058907	0.000000	0.000000	7.669909	0.783487
/home/lilith/work/codec-eval/codec-corpus/CID22/CID22-512/training/1370704.png	large	512	512	4707.297852	0.230881	0.104005	0.010009	0.005388	0.514404	0.248047	33.953831	1.155623	1.101756	3248.000000	0.099121	0.009900	0.009780	2.000000	0.014730	0.014650	5.000000	0.251653	3.921781	21.500000	5.947266	0.003906	0.000000	0.000000	0.000000	0.000000	0.000000	80.000000	80.000000	0.000000	0.000000	1.000000	0.000000	8.000000	0.000000	0.049011	2.968402	1.576729	0.024052	0.016686	1.000000	1.000000	0.138672	0.096344	29.608507	0.003906	0.096370	0.012060	0.000000	262144.000000	12.476649	512.000000	512.000000	786432.000000	1.000000	0.000000	0.000000	0.000000	3.000000	2.696138	4.660398	4.984684	5.154077	5.334080	0.034987	0.142172	1.000000	1.000000	0.025382	0.046845	0.201365	0.394611	2.000000	25.000000	74.000000	192.000000	255.000000	0.000000	0.000000	0.000000	0.190476	0.000000	0.000000	0.000000	0.015873	0.000000	0.000000	0.000000	0.841200	1.096367	1.228851	0.013870	0.020193	0.024052	0.000000	0.000000	8.371333	0.704199
/home/lilith/work/codec-eval/codec-corpus/CID22/CID22-512/training/5146462.png	large	512	512	2115.271484	0.188503	0.140269	0.015964	0.011845	0.435791	0.006836	52.403519	0.504084	1.255952	1980.000000	0.060425	0.021380	0.014600	2.000000	0.071500	0.047220	9.000000	0.143604	4.170648	17.391602	10.688477	0.000000	0.000000	0.000000	0.000000	0.000000	0.000000	80.000000	80.000000	0.000000	0.000000	1.000000	0.000000	8.000000	0.000000	0.015808	3.406626	1.067023	0.074068	0.021627	1.000000	1.000000	0.497070	0.417091	21.638744	0.000000	0.081690	0.022042	0.000000	262144.000000	12.476649	512.000000	512.000000	786432.000000	1.000000	0.000000	0.000000	0.000000	3.000000	3.461414	4.373165	4.779798	4.934059	5.175623	0.124246	0.396595	1.000000	1.000000	0.033732	0.091048	0.436751	0.636234	3.000000	18.000000	47.000000	125.000000	255.000000	0.000000	0.015873	0.031746	0.142857	0.000000	0.000000	0.000000	0.047619	0.000000	0.000000	0.000000	1.529678	1.843447	2.013824	0.036069	0.060047	0.074068	0.000000	0.000000	15.283052	0.860706
/home/lilith/work/codec-eval/codec-corpus/CID22/CID22-512/training/2127969.png	large	512	512	3223.586426	0.289410	0.097803	0.013972	0.018624	0.210693	0.001221	48.775188	1.096665	1.291808	1659.000000	0.050629	0.011030	0.014750	1.000000	0.138730	0.191130	25.000000	0.477877	4.023847	16.636719	9.145508	0.000000	0.000000	0.000000	0.000000	0.000000	0.000000	80.000000	80.000000	0.000000	0.000000	1.000000	0.000000	8.000000	0.000000	0.023479	3.734824	0.848673	0.118607	0.047703	1.000000	1.000000	0.061523	0.000008	22.375124	0.000000	0.118505	0.020120	0.000000	262144.000000	12.476649	512.000000	512.000000	786432.000000	1.000000	0.000000	0.000000	0.000000	3.000000	3.858799	4.309795	4.724939	4.932234	5.209514	0.258704	0.500721	0.912655	1.000000	0.096417	0.166540	0.330274	0.522236	15.000000	37.000000	70.000000	176.000000	255.000000	0.000000	0.031746	0.095238	0.190476	0.000000	0.000000	0.015873	0.031746	0.000000	0.000000	1.000000	1.396853	1.957851	2.483208	0.031252	0.063308	0.118607	0.000000	0.000000	8.767417	0.614776
/home/lilith/work/codec-eval/codec-corpus/CID22/CID22-512/training/21169144185_3f7977cb5a_o.png	large	512	512	3320.630127	0.160646	0.316758	0.018654	0.014935	0.530762	0.062988	116.339874	1.114592	1.174023	9183.000000	0.280243	0.053200	0.057340	11.000000	0.231470	0.252190	53.000000	0.212004	4.341135	24.255859	38.177734	0.001953	0.000000	0.000000	0.000000	0.000000	0.000000	80.000000	80.000000	0.000000	0.000000	1.000000	0.000000	8.000000	0.000000	0.023022	3.204142	1.391119	0.042703	0.022242	1.000000	1.000000	0.445312	0.083191	37.750668	0.027344	0.097517	0.040132	0.000000	262144.000000	12.476649	512.000000	512.000000	786432.000000	1.000000	0.000000	0.000000	0.000000	3.000000	3.023639	4.589128	5.095841	5.237410	5.396289	0.071157	0.235114	1.000000	1.000000	0.034486	0.072855	0.586093	1.000000	1.000000	9.000000	60.000000	218.000000	255.000000	0.000000	0.000000	0.015873	0.174603	0.000000	0.000000	0.000000	0.079365	0.000000	0.000000	0.000000	1.144184	1.379078	1.560617	0.020915	0.032619	0.042703	0.000000	0.000000	12.823728	0.845949
/home/lilith/work/codec-eval/codec-corpus/CID22/CID22-512/training/3779187.png	large	512	512	4786.391602	0.515516	0.086657	0.020261	0.016498	0.028564	0.006348	34.133423	2.191385	0.809716	4655.000000	0.142059	0.028940	0.021910	3.000000	0.126440	0.097580	20.000000	0.172260	4.694094	49.303711	13.418945	0.000000	0.000000	0.000000	0.000000	0.000000	0.000000	80.000000	80.000000	0.000000	0.000000	1.000000	0.000000	8.000000	0.000000	0.222332	4.458145	0.775391	0.366615	0.047122	1.000000	1.000000	0.292969	0.333710	29.415445	0.000000	0.197467	0.028258	0.000000	262144.000000	12.476649	512.000000	512.000000	786432.000000	1.000000	0.000000	0.000000	0.000000	3.000000	4.655549	5.089096	5.235314	5.297511	5.400818	0.600599	1.000000	1.000000	1.000000	0.076562	0.240204	0.476878	0.623153	30.000000	67.000000	111.000000	202.000000	255.000000	0.047619	0.095238	0.190476	0.301587	0.000000	0.000000	0.015873	0.047619	0.000000	1.000000	3.000000	1.568018	3.158193	3.560293	0.042736	0.227796	0.366615	0.000000	0.031746	2.485482	0.777007
/home/lilith/work/codec-eval/codec-corpus/CID22/CID22-512/training/3794859.png	large	512	512	1488.980713	0.196740	0.051731	0.007973	0.006053	0.274170	0.012939	28.696802	0.666505	1.308121	1289.000000	0.039337	0.006160	0.003790	3.000000	0.021910	0.017180	5.000000	0.262549	3.851497	14.053711	3.433594	0.000000	0.000000	0.000000	0.000000	0.000000	0.000000	80.000000	80.000000	0.000000	0.000000	1.000000	0.000000	8.000000	0.000000	0.000313	3.409469	1.061403	0.037159	0.028556	1.000000	1.000000	0.121094	0.983006	22.129068	0.000000	0.083287	0.006386	0.000000	262144.000000	12.476649	512.000000	512.000000	786432.000000	1.000000	0.000000	0.000000	0.000000	3.000000	3.727672	4.162766	4.634537	4.759449	5.087458	0.153159	0.483302	0.857954	1.000000	0.045501	0.083823	0.139122	0.214945	8.000000	25.000000	52.000000	141.000000	255.000000	0.000000	0.000000	0.063492	0.126984	0.000000	0.000000	0.000000	0.015873	0.000000	0.000000	0.000000	1.444971	1.569484	1.628229	0.025464	0.032085	0.037159	0.000000	0.000000	14.342414	0.702445
/home/lilith/work/codec-eval/codec-corpus/CID22/CID22-512/training/208560.png	large	512	512	3752.696777	0.348930	0.186139	0.020853	0.020336	0.093750	0.014648	80.778145	1.233139	1.199827	4811.000000	0.146820	0.024370	0.019630	2.000000	0.165500	0.133010	21.000000	0.228663	4.469098	23.142578	14.904297	0.006836	0.000000	0.000000	0.000000	0.000000	0.000000	80.000000	80.000000	0.000000	0.000000	1.000000	0.000000	8.000000	0.000000	0.021935	3.933736	0.860224	0.204508	0.064145	1.000000	1.000000	0.148438	0.046017	24.092224	0.005859	0.117110	0.026584	0.000000	262144.000000	12.476649	512.000000	512.000000	786432.000000	1.000000	0.000000	0.000000	0.000000	3.000000	3.975176	4.409586	4.927383	5.118814	5.457483	0.361813	0.604533	1.000000	1.000000	0.118920	0.216887	0.403650	0.721644	21.000000	45.000000	78.000000	167.000000	255.000000	0.015873	0.047619	0.095238	0.174603	0.000000	0.000000	0.015873	0.047619	0.000000	0.000000	1.000000	1.004724	2.095552	3.151518	0.016729	0.078877	0.204508	0.000000	0.000000	6.388604	0.644198
/home/lilith/work/codec-eval/codec-corpus/CID22/CID22-512/training/3396657.png	large	512	512	4826.024414	0.213866	0.083727	0.009438	0.007574	0.284424	0.089600	34.855152	0.388087	1.276864	1026.000000	0.031311	0.004860	0.003860	0.000000	0.019340	0.016620	2.000000	0.175657	4.392360	15.723633	4.008789	0.004883	0.000000	0.000000	0.000000	0.000000	0.000000	80.000000	80.000000	0.000000	0.000000	1.000000	0.000000	8.000000	0.000000	0.148262	3.534612	1.067357	0.065997	0.000000	1.000000	1.000000	0.417969	0.475323	13.294839	0.030273	0.099237	0.008510	0.000000	262144.000000	12.476649	512.000000	512.000000	786432.000000	1.000000	0.000000	0.000000	0.000000	3.000000	3.894063	4.337168	4.538702	4.718908	5.162441	0.212663	0.646095	1.000000	1.000000	0.047843	0.108362	0.177254	0.247044	6.000000	21.000000	44.000000	103.000000	255.000000	0.000000	0.015873	0.095238	0.158730	0.000000	0.000000	0.000000	0.015873	0.000000	0.000000	0.000000	0.467979	1.310427	1.875061	0.005629	0.032955	0.065997	0.000000	0.000000	8.821729	0.828186
/home/lilith/work/codec-eval/codec-corpus/clic2025/final-test/50d13125b665e0c4c1673264807bfc3cc7a217819329696843fea4c69aff8b91.png	large	1360	2048	1789.891479	0.036761	0.249488	0.000564	0.000646	0.909573	0.830680	113.280693	0.525502	1.833878	299.000000	0.009125	0.000340	0.000190	0.000000	0.002760	0.001580	4.000000	0.512494	2.566830	1.951784	0.760849	0.573770	0.000000	0.000000	0.000000	0.000000	0.000000	80.000000	80.000000	0.000000	0.000000	1.000000	0.000000	8.000000	0.000000	0.490454	0.751778	1.237507	0.000000	0.000000	1.000000	1.000000	0.024108	0.000479	22.834593	0.672131	0.015215	0.000980	0.000000	2785280.000000	14.839859	1360.000000	2048.000000	8355840.000000	0.664062	0.409379	0.000000	0.011765	3.000000	0.000000	1.144184	2.788776	4.155744	4.763958	0.000000	0.000000	0.024366	0.142634	0.000000	0.000000	0.000000	0.027616	0.000000	0.000000	2.000000	87.000000	255.000000	0.000000	0.000000	0.000000	0.000000	0.000000	0.000000	0.000000	0.000000	0.000000	0.000000	0.000000	0.000000	0.000000	0.000000	0.000000	0.000000	0.000000	0.000000	0.000000	75.801292	0.213127
/home/lilith/work/codec-eval/codec-corpus/CID22/CID22-512/training/167491.png	large	512	512	2552.802002	0.152297	0.176822	0.016008	0.013016	0.210449	0.001465	72.993301	0.368823	1.224120	4146.000000	0.126526	0.015960	0.015170	5.000000	0.085560	0.071900	18.000000	0.132498	4.276186	18.704102	15.902344	0.000000	0.000000	0.000000	0.000000	0.000000	0.000000	80.000000	80.000000	0.000000	0.000000	1.000000	0.000000	8.000000	0.000000	0.023563	3.765486	0.792743	0.150296	0.046183	1.000000	1.000000	0.490234	0.409660	20.774660	0.009766	0.093952	0.030878	0.000000	262144.000000	12.476649	512.000000	512.000000	786432.000000	1.000000	0.000000	0.000000	0.000000	3.000000	3.883206	4.342079	4.703054	4.906062	5.147887	0.335645	0.659920	1.000000	1.000000	0.100335	0.211235	0.384599	0.639748	6.000000	15.000000	36.000000	114.000000	255.000000	0.015873	0.031746	0.079365	0.142857	0.000000	0.000000	0.031746	0.047619	0.000000	0.000000	1.000000	1.691164	2.177130	2.642897	0.038278	0.080786	0.150296	0.000000	0.000000	21.806215	0.853845
/home/lilith/work/codec-eval/codec-corpus/CID22/CID22-512/training/pexels-photo-1933873.png	large	512	512	3747.434570	0.137270	0.091433	0.005262	0.005421	0.317139	0.047607	36.014740	0.304888	1.137433	2417.000000	0.073761	0.001230	0.001010	0.000000	0.009830	0.006900	2.000000	0.087308	4.364506	20.622070	5.312500	0.000000	0.000000	0.000000	0.000000	0.000000	0.000000	80.000000	80.000000	0.000000	0.000000	1.000000	0.000000	8.000000	0.000000	0.117920	3.574869	1.041781	0.079853	0.015793	1.000000	1.000000	0.634766	0.298073	19.582352	0.053711	0.076079	0.009611	0.000000	262144.000000	12.476649	512.000000	512.000000	786432.000000	1.000000	0.000000	0.000000	0.000000	3.000000	3.728271	4.347186	4.829496	5.016224	5.262243	0.211301	0.525798	1.000000	1.000000	0.036112	0.078403	0.182420	0.335302	3.000000	11.000000	32.000000	106.000000	255.000000	0.000000	0.015873	0.063492	0.111111	0.000000	0.000000	0.000000	0.015873	0.000000	0.000000	0.000000	0.941231	1.666869	2.041145	0.019386	0.048866	0.079853	0.000000	0.000000	19.835693	0.875041
/home/lilith/work/codec-eval/codec-corpus/CID22/CID22-512/training/2866385.png	large	512	512	1817.721680	0.236009	0.196201	0.008610	0.007702	0.602051	0.217529	70.709496	0.783707	1.265888	1986.000000	0.060608	0.006430	0.009700	1.000000	0.029250	0.040210	6.000000	0.316897	3.691117	15.050781	3.726562	0.000000	0.000000	0.000000	0.000000	0.000000	0.000000	80.000000	80.000000	0.000000	0.000000	1.000000	0.000000	8.000000	0.000000	0.002140	2.676627	1.528909	0.020649	0.014611	1.000000	1.000000	0.037109	0.347301	19.655733	0.005859	0.088015	0.008386	0.000000	262144.000000	12.476649	512.000000	512.000000	786432.000000	1.000000	0.000000	0.000000	0.000000	3.000000	1.828901	4.408861	4.750238	4.909960	5.140112	0.030906	0.056928	1.000000	1.000000	0.026358	0.049730	0.171477	0.294932	2.000000	23.000000	64.000000	155.000000	255.000000	0.000000	0.000000	0.000000	0.190476	0.000000	0.000000	0.000000	0.015873	0.000000	0.000000	0.000000	0.467977	0.982696	1.196846	0.005892	0.014596	0.020649	0.000000	0.000000	8.720881	0.637406
/home/lilith/work/codec-eval/codec-corpus/CID22/CID22-512/training/1454804.png	large	512	512	1261.738159	0.047200	0.019938	0.001979	0.001439	0.693115	0.230469	11.086905	0.097865	1.662194	399.000000	0.012177	0.000350	0.000340	0.000000	0.001170	0.001120	0.000000	0.100810	3.851092	7.013672	0.273438	0.008789	0.000000	0.000000	0.000000	0.000000	0.000000	80.000000	80.000000	0.000000	0.000000	1.000000	0.000000	8.000000	0.000000	0.027122	2.590136	1.093539	0.030688	0.003403	1.000000	1.000000	0.423828	0.000004	17.555916	0.106445	0.030893	0.000295	0.000000	262144.000000	12.476649	512.000000	512.000000	786432.000000	1.000000	0.000000	0.000000	0.000000	3.000000	2.366890	3.351941	4.271609	4.530845	4.976707	0.053598	0.113958	0.360159	1.000000	0.009206	0.019435	0.029720	0.067880	1.000000	4.000000	13.000000	65.000000	255.000000	0.000000	0.000000	0.000000	0.047619	0.000000	0.000000	0.000000	0.000000	0.000000	0.000000	0.000000	0.586519	1.168792	1.339635	0.009804	0.024582	0.030688	0.000000	0.000000	40.580383	0.813231
/home/lilith/work/codec-eval/codec-corpus/CID22/CID22-512/training/2581922.png	large	512	512	7021.897461	0.109654	0.099418	0.007791	0.006850	0.475830	0.254639	41.331551	0.364168	1.421863	2347.000000	0.071625	0.011950	0.014770	6.000000	0.030900	0.030540	7.000000	0.216022	4.232997	9.387695	5.098633	0.002930	0.000000	0.000000	0.000000	0.000000	0.000000	80.000000	80.000000	0.000000	0.000000	1.000000	0.000000	8.000000	0.000000	0.029079	2.889603	1.263883	0.025967	0.005629	1.000000	1.000000	0.137695	0.000282	26.272816	0.026367	0.063911	0.012509	0.000000	262144.000000	12.476649	512.000000	512.000000	786432.000000	1.000000	0.000000	0.000000	0.000000	3.000000	3.187269	3.911207	4.444082	4.754180	5.226847	0.044265	0.279192	0.610797	1.000000	0.019456	0.051839	0.159763	0.370990	3.000000	15.000000	33.000000	121.000000	255.000000	0.000000	0.000000	0.031746	0.111111	0.000000	0.000000	0.000000	0.015873	0.000000	0.000000	0.000000	0.586513	1.055352	1.224015	0.007800	0.018807	0.025967	0.000000	0.000000	23.382332	0.702135
/home/lilith/work/codec-eval/codec-corpus/CID22/CID22-512/training/7195294.png	large	512	512	2765.343994	0.094967	0.139607	0.007758	0.006237	0.406738	0.026367	49.719864	0.202427	1.420972	2758.000000	0.084167	0.006690	0.004570	1.000000	0.027840	0.022820	9.000000	0.095071	4.440179	11.200195	5.154297	0.005859	0.000000	0.000000	0.000000	0.000000	0.000000	80.000000	80.000000	0.000000	0.000000	1.000000	0.000000	8.000000	0.000000	0.157181	3.214782	0.932120	0.067915	0.013983	1.000000	1.000000	0.450195	0.375980	17.108843	0.076172	0.050347	0.008975	0.000000	262144.000000	12.476649	512.000000	512.000000	786432.000000	1.000000	0.000000	0.000000	0.000000	3.000000	3.253035	3.862950	4.491569	4.769991	5.077150	0.130545	0.300905	0.640460	1.000000	0.027281	0.056399	0.148221	0.312873	4.000000	12.000000	27.000000	81.000000	255.000000	0.000000	0.000000	0.031746	0.079365	0.000000	0.000000	0.000000	0.015873	0.000000	0.000000	0.000000	1.356982	1.715482	1.908486	0.034064	0.054493	0.067915	0.000000	0.000000	21.785835	0.842911
/home/lilith/work/codec-eval/codec-corpus/CID22/CID22-512/training/3DPieChart.png	large	512	512	2908.041016	0.077753	0.203648	0.003462	0.002045	0.641846	0.575195	76.758789	1.008101	1.062130	950.000000	0.028992	0.008360	0.006190	6.000000	0.018210	0.017820	16.000000	0.114899	3.126364	25.669922	6.119141	0.641602	0.000000	0.000000	0.000000	0.000000	0.000000	80.000000	80.000000	0.000000	0.000000	1.000000	0.000000	8.000000	0.000000	0.654362	1.982494	2.251142	0.000000	0.000000	1.000000	1.000000	0.277344	0.058262	66.574600	0.714844	0.055726	0.009998	0.000000	262144.000000	12.476649	512.000000	512.000000	786432.000000	1.000000	0.000000	0.000000	0.000000	3.000000	0.297623	4.005443	5.380871	5.601311	5.737250	0.000000	0.005629	0.807414	1.000000	0.000000	0.000000	0.000000	0.495901	0.000000	1.000000	20.000000	194.000000	255.000000	0.000000	0.000000	0.000000	0.079365	0.000000	0.000000	0.000000	0.000000	0.000000	0.000000	0.000000	0.000000	0.000000	0.000000	0.000000	0.000000	0.000000	0.000000	0.000000	18.295292	0.412864
/home/lilith/work/codec-eval/codec-corpus/CID22/CID22-512/training/5184684.png	large	512	512	2081.367432	0.106981	0.107984	0.006065	0.006771	0.444824	0.073486	42.269295	0.212861	1.222301	2056.000000	0.062744	0.002180	0.003050	0.000000	0.034270	0.040430	14.000000	0.129948	3.927186	12.526367	6.526367	0.011719	0.000000	0.000000	0.000000	0.000000	0.000000	80.000000	80.000000	0.000000	0.000000	1.000000	0.000000	8.000000	0.000000	0.023228	3.163966	1.112306	0.041837	0.016172	1.000000	1.000000	0.432617	0.280872	15.122820	0.011719	0.059524	0.012044	0.000000	262144.000000	12.476649	512.000000	512.000000	786432.000000	1.000000	0.000000	0.000000	0.000000	3.000000	3.215092	4.155723	4.591058	4.774181	5.056791	0.089726	0.282722	0.881755	1.000000	0.026177	0.063154	0.134916	0.421610	3.000000	11.000000	29.000000	84.000000	255.000000	0.000000	0.000000	0.031746	0.095238	0.000000	0.000000	0.000000	0.015873	0.000000	0.000000	0.000000	1.277323	1.456508	1.579605	0.021726	0.032923	0.041837	0.000000	0.000000	19.046598	0.809376
/home/lilith/work/codec-eval/codec-corpus/CID22/CID22-512/training/2119713.png	large	512	512	3531.527344	0.324306	0.114285	0.007912	0.009797	0.166260	0.016113	43.504890	1.314005	0.920196	1283.000000	0.039154	0.006990	0.003970	4.000000	0.068910	0.037250	17.000000	0.194033	4.477000	28.652344	8.331055	0.001953	0.000000	0.000000	0.000000	0.000000	0.000000	80.000000	80.000000	0.000000	0.000000	1.000000	0.000000	8.000000	0.000000	0.050877	3.932096	1.024756	0.091701	0.021332	1.000000	1.000000	0.266602	0.250122	27.934076	0.000000	0.116381	0.012199	0.000000	262144.000000	12.476649	512.000000	512.000000	786432.000000	1.000000	0.000000	0.000000	0.000000	3.000000	4.174596	4.721415	5.022070	5.140022	5.312053	0.319637	0.775539	1.000000	1.000000	0.043762	0.102385	0.277758	0.541667	15.000000	44.000000	83.000000	176.000000	255.000000	0.000000	0.031746	0.095238	0.174603	0.000000	0.000000	0.000000	0.015873	0.000000	0.000000	1.000000	1.317019	1.645759	2.240198	0.026342	0.042194	0.091701	0.000000	0.000000	5.825035	0.733233
/home/lilith/work/codec-eval/codec-corpus/CID22/CID22-512/training/1173777.png	large	512	512	912.225708	0.320924	0.117743	0.033328	0.028357	0.087158	0.002197	49.728481	1.059341	1.188177	2963.000000	0.090424	0.054160	0.050510	3.000000	0.241580	0.219920	16.000000	0.322274	3.379479	20.583984	19.469727	0.003906	0.000000	0.000000	0.000000	0.000000	0.000000	80.000000	80.000000	0.000000	0.000000	1.000000	0.000000	8.000000	0.000000	0.008759	4.019326	0.678836	0.230304	0.130179	1.000000	1.000000	0.062500	0.056324	23.253143	0.001953	0.144593	0.045759	0.000000	262144.000000	12.476649	512.000000	512.000000	786432.000000	1.000000	0.000000	0.000000	0.000000	3.000000	4.142256	4.449202	4.705890	5.027298	5.217812	0.451338	0.786335	1.000000	1.000000	0.230511	0.349154	0.533425	0.718193	16.000000	38.000000	70.000000	171.000000	255.000000	0.015873	0.079365	0.142857	0.206349	0.000000	0.015873	0.047619	0.063492	0.000000	0.000000	1.000000	1.968483	2.769089	3.097122	0.062215	0.160384	0.230304	0.000000	0.000000	8.451519	0.709938
/home/lilith/work/codec-eval/codec-corpus/CID22/CID22-512/training/239581.png	large	512	512	4199.189453	0.083865	0.115550	0.007155	0.006103	0.632324	0.553467	45.589165	0.182029	1.397254	4092.000000	0.124878	0.005010	0.003490	2.000000	0.024290	0.022330	14.000000	0.073004	3.254426	13.674805	7.620117	0.025391	0.000000	0.000000	0.000000	0.000000	0.000000	80.000000	80.000000	0.000000	0.000000	1.000000	0.000000	8.000000	0.000000	0.019855	2.392990	1.621328	0.011496	0.003483	1.000000	1.000000	0.328125	0.212345	23.257072	0.069336	0.048921	0.015082	0.000000	262144.000000	12.476649	512.000000	512.000000	786432.000000	1.000000	0.000000	0.000000	0.000000	3.000000	1.278396	4.039151	4.757246	4.976542	5.279943	0.018040	0.028079	0.802935	1.000000	0.012445	0.025445	0.203875	0.465365	1.000000	3.000000	16.000000	89.000000	255.000000	0.000000	0.000000	0.000000	0.079365	0.000000	0.000000	0.000000	0.031746	0.000000	0.000000	0.000000	0.000000	0.586515	0.808712	0.000000	0.007259	0.011496	0.000000	0.000000	42.682858	0.614319
/home/lilith/work/codec-eval/codec-corpus/CID22/CID22-512/training/5212582.png	large	512	512	934.910461	0.001375	0.119797	0.005776	0.002538	0.961426	0.025635	40.906967	0.015177	2.625017	703.000000	0.021454	0.001480	0.001400	0.000000	0.002000	0.002210	0.000000	0.108751	3.546701	0.656250	1.159180	0.000000	0.000000	0.000000	0.000000	0.000000	0.000000	80.000000	80.000000	0.000000	0.000000	1.000000	0.000000	8.000000	0.000000	0.081776	1.938119	0.535905	0.023667	0.031194	1.000000	1.000000	0.270508	0.334675	35.352592	0.000000	0.005022	0.002434	0.000000	262144.000000	12.476649	512.000000	512.000000	786432.000000	1.000000	0.000000	0.000000	0.000000	3.000000	1.845776	2.241757	2.687529	2.928908	3.535666	0.034360	0.056491	0.101189	0.173044	0.041162	0.053413	0.074127	0.127603	1.000000	2.000000	4.000000	7.000000	255.000000	0.000000	0.000000	0.000000	0.000000	0.000000	0.000000	0.000000	0.000000	0.000000	0.000000	0.000000	1.121703	1.233234	1.314065	0.015859	0.019986	0.023667	0.000000	0.000000	1272.643677	0.704963
/home/lilith/work/codec-eval/codec-corpus/CID22/CID22-512/training/1546166.png	large	512	512	3883.305908	0.245710	0.183165	0.018474	0.007227	0.238037	0.000244	61.301826	0.964277	1.284661	6433.000000	0.196320	0.022550	0.024480	4.000000	0.023360	0.023280	11.000000	0.225898	4.472841	23.065430	13.718750	0.000000	0.000000	0.000000	0.000000	0.000000	0.000000	80.000000	80.000000	0.000000	0.000000	1.000000	0.000000	8.000000	0.000000	0.005581	3.784358	0.924966	0.100703	0.031912	1.000000	1.000000	0.119141	0.267487	25.772356	0.000000	0.116893	0.027297	0.000000	262144.000000	12.476649	512.000000	512.000000	786432.000000	1.000000	0.000000	0.000000	0.000000	3.000000	3.863765	4.574341	4.931803	5.103015	5.401886	0.200319	0.525824	1.000000	1.000000	0.053210	0.189878	0.465315	0.734529	12.000000	32.000000	67.000000	166.000000	255.000000	0.000000	0.015873	0.095238	0.206349	0.000000	0.000000	0.015873	0.047619	0.000000	0.000000	1.000000	1.967241	2.232838	2.390825	0.056911	0.079192	0.100703	0.000000	0.000000	9.002580	0.677397
/home/lilith/work/codec-eval/codec-corpus/CID22/CID22-512/training/1391487.png	large	512	512	1062.202637	0.105970	0.187474	0.009648	0.008504	0.246582	0.000000	81.000816	0.183283	1.186341	3274.000000	0.099915	0.003240	0.003990	0.000000	0.022190	0.023250	8.000000	0.155991	3.692652	10.182617	11.920898	0.000000	0.000000	0.000000	0.000000	0.000000	0.000000	80.000000	80.000000	0.000000	0.000000	1.000000	0.000000	8.000000	0.000000	0.085159	3.510311	0.631888	0.139650	0.038851	1.000000	1.000000	0.330078	0.103645	10.420493	0.000000	0.067073	0.021531	0.000000	262144.000000	12.476649	512.000000	512.000000	786432.000000	1.000000	0.000000	0.000000	0.000000	3.000000	3.573493	3.943660	4.310998	4.562633	4.783889	0.238616	0.427663	0.663951	1.000000	0.060330	0.108641	0.261603	0.618535	6.000000	14.000000	29.000000	71.000000	200.000000	0.000000	0.015873	0.063492	0.111111	0.000000	0.000000	0.015873	0.031746	0.000000	0.000000	1.000000	2.106997	2.426512	2.621176	0.074259	0.112922	0.139650	0.000000	0.000000	11.371717	0.796304
/home/lilith/work/codec-eval/codec-corpus/CID22/CID22-512/validation/159550.png	large	512	512	4719.793945	0.079274	0.115386	0.005008	0.003084	0.510010	0.041016	39.334423	0.539408	1.401571	2580.000000	0.078735	0.002460	0.002790	1.000000	0.003570	0.004380	4.000000	0.133263	4.408510	18.947266	4.474609	0.009766	0.000000	0.000000	0.000000	0.000000	0.000000	80.000000	80.000000	0.000000	0.000000	1.000000	0.000000	8.000000	0.000000	0.170574	3.202705	1.120270	0.054418	0.015654	1.000000	1.000000	0.562500	0.293777	45.933353	0.032227	0.064143	0.008619	0.000000	262144.000000	12.476649	512.000000	512.000000	786432.000000	1.000000	0.000000	0.000000	0.000000	3.000000	3.059917	3.981059	4.882230	5.233676	5.585907	0.114113	0.267032	0.746855	1.000000	0.027173	0.048599	0.112729	0.284854	2.000000	5.000000	21.000000	165.000000	255.000000	0.000000	0.000000	0.015873	0.079365	0.000000	0.000000	0.000000	0.015873	0.000000	0.000000	0.000000	1.224018	1.515002	1.783546	0.019860	0.033989	0.054418	0.000000	0.000000	32.376980	0.860717
/home/lilith/work/codec-eval/codec-corpus/CID22/CID22-512/training/6763758.png	large	512	512	4118.853027	0.111397	0.216570	0.007929	0.006499	0.290283	0.012451	77.187813	0.161783	1.200961	5288.000000	0.161377	0.002920	0.004800	1.000000	0.012560	0.024770	9.000000	0.048167	4.598192	19.845703	11.912109	0.007812	0.000000	0.000000	0.000000	0.000000	0.000000	80.000000	80.000000	0.000000	0.000000	1.000000	0.000000	8.000000	0.000000	0.058758	3.624529	0.928467	0.106022	0.022827	1.000000	1.000000	0.732422	0.430256	17.745428	0.044922	0.068747	0.021329	0.000000	262144.000000	12.476649	512.000000	512.000000	786432.000000	1.000000	0.000000	0.000000	0.000000	3.000000	3.645040	4.359053	4.858554	5.030449	5.233900	0.210243	0.522721	1.000000	1.000000	0.042973	0.107956	0.335723	0.583758	3.000000	9.000000	23.000000	77.000000	255.000000	0.000000	0.015873	0.047619	0.111111	0.000000	0.000000	0.015873	0.031746	0.000000	0.000000	0.000000	1.497450	2.003245	2.342639	0.037589	0.074448	0.106022	0.000000	0.000000	24.467352	0.894396
/home/lilith/work/codec-eval/codec-corpus/CID22/CID22-512/training/3493730.png	large	512	512	2527.614014	0.099846	0.065412	0.005096	0.003958	0.132568	0.001221	25.995977	0.169824	1.373668	1357.000000	0.041412	0.000750	0.000950	0.000000	0.003040	0.003720	1.000000	0.084944	4.436148	15.321289	3.759766	0.001953	0.000000	0.000000	0.000000	0.000000	0.000000	80.000000	80.000000	0.000000	0.000000	1.000000	0.000000	8.000000	0.000000	0.027691	3.720763	0.574329	0.224365	0.031141	1.000000	1.000000	0.670898	0.206566	10.221887	0.014648	0.069630	0.006944	0.000000	262144.000000	12.476649	512.000000	512.000000	786432.000000	1.000000	0.000000	0.000000	0.000000	3.000000	3.746721	4.113690	4.440720	4.629133	4.955720	0.363599	0.554030	0.866444	1.000000	0.043367	0.069362	0.123626	0.218316	4.000000	12.000000	28.000000	71.000000	225.000000	0.015873	0.031746	0.063492	0.095238	0.000000	0.000000	0.000000	0.015873	0.000000	0.000000	0.000000	2.242417	2.775565	2.949359	0.099924	0.182126	0.224365	0.000000	0.015873	11.986170	0.901596
/home/lilith/work/codec-eval/codec-corpus/CID22/CID22-512/training/1459534.png	large	512	512	2489.882080	0.592377	0.101785	0.039783	0.015574	0.043213	0.000244	46.320183	2.447143	0.823759	2871.000000	0.087616	0.073640	0.075450	4.000000	0.072590	0.072010	7.000000	0.405827	4.320302	42.365234	16.083984	0.000000	0.000000	0.000000	0.000000	0.000000	0.000000	80.000000	80.000000	0.000000	0.000000	1.000000	0.000000	8.000000	0.000000	0.009418	4.497189	0.556332	0.571123	0.163667	1.000000	1.000000	0.071289	0.749470	21.974297	0.000000	0.240265	0.037543	0.000000	262144.000000	12.476649	512.000000	512.000000	786432.000000	1.000000	0.000000	0.000000	0.000000	3.000000	4.622048	4.838017	4.991667	5.091653	5.225002	0.922318	1.000000	1.000000	1.000000	0.267135	0.374331	0.485954	0.596191	34.000000	72.000000	116.000000	210.000000	255.000000	0.095238	0.174603	0.253968	0.317460	0.000000	0.015873	0.031746	0.047619	0.000000	1.000000	3.000000	2.238634	3.355017	3.874184	0.094291	0.327040	0.571123	0.000000	0.031746	2.117239	0.695877
/home/lilith/work/codec-eval/codec-corpus/CID22/CID22-512/training/209864.png	large	512	512	2764.409912	0.115096	0.125245	0.003826	0.002554	0.556396	0.003174	51.131031	0.544830	1.522115	1868.000000	0.057007	0.001460	0.002370	1.000000	0.002900	0.005150	3.000000	0.229777	4.031667	13.181641	2.644531	0.001953	0.000000	0.000000	0.000000	0.000000	0.000000	80.000000	80.000000	0.000000	0.000000	1.000000	0.000000	8.000000	0.000000	0.093250	3.205523	0.881769	0.081748	0.019295	1.000000	1.000000	0.161133	0.249901	34.861843	0.002930	0.059663	0.004371	0.000000	262144.000000	12.476649	512.000000	512.000000	786432.000000	1.000000	0.000000	0.000000	0.000000	3.000000	2.914269	3.876416	4.462497	4.984329	5.535462	0.111906	0.204309	0.549516	1.000000	0.026805	0.037367	0.070503	0.152057	6.000000	12.000000	33.000000	152.000000	255.000000	0.000000	0.000000	0.015873	0.063492	0.000000	0.000000	0.000000	0.000000	0.000000	0.000000	0.000000	2.055892	2.260631	2.370027	0.050135	0.068516	0.081748	0.000000	0.000000	26.438150	0.682956
/home/lilith/work/codec-eval/codec-corpus/CID22/CID22-512/training/333963.png	large	512	512	4369.083984	0.283282	0.203853	0.027682	0.015706	0.241699	0.002686	98.422340	0.956119	1.121132	1939.000000	0.059174	0.037250	0.089820	8.000000	0.075270	0.164370	13.000000	0.252861	4.615779	21.291992	19.317383	0.000000	0.000000	0.000000	0.000000	0.000000	0.000000	80.000000	80.000000	0.000000	0.000000	1.000000	0.000000	8.000000	0.000000	0.004387	3.708283	1.072220	0.070941	0.044973	1.000000	1.000000	0.191406	0.254227	24.066284	0.005859	0.122427	0.038675	0.000000	262144.000000	12.476649	512.000000	512.000000	786432.000000	1.000000	0.000000	0.000000	0.000000	3.000000	3.926381	4.520062	4.933112	5.075829	5.268364	0.231599	0.588174	1.000000	1.000000	0.110551	0.293815	0.590147	0.921610	11.000000	33.000000	68.000000	161.000000	255.000000	0.000000	0.015873	0.095238	0.222222	0.000000	0.000000	0.031746	0.063492	0.000000	0.000000	0.000000	1.125787	1.499815	2.060463	0.017818	0.036406	0.070941	0.000000	0.000000	8.569510	0.718300
/home/lilith/work/codec-eval/codec-corpus/CID22/CID22-512/training/225284.png	large	512	512	2508.910400	0.424834	0.183637	0.016068	0.006054	0.113525	0.004395	68.375916	1.667501	0.936381	3780.000000	0.115356	0.017290	0.024050	2.000000	0.016560	0.020620	5.000000	0.237848	4.390073	38.090820	8.125977	0.000000	0.000000	0.000000	0.000000	0.000000	0.000000	80.000000	80.000000	0.000000	0.000000	1.000000	0.000000	8.000000	0.000000	0.028080	4.183273	0.878994	0.205632	0.056998	1.000000	1.000000	0.216797	0.328739	24.316763	0.002930	0.173751	0.016121	0.000000	262144.000000	12.476649	512.000000	512.000000	786432.000000	1.000000	0.000000	0.000000	0.000000	3.000000	4.510859	4.879152	5.039994	5.152355	5.378398	0.369729	1.000000	1.000000	1.000000	0.095763	0.159335	0.265015	0.416959	21.000000	51.000000	94.000000	197.000000	255.000000	0.015873	0.047619	0.174603	0.269841	0.000000	0.000000	0.015873	0.031746	0.000000	0.000000	1.000000	1.694468	2.512467	3.003131	0.051116	0.141329	0.205632	0.000000	0.015873	4.552973	0.765552
/home/lilith/work/codec-eval/codec-corpus/CID22/CID22-512/training/2444429.png	large	512	512	4941.513672	0.065452	0.142263	0.004798	0.005310	0.666016	0.095459	55.607056	0.170529	1.684216	2542.000000	0.077576	0.002250	0.002750	1.000000	0.016800	0.021320	6.000000	0.144125	4.407502	7.437500	4.621094	0.003906	0.000000	0.000000	0.000000	0.000000	0.000000	80.000000	80.000000	0.000000	0.000000	1.000000	0.000000	8.000000	0.000000	0.094158	2.688227	1.071741	0.038861	0.021662	1.000000	1.000000	0.366211	0.060173	22.062733	0.006836	0.043790	0.008216	0.000000	262144.000000	12.476649	512.000000	512.000000	786432.000000	1.000000	0.000000	0.000000	0.000000	3.000000	2.359836	3.621045	4.255980	4.656661	5.097605	0.057022	0.117197	0.446973	1.000000	0.030300	0.053007	0.142732	0.305655	1.000000	5.000000	20.000000	83.000000	255.000000	0.000000	0.000000	0.015873	0.063492	0.000000	0.000000	0.000000	0.000000	0.000000	0.000000	0.000000	1.193385	1.386666	1.485854	0.023583	0.033059	0.038861	0.000000	0.000000	38.944077	0.834367
/home/lilith/work/codec-eval/codec-corpus/CID22/CID22-512/training/258947.png	large	512	512	2898.646240	0.149938	0.106494	0.010250	0.007373	0.372314	0.000000	53.627487	0.247616	1.143342	2436.000000	0.074341	0.004360	0.006710	1.000000	0.014670	0.021160	5.000000	0.068333	4.232034	18.267578	9.681641	0.000000	0.000000	0.000000	0.000000	0.000000	0.000000	80.000000	80.000000	0.000000	0.000000	1.000000	0.000000	8.000000	0.000000	0.004501	3.539951	0.962593	0.079742	0.033166	1.000000	1.000000	0.466797	0.802891	19.397396	0.000000	0.074234	0.017888	0.000000	262144.000000	12.476649	512.000000	512.000000	786432.000000	1.000000	0.000000	0.000000	0.000000	3.000000	3.588321	4.423982	4.796928	4.976445	5.256539	0.145972	0.474717	1.000000	1.000000	0.045643	0.098550	0.306444	0.549595	6.000000	13.000000	31.000000	90.000000	247.000000	0.000000	0.015873	0.047619	0.126984	0.000000	0.000000	0.000000	0.031746	0.000000	0.000000	1.000000	2.020607	2.147484	2.259438	0.050308	0.064240	0.079742	0.000000	0.000000	16.602295	0.822843
/home/lilith/work/codec-eval/codec-corpus/CID22/CID22-512/training/4934193.png	large	512	512	5892.387695	0.094110	0.121707	0.004551	0.006086	0.538574	0.136230	50.746048	0.246591	1.363982	2689.000000	0.082062	0.001950	0.001780	0.000000	0.033440	0.027270	19.000000	0.102734	4.092700	11.953125	6.050781	0.000000	0.000000	0.000000	0.000000	0.000000	0.000000	80.000000	80.000000	0.000000	0.000000	1.000000	0.000000	8.000000	0.000000	0.248421	2.937042	1.154760	0.037713	0.003102	1.000000	1.000000	0.418945	0.184227	22.795534	0.005859	0.050270	0.010122	0.000000	262144.000000	12.476649	512.000000	512.000000	786432.000000	1.000000	0.000000	0.000000	0.000000	3.000000	2.845631	3.866225	4.648555	4.864215	5.251957	0.067205	0.196026	0.627731	1.000000	0.011659	0.029629	0.113170	0.358094	2.000000	8.000000	26.000000	98.000000	255.000000	0.000000	0.000000	0.015873	0.063492	0.000000	0.000000	0.000000	0.000000	0.000000	0.000000	0.000000	1.000000	1.397668	1.543874	0.013933	0.027656	0.037713	0.000000	0.000000	24.699335	0.807517
/home/lilith/work/codec-eval/codec-corpus/CID22/CID22-512/training/3836671.png	large	512	512	3950.478271	0.065253	0.024241	0.001553	0.001869	0.611084	0.171143	10.334551	0.325619	1.683376	469.000000	0.014313	0.000170	0.000160	0.000000	0.001700	0.001530	0.000000	0.163786	4.243220	10.976562	0.351562	0.025391	0.000000	0.000000	0.000000	0.000000	0.000000	80.000000	80.000000	0.000000	0.000000	1.000000	0.000000	8.000000	0.000000	0.513233	2.746237	1.183998	0.036032	0.004616	1.000000	1.000000	0.455078	0.139812	34.515804	0.093750	0.047123	0.000574	0.000000	262144.000000	12.476649	512.000000	512.000000	786432.000000	1.000000	0.000000	0.000000	0.000000	3.000000	2.677094	3.519303	4.464806	4.826156	5.355874	0.065139	0.156924	0.453106	1.000000	0.010990	0.020528	0.034096	0.068616	1.000000	6.000000	17.000000	125.000000	255.000000	0.000000	0.000000	0.015873	0.047619	0.000000	0.000000	0.000000	0.000000	0.000000	0.000000	0.000000	0.000000	1.144183	1.414711	0.000000	0.022805	0.036032	0.000000	0.000000	44.080742	0.824250
/home/lilith/work/codec-eval/codec-corpus/CID22/CID22-512/training/580612.png	large	512	512	2215.524414	0.142298	0.221009	0.017267	0.011092	0.347412	0.031738	77.867424	0.246864	1.174379	5686.000000	0.173523	0.025050	0.021340	5.000000	0.063780	0.051540	12.000000	0.098574	4.327050	17.631836	14.260742	0.001953	0.000000	0.000000	0.000000	0.000000	0.000000	80.000000	80.000000	0.000000	0.000000	1.000000	0.000000	8.000000	0.000000	0.015583	3.469881	1.065843	0.060412	0.027018	1.000000	1.000000	0.661133	0.382580	16.303411	0.044922	0.077970	0.027886	0.000000	262144.000000	12.476649	512.000000	512.000000	786432.000000	1.000000	0.000000	0.000000	0.000000	3.000000	3.674975	4.390996	4.717644	4.868089	5.077465	0.168822	0.534477	1.000000	1.000000	0.055886	0.171773	0.449229	0.736783	2.000000	9.000000	30.000000	94.000000	255.000000	0.000000	0.015873	0.047619	0.142857	0.000000	0.000000	0.015873	0.047619	0.000000	0.000000	0.000000	1.220356	1.515212	1.824451	0.023521	0.040262	0.060412	0.000000	0.000000	20.308416	0.907539
/home/lilith/work/codec-eval/codec-corpus/CID22/CID22-512/training/3044702.png	large	512	512	4216.219238	0.186144	0.105029	0.015209	0.006059	0.390625	0.067383	34.834518	0.566087	1.357268	2939.000000	0.089691	0.019390	0.019780	3.000000	0.019930	0.020700	3.000000	0.266859	4.499744	14.544922	6.585938	0.000000	0.000000	0.000000	0.000000	0.000000	0.000000	80.000000	80.000000	0.000000	0.000000	1.000000	0.000000	8.000000	0.000000	0.294506	3.303999	1.088738	0.041596	0.011420	1.000000	1.000000	0.264648	0.094807	19.277456	0.000000	0.086945	0.015206	0.000000	262144.000000	12.476649	512.000000	512.000000	786432.000000	1.000000	0.000000	0.000000	0.000000	3.000000	3.448204	4.202270	4.648834	4.903233	5.145785	0.118474	0.367360	0.856297	1.000000	0.017077	0.026701	0.276419	0.487169	5.000000	20.000000	49.000000	134.000000	255.000000	0.000000	0.000000	0.047619	0.142857	0.000000	0.000000	0.000000	0.031746	0.000000	0.000000	0.000000	1.273000	1.471429	1.626950	0.024004	0.033812	0.041596	0.000000	0.000000	13.321098	0.759187
/home/lilith/work/codec-eval/codec-corpus/CID22/CID22-512/training/2123337.png	large	512	512	3396.540527	0.225535	0.088941	0.009862	0.010043	0.274170	0.003174	45.456810	0.810567	1.190078	1538.000000	0.046936	0.007390	0.010090	1.000000	0.041560	0.055850	5.000000	0.137570	4.167226	25.561523	10.012695	0.005859	0.000000	0.000000	0.000000	0.000000	0.000000	80.000000	80.000000	0.000000	0.000000	1.000000	0.000000	8.000000	0.000000	0.054077	3.839267	0.969341	0.100714	0.026895	1.000000	1.000000	0.279297	0.522396	28.602922	0.005859	0.093952	0.017191	0.000000	262144.000000	12.476649	512.000000	512.000000	786432.000000	1.000000	0.000000	0.000000	0.000000	3.000000	3.891585	4.654321	5.046870	5.244126	5.401371	0.263613	0.622457	1.000000	1.000000	0.072721	0.176783	0.327707	0.486909	10.000000	27.000000	60.000000	157.000000	255.000000	0.000000	0.015873	0.079365	0.126984	0.000000	0.000000	0.015873	0.031746	0.000000	0.000000	1.000000	1.669782	2.004322	2.451786	0.036926	0.062751	0.100714	0.000000	0.000000	10.076070	0.776606
/home/lilith/work/codec-eval/codec-corpus/CID22/CID22-512/training/1183021.png	large	512	512	891.263123	0.052278	0.088572	0.004693	0.006255	0.551514	0.492188	35.397705	0.115879	1.465537	415.000000	0.012665	0.001950	0.001410	0.000000	0.027600	0.017050	5.000000	0.249662	2.884527	4.381836	3.152344	0.055664	0.000000	0.000000	0.000000	0.000000	0.000000	80.000000	80.000000	0.000000	0.000000	1.000000	0.000000	8.000000	0.000000	0.234051	2.202540	1.435242	0.006175	0.000000	1.000000	1.000000	0.060547	0.301132	7.490376	0.083984	0.035652	0.007487	0.000000	262144.000000	12.476649	512.000000	512.000000	786432.000000	1.000000	0.000000	0.000000	0.000000	3.000000	1.477120	3.606380	3.980383	4.140003	4.397435	0.014792	0.037822	0.430184	0.704744	0.007196	0.018157	0.150878	0.300741	1.000000	10.000000	24.000000	57.000000	152.000000	0.000000	0.000000	0.000000	0.063492	0.000000	0.000000	0.000000	0.000000	0.000000	0.000000	0.000000	0.000000	0.297620	0.467982	0.000000	0.003102	0.006175	0.000000	0.000000	8.686308	0.507605
/home/lilith/work/codec-eval/codec-corpus/CID22/CID22-512/training/7218572.png	large	512	512	2373.419189	0.099207	0.095582	0.005728	0.004697	0.598389	0.115234	32.078186	0.227657	1.265631	1664.000000	0.050781	0.004330	0.002110	0.000000	0.017920	0.010350	8.000000	0.081921	4.092317	14.283203	4.445312	0.001953	0.000000	0.000000	0.000000	0.000000	0.000000	80.000000	80.000000	0.000000	0.000000	1.000000	0.000000	8.000000	0.000000	0.256062	2.912796	1.262828	0.029141	0.004124	1.000000	1.000000	0.376953	0.194191	21.302546	0.003906	0.055122	0.008092	0.000000	262144.000000	12.476649	512.000000	512.000000	786432.000000	1.000000	0.000000	0.000000	0.000000	3.000000	2.539076	4.094042	4.794558	5.007321	5.212259	0.041564	0.142930	0.839117	1.000000	0.014501	0.028066	0.124653	0.383384	2.000000	6.000000	26.000000	93.000000	255.000000	0.000000	0.000000	0.015873	0.095238	0.000000	0.000000	0.000000	0.000000	0.000000	0.000000	0.000000	1.228849	1.397668	1.505149	0.019085	0.025073	0.029141	0.000000	0.000000	22.061623	0.749744
/home/lilith/work/codec-eval/codec-corpus/CID22/CID22-512/validation/1624487.png	large	512	512	3316.658447	0.137595	0.146892	0.012679	0.009377	0.212646	0.004150	66.239433	0.413415	1.291569	4567.000000	0.139374	0.007800	0.008870	2.000000	0.034710	0.037770	13.000000	0.120782	4.566225	21.279297	12.123047	0.001953	0.000000	0.000000	0.000000	0.000000	0.000000	80.000000	80.000000	0.000000	0.000000	1.000000	0.000000	8.000000	0.000000	0.009136	3.740207	0.864374	0.135470	0.030151	1.000000	1.000000	0.769531	0.689045	23.025835	0.066406	0.087100	0.025344	0.000000	262144.000000	12.476649	512.000000	512.000000	786432.000000	1.000000	0.000000	0.000000	0.000000	3.000000	3.857098	4.402209	4.756855	4.955774	5.178475	0.322069	0.665369	1.000000	1.000000	0.072992	0.177483	0.356041	0.548362	2.000000	9.000000	27.000000	140.000000	255.000000	0.015873	0.031746	0.063492	0.126984	0.000000	0.000000	0.015873	0.047619	0.000000	0.000000	0.000000	1.524234	2.045323	2.479198	0.039296	0.079767	0.135470	0.000000	0.000000	30.147217	0.926614
/home/lilith/work/codec-eval/codec-corpus/CID22/CID22-512/training/1624307.png	large	512	512	3031.846680	0.276224	0.145822	0.019375	0.013884	0.152100	0.000977	48.340630	0.793874	1.101696	4638.000000	0.141541	0.023740	0.028500	6.000000	0.073230	0.083900	12.000000	0.200723	4.461546	23.084961	14.000000	0.000000	0.000000	0.000000	0.000000	0.000000	0.000000	80.000000	80.000000	0.000000	0.000000	1.000000	0.000000	8.000000	0.000000	0.031670	3.941932	0.782975	0.167321	0.064424	1.000000	1.000000	0.259766	0.412365	20.906757	0.000000	0.125419	0.028413	0.000000	262144.000000	12.476649	512.000000	512.000000	786432.000000	1.000000	0.000000	0.000000	0.000000	3.000000	4.080173	4.525682	4.860667	4.996778	5.214915	0.376533	0.778162	1.000000	1.000000	0.109709	0.226292	0.425161	0.614526	13.000000	33.000000	62.000000	142.000000	255.000000	0.015873	0.047619	0.111111	0.190476	0.000000	0.000000	0.015873	0.047619	0.000000	0.000000	1.000000	1.948093	2.409273	2.732996	0.070871	0.120840	0.167321	0.000000	0.000000	8.862012	0.792308
/home/lilith/work/codec-eval/codec-corpus/CID22/CID22-512/training/1484678.png	large	512	512	4333.040527	0.079048	0.194449	0.012210	0.006655	0.542725	0.067139	75.174202	0.162085	1.444383	5990.000000	0.182800	0.018550	0.013020	11.000000	0.032750	0.019560	11.000000	0.070667	4.634799	11.812500	10.411133	0.011719	0.000000	0.000000	0.000000	0.000000	0.000000	80.000000	80.000000	0.000000	0.000000	1.000000	0.000000	8.000000	0.000000	0.072876	2.989860	1.089064	0.037449	0.014928	1.000000	1.000000	0.725586	0.206207	21.303150	0.177734	0.046937	0.017191	0.000000	262144.000000	12.476649	512.000000	512.000000	786432.000000	1.000000	0.000000	0.000000	0.000000	3.000000	2.884716	3.829947	4.523558	4.806952	5.197742	0.098668	0.221186	0.646666	1.000000	0.032284	0.068004	0.188132	0.580530	1.000000	3.000000	19.000000	84.000000	255.000000	0.000000	0.000000	0.015873	0.047619	0.000000	0.000000	0.000000	0.015873	0.000000	0.000000	0.000000	1.004728	1.254894	1.467746	0.015375	0.023420	0.037449	0.000000	0.000000	25.977711	0.894516
/home/lilith/work/codec-eval/codec-corpus/CID22/CID22-512/training/pexels-photo-2598024.png	large	512	512	3297.957275	0.042961	0.078059	0.003792	0.002716	0.494385	0.018066	35.619225	0.076956	1.603648	1037.000000	0.031647	0.000470	0.000380	0.000000	0.001640	0.001430	0.000000	0.053767	4.357749	9.576172	1.783203	0.006836	0.000000	0.000000	0.000000	0.000000	0.000000	80.000000	80.000000	0.000000	0.000000	1.000000	0.000000	8.000000	0.000000	0.194553	3.181619	0.804333	0.106655	0.013082	1.000000	1.000000	0.419922	0.613178	14.813475	0.015625	0.037311	0.003751	0.000000	262144.000000	12.476649	512.000000	512.000000	786432.000000	1.000000	0.000000	0.000000	0.000000	3.000000	3.096019	3.688441	4.248111	4.572417	5.099824	0.150754	0.254950	0.532911	1.000000	0.029248	0.053654	0.091771	0.146194	4.000000	9.000000	16.000000	49.000000	223.000000	0.000000	0.015873	0.031746	0.047619	0.000000	0.000000	0.000000	0.000000	0.000000	0.000000	0.000000	1.041393	2.080931	2.397696	0.018098	0.078317	0.106655	0.000000	0.000000	31.502884	0.823286
/home/lilith/work/codec-eval/codec-corpus/CID22/CID22-512/training/3779828.png	large	512	512	5833.254883	0.472026	0.118193	0.011906	0.016748	0.194336	0.172852	48.077835	2.391107	1.033344	2727.000000	0.083221	0.008520	0.007910	0.000000	0.108140	0.138390	7.000000	0.436486	4.466926	30.285156	13.501953	0.114258	0.000000	0.000000	0.000000	0.000000	0.000000	80.000000	80.000000	0.000000	0.000000	1.000000	0.000000	8.000000	0.000000	0.224827	3.802810	1.585924	0.000000	0.000000	1.000000	1.000000	0.096680	0.146461	23.810930	0.112305	0.161458	0.025174	0.000000	262144.000000	12.476649	512.000000	512.000000	786432.000000	1.000000	0.000000	0.000000	0.000000	3.000000	4.473673	4.680707	4.928198	5.098634	5.339895	0.332164	0.968497	1.000000	1.000000	0.104005	0.292704	0.504617	0.587174	24.000000	72.000000	121.000000	203.000000	255.000000	0.000000	0.079365	0.174603	0.238095	0.000000	0.000000	0.031746	0.047619	0.000000	0.000000	0.000000	0.000000	0.000000	0.000000	0.000000	0.000000	0.000000	0.000000	0.000000	1.342249	0.520655
/home/lilith/work/codec-eval/codec-corpus/CID22/CID22-512/training/2599868.png	large	512	512	1572.461914	0.095496	0.030399	0.002913	0.003830	0.559814	0.058838	18.080137	0.210770	1.084101	509.000000	0.015533	0.000530	0.000400	0.000000	0.008710	0.005170	3.000000	0.106501	3.882834	13.418945	1.933594	0.013672	0.000000	0.000000	0.000000	0.000000	0.000000	80.000000	80.000000	0.000000	0.000000	1.000000	0.000000	8.000000	0.000000	0.007515	3.148365	1.128263	0.049625	0.014195	1.000000	1.000000	0.558594	0.000191	16.264900	0.021484	0.056315	0.003472	0.000000	262144.000000	12.476649	512.000000	512.000000	786432.000000	1.000000	0.000000	0.000000	0.000000	3.000000	3.053025	4.295278	4.639052	4.743584	4.862341	0.087382	0.257110	1.000000	1.000000	0.023262	0.041923	0.095765	0.201225	1.000000	5.000000	26.000000	91.000000	255.000000	0.000000	0.000000	0.031746	0.095238	0.000000	0.000000	0.000000	0.000000	0.000000	0.000000	0.000000	1.241484	1.491143	1.683357	0.023481	0.037396	0.049625	0.000000	0.000000	22.617840	0.874860
/home/lilith/work/codec-eval/codec-corpus/CID22/CID22-512/training/631292.png	large	512	512	3162.367676	0.213989	0.075330	0.008572	0.004917	0.213135	0.005615	30.092157	0.562211	1.387527	1439.000000	0.043915	0.003550	0.004050	1.000000	0.006380	0.007930	1.000000	0.299321	4.504277	13.223633	2.441406	0.001953	0.000000	0.000000	0.000000	0.000000	0.000000	80.000000	80.000000	0.000000	0.000000	1.000000	0.000000	8.000000	0.000000	0.117840	3.584547	0.844150	0.083643	0.027171	1.000000	1.000000	0.135742	0.606083	16.522375	0.000000	0.094355	0.005115	0.000000	262144.000000	12.476649	512.000000	512.000000	786432.000000	1.000000	0.000000	0.000000	0.000000	3.000000	3.758343	4.148548	4.475903	4.715809	5.106748	0.270878	0.477050	0.762821	1.000000	0.049083	0.073173	0.109364	0.203261	11.000000	28.000000	52.000000	120.000000	255.000000	0.000000	0.015873	0.079365	0.158730	0.000000	0.000000	0.000000	0.000000	0.000000	0.000000	0.000000	1.476895	1.821084	2.142233	0.032156	0.053320	0.083643	0.000000	0.000000	8.409316	0.694089
/home/lilith/work/codec-eval/codec-corpus/CID22/CID22-512/training/26103251787_d8635e260d_o.png	large	512	512	1781.647705	0.133628	0.151121	0.008985	0.008767	0.378662	0.014648	53.948650	0.291856	1.370322	2030.000000	0.061951	0.006840	0.003310	2.000000	0.034850	0.017980	8.000000	0.086761	3.828110	16.367188	6.915039	0.003906	0.000000	0.000000	0.000000	0.000000	0.000000	80.000000	80.000000	0.000000	0.000000	1.000000	0.000000	8.000000	0.000000	0.247673	3.413473	1.007649	0.079106	0.022076	1.000000	1.000000	0.442383	0.042107	23.999479	0.010742	0.077195	0.010680	0.000000	262144.000000	12.476649	512.000000	512.000000	786432.000000	1.000000	0.000000	0.000000	0.000000	3.000000	3.396284	4.131875	4.793650	5.128380	5.423079	0.158479	0.379568	0.887521	1.000000	0.036371	0.063295	0.131957	0.406394	4.000000	10.000000	30.000000	103.000000	255.000000	0.000000	0.015873	0.047619	0.126984	0.000000	0.000000	0.000000	0.000000	0.000000	0.000000	0.000000	1.543874	1.857333	2.109747	0.033305	0.053043	0.079106	0.000000	0.000000	25.805138	0.834078
/home/lilith/work/codec-eval/codec-corpus/CID22/CID22-512/training/7062177.png	large	512	512	3926.433350	0.215544	0.109023	0.008449	0.009976	0.218018	0.035156	47.040226	0.519511	1.173810	3609.000000	0.110138	0.004750	0.003200	1.000000	0.045570	0.032530	13.000000	0.123309	4.410271	26.441406	9.803711	0.001953	0.000000	0.000000	0.000000	0.000000	0.000000	80.000000	80.000000	0.000000	0.000000	1.000000	0.000000	8.000000	0.000000	0.022892	3.825379	1.005873	0.110877	0.021015	1.000000	1.000000	0.611328	0.331070	22.620548	0.010742	0.096478	0.016493	0.000000	262144.000000	12.476649	512.000000	512.000000	786432.000000	1.000000	0.000000	0.000000	0.000000	3.000000	4.056175	4.618268	4.956216	5.116711	5.275259	0.302113	0.803317	1.000000	1.000000	0.054216	0.102408	0.243744	0.545429	6.000000	20.000000	47.000000	130.000000	255.000000	0.000000	0.031746	0.079365	0.142857	0.000000	0.000000	0.000000	0.015873	0.000000	0.000000	0.000000	1.224016	1.883570	2.341311	0.025928	0.063669	0.110877	0.000000	0.000000	11.535996	0.873210
/home/lilith/work/codec-eval/codec-corpus/CID22/CID22-512/training/Beam-Space-Processing.png	large	512	512	354.163757	0.078117	0.015923	0.000208	0.000250	0.759277	0.746582	5.786870	0.566695	1.648609	161.000000	0.004913	0.000080	0.000080	0.000000	0.000710	0.000720	1.000000	0.366143	0.682218	8.880859	0.401367	0.853516	0.000000	0.000000	0.000000	8.000000	1.000000	80.000000	80.000000	0.000000	0.000000	1.000000	0.000000	8.000000	0.000000	0.986782	1.105396	1.905288	0.000000	0.000000	1.000000	1.000000	0.052734	0.000000	32.952057	0.873047	0.041341	0.000558	0.000000	262144.000000	12.476649	512.000000	512.000000	786432.000000	1.000000	0.000000	0.000000	0.000000	3.000000	0.000000	1.957846	4.514282	4.748153	5.342758	0.000000	0.000000	0.069461	1.000000	0.000000	0.000000	0.000000	0.000000	0.000000	0.000000	19.000000	156.000000	255.000000	0.000000	0.000000	0.000000	0.000000	0.000000	0.000000	0.000000	0.000000	0.000000	0.000000	0.000000	0.000000	0.000000	0.000000	0.000000	0.000000	0.000000	0.000000	0.000000	24.715179	0.194662
/home/lilith/work/codec-eval/codec-corpus/CID22/CID22-512/training/StockQuoteGraph-20120521.png	large	512	512	997.459167	0.112052	0.076243	0.007928	0.008185	0.700195	0.681641	33.639175	0.842675	1.546056	518.000000	0.015808	0.025970	0.008830	4.000000	0.209350	0.019080	30.000000	0.237074	1.812037	12.738281	5.843750	0.808594	0.000000	0.000000	0.000000	0.000000	0.000000	80.000000	80.000000	0.000000	0.000000	1.000000	0.000000	8.000000	0.000000	0.531788	1.438509	2.086106	0.000000	0.000000	1.000000	1.000000	0.150391	0.000000	38.484375	0.822266	0.045976	0.010944	0.000000	262144.000000	12.476649	512.000000	512.000000	786432.000000	1.000000	0.000000	0.000000	0.000000	3.000000	0.000000	3.925982	4.713497	4.891162	5.557426	0.000000	0.000000	0.740118	1.000000	0.000000	0.000000	0.178506	0.418635	0.000000	0.000000	51.000000	173.000000	255.000000	0.000000	0.000000	0.000000	0.047619	0.000000	0.000000	0.000000	0.015873	0.000000	0.000000	0.000000	0.000000	0.000000	0.000000	0.000000	0.000000	0.000000	0.000000	0.000000	15.835322	0.277149
/home/lilith/work/codec-eval/codec-corpus/CID22/CID22-512/training/8442861.png	large	512	512	1857.171265	0.000697	0.045814	0.001451	0.001255	0.872314	0.053223	22.746210	0.018046	1.904293	324.000000	0.009888	0.000150	0.000180	0.000000	0.000770	0.000920	0.000000	0.090129	3.281855	1.975586	0.433594	0.000000	0.000000	0.000000	0.000000	0.000000	0.000000	80.000000	80.000000	0.000000	0.000000	1.000000	0.000000	8.000000	0.000000	0.000000	2.207857	0.649269	0.026558	0.000000	1.000000	1.000000	0.135742	0.438068	3.371166	0.000000	0.007254	0.000744	0.000000	262144.000000	12.476649	512.000000	512.000000	786432.000000	1.000000	0.000000	0.000000	0.000000	3.000000	1.888951	2.584260	3.247958	3.549486	4.225651	0.032599	0.043990	0.138965	0.329744	0.010091	0.020894	0.033458	0.061236	3.000000	6.000000	9.000000	17.000000	67.000000	0.000000	0.000000	0.000000	0.015873	0.000000	0.000000	0.000000	0.000000	0.000000	0.000000	0.000000	1.515211	1.600531	1.656667	0.019855	0.023761	0.026558	0.000000	0.000000	6.103220	0.509079
/home/lilith/work/codec-eval/codec-corpus/CID22/CID22-512/training/2156881.png	large	512	512	2697.384277	0.039913	0.093589	0.006518	0.003249	0.556641	0.013184	43.162262	0.080406	1.562643	1595.000000	0.048676	0.001850	0.001490	0.000000	0.002280	0.002650	1.000000	0.066196	3.863614	9.094727	4.894531	0.017578	0.000000	0.000000	0.000000	0.000000	0.000000	80.000000	80.000000	0.000000	0.000000	1.000000	0.000000	8.000000	0.000000	0.016605	2.929325	0.948029	0.050587	0.029465	1.000000	1.000000	0.614258	0.000000	23.379061	0.057617	0.035544	0.010355	0.000000	262144.000000	12.476649	512.000000	512.000000	786432.000000	1.000000	0.000000	0.000000	0.000000	3.000000	2.854154	3.545400	4.239737	4.646064	5.179829	0.093487	0.210506	0.474848	1.000000	0.047757	0.077734	0.145693	0.278127	2.000000	4.000000	8.000000	55.000000	255.000000	0.000000	0.000000	0.015873	0.031746	0.000000	0.000000	0.000000	0.015873	0.000000	0.000000	0.000000	1.105509	1.508317	1.769009	0.016349	0.034642	0.050587	0.000000	0.000000	115.921692	0.868566
/home/lilith/work/codec-eval/codec-corpus/CID22/CID22-512/training/146083.png	large	512	512	3577.958252	0.286070	0.103130	0.009383	0.005571	0.097900	0.000244	41.713211	0.620262	1.124846	3541.000000	0.108063	0.005720	0.004580	1.000000	0.012200	0.009370	3.000000	0.163783	4.623803	23.990234	4.957031	0.000000	0.000000	0.000000	0.000000	0.000000	0.000000	80.000000	80.000000	0.000000	0.000000	1.000000	0.000000	8.000000	0.000000	0.212566	4.019439	0.677103	0.253817	0.028138	1.000000	1.000000	0.385742	0.448479	16.410585	0.004883	0.125558	0.009890	0.000000	262144.000000	12.476649	512.000000	512.000000	786432.000000	1.000000	0.000000	0.000000	0.000000	3.000000	4.126740	4.488255	4.780320	4.956950	5.211806	0.497384	0.823253	1.000000	1.000000	0.045168	0.086273	0.187571	0.298354	12.000000	30.000000	55.000000	123.000000	255.000000	0.031746	0.063492	0.126984	0.174603	0.000000	0.000000	0.000000	0.015873	0.000000	0.000000	1.000000	2.102466	2.659857	3.047178	0.079923	0.157148	0.253817	0.000000	0.015873	8.730182	0.839614
/home/lilith/work/codec-eval/codec-corpus/CID22/CID22-512/training/7233401.png	large	512	512	2312.494141	0.029377	0.055545	0.003524	0.004350	0.628662	0.229248	23.220356	0.038883	1.803960	1630.000000	0.049744	0.000530	0.000520	0.000000	0.005830	0.005910	3.000000	0.039276	3.674864	6.882812	2.833008	0.011719	0.000000	0.000000	0.000000	0.000000	0.000000	80.000000	80.000000	0.000000	0.000000	1.000000	0.000000	8.000000	0.000000	0.173100	2.571651	1.127609	0.020408	0.014769	1.000000	1.000000	0.451172	0.245510	15.762289	0.001953	0.028506	0.005813	0.000000	262144.000000	12.476649	512.000000	512.000000	786432.000000	1.000000	0.000000	0.000000	0.000000	3.000000	2.621629	3.443495	4.152638	4.457896	4.922673	0.029068	0.152837	0.415064	0.944060	0.021251	0.046026	0.110587	0.231682	1.000000	4.000000	8.000000	37.000000	255.000000	0.000000	0.000000	0.015873	0.047619	0.000000	0.000000	0.000000	0.000000	0.000000	0.000000	0.000000	0.974858	1.129830	1.204119	0.012506	0.017322	0.020408	0.000000	0.000000	90.939018	0.753738
/home/lilith/work/codec-eval/codec-corpus/CID22/CID22-512/training/1583244.png	large	512	512	4355.684570	0.157705	0.064547	0.004450	0.005387	0.603271	0.336914	29.722801	0.326340	1.308712	1109.000000	0.033844	0.001590	0.002410	0.000000	0.017500	0.025290	3.000000	0.171085	3.973545	11.224609	3.011719	0.006836	0.000000	0.000000	0.000000	0.000000	0.000000	80.000000	80.000000	0.000000	0.000000	1.000000	0.000000	8.000000	0.000000	0.074886	2.580899	1.452648	0.022336	0.006419	1.000000	1.000000	0.285156	0.021805	15.537193	0.074219	0.063120	0.006789	0.000000	262144.000000	12.476649	512.000000	512.000000	786432.000000	1.000000	0.000000	0.000000	0.000000	3.000000	1.875061	4.247221	4.548632	4.725188	5.050311	0.032501	0.066274	0.951511	1.000000	0.019792	0.034642	0.167835	0.279640	1.000000	13.000000	41.000000	98.000000	255.000000	0.000000	0.000000	0.000000	0.142857	0.000000	0.000000	0.000000	0.015873	0.000000	0.000000	0.000000	0.000000	0.903091	1.096367	0.000000	0.015488	0.022336	0.000000	0.000000	11.067451	0.765565
/home/lilith/work/codec-eval/codec-corpus/CID22/CID22-512/training/3363331.png	large	512	512	4898.077637	0.139663	0.071923	0.005891	0.004328	0.440430	0.029785	26.495060	0.344223	1.304791	1303.000000	0.039764	0.005240	0.003520	1.000000	0.017940	0.012980	7.000000	0.165851	4.480306	13.054688	2.962891	0.000000	0.000000	0.000000	0.000000	0.000000	0.000000	80.000000	80.000000	0.000000	0.000000	1.000000	0.000000	8.000000	0.000000	0.220921	3.261974	1.022619	0.055078	0.011356	1.000000	1.000000	0.199219	0.308678	19.053457	0.000000	0.071010	0.006092	0.000000	262144.000000	12.476649	512.000000	512.000000	786432.000000	1.000000	0.000000	0.000000	0.000000	3.000000	3.347415	4.080134	4.662349	4.896736	5.136983	0.105143	0.326682	0.786445	1.000000	0.022383	0.038368	0.094784	0.274815	5.000000	15.000000	38.000000	106.000000	255.000000	0.000000	0.000000	0.031746	0.126984	0.000000	0.000000	0.000000	0.000000	0.000000	0.000000	0.000000	1.503238	1.702752	1.882863	0.029550	0.039931	0.055078	0.000000	0.000000	14.143857	0.752317
/home/lilith/work/codec-eval/codec-corpus/CID22/CID22-512/training/3952034.png	large	512	512	5508.164551	0.108861	0.083778	0.006587	0.005823	0.452393	0.106689	31.322083	0.307991	1.265074	2809.000000	0.085724	0.005000	0.004130	2.000000	0.029710	0.023010	6.000000	0.072284	4.474159	18.429688	6.217773	0.009766	0.000000	0.000000	0.000000	0.000000	0.000000	80.000000	80.000000	0.000000	0.000000	1.000000	0.000000	8.000000	0.000000	0.289886	3.313116	1.145326	0.049759	0.004377	1.000000	1.000000	0.579102	0.311172	26.032721	0.024414	0.058780	0.010138	0.000000	262144.000000	12.476649	512.000000	512.000000	786432.000000	1.000000	0.000000	0.000000	0.000000	3.000000	3.379030	4.242218	4.810370	5.095102	5.379615	0.123738	0.364326	1.000000	1.000000	0.026428	0.063784	0.209973	0.390691	3.000000	8.000000	28.000000	112.000000	255.000000	0.000000	0.000000	0.031746	0.079365	0.000000	0.000000	0.000000	0.015873	0.000000	0.000000	0.000000	1.031406	1.351880	1.720031	0.016338	0.030425	0.049759	0.000000	0.000000	24.057453	0.858961
/home/lilith/work/codec-eval/codec-corpus/CID22/CID22-512/training/5097354.png	large	512	512	9048.016602	0.048613	0.096903	0.004272	0.002973	0.683350	0.344971	33.718266	0.091661	1.571493	1490.000000	0.045471	0.002110	0.002370	3.000000	0.005810	0.007640	5.000000	0.052282	3.962655	10.771484	2.805664	0.091797	0.000000	0.000000	0.000000	0.000000	0.000000	80.000000	80.000000	0.000000	0.000000	1.000000	0.000000	8.000000	0.000000	0.414608	2.375177	1.441641	0.005183	0.005629	1.000000	1.000000	0.480469	0.121471	25.295135	0.188477	0.030087	0.004805	0.000000	262144.000000	12.476649	512.000000	512.000000	786432.000000	1.000000	0.000000	0.000000	0.000000	3.000000	2.133489	3.489253	4.567513	4.898802	5.350746	0.028701	0.090322	0.430400	1.000000	0.017656	0.026942	0.079964	0.186471	1.000000	2.000000	8.000000	52.000000	255.000000	0.000000	0.000000	0.000000	0.047619	0.000000	0.000000	0.000000	0.000000	0.000000	0.000000	0.000000	0.000000	0.000000	0.467978	0.000000	0.000000	0.005183	0.000000	0.000000	140.174789	0.727574
/home/lilith/work/codec-eval/codec-corpus/CID22/CID22-512/training/4099238.png	large	512	512	3244.084229	0.265532	0.090688	0.008739	0.008987	0.173096	0.000977	40.664352	0.845809	1.044156	3503.000000	0.106903	0.005640	0.007320	1.000000	0.042880	0.051600	22.000000	0.169903	4.343502	27.939453	7.983398	0.001953	0.000000	0.000000	0.000000	0.000000	0.000000	80.000000	80.000000	0.000000	0.000000	1.000000	0.000000	8.000000	0.000000	0.020687	3.952143	0.867306	0.144050	0.028289	1.000000	1.000000	0.325195	0.564827	23.466095	0.000000	0.121791	0.016865	0.000000	262144.000000	12.476649	512.000000	512.000000	786432.000000	1.000000	0.000000	0.000000	0.000000	3.000000	4.026809	4.710428	5.023702	5.133224	5.390397	0.318034	0.755663	1.000000	1.000000	0.042882	0.110299	0.257694	0.451369	11.000000	28.000000	61.000000	163.000000	255.000000	0.015873	0.031746	0.095238	0.190476	0.000000	0.000000	0.000000	0.031746	0.000000	0.000000	1.000000	1.939206	2.394424	2.671390	0.054847	0.101135	0.144050	0.000000	0.000000	10.696458	0.786709
/home/lilith/work/codec-eval/codec-corpus/CID22/CID22-512/training/53435.png	large	512	512	4154.005371	0.314394	0.195609	0.021829	0.009886	0.195801	0.000488	67.004524	1.013416	1.148880	4022.000000	0.122742	0.028440	0.032990	5.000000	0.031010	0.033530	3.000000	0.259906	4.658056	24.924805	12.506836	0.000000	0.000000	0.000000	0.000000	0.000000	0.000000	80.000000	80.000000	0.000000	0.000000	1.000000	0.000000	8.000000	0.000000	0.015358	3.858828	0.916362	0.116493	0.050270	1.000000	1.000000	0.299805	0.009514	21.956646	0.000000	0.136145	0.027049	0.000000	262144.000000	12.476649	512.000000	512.000000	786432.000000	1.000000	0.000000	0.000000	0.000000	3.000000	4.001333	4.561948	4.911168	5.101077	5.283394	0.342798	0.721867	1.000000	1.000000	0.124269	0.232963	0.411352	0.616933	13.000000	35.000000	70.000000	167.000000	255.000000	0.000000	0.031746	0.111111	0.222222	0.000000	0.000000	0.015873	0.047619	0.000000	0.000000	0.000000	1.738384	2.071882	2.347817	0.049416	0.081038	0.116493	0.000000	0.000000	7.975196	0.797945
/home/lilith/work/codec-eval/codec-corpus/CID22/CID22-512/training/1424246.png	large	512	512	2246.668213	0.099743	0.165699	0.014712	0.014471	0.418701	0.000000	97.518875	0.228287	1.402313	2100.000000	0.064087	0.017040	0.016460	3.000000	0.102110	0.101080	18.000000	0.175473	4.323957	10.395508	13.537109	0.003906	0.000000	0.000000	0.000000	0.000000	0.000000	80.000000	80.000000	0.000000	0.000000	1.000000	0.000000	8.000000	0.000000	0.001110	3.327058	0.778340	0.107446	0.063961	1.000000	1.000000	0.414062	0.000446	14.633883	0.000000	0.061027	0.025577	0.000000	262144.000000	12.476649	512.000000	512.000000	786432.000000	1.000000	0.000000	0.000000	0.000000	3.000000	3.312359	3.958330	4.383850	4.598210	4.883625	0.155349	0.331045	0.678956	1.000000	0.096844	0.185633	0.371112	0.657511	4.000000	12.000000	29.000000	89.000000	255.000000	0.000000	0.015873	0.031746	0.095238	0.000000	0.000000	0.015873	0.031746	0.000000	0.000000	0.000000	1.845001	2.177356	2.340444	0.055429	0.085757	0.107446	0.000000	0.000000	19.917095	0.824722
/home/lilith/work/codec-eval/codec-corpus/CID22/CID22-512/training/5398956.png	large	512	512	801.845154	0.036991	0.048486	0.002290	0.001941	0.745117	0.448486	17.994211	0.069696	1.830751	1365.000000	0.041656	0.001030	0.000910	1.000000	0.004900	0.005260	4.000000	0.055846	2.992497	6.166992	1.812500	0.078125	0.000000	0.000000	0.000000	0.000000	0.000000	80.000000	80.000000	0.000000	0.000000	1.000000	0.000000	8.000000	0.000000	0.278461	2.063825	1.339056	0.007284	0.000000	1.000000	1.000000	0.393555	0.129463	21.690424	0.176758	0.023360	0.003333	0.000000	262144.000000	12.476649	512.000000	512.000000	786432.000000	1.000000	0.000000	0.000000	0.000000	3.000000	1.689641	3.172822	3.955300	4.398231	5.264933	0.021750	0.052650	0.308870	0.756151	0.000000	0.019858	0.057238	0.144887	1.000000	2.000000	7.000000	53.000000	255.000000	0.000000	0.000000	0.000000	0.031746	0.000000	0.000000	0.000000	0.000000	0.000000	0.000000	0.000000	0.000000	0.000000	0.467982	0.000000	0.000000	0.007284	0.000000	0.000000	108.136696	0.673868
/home/lilith/work/codec-eval/codec-corpus/CID22/CID22-512/training/2272939.png	large	512	512	3389.231689	0.345935	0.082358	0.012065	0.010228	0.059082	0.000732	34.615799	1.095055	1.030112	2902.000000	0.088562	0.009100	0.009380	2.000000	0.051420	0.043990	19.000000	0.142966	4.605613	38.598633	8.274414	0.004883	0.000000	0.000000	0.000000	0.000000	0.000000	80.000000	80.000000	0.000000	0.000000	1.000000	0.000000	8.000000	0.000000	0.097858	4.356544	0.638894	0.374097	0.054801	1.000000	1.000000	0.390625	0.593544	23.670189	0.000000	0.153878	0.017191	0.000000	262144.000000	12.476649	512.000000	512.000000	786432.000000	1.000000	0.000000	0.000000	0.000000	3.000000	4.462030	4.818897	5.061433	5.200387	5.483325	0.729089	1.000000	1.000000	1.000000	0.089921	0.156532	0.274062	0.421410	16.000000	39.000000	75.000000	163.000000	255.000000	0.047619	0.079365	0.142857	0.222222	0.000000	0.000000	0.015873	0.031746	0.000000	1.000000	2.000000	2.511549	3.121478	3.488460	0.118630	0.258583	0.374097	0.000000	0.031746	6.769432	0.822678
/home/lilith/work/codec-eval/codec-corpus/CID22/CID22-512/training/1200348.png	large	512	512	2317.092529	0.031311	0.185954	0.006681	0.003500	0.729980	0.177979	66.023132	0.038282	1.700590	3813.000000	0.116364	0.006060	0.004120	2.000000	0.009280	0.005400	5.000000	0.035309	3.702312	6.704102	6.308594	0.000000	0.000000	0.000000	0.000000	0.000000	0.000000	80.000000	80.000000	0.000000	0.000000	1.000000	0.000000	8.000000	0.000000	0.192699	2.500890	1.052442	0.021146	0.009254	1.000000	1.000000	0.555664	0.377697	14.549158	0.009766	0.024104	0.009766	0.000000	262144.000000	12.476649	512.000000	512.000000	786432.000000	1.000000	0.000000	0.000000	0.000000	3.000000	2.337927	3.213746	4.084549	4.489867	4.919497	0.044005	0.113028	0.320899	0.888590	0.021507	0.046547	0.142452	0.396560	1.000000	3.000000	6.000000	41.000000	255.000000	0.000000	0.000000	0.015873	0.031746	0.000000	0.000000	0.000000	0.015873	0.000000	0.000000	0.000000	0.841204	1.160899	1.241485	0.010945	0.017231	0.021146	0.000000	0.000000	83.782654	0.803635
/home/lilith/work/codec-eval/codec-corpus/CID22/CID22-512/training/Boxplot.png	large	512	512	1176.765137	0.069550	0.055084	0.000391	0.000888	0.804932	0.800049	21.064825	1.360545	1.253683	311.000000	0.009491	0.000490	0.000270	0.000000	0.015520	0.003820	10.000000	0.281473	0.991610	19.593750	2.320312	0.839844	0.000000	0.000000	0.000000	0.000000	0.000000	80.000000	80.000000	0.000000	0.000000	1.000000	0.000000	8.000000	0.000000	0.924683	1.112230	2.111119	0.000000	0.000000	1.000000	1.000000	0.022461	0.046833	53.000645	0.866211	0.068700	0.002325	0.000000	262144.000000	12.476649	512.000000	512.000000	786432.000000	1.000000	0.000000	0.000000	0.000000	3.000000	0.000000	0.000000	5.221698	5.354499	5.540119	0.000000	0.000000	0.000000	1.000000	0.000000	0.000000	0.000000	0.000000	0.000000	0.000000	2.000000	255.000000	255.000000	0.000000	0.000000	0.000000	0.000000	0.000000	0.000000	0.000000	0.000000	0.000000	0.000000	0.000000	0.000000	0.000000	0.000000	0.000000	0.000000	0.000000	0.000000	0.000000	16.301210	0.169699
/home/lilith/work/codec-eval/codec-corpus/CID22/CID22-512/training/Abstract-Art-1.png	large	512	512	2365.814453	0.071285	0.077817	0.003555	0.001812	0.745850	0.598877	31.564301	0.205530	1.288304	202.000000	0.006165	0.003700	0.010960	1.000000	0.010000	0.017750	4.000000	0.114497	3.751179	9.836914	5.104492	0.427734	0.000000	0.000000	0.000000	8.000000	1.000000	80.000000	80.000000	0.000000	0.000000	1.000000	0.000000	8.000000	0.000000	0.737720	1.819850	1.780436	0.000000	0.000000	1.000000	1.000000	0.309570	0.000000	24.514412	0.569336	0.038582	0.010200	0.000000	262144.000000	12.476649	512.000000	512.000000	786432.000000	1.000000	0.000000	0.000000	0.000000	3.000000	1.518514	3.411491	4.681750	4.942848	5.124648	0.000000	0.043444	0.372706	1.000000	0.000000	0.000000	0.014520	0.456246	0.000000	1.000000	15.000000	99.000000	229.000000	0.000000	0.000000	0.000000	0.047619	0.000000	0.000000	0.000000	0.000000	0.000000	0.000000	0.000000	0.000000	0.000000	0.000000	0.000000	0.000000	0.000000	0.000000	0.000000	24.408369	0.543877
/home/lilith/work/codec-eval/codec-corpus/CID22/CID22-512/training/pexels-photo-2686358.png	large	512	512	2764.735596	0.281103	0.102798	0.012756	0.008144	0.109375	0.021484	49.775761	0.487095	1.045961	1848.000000	0.056396	0.004820	0.003450	0.000000	0.013080	0.010010	2.000000	0.111697	4.466256	25.643555	8.750000	0.000000	0.000000	0.000000	0.000000	0.000000	0.000000	80.000000	80.000000	0.000000	0.000000	1.000000	0.000000	8.000000	0.000000	0.009174	4.010800	0.826022	0.216255	0.042868	1.000000	1.000000	0.430664	0.847439	15.959936	0.000000	0.126488	0.019903	0.000000	262144.000000	12.476649	512.000000	512.000000	786432.000000	1.000000	0.000000	0.000000	0.000000	3.000000	4.194424	4.639697	4.877618	4.999028	5.201068	0.420606	0.920738	1.000000	1.000000	0.082502	0.180610	0.312342	0.450231	12.000000	28.000000	51.000000	104.000000	255.000000	0.015873	0.047619	0.126984	0.190476	0.000000	0.000000	0.015873	0.031746	0.000000	0.000000	1.000000	1.327039	2.413300	2.999538	0.032286	0.106982	0.216255	0.000000	0.000000	6.963843	0.839667
/home/lilith/work/codec-eval/codec-corpus/CID22/CID22-512/training/551991.png	large	512	512	3784.931885	0.071369	0.197644	0.015107	0.005439	0.278564	0.080078	87.082527	0.101311	1.416260	2888.000000	0.088135	0.012450	0.022550	2.000000	0.010280	0.019600	2.000000	0.058821	4.566861	14.197266	14.369141	0.012695	0.000000	0.000000	0.000000	0.000000	0.000000	80.000000	80.000000	0.000000	0.000000	1.000000	0.000000	8.000000	0.000000	0.010529	3.398045	0.958340	0.060348	0.025014	1.000000	1.000000	0.666016	0.507244	11.770776	0.084961	0.054641	0.023577	0.000000	262144.000000	12.476649	512.000000	512.000000	786432.000000	1.000000	0.000000	0.000000	0.000000	3.000000	3.591258	4.067571	4.437846	4.654614	5.012475	0.234914	0.481856	0.832609	1.000000	0.100656	0.243309	0.424897	0.665053	2.000000	7.000000	19.000000	59.000000	217.000000	0.000000	0.015873	0.047619	0.079365	0.000000	0.000000	0.015873	0.031746	0.000000	0.000000	0.000000	0.902241	1.228850	1.859965	0.012319	0.025750	0.060348	0.000000	0.000000	23.454838	0.885290
/home/lilith/work/codec-eval/codec-corpus/CID22/CID22-512/training/1545529.png	large	512	512	4190.164062	0.052589	0.108659	0.005219	0.003546	0.718506	0.482422	37.167435	0.233343	1.550164	2913.000000	0.088898	0.003470	0.004150	2.000000	0.015980	0.014610	19.000000	0.071701	3.015827	11.191406	3.563477	0.012695	0.000000	0.000000	0.000000	0.000000	0.000000	80.000000	80.000000	0.000000	0.000000	1.000000	0.000000	8.000000	0.000000	0.195263	2.250701	1.358689	0.016304	0.000000	1.000000	1.000000	0.215820	0.136108	38.899616	0.017578	0.034924	0.006448	0.000000	262144.000000	12.476649	512.000000	512.000000	786432.000000	1.000000	0.000000	0.000000	0.000000	3.000000	1.585286	3.201016	4.379153	4.996317	5.630384	0.022772	0.040466	0.294510	1.000000	0.006288	0.020166	0.076231	0.261061	1.000000	3.000000	14.000000	109.000000	255.000000	0.000000	0.000000	0.000000	0.031746	0.000000	0.000000	0.000000	0.000000	0.000000	0.000000	0.000000	0.000000	0.767849	1.031409	0.000000	0.010608	0.016304	0.000000	0.000000	51.584602	0.636927
/home/lilith/work/codec-eval/codec-corpus/CID22/CID22-512/training/7062227.png	large	512	512	1413.866089	0.140330	0.086899	0.006982	0.008214	0.459229	0.076172	37.578918	0.490181	1.284034	4966.000000	0.151550	0.006790	0.007860	2.000000	0.065800	0.077110	29.000000	0.133952	3.539026	17.343750	9.592773	0.004883	0.000000	0.000000	0.000000	0.000000	0.000000	80.000000	80.000000	0.000000	0.000000	1.000000	0.000000	8.000000	0.000000	0.140251	3.217144	1.166292	0.053706	0.005629	1.000000	1.000000	0.396484	0.422985	28.287930	0.005859	0.066034	0.016338	0.000000	262144.000000	12.476649	512.000000	512.000000	786432.000000	1.000000	0.000000	0.000000	0.000000	3.000000	3.267157	4.198795	4.714654	5.012345	5.417729	0.093796	0.317197	0.961226	1.000000	0.024718	0.089903	0.279718	0.566000	3.000000	12.000000	38.000000	139.000000	255.000000	0.000000	0.000000	0.031746	0.095238	0.000000	0.000000	0.000000	0.015873	0.000000	0.000000	0.000000	0.777022	1.289688	1.824451	0.011246	0.027338	0.053706	0.000000	0.000000	21.941154	0.805312
/home/lilith/work/codec-eval/codec-corpus/CID22/CID22-512/training/162511.png	large	512	512	3895.131836	0.367990	0.116347	0.021288	0.011522	0.097656	0.006348	46.725315	1.501104	0.894178	3846.000000	0.117371	0.026060	0.030040	4.000000	0.043560	0.045360	6.000000	0.147269	4.576853	42.839844	14.698242	0.000000	0.000000	0.000000	0.000000	0.000000	0.000000	80.000000	80.000000	0.000000	0.000000	1.000000	0.000000	8.000000	0.000000	0.033554	4.297676	0.855634	0.221533	0.067799	1.000000	1.000000	0.325195	0.373093	31.299854	0.000000	0.167054	0.029855	0.000000	262144.000000	12.476649	512.000000	512.000000	786432.000000	1.000000	0.000000	0.000000	0.000000	3.000000	4.452275	4.913595	5.258788	5.399531	5.535069	0.613140	1.000000	1.000000	1.000000	0.142347	0.258422	0.432129	0.618222	16.000000	44.000000	88.000000	194.000000	255.000000	0.015873	0.079365	0.158730	0.238095	0.000000	0.015873	0.031746	0.047619	0.000000	0.000000	1.000000	1.803520	2.557507	3.014671	0.060165	0.134585	0.221533	0.000000	0.000000	5.502530	0.813097
/home/lilith/work/codec-eval/codec-corpus/CID22/CID22-512/training/3571065.png	large	512	512	2285.195557	0.824265	0.058455	0.018556	0.003398	0.000000	0.000000	26.658028	5.136427	0.737801	1177.000000	0.035919	0.015460	0.013310	0.000000	0.005600	0.005420	1.000000	0.920134	4.345747	42.533203	4.804688	0.000000	0.000000	0.000000	0.000000	0.000000	0.000000	80.000000	80.000000	0.000000	0.000000	1.000000	0.000000	8.000000	0.000000	0.080910	4.690301	0.183440	0.853935	0.071102	1.000000	1.000000	0.000000	0.000919	24.896235	0.000000	0.325397	0.010277	0.000000	262144.000000	12.476649	512.000000	512.000000	786432.000000	1.000000	0.000000	0.000000	0.000000	3.000000	4.708317	4.806953	4.900757	4.974131	5.075649	1.000000	1.000000	1.000000	1.000000	0.136806	0.179097	0.222384	0.272215	64.000000	110.000000	160.000000	255.000000	255.000000	0.253968	0.285714	0.333333	0.365079	0.000000	0.000000	0.000000	0.015873	1.000000	5.000000	11.000000	4.130221	4.364034	4.470517	0.578460	0.758743	0.853935	0.158730	0.222222	0.524332	0.501044
/home/lilith/work/codec-eval/codec-corpus/CID22/CID22-512/training/1248582.png	large	512	512	2853.521240	0.194109	0.084353	0.005724	0.009610	0.237549	0.009521	39.290710	0.437769	1.094051	1895.000000	0.057831	0.001850	0.002020	0.000000	0.023980	0.026380	6.000000	0.096543	4.412178	23.115234	8.541016	0.005859	0.000000	0.000000	0.000000	0.000000	0.000000	80.000000	80.000000	0.000000	0.000000	1.000000	0.000000	8.000000	0.000000	0.008579	3.711612	1.028232	0.074244	0.028890	1.000000	1.000000	0.588867	0.060333	19.991034	0.004883	0.088759	0.015935	0.000000	262144.000000	12.476649	512.000000	512.000000	786432.000000	1.000000	0.000000	0.000000	0.000000	3.000000	3.994790	4.564524	4.862003	4.982785	5.226852	0.237536	0.732782	1.000000	1.000000	0.055939	0.127964	0.291316	0.537515	5.000000	16.000000	43.000000	122.000000	255.000000	0.000000	0.015873	0.079365	0.142857	0.000000	0.000000	0.000000	0.031746	0.000000	0.000000	0.000000	1.494633	1.722223	2.052117	0.030661	0.047203	0.074244	0.000000	0.000000	13.520792	0.869994
/home/lilith/work/codec-eval/codec-corpus/CID22/CID22-512/training/5894435.png	large	512	512	8826.230469	0.080522	0.065187	0.006609	0.002430	0.499512	0.176514	23.703369	0.238998	1.548565	1196.000000	0.036499	0.003460	0.001620	1.000000	0.002990	0.002290	1.000000	0.179992	4.168254	9.140625	2.832031	0.154297	0.000000	0.000000	0.000000	0.000000	0.000000	80.000000	80.000000	0.000000	0.000000	1.000000	0.000000	8.000000	0.000000	0.360813	2.676799	1.486316	0.000000	0.000000	1.000000	1.000000	0.390625	0.126232	21.337559	0.171875	0.053664	0.007006	0.000000	262144.000000	12.476649	512.000000	512.000000	786432.000000	1.000000	0.000000	0.000000	0.000000	3.000000	3.017392	3.864774	4.335778	4.572487	5.105010	0.042455	0.242328	0.628649	1.000000	0.014759	0.050895	0.145623	0.254931	2.000000	7.000000	24.000000	100.000000	255.000000	0.000000	0.000000	0.015873	0.079365	0.000000	0.000000	0.000000	0.015873	0.000000	0.000000	0.000000	0.000000	0.000000	0.000000	0.000000	0.000000	0.000000	0.000000	0.000000	32.331841	0.682960
/home/lilith/work/codec-eval/codec-corpus/CID22/CID22-512/training/3534924.png	large	512	512	1399.954102	0.049946	0.121597	0.003755	0.003884	0.495605	0.002686	45.919724	0.193250	1.427032	1092.000000	0.033325	0.000740	0.000630	0.000000	0.007740	0.005740	8.000000	0.135539	3.272654	7.577148	2.381836	0.003906	0.000000	0.000000	0.000000	0.000000	0.000000	80.000000	80.000000	0.000000	0.000000	1.000000	0.000000	8.000000	0.000000	0.290771	3.198834	0.676361	0.103884	0.018513	1.000000	1.000000	0.220703	0.123535	22.944258	0.010742	0.031684	0.003984	0.000000	262144.000000	12.476649	512.000000	512.000000	786432.000000	1.000000	0.000000	0.000000	0.000000	3.000000	3.074085	3.398114	4.257165	4.840046	5.100951	0.133041	0.184950	0.300177	1.000000	0.023897	0.031534	0.047926	0.137865	7.000000	15.000000	27.000000	75.000000	255.000000	0.000000	0.000000	0.000000	0.031746	0.000000	0.000000	0.000000	0.000000	0.000000	0.000000	0.000000	1.868865	2.460522	2.558990	0.059217	0.090510	0.103884	0.000000	0.000000	27.405815	0.590510
/home/lilith/work/codec-eval/codec-corpus/CID22/CID22-512/training/pexels-photo-2802032.png	large	512	512	1956.755859	0.158333	0.122664	0.013625	0.004036	0.453369	0.001709	51.006958	0.628147	1.191203	1912.000000	0.058350	0.011480	0.012140	1.000000	0.006260	0.005340	2.000000	0.165450	3.596944	20.426758	11.645508	0.016602	0.000000	0.000000	0.000000	0.000000	0.000000	80.000000	80.000000	0.000000	0.000000	1.000000	0.000000	8.000000	0.000000	0.074341	3.470878	1.134314	0.076367	0.039341	1.000000	1.000000	0.531250	0.256252	26.626505	0.000000	0.093471	0.025949	0.000000	262144.000000	12.476649	512.000000	512.000000	786432.000000	1.000000	0.000000	0.000000	0.000000	3.000000	3.236395	4.608454	4.961020	5.083927	5.354723	0.131134	0.322106	1.000000	1.000000	0.062154	0.131098	0.400769	0.806673	2.000000	8.000000	49.000000	156.000000	255.000000	0.000000	0.015873	0.031746	0.190476	0.000000	0.000000	0.015873	0.047619	0.000000	0.000000	0.000000	1.584755	1.844224	2.018857	0.040750	0.057845	0.076367	0.000000	0.000000	15.179532	0.873603
/home/lilith/work/codec-eval/codec-corpus/CID22/CID22-512/training/pexels-photo-3193731.png	large	512	512	6117.110840	0.125700	0.189134	0.009328	0.007293	0.453857	0.153809	70.979904	0.438314	1.325826	5463.000000	0.166718	0.006480	0.005640	4.000000	0.025200	0.013170	12.000000	0.128466	4.460464	16.046875	9.962891	0.006836	0.000000	0.000000	0.000000	0.000000	0.000000	80.000000	80.000000	0.000000	0.000000	1.000000	0.000000	8.000000	0.000000	0.063786	3.075073	1.303738	0.032490	0.021873	1.000000	1.000000	0.352539	0.070126	28.092991	0.070312	0.074234	0.016044	0.000000	262144.000000	12.476649	512.000000	512.000000	786432.000000	1.000000	0.000000	0.000000	0.000000	3.000000	3.273750	4.090698	4.854258	5.106667	5.339117	0.062283	0.296332	0.786159	1.000000	0.033770	0.084687	0.194669	0.435599	2.000000	13.000000	36.000000	132.000000	255.000000	0.000000	0.000000	0.031746	0.126984	0.000000	0.000000	0.000000	0.015873	0.000000	0.000000	0.000000	0.748915	1.113941	1.339637	0.013385	0.024765	0.032490	0.000000	0.000000	20.354952	0.807843
/home/lilith/work/codec-eval/codec-corpus/CID22/CID22-512/training/1536017106.png	large	512	512	2181.733887	0.119351	0.184903	0.007329	0.006312	0.695801	0.682129	64.093529	0.859476	1.272511	3975.000000	0.121307	0.022820	0.032260	8.000000	0.126600	0.215460	62.000000	0.308130	1.887003	15.143555	18.822266	0.685547	0.000000	0.000000	0.000000	0.000000	0.000000	80.000000	80.000000	0.000000	0.000000	1.000000	0.000000	8.000000	0.000000	0.789661	1.452928	2.146098	0.000000	0.000000	1.000000	1.000000	0.032227	0.065254	32.992325	0.700195	0.070080	0.022104	0.000000	262144.000000	12.476649	512.000000	512.000000	786432.000000	1.000000	0.000000	0.000000	0.000000	3.000000	0.000000	4.274541	4.887149	5.059373	5.291828	0.000000	0.000000	0.853682	1.000000	0.000000	0.000000	0.054832	0.861497	0.000000	0.000000	52.000000	185.000000	255.000000	0.000000	0.000000	0.000000	0.142857	0.000000	0.000000	0.000000	0.000000	0.000000	0.000000	0.000000	0.000000	0.000000	0.000000	0.000000	0.000000	0.000000	0.000000	0.000000	13.344826	0.230747
/home/lilith/work/codec-eval/codec-corpus/CID22/CID22-512/training/2184504.png	large	512	512	3223.308350	0.260753	0.064866	0.010083	0.008232	0.135742	0.015381	29.191359	0.661001	1.322052	2035.000000	0.062103	0.005010	0.004150	0.000000	0.021130	0.018150	3.000000	0.167869	4.369213	20.780273	3.854492	0.009766	0.000000	0.000000	0.000000	0.000000	0.000000	80.000000	80.000000	0.000000	0.000000	1.000000	0.000000	8.000000	0.000000	0.136509	3.908854	0.820022	0.197297	0.042100	1.000000	1.000000	0.230469	0.614597	21.582647	0.009766	0.117777	0.007285	0.000000	262144.000000	12.476649	512.000000	512.000000	786432.000000	1.000000	0.000000	0.000000	0.000000	3.000000	4.037655	4.458765	4.808157	4.993878	5.158275	0.374514	0.731132	1.000000	1.000000	0.059616	0.091742	0.153908	0.253543	12.000000	30.000000	56.000000	131.000000	255.000000	0.015873	0.047619	0.111111	0.174603	0.000000	0.000000	0.000000	0.015873	0.000000	0.000000	1.000000	0.297622	2.524862	2.888241	0.004253	0.121452	0.197297	0.000000	0.000000	9.569454	0.774151
/home/lilith/work/codec-eval/codec-corpus/CID22/CID22-512/training/261045.png	large	512	512	2889.707275	0.153450	0.222378	0.010441	0.011072	0.465576	0.123291	85.034676	0.510435	1.289655	3695.000000	0.112762	0.012090	0.011190	2.000000	0.093510	0.091120	19.000000	0.216606	4.180034	12.940430	8.688477	0.003906	0.000000	0.000000	0.000000	0.000000	0.000000	80.000000	80.000000	0.000000	0.000000	1.000000	0.000000	8.000000	0.000000	0.238323	3.051778	1.246987	0.026222	0.016539	1.000000	1.000000	0.264648	0.214584	21.797291	0.008789	0.063058	0.013036	0.000000	262144.000000	12.476649	512.000000	512.000000	786432.000000	1.000000	0.000000	0.000000	0.000000	3.000000	3.198227	4.054148	4.639148	4.922208	5.201206	0.059952	0.257419	0.675564	1.000000	0.028436	0.091668	0.215044	0.434777	3.000000	17.000000	48.000000	127.000000	255.000000	0.000000	0.000000	0.031746	0.111111	0.000000	0.000000	0.000000	0.015873	0.000000	0.000000	0.000000	0.600360	1.176091	1.306089	0.008412	0.020179	0.026222	0.000000	0.000000	12.073823	0.684304
/home/lilith/work/codec-eval/codec-corpus/CID22/CID22-512/training/1570264.png	large	512	512	2450.016113	0.333409	0.020203	0.004764	0.004078	0.000732	0.000000	9.809583	0.696733	0.918454	773.000000	0.023590	0.001170	0.001520	0.000000	0.005370	0.008450	1.000000	0.273455	4.037450	17.577148	0.885742	0.000000	0.000000	0.000000	0.000000	0.000000	0.000000	80.000000	80.000000	0.000000	0.000000	1.000000	0.000000	8.000000	0.000000	0.010429	4.029518	0.402041	0.351224	0.032648	1.000000	1.000000	0.103516	0.000942	11.200926	0.000000	0.122520	0.001225	0.000000	262144.000000	12.476649	512.000000	512.000000	786432.000000	1.000000	0.000000	0.000000	0.000000	3.000000	3.968657	4.252464	4.648663	4.836012	5.002576	0.447004	0.599926	0.899989	1.000000	0.040931	0.052957	0.072734	0.106415	22.000000	39.000000	59.000000	109.000000	255.000000	0.047619	0.079365	0.111111	0.158730	0.000000	0.000000	0.000000	0.000000	0.000000	2.000000	4.000000	3.250420	3.448279	3.577016	0.235200	0.294856	0.351224	0.015873	0.031746	4.648104	0.653341
/home/lilith/work/codec-eval/codec-corpus/CID22/CID22-512/training/962312.png	large	512	512	6525.338379	0.193692	0.000000	0.000000	0.000000	0.652832	0.573730	0.000000	3.030995	0.969093	32.000000	0.000977	0.000000	0.000000	0.000000	0.000000	0.000000	0.000000	0.239121	2.965766	49.231445	0.000000	0.035156	0.000000	0.000000	0.000000	8.000000	1.000000	80.000000	80.000000	0.000000	0.000000	1.000000	0.000000	8.000000	0.000000	1.000000	2.596778	1.957298	0.008866	0.000000	1.000000	1.000000	0.133789	0.000000	52.894527	0.083984	0.127759	0.000000	1.000000	262144.000000	12.476649	512.000000	512.000000	786432.000000	1.000000	0.000000	0.000000	0.000000	3.000000	1.543873	5.043929	5.496729	5.664105	5.776506	0.021765	0.042499	1.000000	1.000000	0.000000	0.000000	0.000000	0.000000	1.000000	9.000000	119.000000	255.000000	255.000000	0.000000	0.000000	0.000000	0.317460	0.000000	0.000000	0.000000	0.000000	0.000000	0.000000	0.000000	0.000000	0.467976	0.676694	0.000000	0.005629	0.008866	0.000000	0.000000	5.087263	0.592168
/home/lilith/work/codec-eval/codec-corpus/CID22/CID22-512/training/7394483.png	large	512	512	1491.264404	0.071166	0.059764	0.003962	0.004897	0.589844	0.116455	24.563831	0.125443	1.464612	1241.000000	0.037872	0.001150	0.000820	0.000000	0.018970	0.007590	4.000000	0.091992	3.821332	9.296875	3.294922	0.000000	0.000000	0.000000	0.000000	0.000000	0.000000	80.000000	80.000000	0.000000	0.000000	1.000000	0.000000	8.000000	0.000000	0.109425	2.858875	1.040218	0.044303	0.004253	1.000000	1.000000	0.564453	0.299591	15.571987	0.041992	0.041791	0.006944	0.000000	262144.000000	12.476649	512.000000	512.000000	786432.000000	1.000000	0.000000	0.000000	0.000000	3.000000	2.660806	3.694055	4.423361	4.678932	5.021924	0.073968	0.162419	0.558942	1.000000	0.016226	0.033221	0.092860	0.322627	2.000000	5.000000	17.000000	70.000000	255.000000	0.000000	0.000000	0.015873	0.047619	0.000000	0.000000	0.000000	0.000000	0.000000	0.000000	0.000000	1.224015	1.446187	1.612122	0.021964	0.033775	0.044303	0.000000	0.000000	30.994984	0.874192
/home/lilith/work/codec-eval/codec-corpus/CID22/CID22-512/training/Temperament-pie-chart-according-to-Eysenck.png	large	512	512	5784.349121	0.140058	0.204561	0.008884	0.009487	0.629883	0.591064	85.334930	2.018938	1.110273	1783.000000	0.054413	0.026550	0.021100	6.000000	0.193480	0.155650	63.000000	0.257663	3.466316	33.097656	14.072266	0.610352	0.000000	0.000000	0.000000	0.000000	0.000000	80.000000	80.000000	0.000000	0.000000	1.000000	0.000000	8.000000	0.000000	0.443459	2.077922	2.375353	0.000000	0.000000	1.000000	1.000000	0.102539	0.212517	53.024635	0.617188	0.109282	0.023050	0.000000	262144.000000	12.476649	512.000000	512.000000	786432.000000	1.000000	0.000000	0.000000	0.000000	3.000000	0.000000	4.859161	5.337597	5.429829	5.580504	0.000000	0.000000	1.000000	1.000000	0.000000	0.000000	0.338636	0.851671	0.000000	1.000000	76.000000	255.000000	255.000000	0.000000	0.000000	0.000000	0.222222	0.000000	0.000000	0.000000	0.031746	0.000000	0.000000	0.000000	0.000000	0.000000	0.000000	0.000000	0.000000	0.000000	0.000000	0.000000	9.037558	0.345449
/home/lilith/work/codec-eval/codec-corpus/CID22/CID22-512/training/164338.png	large	512	512	4622.114258	0.399378	0.172142	0.010964	0.012211	0.128662	0.062012	61.737057	2.115450	0.984703	5879.000000	0.179413	0.010260	0.009320	2.000000	0.083350	0.082930	15.000000	0.173506	4.665876	47.379883	11.919922	0.003906	0.000000	0.000000	0.000000	0.000000	0.000000	80.000000	80.000000	0.000000	0.000000	1.000000	0.000000	8.000000	0.000000	0.123531	4.243774	1.120118	0.140813	0.028026	1.000000	1.000000	0.265625	0.193031	33.541649	0.007812	0.155661	0.020105	0.000000	262144.000000	12.476649	512.000000	512.000000	786432.000000	1.000000	0.000000	0.000000	0.000000	3.000000	4.633791	5.026006	5.274293	5.412751	5.583282	0.434711	1.000000	1.000000	1.000000	0.057887	0.163319	0.296369	0.596810	21.000000	56.000000	106.000000	223.000000	255.000000	0.000000	0.063492	0.126984	0.253968	0.000000	0.000000	0.015873	0.031746	0.000000	0.000000	1.000000	0.941234	1.361727	2.845563	0.013287	0.031697	0.140813	0.000000	0.000000	3.848295	0.730862
/home/lilith/work/codec-eval/codec-corpus/CID22/CID22-512/validation/162520.png	large	512	512	2543.429199	0.204679	0.172273	0.011485	0.007150	0.292969	0.001221	61.157906	0.474813	1.137518	2152.000000	0.065674	0.007680	0.003150	1.000000	0.018100	0.008010	2.000000	0.152835	4.425256	18.525391	5.957031	0.000000	0.000000	0.000000	0.000000	0.000000	0.000000	80.000000	80.000000	0.000000	0.000000	1.000000	0.000000	8.000000	0.000000	0.004211	3.628723	0.946728	0.087967	0.028108	1.000000	1.000000	0.422852	0.583359	19.405491	0.000000	0.098183	0.013610	0.000000	262144.000000	12.476649	512.000000	512.000000	786432.000000	1.000000	0.000000	0.000000	0.000000	3.000000	3.780601	4.392605	4.747416	4.944261	5.263654	0.206355	0.585002	1.000000	1.000000	0.053923	0.131174	0.234923	0.345475	5.000000	19.000000	47.000000	121.000000	255.000000	0.000000	0.015873	0.079365	0.174603	0.000000	0.000000	0.000000	0.015873	0.000000	0.000000	0.000000	1.854211	2.035180	2.173004	0.056393	0.070312	0.087967	0.000000	0.000000	11.565189	0.840596
/home/lilith/work/codec-eval/codec-corpus/CID22/CID22-512/training/35875869841_0b10e41e57_o.png	large	512	512	2965.858398	0.113560	0.200709	0.009740	0.009224	0.445068	0.011963	73.687523	0.456404	1.465195	3406.000000	0.103943	0.013890	0.009360	4.000000	0.088000	0.033250	26.000000	0.127276	3.904854	16.294922	13.724609	0.003906	0.000000	0.000000	0.000000	0.000000	0.000000	80.000000	80.000000	0.000000	0.000000	1.000000	0.000000	8.000000	0.000000	0.288548	3.133825	1.192559	0.035397	0.000000	1.000000	1.000000	0.267578	0.216484	29.731289	0.003906	0.061988	0.016354	0.000000	262144.000000	12.476649	512.000000	512.000000	786432.000000	1.000000	0.000000	0.000000	0.000000	3.000000	3.179767	4.084102	4.791220	5.085486	5.453853	0.050461	0.263786	0.794227	1.000000	0.021037	0.054445	0.192571	0.729197	4.000000	13.000000	33.000000	140.000000	255.000000	0.000000	0.000000	0.031746	0.095238	0.000000	0.000000	0.000000	0.015873	0.000000	0.000000	0.000000	1.406274	1.523219	1.616574	0.024426	0.030996	0.035397	0.000000	0.000000	25.578310	0.719555
/home/lilith/work/codec-eval/codec-corpus/CID22/CID22-512/training/7280783.png	large	512	512	1022.590454	0.134658	0.106741	0.013177	0.009502	0.154053	0.000000	45.577858	0.273064	1.284868	1946.000000	0.059387	0.007410	0.006660	1.000000	0.024610	0.024540	3.000000	0.187038	3.808075	12.331055	6.125977	0.000000	0.000000	0.000000	0.000000	0.000000	0.000000	80.000000	80.000000	0.000000	0.000000	1.000000	0.000000	8.000000	0.000000	0.002708	3.676072	0.573763	0.202229	0.060371	1.000000	1.000000	0.491211	0.858295	11.686559	0.000000	0.085550	0.013408	0.000000	262144.000000	12.476649	512.000000	512.000000	786432.000000	1.000000	0.000000	0.000000	0.000000	3.000000	3.752422	4.082165	4.342200	4.476527	4.786448	0.343423	0.560820	0.795643	1.000000	0.092726	0.137435	0.200948	0.294105	6.000000	16.000000	34.000000	91.000000	255.000000	0.015873	0.031746	0.079365	0.126984	0.000000	0.000000	0.015873	0.015873	0.000000	0.000000	1.000000	2.206657	2.554924	2.862392	0.068053	0.139783	0.202229	0.000000	0.000000	15.128848	0.839235
/home/lilith/work/codec-eval/codec-corpus/CID22/CID22-512/training/14768480444_bc0a1b4a2e_o.png	large	512	512	4616.340332	0.215168	0.256801	0.013037	0.015818	0.285156	0.053955	92.989136	0.789118	1.212018	8447.000000	0.257782	0.029680	0.020720	6.000000	0.414040	0.282130	88.000000	0.140844	4.334500	25.350586	31.180664	0.046875	0.000000	0.000000	0.000000	0.000000	0.000000	80.000000	80.000000	0.000000	0.000000	1.000000	0.000000	8.000000	0.000000	0.115528	3.667719	1.195549	0.097063	0.021298	1.000000	1.000000	0.323242	0.139637	29.706726	0.066406	0.110352	0.031017	0.000000	262144.000000	12.476649	512.000000	512.000000	786432.000000	1.000000	0.000000	0.000000	0.000000	3.000000	3.891488	4.528896	5.039954	5.233099	5.481236	0.190970	0.648849	1.000000	1.000000	0.040530	0.088501	0.344300	1.000000	6.000000	22.000000	57.000000	161.000000	255.000000	0.000000	0.015873	0.079365	0.174603	0.000000	0.000000	0.000000	0.047619	0.000000	0.000000	0.000000	0.000000	1.213764	2.354109	0.000000	0.029428	0.097063	0.000000	0.000000	11.241358	0.780272
/home/lilith/work/codec-eval/codec-corpus/CID22/CID22-512/training/45258.png	large	512	512	1368.531738	0.086879	0.211422	0.007455	0.007087	0.526123	0.065430	79.104225	0.246763	1.426468	1929.000000	0.058868	0.002720	0.002240	0.000000	0.021010	0.021110	5.000000	0.086430	3.241435	14.164062	7.888672	0.041992	0.000000	0.000000	0.000000	0.000000	0.000000	80.000000	80.000000	0.000000	0.000000	1.000000	0.000000	8.000000	0.000000	0.087868	2.930993	1.292576	0.031528	0.019819	1.000000	1.000000	0.317383	0.111992	25.674713	0.041992	0.056098	0.015005	0.000000	262144.000000	12.476649	512.000000	512.000000	786432.000000	1.000000	0.000000	0.000000	0.000000	3.000000	2.983175	3.895640	4.729414	4.994060	5.494398	0.046547	0.228101	0.686055	1.000000	0.029733	0.063786	0.228369	0.516262	4.000000	9.000000	23.000000	101.000000	255.000000	0.000000	0.000000	0.015873	0.079365	0.000000	0.000000	0.000000	0.031746	0.000000	0.000000	0.000000	0.000000	0.297629	1.643451	0.000000	0.004346	0.031528	0.000000	0.000000	31.920471	0.699116
/home/lilith/work/codec-eval/codec-corpus/CID22/CID22-512/training/pexels-photo-4577831.png	large	512	512	2298.945557	0.106330	0.110356	0.003328	0.003567	0.242188	0.059082	46.419273	0.192964	1.285771	1402.000000	0.042786	0.000400	0.001800	0.000000	0.003120	0.013470	1.000000	0.109146	4.202125	13.979492	5.573242	0.016602	0.000000	0.000000	0.000000	0.000000	0.000000	80.000000	80.000000	0.000000	0.000000	1.000000	0.000000	8.000000	0.000000	0.011929	3.440389	0.997935	0.081980	0.019095	1.000000	1.000000	0.536133	0.523743	14.181752	0.047852	0.068189	0.010618	0.000000	262144.000000	12.476649	512.000000	512.000000	786432.000000	1.000000	0.000000	0.000000	0.000000	3.000000	3.615398	4.103770	4.484795	4.667186	5.034966	0.249873	0.472084	0.850514	1.000000	0.045382	0.091956	0.207650	0.337080	5.000000	14.000000	28.000000	75.000000	255.000000	0.000000	0.031746	0.063492	0.095238	0.000000	0.000000	0.000000	0.015873	0.000000	0.000000	0.000000	0.000000	1.204123	2.054936	0.000000	0.027881	0.081980	0.000000	0.000000	18.837540	0.833268
/home/lilith/work/codec-eval/codec-corpus/CID22/CID22-512/training/670530.png	large	512	512	1490.093750	0.035696	0.074641	0.002504	0.001690	0.745117	0.281738	31.061295	0.115512	1.727395	723.000000	0.022064	0.000590	0.000690	0.000000	0.001440	0.001530	0.000000	0.156491	3.628583	4.628906	0.809570	0.001953	0.000000	0.000000	0.000000	0.000000	0.000000	80.000000	80.000000	0.000000	0.000000	1.000000	0.000000	8.000000	0.000000	0.056622	2.366061	1.026004	0.018471	0.004253	1.000000	1.000000	0.498047	0.002254	23.379650	0.021484	0.025453	0.001705	0.000000	262144.000000	12.476649	512.000000	512.000000	786432.000000	1.000000	0.000000	0.000000	0.000000	3.000000	2.325278	3.042766	3.672604	4.253978	4.897180	0.036582	0.113212	0.256013	0.532283	0.014651	0.027293	0.053288	0.095798	1.000000	2.000000	8.000000	79.000000	255.000000	0.000000	0.000000	0.000000	0.031746	0.000000	0.000000	0.000000	0.000000	0.000000	0.000000	0.000000	0.586517	0.965408	1.129831	0.007204	0.014331	0.018471	0.000000	0.000000	58.802326	0.778684
/home/lilith/work/codec-eval/codec-corpus/CID22/CID22-512/training/708587.png	large	512	512	5607.231934	0.118692	0.115987	0.011550	0.010657	0.549072	0.023193	47.034149	0.328608	1.234318	4692.000000	0.143188	0.010760	0.015280	5.000000	0.049500	0.065370	17.000000	0.105701	4.454117	16.437500	8.876953	0.006836	0.000000	0.000000	0.000000	0.000000	0.000000	80.000000	80.000000	0.000000	0.000000	1.000000	0.000000	8.000000	0.000000	0.156113	3.072660	1.217171	0.049435	0.024431	1.000000	1.000000	0.378906	0.160774	26.016005	0.023438	0.067662	0.018586	0.000000	262144.000000	12.476649	512.000000	512.000000	786432.000000	1.000000	0.000000	0.000000	0.000000	3.000000	2.659188	4.153689	4.869678	5.093285	5.449813	0.076505	0.161731	0.927644	1.000000	0.040984	0.068729	0.273657	0.587082	2.000000	7.000000	29.000000	117.000000	255.000000	0.000000	0.000000	0.015873	0.126984	0.000000	0.000000	0.000000	0.031746	0.000000	0.000000	0.000000	1.144181	1.534465	1.760492	0.021898	0.038921	0.049435	0.000000	0.000000	25.855963	0.820757
/home/lilith/work/codec-eval/codec-corpus/CID22/CID22-512/training/631317.png	large	512	512	2527.071045	0.257743	0.114572	0.018484	0.011435	0.054443	0.009033	45.350620	0.685443	1.308573	3196.000000	0.097534	0.020390	0.022440	5.000000	0.045450	0.046200	6.000000	0.205297	4.283660	21.480469	8.451172	0.000000	0.000000	0.000000	0.000000	0.000000	0.000000	80.000000	80.000000	0.000000	0.000000	1.000000	0.000000	8.000000	0.000000	0.104610	3.984796	0.667340	0.291416	0.064759	1.000000	1.000000	0.140625	0.526516	20.353733	0.000000	0.126116	0.019051	0.000000	262144.000000	12.476649	512.000000	512.000000	786432.000000	1.000000	0.000000	0.000000	0.000000	3.000000	4.025530	4.366717	4.766160	4.968124	5.293327	0.446003	0.709655	1.000000	1.000000	0.091801	0.147147	0.279954	0.498014	15.000000	31.000000	54.000000	133.000000	255.000000	0.031746	0.063492	0.111111	0.174603	0.000000	0.000000	0.015873	0.031746	0.000000	0.000000	1.000000	1.393575	3.036373	3.293304	0.029018	0.209734	0.291416	0.000000	0.015873	12.706291	0.744316
/home/lilith/work/codec-eval/codec-corpus/CID22/CID22-512/training/pexels-photo-3214683.png	large	512	512	5828.139648	0.078420	0.093271	0.004257	0.003994	0.499268	0.011230	35.419136	0.182186	1.552170	1943.000000	0.059296	0.000770	0.000690	0.000000	0.005620	0.003900	3.000000	0.072356	4.401325	12.952148	3.679688	0.000000	0.000000	0.000000	0.000000	0.000000	0.000000	80.000000	80.000000	0.000000	0.000000	1.000000	0.000000	8.000000	0.000000	0.358986	3.195846	0.965557	0.064169	0.000000	1.000000	1.000000	0.398438	0.256802	23.905651	0.003906	0.050394	0.008324	0.000000	262144.000000	12.476649	512.000000	512.000000	786432.000000	1.000000	0.000000	0.000000	0.000000	3.000000	3.116857	3.948092	4.521052	4.933323	5.413990	0.097001	0.265082	0.692630	1.000000	0.010196	0.039611	0.136692	0.310056	4.000000	9.000000	21.000000	81.000000	255.000000	0.000000	0.000000	0.031746	0.079365	0.000000	0.000000	0.000000	0.015873	0.000000	0.000000	0.000000	1.584756	1.958744	2.048187	0.037392	0.053474	0.064169	0.000000	0.000000	44.179363	0.791341
/home/lilith/work/codec-eval/codec-corpus/CID22/CID22-512/training/pexels-photo-2811087.png	large	512	512	3184.740234	0.100543	0.063038	0.003671	0.003687	0.302002	0.015625	28.523407	0.230170	1.498496	1137.000000	0.034698	0.000460	0.000380	0.000000	0.002830	0.002240	0.000000	0.151813	4.150046	10.910156	2.083984	0.000000	0.000000	0.000000	0.000000	0.000000	0.000000	80.000000	80.000000	0.000000	0.000000	1.000000	0.000000	8.000000	0.000000	0.104935	3.403594	0.751398	0.120945	0.018725	1.000000	1.000000	0.411133	0.540150	12.286480	0.020508	0.058594	0.003999	0.000000	262144.000000	12.476649	512.000000	512.000000	786432.000000	1.000000	0.000000	0.000000	0.000000	3.000000	3.410120	3.935550	4.314887	4.503145	5.125088	0.197294	0.365324	0.648607	1.000000	0.035458	0.059817	0.099789	0.158450	5.000000	16.000000	32.000000	82.000000	255.000000	0.000000	0.015873	0.047619	0.095238	0.000000	0.000000	0.000000	0.000000	0.000000	0.000000	0.000000	1.591066	1.983894	2.464987	0.042421	0.074242	0.120945	0.000000	0.000000	12.747668	0.800025
/home/lilith/work/codec-eval/codec-corpus/CID22/CID22-512/training/861443.png	large	512	512	2158.172852	0.007165	0.159237	0.003139	0.002929	0.931641	0.011475	77.157692	0.030622	1.991308	435.000000	0.013275	0.001280	0.001200	0.000000	0.005860	0.006760	4.000000	0.088297	3.995169	1.563477	0.995117	0.000000	0.000000	0.000000	0.000000	0.000000	0.000000	80.000000	80.000000	0.000000	0.000000	1.000000	0.000000	8.000000	0.000000	0.024929	1.989875	0.613511	0.029028	0.023309	1.000000	1.000000	0.029297	0.036190	28.592344	0.000000	0.006960	0.001953	0.000000	262144.000000	12.476649	512.000000	512.000000	786432.000000	1.000000	0.000000	0.000000	0.000000	3.000000	1.864715	2.080762	2.262451	3.475687	4.759779	0.037634	0.050507	0.068849	0.089003	0.027980	0.034210	0.044576	0.062420	2.000000	4.000000	6.000000	26.000000	194.000000	0.000000	0.000000	0.000000	0.000000	0.000000	0.000000	0.000000	0.000000	0.000000	0.000000	0.000000	1.255271	1.433118	1.517691	0.019813	0.025891	0.029028	0.000000	0.000000	162.224777	0.555429
/home/lilith/work/codec-eval/codec-corpus/CID22/CID22-512/validation/3762075.png	large	512	512	5631.873047	0.106506	0.155446	0.008075	0.005460	0.425293	0.304688	63.065933	0.175208	1.327134	3382.000000	0.103210	0.006100	0.010090	2.000000	0.016550	0.033970	11.000000	0.052609	3.873381	18.021484	9.413086	0.149414	0.000000	0.000000	0.000000	0.000000	0.000000	80.000000	80.000000	0.000000	0.000000	1.000000	0.000000	8.000000	0.000000	0.395649	2.858661	1.741773	0.000000	0.000000	1.000000	1.000000	0.567383	0.423088	18.524549	0.194336	0.059431	0.017857	0.000000	262144.000000	12.476649	512.000000	512.000000	786432.000000	1.000000	0.000000	0.000000	0.000000	3.000000	3.498136	4.320022	4.768022	4.968394	5.238390	0.021040	0.427754	1.000000	1.000000	0.000000	0.073685	0.280064	0.524074	1.000000	6.000000	18.000000	86.000000	255.000000	0.000000	0.000000	0.031746	0.095238	0.000000	0.000000	0.000000	0.031746	0.000000	0.000000	0.000000	0.000000	0.000000	0.000000	0.000000	0.000000	0.000000	0.000000	0.000000	42.340244	0.706570
/home/lilith/work/codec-eval/codec-corpus/CID22/CID22-512/training/pexels-photo-3680501.png	large	512	512	835.578613	0.156560	0.082900	0.008859	0.009198	0.277344	0.000000	38.463566	0.660722	1.255453	2062.000000	0.062927	0.005790	0.003930	1.000000	0.024020	0.024060	4.000000	0.288097	2.917771	12.272461	7.193359	0.000000	0.000000	0.000000	0.000000	0.000000	0.000000	80.000000	80.000000	0.000000	0.000000	1.000000	0.000000	8.000000	0.000000	0.022072	3.548481	0.694380	0.110999	0.054472	1.000000	1.000000	0.061523	0.069817	25.454712	0.000000	0.064608	0.014772	0.000000	262144.000000	12.476649	512.000000	512.000000	786432.000000	1.000000	0.000000	0.000000	0.000000	3.000000	3.312587	4.029337	4.670839	4.984936	5.298074	0.143267	0.217776	0.624202	1.000000	0.070988	0.115892	0.232706	0.345091	14.000000	27.000000	49.000000	146.000000	255.000000	0.000000	0.000000	0.015873	0.111111	0.000000	0.000000	0.000000	0.031746	0.000000	1.000000	2.000000	2.529699	2.719111	2.841506	0.072561	0.095209	0.110999	0.000000	0.000000	14.916611	0.456636
/home/lilith/work/codec-eval/codec-corpus/CID22/CID22-512/validation/164595.png	large	512	512	5543.333496	0.190601	0.076320	0.006201	0.005901	0.525879	0.099365	33.281036	1.979292	1.004345	1526.000000	0.046570	0.005620	0.008510	1.000000	0.033910	0.062950	15.000000	0.419355	4.539829	28.231445	4.023438	0.005859	0.000000	0.000000	0.000000	0.000000	0.000000	80.000000	80.000000	0.000000	0.000000	1.000000	0.000000	8.000000	0.000000	0.080055	3.179184	1.416065	0.036938	0.009002	1.000000	1.000000	0.348633	0.361385	46.344112	0.010742	0.094820	0.008696	0.000000	262144.000000	12.476649	512.000000	512.000000	786432.000000	1.000000	0.000000	0.000000	0.000000	3.000000	2.841741	4.692758	5.294159	5.446810	5.539871	0.064648	0.195060	1.000000	1.000000	0.019129	0.037611	0.143897	0.352011	3.000000	12.000000	82.000000	255.000000	255.000000	0.000000	0.000000	0.015873	0.126984	0.000000	0.000000	0.000000	0.015873	0.000000	0.000000	0.000000	1.111849	1.299669	1.497448	0.018160	0.026990	0.036938	0.000000	0.000000	8.105406	0.754773
/home/lilith/work/codec-eval/codec-corpus/CID22/CID22-512/training/AgilityCourseElements.png	large	512	512	839.601562	0.040744	0.078449	0.001796	0.000256	0.867188	0.854980	22.757881	0.616557	1.488824	334.000000	0.010193	0.009140	0.005820	11.000000	0.001240	0.002330	4.000000	0.224684	0.533477	12.153320	4.309570	0.861328	0.000000	0.000000	0.000000	0.000000	0.000000	80.000000	80.000000	0.000000	0.000000	1.000000	0.000000	8.000000	0.000000	0.983864	0.681555	1.695426	0.000000	0.000000	1.000000	1.000000	0.039062	0.000072	51.540199	0.885742	0.040117	0.004139	0.000000	262144.000000	12.476649	512.000000	512.000000	786432.000000	1.000000	0.000000	0.000000	0.000000	3.000000	0.000000	0.000000	4.539044	5.319991	5.519845	0.000000	0.000000	0.000000	1.000000	0.000000	0.000000	0.000000	0.000000	0.000000	0.000000	0.000000	194.000000	255.000000	0.000000	0.000000	0.000000	0.000000	0.000000	0.000000	0.000000	0.000000	0.000000	0.000000	0.000000	0.000000	0.000000	0.000000	0.000000	0.000000	0.000000	0.000000	0.000000	37.891418	0.112618
/home/lilith/work/codec-eval/codec-corpus/gb82/sand-lossless.png	large	576	576	1543.137207	0.629837	0.075573	0.030335	0.016545	0.004051	0.000000	30.516510	1.883242	0.883744	1983.000000	0.060516	0.037870	0.045750	1.000000	0.067220	0.081520	3.000000	0.374842	4.099463	29.551592	9.691418	0.000000	0.000000	0.000000	0.000000	0.000000	0.000000	80.000000	80.000000	0.000000	0.000000	1.000000	0.000000	8.000000	0.000000	0.043897	4.451362	0.320355	0.643974	0.154412	1.000000	1.000000	0.049180	0.653516	15.608593	0.000000	0.224687	0.023970	0.000000	331776.000000	12.712215	576.000000	576.000000	995328.000000	1.000000	0.000000	0.000000	0.000000	3.000000	4.462461	4.663435	4.820140	4.920968	5.134804	0.825902	1.000000	1.000000	1.000000	0.199536	0.262918	0.346210	0.461792	35.000000	63.000000	95.000000	157.000000	255.000000	0.142857	0.190476	0.222222	0.269841	0.000000	0.000000	0.015873	0.031746	0.000000	2.000000	6.000000	3.479998	3.946817	4.086315	0.344097	0.551918	0.643974	0.047619	0.111111	1.498923	0.666557
/home/lilith/work/codec-eval/codec-corpus/CID22/CID22-512/training/60003.png	large	512	512	3856.424561	0.098552	0.105273	0.007865	0.004885	0.410400	0.029785	43.376816	0.226977	1.327642	1886.000000	0.057556	0.003180	0.005450	1.000000	0.006050	0.009770	1.000000	0.088514	3.970661	15.426758	4.412109	0.001953	0.000000	0.000000	0.000000	0.000000	0.000000	80.000000	80.000000	0.000000	0.000000	1.000000	0.000000	8.000000	0.000000	0.005207	3.233752	1.199723	0.022106	0.028679	1.000000	1.000000	0.414062	0.000027	21.263008	0.000000	0.066003	0.009208	0.000000	262144.000000	12.476649	512.000000	512.000000	786432.000000	1.000000	0.000000	0.000000	0.000000	3.000000	3.416763	4.229586	4.726792	4.929702	5.202508	0.110526	0.374309	0.967762	1.000000	0.039527	0.071123	0.144059	0.272802	3.000000	10.000000	27.000000	92.000000	255.000000	0.000000	0.000000	0.047619	0.111111	0.000000	0.000000	0.000000	0.015873	0.000000	0.000000	0.000000	1.176091	1.316691	1.380211	0.014829	0.019277	0.022106	0.000000	0.000000	19.378561	0.754153
/home/lilith/work/codec-eval/codec-corpus/CID22/CID22-512/training/3584430.png	large	512	512	2888.469727	0.008299	0.121445	0.005026	0.004422	0.835449	0.022217	54.559925	0.013451	1.925678	1168.000000	0.035645	0.000960	0.000720	0.000000	0.005100	0.003980	1.000000	0.044199	4.120518	3.350586	3.611328	0.000000	0.000000	0.000000	0.000000	0.000000	0.000000	80.000000	80.000000	0.000000	0.000000	1.000000	0.000000	8.000000	0.000000	0.000000	2.500303	0.715359	0.034892	0.028962	1.000000	1.000000	0.518555	0.366577	13.251375	0.000000	0.016912	0.007254	0.000000	262144.000000	12.476649	512.000000	512.000000	786432.000000	1.000000	0.000000	0.000000	0.000000	3.000000	2.514692	2.903497	3.276677	3.790091	4.677196	0.070457	0.137614	0.223011	0.348317	0.046692	0.078487	0.122503	0.186933	2.000000	3.000000	5.000000	17.000000	145.000000	0.000000	0.000000	0.015873	0.015873	0.000000	0.000000	0.000000	0.015873	0.000000	0.000000	0.000000	1.284078	1.414972	1.544068	0.021488	0.026476	0.034892	0.000000	0.000000	130.781464	0.831649
/home/lilith/work/codec-eval/codec-corpus/CID22/CID22-512/training/7256805.png	large	512	512	2275.333252	0.043872	0.082197	0.002799	0.002469	0.750000	0.172607	33.815804	0.155303	1.615323	1144.000000	0.034912	0.001240	0.001040	0.000000	0.006700	0.006790	4.000000	0.177607	3.889784	5.584961	2.123047	0.003906	0.000000	0.000000	0.000000	0.000000	0.000000	80.000000	80.000000	0.000000	0.000000	1.000000	0.000000	8.000000	0.000000	0.033367	2.518530	0.985197	0.026427	0.004255	1.000000	1.000000	0.443359	0.482586	20.772564	0.041016	0.031095	0.003782	0.000000	262144.000000	12.476649	512.000000	512.000000	786432.000000	1.000000	0.000000	0.000000	0.000000	3.000000	2.370576	3.069945	4.041489	4.506213	4.930472	0.056191	0.118245	0.267690	0.719078	0.010036	0.025051	0.045825	0.116632	1.000000	3.000000	9.000000	87.000000	255.000000	0.000000	0.000000	0.015873	0.031746	0.000000	0.000000	0.000000	0.000000	0.000000	0.000000	0.000000	0.895389	1.188577	1.317018	0.012833	0.021172	0.026427	0.000000	0.000000	57.044346	0.798752
/home/lilith/work/codec-eval/codec-corpus/CID22/CID22-512/training/64271.png	large	512	512	1111.316162	0.076355	0.091007	0.007294	0.006009	0.743408	0.000000	46.772964	0.201371	1.580639	1241.000000	0.037872	0.002950	0.001620	0.000000	0.011650	0.007200	2.000000	0.147377	3.349710	8.135742	1.880859	0.000000	0.000000	0.000000	0.000000	0.000000	0.000000	80.000000	80.000000	0.000000	0.000000	1.000000	0.000000	8.000000	0.000000	0.003292	2.403662	1.172626	0.025103	0.031929	1.000000	1.000000	0.229492	0.004280	20.936531	0.000000	0.035683	0.003441	0.000000	262144.000000	12.476649	512.000000	512.000000	786432.000000	1.000000	0.000000	0.000000	0.000000	3.000000	1.816137	3.088573	4.506259	4.776828	5.105099	0.031576	0.054430	0.258921	1.000000	0.036212	0.042683	0.061701	0.134752	2.000000	4.000000	19.000000	94.000000	255.000000	0.000000	0.000000	0.000000	0.015873	0.000000	0.000000	0.000000	0.000000	0.000000	0.000000	0.000000	1.278754	1.363788	1.427070	0.017869	0.022664	0.025103	0.000000	0.000000	31.777121	0.671982
/home/lilith/work/codec-eval/codec-corpus/gb82/prudential-lossless.png	large	576	576	1115.812988	0.042305	0.094206	0.007095	0.003918	0.754051	0.002894	31.302586	0.161477	1.815709	2729.000000	0.083282	0.003320	0.003800	1.000000	0.005830	0.006980	3.000000	0.106683	2.941886	6.583414	3.549663	0.000000	0.000000	0.000000	0.000000	0.000000	0.000000	80.000000	80.000000	0.000000	0.000000	1.000000	0.000000	8.000000	0.000000	0.103558	2.469054	1.025970	0.027946	0.032525	1.000000	1.000000	0.189007	0.043991	30.047577	0.000000	0.029695	0.006245	0.000000	331776.000000	12.712215	576.000000	576.000000	995328.000000	1.000000	0.000000	0.000000	0.000000	3.000000	2.160198	3.105425	4.037862	4.600473	5.244516	0.038312	0.079640	0.265067	0.807742	0.044233	0.058607	0.088095	0.227601	2.000000	4.000000	11.000000	73.000000	255.000000	0.000000	0.000000	0.000000	0.031746	0.000000	0.000000	0.000000	0.000000	0.000000	0.000000	0.000000	1.239537	1.379081	1.460288	0.018765	0.024448	0.027946	0.000000	0.000000	84.520424	0.686965
/home/lilith/work/codec-eval/codec-corpus/CID22/CID22-512/training/262780.png	large	512	512	1223.023438	0.121982	0.214809	0.006522	0.005704	0.139648	0.000000	80.526657	0.444765	1.319170	1389.000000	0.042389	0.002470	0.003310	0.000000	0.013380	0.018300	4.000000	0.467924	3.896197	9.117188	2.703125	0.000000	0.000000	0.000000	0.000000	0.000000	0.000000	80.000000	80.000000	0.000000	0.000000	1.000000	0.000000	8.000000	0.000000	0.000290	3.640475	0.500575	0.183075	0.037583	1.000000	1.000000	0.106445	0.382809	19.621616	0.000000	0.081520	0.004061	0.000000	262144.000000	12.476649	512.000000	512.000000	786432.000000	1.000000	0.000000	0.000000	0.000000	3.000000	3.674309	3.979978	4.290390	4.444435	4.736276	0.279033	0.423907	0.649864	0.903745	0.049476	0.071266	0.114486	0.182467	10.000000	20.000000	38.000000	118.000000	255.000000	0.015873	0.031746	0.063492	0.111111	0.000000	0.000000	0.000000	0.000000	0.000000	0.000000	1.000000	2.475308	2.770852	2.971276	0.094533	0.141178	0.183075	0.000000	0.000000	27.544889	0.642991
/home/lilith/work/codec-eval/codec-corpus/CID22/CID22-512/validation/382297.png	large	512	512	1674.865845	0.204641	0.267592	0.024338	0.012994	0.290039	0.003906	104.160316	1.255974	1.070494	9728.000000	0.296875	0.044200	0.089410	9.000000	0.093400	0.177120	24.000000	0.214895	3.826953	28.111328	30.947266	0.006836	0.000000	0.000000	0.000000	0.000000	0.000000	80.000000	80.000000	0.000000	0.000000	1.000000	0.000000	8.000000	0.000000	0.001575	3.809035	1.006429	0.114314	0.048724	1.000000	1.000000	0.254883	0.063469	37.860027	0.002930	0.126690	0.048937	0.000000	262144.000000	12.476649	512.000000	512.000000	786432.000000	1.000000	0.000000	0.000000	0.000000	3.000000	3.792715	4.715614	5.155801	5.274705	5.456279	0.205204	0.569133	1.000000	1.000000	0.118471	0.394267	0.868046	1.000000	8.000000	21.000000	70.000000	213.000000	255.000000	0.000000	0.015873	0.079365	0.238095	0.000000	0.015873	0.031746	0.079365	0.000000	0.000000	1.000000	1.973633	2.404727	2.554792	0.048717	0.088639	0.114314	0.000000	0.000000	10.204241	0.757006
/home/lilith/work/codec-eval/codec-corpus/CID22/CID22-512/training/7062197.png	large	512	512	2418.933350	0.136534	0.175031	0.010664	0.012696	0.493652	0.185303	69.373138	0.535294	1.165436	4355.000000	0.132904	0.014760	0.014450	2.000000	0.099710	0.100330	24.000000	0.100531	3.293338	20.027344	15.891602	0.005859	0.000000	0.000000	0.000000	0.000000	0.000000	80.000000	80.000000	0.000000	0.000000	1.000000	0.000000	8.000000	0.000000	0.007401	2.969331	1.534876	0.016795	0.011456	1.000000	1.000000	0.458008	0.115238	32.284042	0.021484	0.069677	0.026274	0.000000	262144.000000	12.476649	512.000000	512.000000	786432.000000	1.000000	0.000000	0.000000	0.000000	3.000000	3.093854	4.390501	4.983691	5.201879	5.549494	0.030800	0.271628	1.000000	1.000000	0.030069	0.127517	0.463896	0.803416	2.000000	9.000000	41.000000	144.000000	255.000000	0.000000	0.000000	0.015873	0.111111	0.000000	0.000000	0.015873	0.047619	0.000000	0.000000	0.000000	0.297622	0.841202	1.055357	0.003600	0.011690	0.016795	0.000000	0.000000	15.304432	0.746805
/home/lilith/work/codec-eval/codec-corpus/CID22/CID22-512/training/Lungs-Cross-Section-Illustration.png	large	512	512	8974.535156	0.117030	0.181271	0.010764	0.007022	0.682617	0.659180	67.741295	1.545143	1.062386	1818.000000	0.055481	0.036800	0.027360	15.000000	0.117970	0.080060	50.000000	0.157960	2.338322	29.973633	20.906250	0.673828	0.000000	0.000000	0.000000	0.000000	0.000000	80.000000	80.000000	0.000000	0.000000	1.000000	0.000000	8.000000	0.000000	0.681366	1.655044	2.244499	0.000000	0.000000	1.000000	1.000000	0.116211	0.262684	58.392529	0.680664	0.077272	0.022709	0.000000	262144.000000	12.476649	512.000000	512.000000	786432.000000	1.000000	0.000000	0.000000	0.000000	3.000000	0.000000	4.250186	5.428793	5.589217	5.733171	0.000000	0.000000	1.000000	1.000000	0.000000	0.000000	0.034860	0.708979	0.000000	1.000000	50.000000	255.000000	255.000000	0.000000	0.000000	0.000000	0.126984	0.000000	0.000000	0.000000	0.000000	0.000000	0.000000	0.000000	0.000000	0.000000	0.000000	0.000000	0.000000	0.000000	0.000000	0.000000	12.039827	0.314853
/home/lilith/work/codec-eval/codec-corpus/gb82/waves-lossless.png	large	576	576	3615.845215	0.169452	0.034813	0.002946	0.002535	0.078897	0.000772	12.175204	0.315660	1.278031	676.000000	0.020630	0.000290	0.000390	0.000000	0.001340	0.001860	0.000000	0.122868	4.603715	17.012537	1.227580	0.000000	0.000000	0.000000	0.000000	0.000000	0.000000	80.000000	80.000000	0.000000	0.000000	1.000000	0.000000	8.000000	0.000000	0.180685	3.864710	0.557230	0.243122	0.023167	1.000000	1.000000	0.297975	0.057828	11.827320	0.000000	0.093049	0.002112	0.000000	331776.000000	12.712215	576.000000	576.000000	995328.000000	1.000000	0.000000	0.000000	0.000000	3.000000	3.891069	4.265312	4.568283	4.747701	5.049362	0.379693	0.636262	1.000000	1.000000	0.033494	0.051954	0.080099	0.115997	11.000000	22.000000	37.000000	77.000000	255.000000	0.015873	0.047619	0.095238	0.126984	0.000000	0.000000	0.000000	0.000000	0.000000	0.000000	1.000000	2.567541	2.925538	3.155564	0.125185	0.195612	0.243122	0.000000	0.015873	8.419742	0.806374
/home/lilith/work/codec-eval/codec-corpus/CID22/CID22-512/training/pexels-photo-4672246.png	large	512	512	1861.175049	0.072897	0.193139	0.006778	0.005013	0.606934	0.000977	72.154251	0.173195	1.593067	2594.000000	0.079163	0.002910	0.002520	0.000000	0.011340	0.009130	5.000000	0.150514	4.005466	7.907227	6.130859	0.000000	0.000000	0.000000	0.000000	0.000000	0.000000	80.000000	80.000000	0.000000	0.000000	1.000000	0.000000	8.000000	0.000000	0.078754	2.977134	0.869390	0.053716	0.008803	1.000000	1.000000	0.292969	0.176216	16.316597	0.000000	0.042287	0.011114	0.000000	262144.000000	12.476649	512.000000	512.000000	786432.000000	1.000000	0.000000	0.000000	0.000000	3.000000	2.813070	3.610193	4.332842	4.592865	4.914597	0.075283	0.189257	0.469204	1.000000	0.023093	0.051600	0.145473	0.416108	3.000000	8.000000	19.000000	83.000000	255.000000	0.000000	0.000000	0.015873	0.063492	0.000000	0.000000	0.000000	0.015873	0.000000	0.000000	0.000000	1.806180	1.917768	2.011716	0.040238	0.048391	0.053716	0.000000	0.000000	32.655445	0.739166
/home/lilith/work/codec-eval/codec-corpus/gb82/sumac-lossless.png	large	576	576	4023.290771	0.175453	0.094947	0.010025	0.008192	0.080440	0.002315	46.157352	0.172936	1.034929	2625.000000	0.080109	0.002480	0.001830	0.000000	0.010320	0.008310	2.000000	0.029281	4.506247	29.260366	11.648024	0.002893	0.000000	0.000000	0.000000	0.000000	0.000000	80.000000	80.000000	0.000000	0.000000	1.000000	0.000000	8.000000	0.000000	0.003656	4.099555	0.709962	0.297529	0.069717	1.000000	1.000000	0.904532	0.644745	13.203901	0.007715	0.096570	0.024628	0.000000	331776.000000	12.712215	576.000000	576.000000	995328.000000	1.000000	0.000000	0.000000	0.000000	3.000000	4.184922	4.676839	4.947919	5.085399	5.243891	0.493216	0.968077	1.000000	1.000000	0.107842	0.168713	0.307962	0.519599	5.000000	11.000000	23.000000	70.000000	255.000000	0.031746	0.047619	0.079365	0.126984	0.000000	0.000000	0.015873	0.031746	0.000000	0.000000	0.000000	2.046727	2.932910	3.173182	0.080092	0.225179	0.297529	0.000000	0.015873	23.849789	0.956941
/home/lilith/work/codec-eval/codec-corpus/CID22/CID22-512/training/pexels-photo-2908983.png	large	512	512	667.956482	0.000785	0.173510	0.003892	0.003028	0.822266	0.124512	64.976105	0.004114	1.541869	719.000000	0.021942	0.000400	0.000640	0.000000	0.001700	0.002610	0.000000	0.034059	3.477740	2.406250	3.889648	0.000000	0.000000	0.000000	0.000000	0.000000	0.000000	80.000000	80.000000	0.000000	0.000000	1.000000	0.000000	8.000000	0.000000	0.012589	2.394358	0.720956	0.031531	0.021784	1.000000	1.000000	0.670898	0.266331	3.987375	0.022461	0.014323	0.007906	0.000000	262144.000000	12.476649	512.000000	512.000000	786432.000000	1.000000	0.000000	0.000000	0.000000	3.000000	2.467516	2.919201	3.291337	3.492612	3.953233	0.068355	0.132745	0.228261	0.352866	0.039509	0.072088	0.134033	0.242618	1.000000	2.000000	3.000000	11.000000	51.000000	0.000000	0.000000	0.015873	0.015873	0.000000	0.000000	0.000000	0.015873	0.000000	0.000000	0.000000	0.859402	1.157135	1.320925	0.013828	0.025096	0.031531	0.000000	0.000000	34.067448	0.887645
/home/lilith/work/codec-eval/codec-corpus/CID22/CID22-512/training/675951.png	large	512	512	4932.141602	0.090314	0.181923	0.013615	0.007686	0.316650	0.023926	75.669922	0.182013	1.310478	8265.000000	0.252228	0.006490	0.013310	4.000000	0.014680	0.024230	6.000000	0.058120	4.724313	18.666992	14.533203	0.005859	0.000000	0.000000	0.000000	0.000000	0.000000	80.000000	80.000000	0.000000	0.000000	1.000000	0.000000	8.000000	0.000000	0.054100	3.502881	0.965236	0.082287	0.074356	1.000000	1.000000	0.682617	0.490135	20.175787	0.026367	0.061384	0.026879	0.000000	262144.000000	12.476649	512.000000	512.000000	786432.000000	1.000000	0.000000	0.000000	0.000000	3.000000	3.611164	4.194485	4.680997	4.911576	5.432475	0.212254	0.505406	0.976499	1.000000	0.115735	0.199174	0.413317	0.656420	3.000000	8.000000	17.000000	88.000000	255.000000	0.000000	0.015873	0.031746	0.079365	0.000000	0.000000	0.015873	0.047619	0.000000	0.000000	0.000000	1.224017	1.763310	2.197237	0.020963	0.045058	0.082287	0.000000	0.000000	46.395359	0.885593
/home/lilith/work/codec-eval/codec-corpus/CID22/CID22-512/training/Verkehrstote Deutschland 1953-2012.png	large	512	512	1831.129150	0.075279	0.034402	0.000863	0.002023	0.821045	0.816650	13.131788	1.199892	1.086547	68.000000	0.002075	0.002650	0.001500	2.000000	0.095560	0.054180	72.000000	0.134365	0.692990	26.415039	2.219727	0.836914	0.000000	0.000000	0.000000	8.000000	1.000000	80.000000	80.000000	0.000000	0.000000	1.000000	0.000000	8.000000	0.000000	0.993725	1.123784	2.168557	0.000000	0.000000	1.000000	1.000000	0.087891	0.001942	56.122185	0.866211	0.066112	0.003860	0.000000	262144.000000	12.476649	512.000000	512.000000	786432.000000	1.000000	0.000000	0.000000	0.000000	3.000000	0.000000	0.000000	5.501558	5.612397	5.716555	0.000000	0.000000	0.000000	1.000000	0.000000	0.000000	0.000000	0.000000	0.000000	0.000000	5.000000	252.000000	255.000000	0.000000	0.000000	0.000000	0.000000	0.000000	0.000000	0.000000	0.000000	0.000000	0.000000	0.000000	0.000000	0.000000	0.000000	0.000000	0.000000	0.000000	0.000000	0.000000	15.479088	0.182754
/home/lilith/work/codec-eval/codec-corpus/CID22/CID22-512/validation/225228.png	large	512	512	4837.233398	0.080913	0.111242	0.008939	0.007068	0.394287	0.008545	47.448612	0.191919	1.429686	2894.000000	0.088318	0.005270	0.002870	1.000000	0.025340	0.015220	8.000000	0.064214	4.588268	18.102539	8.757812	0.012695	0.000000	0.000000	0.000000	0.000000	0.000000	80.000000	80.000000	0.000000	0.000000	1.000000	0.000000	8.000000	0.000000	0.040993	3.416152	1.009528	0.073588	0.023094	1.000000	1.000000	0.738281	0.601768	23.912962	0.064453	0.060469	0.017237	0.000000	262144.000000	12.476649	512.000000	512.000000	786432.000000	1.000000	0.000000	0.000000	0.000000	3.000000	3.443026	4.184093	4.735280	4.978242	5.317012	0.175479	0.420891	0.956730	1.000000	0.041622	0.099181	0.257518	0.450667	2.000000	6.000000	17.000000	94.000000	255.000000	0.000000	0.015873	0.031746	0.079365	0.000000	0.000000	0.015873	0.031746	0.000000	0.000000	0.000000	1.284079	1.747096	2.014678	0.025908	0.048951	0.073588	0.000000	0.000000	37.456215	0.912004
/home/lilith/work/codec-eval/codec-corpus/gb82/rain-lossless.png	large	576	576	1602.742065	0.049071	0.016760	0.001164	0.000855	0.743441	0.265625	5.803550	0.331093	1.453206	511.000000	0.015594	0.000210	0.000190	0.000000	0.000540	0.000540	0.000000	0.490077	2.945470	4.857281	0.224687	0.006750	0.000000	0.000000	0.000000	0.000000	0.000000	80.000000	80.000000	0.000000	0.000000	1.000000	0.000000	8.000000	0.000000	0.764127	2.392549	1.071386	0.023937	0.000000	1.000000	1.000000	0.082932	0.009042	27.270832	0.007715	0.038006	0.000291	0.000000	331776.000000	12.712215	576.000000	576.000000	995328.000000	1.000000	0.000000	0.000000	0.000000	3.000000	2.061109	3.082942	4.164869	4.548259	4.894420	0.036972	0.071518	0.243075	0.773164	0.000000	0.013098	0.045391	0.063070	2.000000	5.000000	12.000000	124.000000	255.000000	0.000000	0.000000	0.000000	0.015873	0.000000	0.000000	0.000000	0.000000	0.000000	0.000000	0.000000	0.767851	1.196849	1.314062	0.010539	0.019616	0.023937	0.000000	0.000000	51.709686	0.646275
/home/lilith/work/codec-eval/codec-corpus/CID22/CID22-512/training/159741.png	large	512	512	3992.393799	0.093225	0.170278	0.006523	0.005022	0.316650	0.018311	59.239414	0.248055	1.418567	5401.000000	0.164825	0.003420	0.006830	2.000000	0.007570	0.014450	5.000000	0.083523	4.603700	18.018555	9.685547	0.009766	0.000000	0.000000	0.000000	0.000000	0.000000	80.000000	80.000000	0.000000	0.000000	1.000000	0.000000	8.000000	0.000000	0.090744	3.481062	0.983056	0.092014	0.024401	1.000000	1.000000	0.624023	0.216274	25.528240	0.050781	0.062376	0.014664	0.000000	262144.000000	12.476649	512.000000	512.000000	786432.000000	1.000000	0.000000	0.000000	0.000000	3.000000	3.536234	4.172256	4.767636	4.992306	5.332445	0.198065	0.429240	0.920337	1.000000	0.042380	0.085531	0.197133	0.475440	3.000000	7.000000	22.000000	104.000000	255.000000	0.000000	0.015873	0.047619	0.079365	0.000000	0.000000	0.000000	0.015873	0.000000	0.000000	0.000000	0.297622	1.913483	2.236631	0.004253	0.061111	0.092014	0.000000	0.000000	37.653877	0.867114
/home/lilith/work/codec-eval/codec-corpus/CID22/CID22-512/training/2666598.png	large	512	512	1841.840698	0.220963	0.074890	0.008185	0.006919	0.144287	0.007080	31.129045	1.076348	1.447147	3416.000000	0.104248	0.006190	0.010050	3.000000	0.026650	0.036170	7.000000	0.518772	3.991996	14.692383	2.904297	0.000000	0.000000	0.000000	0.000000	0.000000	0.000000	80.000000	80.000000	0.000000	0.000000	1.000000	0.000000	8.000000	0.000000	0.068085	3.809525	0.764423	0.150574	0.029267	1.000000	1.000000	0.045898	0.036312	28.544077	0.001953	0.135742	0.005425	0.000000	262144.000000	12.476649	512.000000	512.000000	786432.000000	1.000000	0.000000	0.000000	0.000000	3.000000	3.941160	4.305282	4.607422	4.831649	5.214323	0.330518	0.547543	0.855483	1.000000	0.045469	0.071384	0.114185	0.185728	11.000000	29.000000	63.000000	196.000000	255.000000	0.000000	0.047619	0.126984	0.206349	0.000000	0.000000	0.000000	0.000000	0.000000	0.000000	1.000000	1.630779	2.126243	2.769331	0.037232	0.069642	0.150574	0.000000	0.000000	12.185903	0.586830
/home/lilith/work/codec-eval/codec-corpus/CID22/CID22-512/training/pexels-photo-7438498.png	large	512	512	5110.481934	0.142735	0.133359	0.005546	0.007422	0.433838	0.084961	57.265465	0.437016	1.367288	3639.000000	0.111053	0.001690	0.001980	1.000000	0.025760	0.028050	9.000000	0.126593	4.495538	17.284180	8.326172	0.000000	0.000000	0.000000	0.000000	0.000000	0.000000	80.000000	80.000000	0.000000	0.000000	1.000000	0.000000	8.000000	0.000000	0.088352	3.267911	1.167052	0.046991	0.000000	1.000000	1.000000	0.381836	0.381588	24.725521	0.052734	0.072126	0.015997	0.000000	262144.000000	12.476649	512.000000	512.000000	786432.000000	1.000000	0.000000	0.000000	0.000000	3.000000	3.371887	4.217535	4.824677	5.066603	5.377937	0.098897	0.318143	0.918966	1.000000	0.020711	0.049383	0.272943	0.597840	3.000000	15.000000	39.000000	126.000000	255.000000	0.000000	0.000000	0.031746	0.111111	0.000000	0.000000	0.000000	0.031746	0.000000	0.000000	0.000000	0.859398	1.373087	1.672097	0.017364	0.033916	0.046991	0.000000	0.000000	19.682842	0.793092
/home/lilith/work/codec-eval/codec-corpus/CID22/CID22-512/training/EPICA Delta D Plot.png	large	512	512	997.368774	0.155357	0.059388	0.006209	0.010135	0.591309	0.582031	22.187399	1.398426	1.173035	410.000000	0.012512	0.018030	0.002210	2.000000	0.343000	0.045440	61.000000	0.405494	1.190122	21.146484	6.707031	0.789062	0.000000	0.000000	0.000000	0.000000	0.000000	80.000000	80.000000	0.000000	0.000000	1.000000	0.000000	8.000000	0.000000	0.939423	1.779265	2.226907	0.000000	0.000000	1.000000	1.000000	0.041016	0.014473	40.199444	0.815430	0.076001	0.013920	0.000000	262144.000000	12.476649	512.000000	512.000000	786432.000000	1.000000	0.000000	0.000000	0.000000	3.000000	0.000000	4.208179	4.864071	5.182388	5.516133	0.000000	0.000000	0.897757	1.000000	0.000000	0.000000	0.000000	0.691038	0.000000	0.000000	76.000000	240.000000	255.000000	0.000000	0.000000	0.000000	0.095238	0.000000	0.000000	0.000000	0.000000	0.000000	0.000000	0.000000	0.000000	0.000000	0.000000	0.000000	0.000000	0.000000	0.000000	0.000000	10.654034	0.295396
/home/lilith/work/codec-eval/codec-corpus/CID22/CID22-512/training/pexels-photo-4177747.png	large	512	512	4361.647949	0.361036	0.165215	0.019227	0.020845	0.168213	0.030273	63.447941	1.240801	1.095382	4335.000000	0.132294	0.016750	0.009460	5.000000	0.136000	0.067230	17.000000	0.282656	4.436126	29.275391	18.271484	0.001953	0.000000	0.000000	0.000000	0.000000	0.000000	80.000000	80.000000	0.000000	0.000000	1.000000	0.000000	8.000000	0.000000	0.034405	4.065398	0.906834	0.157377	0.036102	1.000000	1.000000	0.187500	0.263752	21.444092	0.007812	0.162404	0.036706	0.000000	262144.000000	12.476649	512.000000	512.000000	786432.000000	1.000000	0.000000	0.000000	0.000000	3.000000	4.354661	4.708476	4.922152	5.045138	5.289197	0.435766	0.992807	1.000000	1.000000	0.092389	0.262981	0.614870	0.851098	14.000000	41.000000	81.000000	175.000000	255.000000	0.000000	0.063492	0.174603	0.238095	0.000000	0.000000	0.031746	0.063492	0.000000	0.000000	1.000000	1.255273	2.296082	2.769274	0.029854	0.086859	0.157377	0.000000	0.000000	5.971478	0.739916
/home/lilith/work/codec-eval/codec-corpus/CID22/CID22-512/training/pexels-photo-6926600.png	large	512	512	2099.332275	0.267324	0.069188	0.003546	0.003944	0.469482	0.016357	26.503830	1.978615	1.055504	1110.000000	0.033875	0.001260	0.002820	0.000000	0.008010	0.017360	3.000000	0.491531	3.904719	23.671875	3.306641	0.000000	0.000000	0.000000	0.000000	0.000000	0.000000	80.000000	80.000000	0.000000	0.000000	1.000000	0.000000	8.000000	0.000000	0.111267	3.365985	1.302469	0.045483	0.004633	1.000000	1.000000	0.106445	0.110996	38.174030	0.000000	0.103051	0.004852	0.000000	262144.000000	12.476649	512.000000	512.000000	786432.000000	1.000000	0.000000	0.000000	0.000000	3.000000	3.474508	4.623745	5.063821	5.295910	5.478168	0.059274	0.366307	1.000000	1.000000	0.014995	0.050642	0.130022	0.247148	6.000000	33.000000	98.000000	247.000000	255.000000	0.000000	0.000000	0.031746	0.206349	0.000000	0.000000	0.000000	0.000000	0.000000	0.000000	0.000000	1.557620	1.774402	1.871792	0.031409	0.039404	0.045483	0.000000	0.000000	5.857059	0.609699
/home/lilith/work/codec-eval/codec-corpus/CID22/CID22-512/validation/2079234.png	large	512	512	1647.715210	0.211603	0.137163	0.005210	0.005206	0.385498	0.098389	54.510101	0.756319	0.969063	1229.000000	0.037506	0.000980	0.003390	0.000000	0.007470	0.021020	2.000000	0.217382	3.891828	21.209961	4.346680	0.034180	0.000000	0.000000	0.000000	0.000000	0.000000	80.000000	80.000000	0.000000	0.000000	1.000000	0.000000	8.000000	0.000000	0.053898	3.343469	1.441777	0.021883	0.019607	1.000000	1.000000	0.313477	0.169857	23.507954	0.001953	0.090402	0.007456	0.000000	262144.000000	12.476649	512.000000	512.000000	786432.000000	1.000000	0.000000	0.000000	0.000000	3.000000	3.913228	4.666003	4.852561	4.916900	5.069827	0.030817	0.656096	1.000000	1.000000	0.027426	0.069538	0.154926	0.277930	4.000000	21.000000	57.000000	180.000000	255.000000	0.000000	0.000000	0.079365	0.158730	0.000000	0.000000	0.000000	0.015873	0.000000	0.000000	0.000000	1.125786	1.248816	1.320925	0.014769	0.018484	0.021883	0.000000	0.000000	11.156634	0.692935
/home/lilith/work/codec-eval/codec-corpus/CID22/CID22-512/validation/4215100.png	large	512	512	3489.644531	0.126363	0.160849	0.004230	0.002629	0.457764	0.008545	60.530437	0.290121	1.377861	874.000000	0.026672	0.001550	0.002380	0.000000	0.006950	0.013090	8.000000	0.160307	4.389480	12.352539	4.460938	0.003906	0.000000	0.000000	0.000000	0.000000	0.000000	80.000000	80.000000	0.000000	0.000000	1.000000	0.000000	8.000000	0.000000	0.000187	3.211294	1.021808	0.060427	0.023862	1.000000	1.000000	0.471680	0.296719	17.968498	0.036133	0.069382	0.008061	0.000000	262144.000000	12.476649	512.000000	512.000000	786432.000000	1.000000	0.000000	0.000000	0.000000	3.000000	3.219257	4.086162	4.553592	4.725286	5.113199	0.112760	0.298047	0.782785	1.000000	0.040492	0.077482	0.136108	0.231085	2.000000	12.000000	34.000000	100.000000	255.000000	0.000000	0.000000	0.031746	0.126984	0.000000	0.000000	0.000000	0.015873	0.000000	0.000000	0.000000	1.306090	1.606786	1.819133	0.032555	0.045585	0.060427	0.000000	0.000000	18.867165	0.855857
/home/lilith/work/codec-eval/codec-corpus/CID22/CID22-512/training/No-interference.png	large	512	512	529.498901	0.066996	0.036167	0.004446	0.000572	0.739014	0.733643	10.602274	1.031795	1.543935	122.000000	0.003723	0.044380	0.007300	14.000000	0.004930	0.000810	1.000000	0.421826	0.527345	10.158203	2.495117	0.813477	0.000000	0.000000	0.000000	8.000000	1.000000	80.000000	80.000000	0.000000	0.000000	1.000000	0.000000	8.000000	0.000000	0.988262	1.092896	1.914426	0.000000	0.000000	1.000000	1.000000	0.004883	0.000000	52.833073	0.845703	0.043806	0.006309	0.000000	262144.000000	12.476649	512.000000	512.000000	786432.000000	1.000000	0.000000	0.000000	0.000000	3.000000	0.000000	2.918153	4.852099	5.163161	5.533882	0.000000	0.000000	0.191120	1.000000	0.000000	0.000000	0.000000	0.000000	0.000000	0.000000	12.000000	255.000000	255.000000	0.000000	0.000000	0.000000	0.000000	0.000000	0.000000	0.000000	0.000000	0.000000	0.000000	0.000000	0.000000	0.000000	0.000000	0.000000	0.000000	0.000000	0.000000	0.000000	22.359570	0.148717
/home/lilith/work/codec-eval/codec-corpus/gb82/reflect-lossless.png	large	576	576	2267.846436	0.088302	0.088003	0.004710	0.002721	0.355324	0.051119	30.745541	0.154573	1.151436	917.000000	0.027985	0.000750	0.002420	0.000000	0.001910	0.004980	0.000000	0.110637	4.336140	10.822565	5.151398	0.000000	0.000000	0.000000	0.000000	0.000000	0.000000	80.000000	80.000000	0.000000	0.000000	1.000000	0.000000	8.000000	0.000000	0.082948	3.292497	0.908601	0.065798	0.016572	1.000000	1.000000	0.534233	0.129099	11.130268	0.000000	0.057369	0.010378	0.000000	331776.000000	12.712215	576.000000	576.000000	995328.000000	1.000000	0.000000	0.000000	0.000000	3.000000	3.475869	4.002509	4.333004	4.491963	4.803487	0.151358	0.407201	0.764571	1.000000	0.044907	0.100819	0.202682	0.337261	3.000000	10.000000	24.000000	65.000000	231.000000	0.000000	0.015873	0.047619	0.095238	0.000000	0.000000	0.000000	0.015873	0.000000	0.000000	0.000000	1.196850	1.576738	1.908150	0.025359	0.042329	0.065798	0.000000	0.000000	14.081846	0.858585
/home/lilith/work/codec-eval/codec-corpus/CID22/CID22-512/validation/2190188.png	large	512	512	5095.659668	0.148157	0.241687	0.012275	0.005278	0.319092	0.010498	84.709198	0.382937	1.223299	4355.000000	0.132904	0.012750	0.016800	6.000000	0.012620	0.014350	4.000000	0.072448	4.533542	25.212891	15.060547	0.001953	0.000000	0.000000	0.000000	0.000000	0.000000	80.000000	80.000000	0.000000	0.000000	1.000000	0.000000	8.000000	0.000000	0.243984	3.615405	1.084015	0.057901	0.014924	1.000000	1.000000	0.593750	0.117153	27.700075	0.004883	0.080900	0.021996	0.000000	262144.000000	12.476649	512.000000	512.000000	786432.000000	1.000000	0.000000	0.000000	0.000000	3.000000	3.692724	4.509700	5.040007	5.266016	5.496469	0.179226	0.535904	1.000000	1.000000	0.032845	0.105232	0.352531	0.749553	4.000000	11.000000	30.000000	121.000000	255.000000	0.000000	0.015873	0.047619	0.126984	0.000000	0.000000	0.000000	0.031746	0.000000	0.000000	0.000000	1.590368	1.759196	2.041147	0.028081	0.039945	0.057901	0.000000	0.000000	30.809776	0.846137
/home/lilith/work/codec-eval/codec-corpus/CID22/CID22-512/validation/1044329.png	large	512	512	3643.300781	0.283757	0.198398	0.023766	0.020764	0.235107	0.121582	65.031273	1.867514	0.867331	2821.000000	0.086090	0.049920	0.101070	13.000000	0.215360	0.340400	27.000000	0.246602	3.604692	36.689453	31.350586	0.050781	0.000000	0.000000	0.000000	0.000000	0.000000	80.000000	80.000000	0.000000	0.000000	1.000000	0.000000	8.000000	0.000000	0.044720	3.857677	1.445541	0.024946	0.020040	1.000000	1.000000	0.116211	0.108994	35.467163	0.031250	0.157087	0.044860	0.000000	262144.000000	12.476649	512.000000	512.000000	786432.000000	1.000000	0.000000	0.000000	0.000000	3.000000	4.424420	4.977257	5.191135	5.256241	5.449448	0.238811	1.000000	1.000000	1.000000	0.054843	0.206329	0.662590	1.000000	10.000000	41.000000	104.000000	225.000000	255.000000	0.000000	0.015873	0.174603	0.253968	0.000000	0.000000	0.015873	0.079365	0.000000	0.000000	0.000000	0.000000	0.859403	1.226836	0.000000	0.013747	0.024946	0.000000	0.000000	4.534517	0.682002
/home/lilith/work/codec-eval/codec-corpus/CID22/CID22-512/training/pexels-photo-6096399.png	large	512	512	785.293762	0.047208	0.031889	0.001785	0.001526	0.682373	0.232422	16.249210	0.118803	1.815295	911.000000	0.027802	0.000240	0.000380	0.000000	0.000950	0.001170	0.000000	0.202888	3.384350	4.241211	0.724609	0.073242	0.000000	0.000000	0.000000	0.000000	0.000000	80.000000	80.000000	0.000000	0.000000	1.000000	0.000000	8.000000	0.000000	0.085945	2.464787	1.163806	0.017100	0.000000	1.000000	1.000000	0.232422	0.577164	12.381254	0.131836	0.025670	0.001473	0.000000	262144.000000	12.476649	512.000000	512.000000	786432.000000	1.000000	0.000000	0.000000	0.000000	3.000000	2.624733	3.253304	3.933712	4.186486	4.687944	0.047526	0.135505	0.304721	0.605494	0.007508	0.027607	0.050004	0.085658	2.000000	7.000000	18.000000	68.000000	255.000000	0.000000	0.000000	0.000000	0.031746	0.000000	0.000000	0.000000	0.000000	0.000000	0.000000	0.000000	0.000000	0.000000	0.859402	0.000000	0.000000	0.017100	0.000000	0.000000	33.565521	0.667601
/home/lilith/work/codec-eval/codec-corpus/CID22/CID22-512/validation/2670327.png	large	512	512	3152.043945	0.100739	0.127925	0.010203	0.006587	0.408203	0.030273	47.738945	0.276793	1.514659	4098.000000	0.125061	0.009850	0.012880	5.000000	0.027030	0.035660	13.000000	0.080557	4.316110	16.486328	8.567383	0.001953	0.000000	0.000000	0.000000	0.000000	0.000000	80.000000	80.000000	0.000000	0.000000	1.000000	0.000000	8.000000	0.000000	0.099632	3.365589	1.009640	0.061627	0.022698	1.000000	1.000000	0.468750	0.371826	28.696310	0.001953	0.064174	0.015501	0.000000	262144.000000	12.476649	512.000000	512.000000	786432.000000	1.000000	0.000000	0.000000	0.000000	3.000000	3.410767	4.078436	4.719124	5.018275	5.445337	0.154566	0.380462	0.835685	1.000000	0.046014	0.118822	0.245087	0.469071	4.000000	10.000000	27.000000	108.000000	255.000000	0.000000	0.015873	0.047619	0.095238	0.000000	0.000000	0.000000	0.015873	0.000000	0.000000	0.000000	1.384432	1.691164	1.913483	0.026791	0.040648	0.061627	0.000000	0.000000	31.590475	0.845805
/home/lilith/work/codec-eval/codec-corpus/CID22/CID22-512/training/1583339.png	large	512	512	1617.833130	0.150666	0.174754	0.007865	0.007004	0.429688	0.262939	58.633003	0.532599	1.293031	3560.000000	0.108643	0.005350	0.006800	3.000000	0.038880	0.035240	23.000000	0.187402	3.812132	13.951172	4.537109	0.000000	0.000000	0.000000	0.000000	0.000000	0.000000	80.000000	80.000000	0.000000	0.000000	1.000000	0.000000	8.000000	0.000000	0.021027	2.913107	1.385765	0.021717	0.005581	1.000000	1.000000	0.120117	0.367432	26.218878	0.000000	0.067553	0.008743	0.000000	262144.000000	12.476649	512.000000	512.000000	786432.000000	1.000000	0.000000	0.000000	0.000000	3.000000	3.279382	4.117569	4.635375	5.025302	5.257320	0.030751	0.283017	0.832295	1.000000	0.018532	0.078885	0.139785	0.273534	4.000000	19.000000	42.000000	134.000000	255.000000	0.000000	0.000000	0.031746	0.111111	0.000000	0.000000	0.000000	0.015873	0.000000	0.000000	0.000000	0.881349	1.176091	1.245746	0.011489	0.018166	0.021717	0.000000	0.000000	20.548563	0.660377
/home/lilith/work/codec-eval/codec-corpus/gb82/mies-lossless.png	large	576	576	5897.491699	0.433128	0.103560	0.023749	0.011523	0.065972	0.000000	37.634884	1.571547	0.790472	3100.000000	0.094604	0.018780	0.003890	1.000000	0.028880	0.005770	1.000000	0.064593	4.281015	55.176472	10.797493	0.000000	0.000000	0.000000	0.000000	0.000000	0.000000	80.000000	80.000000	0.000000	0.000000	1.000000	0.000000	8.000000	0.000000	0.080488	4.561070	0.768293	0.332008	0.101592	1.000000	1.000000	0.512054	0.418560	27.595781	0.000000	0.175369	0.021246	0.000000	331776.000000	12.712215	576.000000	576.000000	995328.000000	1.000000	0.000000	0.000000	0.000000	3.000000	4.784987	5.155004	5.345917	5.427381	5.565989	0.845990	1.000000	1.000000	1.000000	0.150487	0.237660	0.377810	0.514577	20.000000	52.000000	88.000000	169.000000	255.000000	0.047619	0.111111	0.190476	0.238095	0.000000	0.000000	0.015873	0.031746	0.000000	1.000000	2.000000	2.500695	2.856691	3.421069	0.115921	0.185727	0.332008	0.000000	0.015873	3.392113	0.864273
/home/lilith/work/codec-eval/codec-corpus/CID22/CID22-512/training/adriankierman-report-page.png	large	512	512	3373.471680	0.148437	0.167598	0.015708	0.007108	0.606201	0.572510	73.779854	2.866332	0.843607	243.000000	0.007416	0.072540	0.041000	5.000000	0.128330	0.121600	90.000000	0.186182	1.863488	45.731445	17.575195	0.661133	0.000000	0.000000	0.000000	8.000000	1.000000	80.000000	80.000000	0.000000	0.000000	1.000000	0.000000	8.000000	0.000000	0.258492	2.091794	2.496938	0.000000	0.000000	1.000000	1.000000	0.095703	0.137127	56.899509	0.655273	0.120443	0.027111	0.000000	262144.000000	12.476649	512.000000	512.000000	786432.000000	1.000000	0.000000	0.000000	0.000000	3.000000	0.000000	5.184860	5.510489	5.719289	5.719320	0.000000	0.000000	1.000000	1.000000	0.011194	0.013377	0.525410	0.857133	0.000000	1.000000	107.000000	255.000000	255.000000	0.000000	0.000000	0.000000	0.253968	0.000000	0.000000	0.000000	0.047619	0.000000	0.000000	0.000000	0.000000	0.000000	0.000000	0.000000	0.000000	0.000000	0.000000	0.000000	6.599402	0.324372
/home/lilith/work/codec-eval/codec-corpus/gb82/city-lossless.png	large	576	576	3159.156006	0.283536	0.051559	0.005494	0.004174	0.306520	0.196759	17.478947	0.966067	1.010624	3900.000000	0.119019	0.001820	0.002410	0.000000	0.008320	0.009530	7.000000	0.139773	4.144850	29.989393	4.583414	0.000000	0.000000	0.000000	0.000000	0.000000	0.000000	80.000000	80.000000	0.000000	0.000000	1.000000	0.000000	8.000000	0.000000	0.171179	3.580532	1.459857	0.026854	0.018476	1.000000	1.000000	0.270974	0.141445	23.148964	0.000000	0.130244	0.009766	0.000000	331776.000000	12.712215	576.000000	576.000000	995328.000000	1.000000	0.000000	0.000000	0.000000	3.000000	4.208414	4.750693	5.040390	5.142003	5.357916	0.053173	0.935370	1.000000	1.000000	0.029890	0.066616	0.141716	0.271250	8.000000	33.000000	69.000000	149.000000	255.000000	0.000000	0.000000	0.111111	0.238095	0.000000	0.000000	0.000000	0.015873	0.000000	0.000000	0.000000	1.004724	1.202420	1.277320	0.016544	0.021775	0.026854	0.000000	0.000000	6.297911	0.783837
/home/lilith/work/codec-eval/codec-corpus/CID22/CID22-512/training/klepas-Gentle-giants-of-the-sea-3.png	large	512	512	6395.167969	0.141260	0.138384	0.010250	0.007711	0.632324	0.405518	60.205868	1.521603	1.202157	1229.000000	0.037506	0.030780	0.042390	8.000000	0.137460	0.101020	49.000000	0.323950	4.140034	19.979492	8.891602	0.275391	0.000000	0.000000	0.000000	0.000000	0.000000	80.000000	80.000000	0.000000	0.000000	1.000000	0.000000	8.000000	0.000000	0.211216	2.457060	1.781925	0.000000	0.000000	1.000000	1.000000	0.248047	0.000656	42.757851	0.484375	0.088883	0.013269	0.000000	262144.000000	12.476649	512.000000	512.000000	786432.000000	1.000000	0.000000	0.000000	0.000000	3.000000	1.903090	4.458977	4.958117	5.176056	5.707448	0.032112	0.066587	1.000000	1.000000	0.000000	0.022671	0.188520	0.554306	0.000000	4.000000	71.000000	244.000000	255.000000	0.000000	0.000000	0.000000	0.174603	0.000000	0.000000	0.000000	0.015873	0.000000	0.000000	0.000000	0.000000	0.000000	0.000000	0.000000	0.000000	0.000000	0.000000	0.000000	9.631877	0.624313
/home/lilith/work/codec-eval/codec-corpus/gb82/sunset-lossless.png	large	576	576	2540.157471	0.010117	0.172800	0.002888	0.002163	0.854360	0.132716	70.863914	0.036599	1.943198	1467.000000	0.044769	0.001030	0.003230	1.000000	0.004020	0.011690	4.000000	0.044204	3.244935	3.355834	4.656702	0.001929	0.000000	0.000000	0.000000	0.000000	0.000000	80.000000	80.000000	0.000000	0.000000	1.000000	0.000000	8.000000	0.000000	0.000567	2.333702	0.767531	0.034626	0.003102	1.000000	1.000000	0.436837	0.182310	29.798237	0.001929	0.013837	0.006597	0.000000	331776.000000	12.712215	576.000000	576.000000	995328.000000	1.000000	0.000000	0.000000	0.000000	3.000000	2.205770	2.758912	3.294631	3.642737	5.076201	0.051230	0.096461	0.185181	0.347558	0.020663	0.056242	0.115632	0.213740	1.000000	3.000000	5.000000	26.000000	255.000000	0.000000	0.000000	0.000000	0.015873	0.000000	0.000000	0.000000	0.015873	0.000000	0.000000	0.000000	0.951214	1.399834	1.553087	0.015157	0.028187	0.034626	0.000000	0.000000	276.380585	0.805060
/home/lilith/work/codec-eval/codec-corpus/CID22/CID22-512/validation/2736139.png	large	512	512	7381.174805	0.189751	0.084158	0.008940	0.008021	0.323242	0.078613	30.925741	0.900139	1.030689	3363.000000	0.102631	0.007530	0.007600	3.000000	0.042510	0.042510	12.000000	0.094209	4.504770	33.603516	7.675781	0.019531	0.000000	0.000000	0.000000	0.000000	0.000000	80.000000	80.000000	0.000000	0.000000	1.000000	0.000000	8.000000	0.000000	0.043449	3.581736	1.372897	0.043180	0.015030	1.000000	1.000000	0.446289	0.308960	39.405212	0.039062	0.101857	0.014338	0.000000	262144.000000	12.476649	512.000000	512.000000	786432.000000	1.000000	0.000000	0.000000	0.000000	3.000000	3.710359	4.699958	5.340124	5.522836	5.673817	0.151578	0.500143	1.000000	1.000000	0.037489	0.091084	0.236891	0.451363	4.000000	20.000000	60.000000	175.000000	255.000000	0.000000	0.015873	0.063492	0.174603	0.000000	0.000000	0.000000	0.015873	0.000000	0.000000	0.000000	0.000000	1.224013	1.623249	0.000000	0.025563	0.043180	0.000000	0.000000	11.260701	0.816278
/home/lilith/work/codec-eval/codec-corpus/CID22/CID22-512/training/pexels-photo-2846602.png	large	512	512	2963.690186	0.072277	0.096570	0.005549	0.005295	0.353760	0.010010	46.753666	0.147027	1.425772	1911.000000	0.058319	0.001250	0.000680	0.000000	0.007320	0.003940	2.000000	0.050882	4.402730	15.846680	5.498047	0.000000	0.000000	0.000000	0.000000	0.000000	0.000000	80.000000	80.000000	0.000000	0.000000	1.000000	0.000000	8.000000	0.000000	0.020130	3.423859	0.915395	0.084385	0.026297	1.000000	1.000000	0.576172	0.803196	20.023661	0.015625	0.053757	0.009502	0.000000	262144.000000	12.476649	512.000000	512.000000	786432.000000	1.000000	0.000000	0.000000	0.000000	3.000000	3.416991	4.103325	4.623858	4.891009	5.334986	0.172609	0.382580	0.891941	1.000000	0.046223	0.083536	0.171862	0.296657	4.000000	10.000000	21.000000	71.000000	255.000000	0.000000	0.015873	0.031746	0.079365	0.000000	0.000000	0.000000	0.015873	0.000000	0.000000	0.000000	1.531479	1.868406	2.158316	0.039799	0.060750	0.084385	0.000000	0.000000	34.180187	0.865670
/home/lilith/work/codec-eval/codec-corpus/CID22/CID22-512/training/akfcrc022.png	large	512	512	9780.866211	0.077202	0.335198	0.008279	0.002421	0.726074	0.716064	114.526817	0.989175	0.995951	184.000000	0.005615	0.031680	0.043270	5.000000	0.019660	0.026310	4.000000	0.074410	1.996772	34.541016	19.405273	0.817383	0.000000	0.000000	0.000000	8.000000	1.000000	80.000000	80.000000	0.000000	0.000000	1.000000	0.000000	8.000000	0.000000	0.720131	1.604449	2.303372	0.000000	0.000000	1.000000	1.000000	0.174805	0.004456	54.242649	0.838867	0.073552	0.018152	0.000000	262144.000000	12.476649	512.000000	512.000000	786432.000000	1.000000	0.000000	0.000000	0.000000	3.000000	0.000000	4.500192	5.582031	5.672608	5.778769	0.000000	0.000000	1.000000	1.000000	0.000000	0.000000	0.022654	1.000000	0.000000	1.000000	17.000000	213.000000	255.000000	0.000000	0.000000	0.000000	0.142857	0.000000	0.000000	0.000000	0.000000	0.000000	0.000000	0.000000	0.000000	0.000000	0.000000	0.000000	0.000000	0.000000	0.000000	0.000000	14.306918	0.304395
/home/lilith/work/codec-eval/codec-corpus/CID22/CID22-512/training/nicubunu_Game_baddie_Policeman.png	large	512	512	9505.655273	0.033697	0.084175	0.002070	0.000266	0.753174	0.638184	27.891619	0.189873	1.505428	334.000000	0.010193	0.002690	0.002520	5.000000	0.000290	0.000280	0.000000	0.069580	3.294110	10.716797	2.499023	0.451172	0.000000	0.000000	0.000000	0.000000	0.000000	80.000000	80.000000	0.000000	0.000000	1.000000	0.000000	8.000000	0.000000	0.606766	1.580812	1.751171	0.000000	0.000000	1.000000	1.000000	0.282227	0.001667	40.467098	0.678711	0.030211	0.004728	0.000000	262144.000000	12.476649	512.000000	512.000000	786432.000000	1.000000	0.000000	0.000000	0.000000	3.000000	1.125785	3.072043	4.462779	5.100752	5.516988	0.000000	0.025489	0.272307	1.000000	0.000000	0.000000	0.023409	0.221156	0.000000	1.000000	2.000000	111.000000	255.000000	0.000000	0.000000	0.000000	0.015873	0.000000	0.000000	0.000000	0.000000	0.000000	0.000000	0.000000	0.000000	0.000000	0.000000	0.000000	0.000000	0.000000	0.000000	0.000000	53.065193	0.483462
/home/lilith/work/codec-eval/codec-corpus/CID22/CID22-512/training/2693208.png	large	512	512	3297.906250	0.221242	0.119919	0.010949	0.019704	0.140625	0.003906	63.378391	0.666443	1.092044	1022.000000	0.031189	0.008190	0.006600	1.000000	0.134840	0.117750	21.000000	0.137835	4.343510	28.121094	19.783203	0.000000	0.000000	0.000000	0.000000	0.000000	0.000000	80.000000	80.000000	0.000000	0.000000	1.000000	0.000000	8.000000	0.000000	0.001328	4.026471	0.843340	0.167636	0.081963	1.000000	1.000000	0.411133	0.014099	24.541550	0.000000	0.126984	0.040194	0.000000	262144.000000	12.476649	512.000000	512.000000	786432.000000	1.000000	0.000000	0.000000	0.000000	3.000000	4.182952	4.663513	4.970964	5.112714	5.301866	0.435007	0.904906	1.000000	1.000000	0.173349	0.348514	0.628768	0.893738	7.000000	23.000000	54.000000	145.000000	255.000000	0.015873	0.047619	0.126984	0.190476	0.000000	0.015873	0.031746	0.063492	0.000000	0.000000	0.000000	1.733273	2.356952	2.777325	0.049345	0.106533	0.167636	0.000000	0.000000	11.347937	0.842414
/home/lilith/work/codec-eval/codec-corpus/clic2025/final-test/50fe4c3d47d864858e1aaa60fecef5c453b4e18d2b368718eeb5c1e249e0c902.png	large	2048	1296	3318.240967	0.308161	0.118835	0.013132	0.007389	0.067505	0.004517	45.101791	2.099378	0.988155	7333.000000	0.223785	0.006900	0.006760	1.000000	0.013980	0.012650	5.000000	0.068004	4.549096	38.297974	12.872709	0.000000	0.000000	0.000000	0.000000	0.000000	0.000000	80.000000	80.000000	0.000000	0.000000	1.000000	0.000000	8.000000	0.000000	0.075653	4.268438	0.729133	0.336119	0.058145	1.000000	1.000000	0.614272	0.453314	20.898064	0.000000	0.121979	0.020465	0.000000	2654208.000000	14.791656	1296.000000	2048.000000	7962624.000000	0.632812	0.457581	0.000000	0.012346	3.000000	4.361407	4.806427	5.102067	5.262235	5.423317	0.655844	1.000000	1.000000	1.000000	0.105099	0.226857	0.380459	0.580723	12.000000	30.000000	57.000000	128.000000	255.000000	0.031746	0.063492	0.111111	0.174603	0.000000	0.000000	0.015873	0.031746	0.000000	0.000000	1.000000	2.133339	2.901322	3.318220	0.085461	0.209061	0.336119	0.000000	0.015873	7.990457	0.894726
/home/lilith/work/codec-eval/codec-corpus/CID22/CID22-512/training/newplot (1).png	large	512	512	177.320099	0.032969	0.032559	0.001887	0.002350	0.875977	0.685791	14.798717	0.295713	1.662920	597.000000	0.018219	0.001610	0.007310	5.000000	0.020280	0.107110	60.000000	0.649521	1.092937	3.210938	2.066406	0.853516	0.000000	0.000000	0.000000	0.000000	0.000000	80.000000	80.000000	0.000000	0.000000	1.000000	0.000000	8.000000	0.000000	0.174957	1.047714	1.580423	0.000000	0.000000	1.000000	1.000000	0.118164	0.003326	32.567589	0.865234	0.025065	0.005844	0.000000	262144.000000	12.476649	512.000000	512.000000	786432.000000	1.000000	0.000000	0.000000	0.000000	3.000000	0.000000	2.562293	3.891899	4.584850	4.954802	0.000000	0.000000	0.130367	0.533517	0.000000	0.000000	0.029758	0.096569	0.000000	0.000000	7.000000	118.000000	255.000000	0.000000	0.000000	0.000000	0.000000	0.000000	0.000000	0.000000	0.000000	0.000000	0.000000	0.000000	0.000000	0.000000	0.000000	0.000000	0.000000	0.000000	0.000000	0.000000	59.437851	0.256915
/home/lilith/work/codec-eval/codec-corpus/gb82/nyc-lossless.png	large	576	576	4343.636719	0.108392	0.030280	0.004055	0.003201	0.406057	0.015239	10.786407	0.247641	1.147701	624.000000	0.019043	0.000740	0.001000	0.000000	0.002780	0.003380	0.000000	0.233498	4.444488	8.435873	1.135005	0.000000	0.000000	0.000000	0.000000	0.000000	0.000000	80.000000	80.000000	0.000000	0.000000	1.000000	0.000000	8.000000	0.000000	0.205488	3.197317	0.869227	0.065985	0.019491	1.000000	1.000000	0.451302	0.041733	11.390346	0.012536	0.057446	0.001791	0.000000	331776.000000	12.712215	576.000000	576.000000	995328.000000	1.000000	0.000000	0.000000	0.000000	3.000000	3.382186	3.902566	4.213476	4.398543	4.640051	0.142403	0.354415	0.621028	0.920762	0.024781	0.043458	0.072094	0.113670	3.000000	13.000000	32.000000	82.000000	230.000000	0.000000	0.015873	0.031746	0.095238	0.000000	0.000000	0.000000	0.000000	0.000000	0.000000	0.000000	1.310428	1.667306	1.885078	0.028347	0.048727	0.065985	0.000000	0.000000	12.150380	0.835866
/home/lilith/work/codec-eval/codec-corpus/CID22/CID22-512/training/pexels-photo-3568544.png	large	512	512	3983.565430	0.052087	0.086675	0.003007	0.003549	0.485107	0.026367	45.657009	0.148929	1.651968	1112.000000	0.033936	0.000320	0.000320	0.000000	0.002780	0.002970	1.000000	0.149403	4.289316	7.583008	2.464844	0.000000	0.000000	0.000000	0.000000	0.000000	0.000000	80.000000	80.000000	0.000000	0.000000	1.000000	0.000000	8.000000	0.000000	0.000671	3.093558	0.796661	0.070556	0.023350	1.000000	1.000000	0.351562	0.556526	15.562808	0.001953	0.036303	0.004356	0.000000	262144.000000	12.476649	512.000000	512.000000	786432.000000	1.000000	0.000000	0.000000	0.000000	3.000000	3.102004	3.659938	4.125907	4.407313	4.910758	0.131493	0.232258	0.476521	0.824280	0.037111	0.057094	0.096732	0.189620	4.000000	10.000000	22.000000	70.000000	255.000000	0.000000	0.000000	0.015873	0.047619	0.000000	0.000000	0.000000	0.000000	0.000000	0.000000	0.000000	1.322222	1.739870	1.985581	0.029210	0.051166	0.070556	0.000000	0.000000	35.604717	0.772490
/home/lilith/work/codec-eval/codec-corpus/gb82/night-lossless.png	large	576	576	3537.497803	0.140380	0.002418	0.000458	0.000253	0.409915	0.213735	0.819279	0.313418	1.380468	121.000000	0.003693	0.000040	0.000040	0.000000	0.000100	0.000100	0.000000	0.079270	3.155061	16.349083	0.000000	0.036644	0.000000	0.000000	0.000000	8.000000	1.000000	80.000000	80.000000	0.000000	0.000000	1.000000	0.000000	8.000000	0.000000	1.000000	3.109323	1.408694	0.022692	0.000000	1.000000	1.000000	0.370299	0.000000	20.867748	0.051109	0.070747	0.000000	0.000000	331776.000000	12.712215	576.000000	576.000000	995328.000000	1.000000	0.000000	0.000000	0.000000	3.000000	3.533446	4.209071	4.687464	4.966267	5.411978	0.050581	0.437808	0.954075	1.000000	0.000000	0.000000	0.013323	0.023004	3.000000	14.000000	32.000000	98.000000	255.000000	0.000000	0.000000	0.047619	0.111111	0.000000	0.000000	0.000000	0.000000	0.000000	0.000000	0.000000	0.000000	0.586513	1.265702	0.000000	0.009255	0.022692	0.000000	0.000000	21.950916	0.760979
/home/lilith/work/codec-eval/codec-corpus/CID22/CID22-512/validation/2253934.png	large	512	512	2664.549316	0.107977	0.072814	0.007851	0.006196	0.582275	0.106201	31.266726	0.337093	1.433928	1586.000000	0.048401	0.007370	0.005960	5.000000	0.023740	0.022380	5.000000	0.112623	3.113795	11.103516	3.874023	0.014648	0.000000	0.000000	0.000000	0.000000	0.000000	80.000000	80.000000	0.000000	0.000000	1.000000	0.000000	8.000000	0.000000	0.024879	2.930240	1.200067	0.034571	0.021017	1.000000	1.000000	0.245117	0.454151	28.433962	0.016602	0.050115	0.007518	0.000000	262144.000000	12.476649	512.000000	512.000000	786432.000000	1.000000	0.000000	0.000000	0.000000	3.000000	2.788699	3.941756	4.583150	4.894368	5.197862	0.074170	0.172282	0.666805	1.000000	0.032165	0.079057	0.158566	0.280673	2.000000	10.000000	31.000000	118.000000	255.000000	0.000000	0.000000	0.015873	0.095238	0.000000	0.000000	0.000000	0.015873	0.000000	0.000000	0.000000	0.000000	1.189895	1.464034	0.000000	0.023277	0.034571	0.000000	0.000000	23.441528	0.769237
/home/lilith/work/codec-eval/codec-corpus/gb82-sc/graph.png	large	796	481	415.836517	0.054811	0.027908	0.001111	0.000811	0.811953	0.808754	11.763168	1.066416	1.485540	199.000000	0.006073	0.002790	0.012570	9.000000	0.012900	0.059270	50.000000	0.481309	0.341712	9.001683	2.010943	0.904040	0.000000	0.000000	0.000000	8.000000	1.000000	80.000000	80.000000	0.000000	0.000000	1.000000	0.000000	8.000000	0.000000	0.019706	0.848191	1.795319	0.000000	0.000000	1.000000	1.000000	0.005051	0.004672	52.781544	0.908249	0.037104	0.003848	0.000000	382876.000000	12.855467	481.000000	796.000000	1148628.000000	0.604271	0.503732	0.019651	0.069798	3.000000	0.000000	0.000000	4.339900	5.015466	5.440615	0.000000	0.000000	0.000000	0.969550	0.000000	0.000000	0.000000	0.047553	0.000000	0.000000	0.000000	209.000000	255.000000	0.000000	0.000000	0.000000	0.000000	0.000000	0.000000	0.000000	0.000000	0.000000	0.000000	0.000000	0.000000	0.000000	0.000000	0.000000	0.000000	0.000000	0.000000	0.000000	25.819601	0.115437
/home/lilith/work/codec-eval/codec-corpus/CID22/CID22-512/training/pexels-photo-3289880.png	large	512	512	1828.508667	0.000207	0.135763	0.002303	0.002923	0.825928	0.000488	73.254921	0.019464	1.642464	322.000000	0.009827	0.000200	0.000220	0.000000	0.001440	0.001700	0.000000	0.145408	3.989444	2.200195	2.710938	0.000000	0.000000	0.000000	0.000000	0.000000	0.000000	80.000000	80.000000	0.000000	0.000000	1.000000	0.000000	8.000000	0.000000	0.000000	2.627056	0.451329	0.059752	0.021119	1.000000	1.000000	0.187500	0.000000	1.860840	0.000000	0.012618	0.005363	0.000000	262144.000000	12.476649	512.000000	512.000000	786432.000000	1.000000	0.000000	0.000000	0.000000	3.000000	2.597627	2.919528	3.231689	3.422300	3.751047	0.081720	0.136786	0.213767	0.322691	0.038667	0.063764	0.122789	0.196459	3.000000	6.000000	10.000000	17.000000	39.000000	0.000000	0.000000	0.015873	0.015873	0.000000	0.000000	0.000000	0.015873	0.000000	0.000000	0.000000	1.830809	1.977080	2.077141	0.040845	0.051949	0.059752	0.000000	0.000000	2.220050	0.717517
/home/lilith/work/codec-eval/codec-corpus/CID22/CID22-512/training/Performance-Graph.png	large	512	512	3318.941650	0.038714	0.174541	0.004737	0.000473	0.704590	0.630615	66.408722	0.195117	1.481059	436.000000	0.013306	0.009950	0.008440	1.000000	0.000720	0.001060	0.000000	0.056447	2.884159	11.376953	8.975586	0.853516	0.000000	0.000000	0.000000	0.000000	0.000000	80.000000	80.000000	0.000000	0.000000	1.000000	0.000000	8.000000	0.000000	0.268448	1.341884	1.869587	0.000000	0.000000	1.000000	1.000000	0.242188	0.000000	40.550053	0.893555	0.025577	0.010169	0.000000	262144.000000	12.476649	512.000000	512.000000	786432.000000	1.000000	0.000000	0.000000	0.000000	3.000000	0.000000	3.152513	4.584478	5.227128	5.426108	0.000000	0.000000	0.300489	1.000000	0.000000	0.000000	0.262732	0.581260	0.000000	0.000000	9.000000	95.000000	255.000000	0.000000	0.000000	0.000000	0.031746	0.000000	0.000000	0.000000	0.015873	0.000000	0.000000	0.000000	0.000000	0.000000	0.000000	0.000000	0.000000	0.000000	0.000000	0.000000	67.358261	0.335775
/home/lilith/work/codec-eval/codec-corpus/CID22/CID22-512/validation/2389166.png	large	512	512	1920.494629	0.151746	0.119317	0.012874	0.008632	0.426758	0.133545	47.996223	0.530415	1.573607	4083.000000	0.124603	0.018110	0.017710	5.000000	0.050140	0.045040	17.000000	0.225576	3.788423	14.251953	7.929688	0.000000	0.000000	0.000000	0.000000	0.000000	0.000000	80.000000	80.000000	0.000000	0.000000	1.000000	0.000000	8.000000	0.000000	0.051445	3.181559	1.221125	0.036899	0.014973	1.000000	1.000000	0.338867	0.046898	26.731136	0.023438	0.083938	0.016214	0.000000	262144.000000	12.476649	512.000000	512.000000	786432.000000	1.000000	0.000000	0.000000	0.000000	3.000000	3.453889	4.209729	4.576537	4.892559	5.280115	0.081417	0.364341	0.918631	1.000000	0.029624	0.121524	0.251000	0.457526	3.000000	16.000000	39.000000	144.000000	255.000000	0.000000	0.000000	0.047619	0.126984	0.000000	0.000000	0.000000	0.031746	0.000000	0.000000	0.000000	0.974857	1.228850	1.439085	0.017257	0.026821	0.036899	0.000000	0.000000	23.974886	0.800006
/home/lilith/work/codec-eval/codec-corpus/CID22/CID22-512/training/pexels-photo-7078290.png	large	512	512	1017.350281	0.218849	0.098898	0.004811	0.005086	0.123291	0.000000	41.679489	0.477719	0.991216	1331.000000	0.040619	0.000800	0.001460	0.000000	0.006030	0.011020	1.000000	0.118186	3.614561	23.343750	5.655273	0.003906	0.000000	0.000000	0.000000	0.000000	0.000000	80.000000	80.000000	0.000000	0.000000	1.000000	0.000000	8.000000	0.000000	0.012127	3.982953	0.700405	0.191906	0.043711	1.000000	1.000000	0.318359	0.611267	17.034861	0.000000	0.099377	0.011285	0.000000	262144.000000	12.476649	512.000000	512.000000	786432.000000	1.000000	0.000000	0.000000	0.000000	3.000000	4.101816	4.523201	4.850061	4.936626	5.080159	0.347323	0.802935	1.000000	1.000000	0.075551	0.138209	0.219845	0.300651	12.000000	28.000000	51.000000	101.000000	255.000000	0.015873	0.047619	0.095238	0.142857	0.000000	0.000000	0.015873	0.015873	0.000000	0.000000	1.000000	2.385131	2.725861	2.947671	0.091984	0.143002	0.191906	0.000000	0.000000	6.600816	0.786244
/home/lilith/work/codec-eval/codec-corpus/CID22/CID22-512/training/pexels-photo-796526.png	large	512	512	2349.944336	0.094784	0.070503	0.003503	0.002445	0.211426	0.000000	28.364433	0.169621	1.323275	1129.000000	0.034454	0.000380	0.000340	0.000000	0.001350	0.001170	0.000000	0.175136	4.238875	8.968750	1.586914	0.001953	0.000000	0.000000	0.000000	0.000000	0.000000	80.000000	80.000000	0.000000	0.000000	1.000000	0.000000	8.000000	0.000000	0.101856	3.509746	0.564971	0.148392	0.019832	1.000000	1.000000	0.249023	0.520584	7.402040	0.000000	0.068561	0.003100	0.000000	262144.000000	12.476649	512.000000	512.000000	786432.000000	1.000000	0.000000	0.000000	0.000000	3.000000	3.623353	3.894564	4.136379	4.272851	4.647422	0.275697	0.453450	0.646427	0.862296	0.029822	0.050002	0.083540	0.127105	8.000000	17.000000	29.000000	60.000000	225.000000	0.000000	0.031746	0.063492	0.095238	0.000000	0.000000	0.000000	0.000000	0.000000	0.000000	1.000000	2.154576	2.382017	2.671853	0.069298	0.102886	0.148392	0.000000	0.000000	7.267271	0.792415
/home/lilith/work/codec-eval/codec-corpus/CID22/CID22-512/training/67216.png	large	512	512	3320.481689	0.190199	0.101609	0.022987	0.014002	0.066406	0.000000	43.371536	0.385569	1.373798	4258.000000	0.129944	0.020410	0.016870	4.000000	0.047210	0.033570	3.000000	0.167469	4.328176	15.335938	11.311523	0.001953	0.000000	0.000000	0.000000	0.000000	0.000000	80.000000	80.000000	0.000000	0.000000	1.000000	0.000000	8.000000	0.000000	0.016483	3.846598	0.522803	0.276242	0.106276	1.000000	1.000000	0.255859	0.250320	13.578250	0.000000	0.104756	0.028088	0.000000	262144.000000	12.476649	512.000000	512.000000	786432.000000	1.000000	0.000000	0.000000	0.000000	3.000000	3.854009	4.183738	4.499341	4.734616	5.280781	0.386832	0.595324	0.863597	1.000000	0.151282	0.226165	0.352730	0.517492	11.000000	23.000000	42.000000	98.000000	255.000000	0.031746	0.047619	0.095238	0.142857	0.000000	0.015873	0.015873	0.047619	0.000000	0.000000	1.000000	2.754145	3.021545	3.179583	0.165092	0.228417	0.276242	0.000000	0.015873	10.988925	0.795275
/home/lilith/work/codec-eval/codec-corpus/CID22/CID22-512/training/pexels-photo-3155588.png	large	512	512	2832.744141	0.091268	0.078077	0.005807	0.004577	0.570557	0.085205	43.842445	0.254280	1.371455	2371.000000	0.072357	0.002180	0.000810	0.000000	0.006460	0.003920	2.000000	0.090776	4.017198	14.056641	4.847656	0.027344	0.000000	0.000000	0.000000	0.000000	0.000000	80.000000	80.000000	0.000000	0.000000	1.000000	0.000000	8.000000	0.000000	0.000576	2.880151	1.310257	0.024556	0.019787	1.000000	1.000000	0.368164	0.817444	23.099258	0.074219	0.049185	0.008820	0.000000	262144.000000	12.476649	512.000000	512.000000	786432.000000	1.000000	0.000000	0.000000	0.000000	3.000000	2.867458	3.894696	4.684942	5.042181	5.365728	0.071626	0.200148	0.645164	1.000000	0.035252	0.062451	0.144733	0.269296	2.000000	8.000000	23.000000	104.000000	255.000000	0.000000	0.000000	0.015873	0.079365	0.000000	0.000000	0.000000	0.015873	0.000000	0.000000	0.000000	0.000000	0.859403	1.129835	0.000000	0.014348	0.024556	0.000000	0.000000	31.921703	0.770032
/home/lilith/work/codec-eval/codec-corpus/CID22/CID22-512/validation/1418519.png	large	512	512	1620.448975	0.039419	0.099117	0.003038	0.002547	0.723877	0.098389	36.843044	0.112004	1.652728	1731.000000	0.052826	0.000750	0.000860	0.000000	0.003020	0.003780	2.000000	0.107061	3.812329	6.655273	2.291992	0.003906	0.000000	0.000000	0.000000	0.000000	0.000000	80.000000	80.000000	0.000000	0.000000	1.000000	0.000000	8.000000	0.000000	0.131596	2.548965	0.972242	0.038305	0.018521	1.000000	1.000000	0.691406	0.155079	21.358934	0.088867	0.027995	0.004263	0.000000	262144.000000	12.476649	512.000000	512.000000	786432.000000	1.000000	0.000000	0.000000	0.000000	3.000000	2.377233	3.178240	3.938557	4.572802	5.071918	0.061312	0.121989	0.302792	0.732054	0.026433	0.043717	0.085265	0.172161	1.000000	2.000000	5.000000	76.000000	255.000000	0.000000	0.000000	0.015873	0.031746	0.000000	0.000000	0.000000	0.000000	0.000000	0.000000	0.000000	1.079182	1.310429	1.452697	0.019882	0.030628	0.038305	0.000000	0.000000	69.066284	0.908689
/home/lilith/work/codec-eval/codec-corpus/CID22/CID22-512/training/pexels-photo-4210863.png	large	512	512	4428.978027	0.737344	0.064892	0.017417	0.015316	0.002197	0.000000	30.328388	4.125576	0.756468	2214.000000	0.067566	0.010600	0.014400	1.000000	0.057130	0.062110	8.000000	0.693676	4.618533	51.210938	8.710938	0.000000	0.000000	0.000000	0.000000	0.000000	0.000000	80.000000	80.000000	0.000000	0.000000	1.000000	0.000000	8.000000	0.000000	0.025696	4.710970	0.329382	0.824600	0.109120	1.000000	1.000000	0.086914	0.023205	27.348415	0.000000	0.289047	0.014090	0.000000	262144.000000	12.476649	512.000000	512.000000	786432.000000	1.000000	0.000000	0.000000	0.000000	3.000000	4.742190	4.934353	5.061765	5.127806	5.352736	1.000000	1.000000	1.000000	1.000000	0.138799	0.172346	0.229948	0.398095	50.000000	94.000000	149.000000	255.000000	255.000000	0.158730	0.222222	0.301587	0.365079	0.000000	0.000000	0.000000	0.015873	0.000000	3.000000	7.000000	3.446294	4.202028	4.353315	0.362044	0.663650	0.824600	0.031746	0.111111	1.179721	0.569021
/home/lilith/work/codec-eval/codec-corpus/CID22/CID22-512/validation/2775196.png	large	512	512	2844.319092	0.122985	0.132331	0.007109	0.009632	0.465576	0.010010	52.236835	0.240799	1.321724	1247.000000	0.038055	0.003400	0.015590	1.000000	0.040650	0.202410	25.000000	0.218993	4.449704	9.339844	10.371094	0.000000	0.000000	0.000000	0.000000	0.000000	0.000000	80.000000	80.000000	0.000000	0.000000	1.000000	0.000000	8.000000	0.000000	0.000626	3.123642	0.976586	0.064428	0.025950	1.000000	1.000000	0.444336	0.131786	12.834546	0.001953	0.057757	0.019671	0.000000	262144.000000	12.476649	512.000000	512.000000	786432.000000	1.000000	0.000000	0.000000	0.000000	3.000000	3.263103	3.980820	4.379380	4.597144	4.808919	0.092137	0.296897	0.679383	1.000000	0.047429	0.148803	0.369272	0.596209	3.000000	13.000000	34.000000	87.000000	219.000000	0.000000	0.000000	0.031746	0.095238	0.000000	0.000000	0.000000	0.031746	0.000000	0.000000	0.000000	1.431364	1.743805	1.863324	0.034288	0.055346	0.064428	0.000000	0.000000	11.135292	0.822663
/home/lilith/work/codec-eval/codec-corpus/CID22/CID22-512/training/pexels-photo-1029599.png	large	512	512	2736.781738	0.433833	0.120947	0.023664	0.013484	0.133789	0.000000	46.587814	1.255101	1.000803	4555.000000	0.139008	0.026630	0.029100	3.000000	0.051570	0.053900	5.000000	0.184872	4.265492	33.040039	16.996094	0.001953	0.000000	0.000000	0.000000	0.000000	0.000000	80.000000	80.000000	0.000000	0.000000	1.000000	0.000000	8.000000	0.000000	0.117481	4.229383	0.780365	0.169887	0.033059	1.000000	1.000000	0.208008	0.394894	20.934299	0.000000	0.166202	0.037032	0.000000	262144.000000	12.476649	512.000000	512.000000	786432.000000	1.000000	0.000000	0.000000	0.000000	3.000000	4.455780	4.729949	5.004479	5.132794	5.429177	0.664826	1.000000	1.000000	1.000000	0.100837	0.307581	0.521296	0.756552	21.000000	50.000000	83.000000	155.000000	255.000000	0.015873	0.095238	0.190476	0.238095	0.000000	0.000000	0.031746	0.063492	0.000000	0.000000	1.000000	2.220067	2.630793	2.832818	0.073796	0.137021	0.169887	0.000000	0.000000	3.618128	0.763665
/home/lilith/work/codec-eval/codec-corpus/CID22/CID22-512/validation/1189261.png	large	512	512	3087.487549	0.183612	0.223730	0.016446	0.009984	0.342773	0.003418	98.838501	0.484209	1.226788	6699.000000	0.204437	0.020120	0.050910	14.000000	0.064280	0.073240	43.000000	0.117902	4.351655	21.320312	20.048828	0.000000	0.000000	0.000000	0.000000	0.000000	0.000000	80.000000	80.000000	0.000000	0.000000	1.000000	0.000000	8.000000	0.000000	0.017349	3.525543	1.099455	0.062056	0.041075	1.000000	1.000000	0.439453	0.398239	22.986162	0.013672	0.087317	0.030676	0.000000	262144.000000	12.476649	512.000000	512.000000	786432.000000	1.000000	0.000000	0.000000	0.000000	3.000000	3.634521	4.476186	4.917411	5.112253	5.368942	0.139691	0.482295	1.000000	1.000000	0.058017	0.193685	0.454950	0.905981	5.000000	16.000000	43.000000	129.000000	255.000000	0.000000	0.015873	0.047619	0.142857	0.000000	0.000000	0.015873	0.047619	0.000000	0.000000	0.000000	1.570944	1.788765	1.926133	0.033448	0.047581	0.062056	0.000000	0.000000	16.467093	0.827551
/home/lilith/work/codec-eval/codec-corpus/CID22/CID22-512/training/newplot.png	large	512	512	196.839706	0.040334	0.033140	0.001626	0.001966	0.849609	0.613770	15.041345	0.331402	1.477345	397.000000	0.012115	0.000800	0.007870	1.000000	0.009570	0.126390	55.000000	0.600982	1.120529	4.075195	2.322266	0.808594	0.000000	0.000000	0.000000	0.000000	0.000000	80.000000	80.000000	0.000000	0.000000	1.000000	0.000000	8.000000	0.000000	0.174068	1.349250	1.672605	0.000000	0.000000	1.000000	1.000000	0.050781	0.003490	32.406925	0.813477	0.028785	0.006154	0.000000	262144.000000	12.476649	512.000000	512.000000	786432.000000	1.000000	0.000000	0.000000	0.000000	3.000000	0.000000	2.664862	4.220263	4.599145	5.031496	0.000000	0.000000	0.147968	0.963222	0.000000	0.000000	0.040146	0.105370	0.000000	0.000000	8.000000	128.000000	255.000000	0.000000	0.000000	0.000000	0.000000	0.000000	0.000000	0.000000	0.000000	0.000000	0.000000	0.000000	0.000000	0.000000	0.000000	0.000000	0.000000	0.000000	0.000000	0.000000	52.699329	0.312959
/home/lilith/work/codec-eval/codec-corpus/CID22/CID22-512/validation/1420710.png	large	512	512	2171.406738	0.514087	0.043460	0.017857	0.010888	0.000000	0.000000	32.931896	1.060181	0.761393	784.000000	0.023926	0.011410	0.008010	0.000000	0.025830	0.017930	2.000000	0.128798	4.306501	43.286133	6.362305	0.000000	0.000000	0.000000	0.000000	0.000000	0.000000	80.000000	80.000000	0.000000	0.000000	1.000000	0.000000	8.000000	0.000000	0.000397	4.615195	0.306359	0.891711	0.112972	1.000000	1.000000	0.411133	0.983982	16.764008	0.000000	0.185314	0.015144	0.000000	262144.000000	12.476649	512.000000	512.000000	786432.000000	1.000000	0.000000	0.000000	0.000000	3.000000	4.637514	4.836253	4.988071	5.065198	5.218817	1.000000	1.000000	1.000000	1.000000	0.144137	0.189338	0.246238	0.296956	26.000000	47.000000	72.000000	140.000000	255.000000	0.126984	0.142857	0.174603	0.222222	0.000000	0.000000	0.015873	0.031746	0.000000	2.000000	4.000000	3.806425	4.062530	4.190436	0.540564	0.737767	0.891711	0.079365	0.111111	5.389021	0.857842
/home/lilith/work/codec-eval/codec-corpus/CID22/CID22-512/validation/1475938.png	large	512	512	4277.219727	0.082590	0.051830	0.003647	0.002896	0.692871	0.360352	21.699764	0.310174	1.418837	2193.000000	0.066925	0.001850	0.003280	2.000000	0.008320	0.026000	15.000000	0.136225	4.078382	10.856445	3.237305	0.135742	0.000000	0.000000	0.000000	0.000000	0.000000	80.000000	80.000000	0.000000	0.000000	1.000000	0.000000	8.000000	0.000000	0.186264	2.310851	1.570311	0.000000	0.000000	1.000000	1.000000	0.282227	0.007717	27.735821	0.162109	0.042969	0.004263	0.000000	262144.000000	12.476649	512.000000	512.000000	786432.000000	1.000000	0.000000	0.000000	0.000000	3.000000	2.218429	3.543377	4.613461	4.915055	5.258125	0.024726	0.087748	0.444440	1.000000	0.014914	0.030521	0.059427	0.163062	1.000000	4.000000	23.000000	113.000000	255.000000	0.000000	0.000000	0.000000	0.047619	0.000000	0.000000	0.000000	0.000000	0.000000	0.000000	0.000000	0.000000	0.000000	0.000000	0.000000	0.000000	0.000000	0.000000	0.000000	33.105114	0.649615
/home/lilith/work/codec-eval/codec-corpus/CID22/CID22-512/validation/844297.png	large	512	512	2736.144287	0.015345	0.112497	0.002760	0.003599	0.647461	0.029541	49.812767	0.025711	1.614466	1275.000000	0.038910	0.000330	0.000270	0.000000	0.003780	0.002640	1.000000	0.044294	4.375531	5.465820	3.358398	0.000000	0.000000	0.000000	0.000000	0.000000	0.000000	80.000000	80.000000	0.000000	0.000000	1.000000	0.000000	8.000000	0.000000	0.000095	2.792096	0.781756	0.052570	0.019433	1.000000	1.000000	0.587891	0.510323	9.194749	0.004883	0.025639	0.007161	0.000000	262144.000000	12.476649	512.000000	512.000000	786432.000000	1.000000	0.000000	0.000000	0.000000	3.000000	2.752709	3.343430	3.904119	4.159217	4.538457	0.091279	0.183055	0.372512	0.704924	0.032582	0.066486	0.135369	0.226938	2.000000	4.000000	8.000000	28.000000	153.000000	0.000000	0.000000	0.015873	0.031746	0.000000	0.000000	0.000000	0.015873	0.000000	0.000000	0.000000	1.295224	1.613942	1.797614	0.025114	0.040062	0.052570	0.000000	0.000000	54.238354	0.868121
/home/lilith/work/codec-eval/codec-corpus/gb82/mc2-lossless.png	large	576	576	1938.503418	0.002888	0.058382	0.002222	0.001336	0.888310	0.342400	23.242355	0.009450	1.598146	332.000000	0.010132	0.000260	0.000420	0.000000	0.000670	0.001270	0.000000	0.079321	3.822526	1.587271	0.748312	0.019286	0.000000	0.000000	0.000000	0.000000	0.000000	80.000000	80.000000	0.000000	0.000000	1.000000	0.000000	8.000000	0.000000	0.037806	2.078904	0.876622	0.022994	0.006267	1.000000	1.000000	0.354870	0.283538	4.162837	0.068467	0.010133	0.001179	0.000000	331776.000000	12.712215	576.000000	576.000000	995328.000000	1.000000	0.000000	0.000000	0.000000	3.000000	2.224945	2.723251	3.125136	3.456053	3.991353	0.030775	0.093185	0.176999	0.287505	0.021063	0.035502	0.065725	0.094211	0.000000	2.000000	5.000000	16.000000	84.000000	0.000000	0.000000	0.000000	0.015873	0.000000	0.000000	0.000000	0.000000	0.000000	0.000000	0.000000	0.000000	0.748914	1.055356	0.000000	0.015212	0.022994	0.000000	0.000000	47.034260	0.783049
/home/lilith/work/codec-eval/codec-corpus/gb82-sc/gui.png	large	1356	1132	992.170410	0.017204	0.034919	0.000083	0.000051	0.890092	0.867682	11.209268	0.189667	1.833058	147.000000	0.004486	0.000110	0.001690	1.000000	0.000270	0.004150	3.000000	0.064081	2.080684	4.948891	0.242044	0.929605	0.000000	0.000000	0.000000	8.000000	1.000000	80.000000	80.000000	0.000000	0.000000	1.000000	0.000000	8.000000	0.000000	0.994865	0.597915	1.419236	0.000000	0.000000	1.000000	1.000000	0.127290	0.000000	37.145672	0.959499	0.013960	0.000230	0.000000	1534992.000000	14.244036	1132.000000	1356.000000	4604976.000000	0.834808	0.180553	0.006494	0.032678	3.000000	0.000000	0.000000	3.374382	4.059012	5.450968	0.000000	0.000000	0.000000	0.387400	0.000000	0.000000	0.000000	0.000000	0.000000	0.000000	0.000000	61.000000	255.000000	0.000000	0.000000	0.000000	0.000000	0.000000	0.000000	0.000000	0.000000	0.000000	0.000000	0.000000	0.000000	0.000000	0.000000	0.000000	0.000000	0.000000	0.000000	0.000000	110.376335	0.154654
/home/lilith/work/codec-eval/codec-corpus/gb82/guitar-lossless.png	large	576	576	900.299377	0.097603	0.150185	0.004020	0.005894	0.421103	0.040702	65.673019	0.250926	1.393504	2333.000000	0.071198	0.001890	0.001330	0.000000	0.032100	0.017400	7.000000	0.112046	3.452134	13.009644	6.031823	0.001929	0.000000	0.000000	0.000000	0.000000	0.000000	80.000000	80.000000	0.000000	0.000000	1.000000	0.000000	8.000000	0.000000	0.704159	3.288022	0.983493	0.067974	0.000000	1.000000	1.000000	0.602700	0.069942	18.858063	0.006750	0.062390	0.009980	0.000000	331776.000000	12.712215	576.000000	576.000000	995328.000000	1.000000	0.000000	0.000000	0.000000	3.000000	3.319886	4.109405	4.600667	4.818618	5.050714	0.125479	0.357998	0.888261	1.000000	0.000000	0.000000	0.128058	0.427311	3.000000	7.000000	20.000000	102.000000	255.000000	0.000000	0.000000	0.031746	0.095238	0.000000	0.000000	0.000000	0.000000	0.000000	0.000000	0.000000	1.337147	1.747098	1.982272	0.028797	0.049142	0.067974	0.000000	0.000000	31.067255	0.874367
/home/lilith/work/codec-eval/codec-corpus/CID22/CID22-512/validation/5055743.png	large	512	512	3657.463135	0.097507	0.108712	0.006445	0.005308	0.429688	0.066406	45.262562	0.188905	1.490027	2739.000000	0.083588	0.002850	0.002770	1.000000	0.021020	0.014780	24.000000	0.072480	4.501345	14.821289	5.086914	0.003906	0.000000	0.000000	0.000000	0.000000	0.000000	80.000000	80.000000	0.000000	0.000000	1.000000	0.000000	8.000000	0.000000	0.053364	3.235217	1.061100	0.048365	0.017185	1.000000	1.000000	0.631836	0.519035	19.666332	0.041992	0.056083	0.010262	0.000000	262144.000000	12.476649	512.000000	512.000000	786432.000000	1.000000	0.000000	0.000000	0.000000	3.000000	3.294490	4.026809	4.633026	4.915053	5.281283	0.133324	0.340432	0.762155	1.000000	0.026129	0.061052	0.153878	0.308959	2.000000	8.000000	24.000000	82.000000	255.000000	0.000000	0.015873	0.031746	0.079365	0.000000	0.000000	0.000000	0.015873	0.000000	0.000000	0.000000	1.188577	1.418869	1.685182	0.019658	0.033193	0.048365	0.000000	0.000000	32.707947	0.881448
/home/lilith/work/codec-eval/codec-corpus/CID22/CID22-512/training/ularapi_Semarang_City_Logo.png	large	512	512	11037.401367	0.150413	0.231865	0.009823	0.009751	0.550049	0.525146	90.338921	1.912048	0.801748	697.000000	0.021271	0.039330	0.026090	20.000000	0.302550	0.076000	56.000000	0.063112	2.578704	63.333984	16.634766	0.699219	0.000000	0.000000	0.000000	0.000000	0.000000	80.000000	80.000000	0.000000	0.000000	1.000000	0.000000	8.000000	0.000000	0.642704	2.685992	2.639748	0.000000	0.000000	1.000000	1.000000	0.367188	0.004105	62.934082	0.730469	0.096664	0.016803	0.000000	262144.000000	12.476649	512.000000	512.000000	786432.000000	1.000000	0.000000	0.000000	0.000000	3.000000	3.098595	5.551541	5.755386	5.782425	5.833391	0.000000	0.244796	1.000000	1.000000	0.000000	0.000000	0.028718	0.525181	0.000000	3.000000	93.000000	246.000000	255.000000	0.000000	0.000000	0.015873	0.111111	0.000000	0.000000	0.000000	0.000000	0.000000	0.000000	0.000000	0.000000	0.000000	0.000000	0.000000	0.000000	0.000000	0.000000	0.000000	6.957788	0.469966
/home/lilith/work/codec-eval/codec-corpus/gb82/mc1-lossless.png	large	576	576	1596.158325	0.060691	0.174957	0.009815	0.003735	0.416281	0.143904	56.655983	0.092302	1.222821	1058.000000	0.032288	0.006160	0.005710	1.000000	0.005240	0.005240	1.000000	0.079130	3.945773	9.185149	6.957570	0.009643	0.000000	0.000000	0.000000	0.000000	0.000000	80.000000	80.000000	0.000000	0.000000	1.000000	0.000000	8.000000	0.000000	0.049437	3.090231	1.055274	0.031733	0.020082	1.000000	1.000000	0.619094	0.443350	9.215785	0.058824	0.053191	0.015276	0.000000	331776.000000	12.712215	576.000000	576.000000	995328.000000	1.000000	0.000000	0.000000	0.000000	3.000000	3.327969	3.909235	4.242503	4.426901	4.729241	0.144429	0.354786	0.681899	1.000000	0.045318	0.129150	0.268000	0.412045	2.000000	7.000000	18.000000	52.000000	182.000000	0.000000	0.000000	0.031746	0.079365	0.000000	0.000000	0.000000	0.031746	0.000000	0.000000	0.000000	0.467978	1.146129	1.288639	0.006906	0.026475	0.031733	0.000000	0.000000	16.012070	0.879262
/home/lilith/work/codec-eval/codec-corpus/CID22/CID22-512/validation/1279330.png	large	512	512	4180.395996	0.079166	0.133264	0.007476	0.005350	0.316406	0.076660	55.639637	0.090209	1.364038	3806.000000	0.116150	0.002140	0.001310	1.000000	0.007950	0.005650	5.000000	0.026429	4.575921	19.770508	8.658203	0.016602	0.000000	0.000000	0.000000	0.000000	0.000000	80.000000	80.000000	0.000000	0.000000	1.000000	0.000000	8.000000	0.000000	0.077320	3.508096	1.063284	0.073176	0.008991	1.000000	1.000000	0.867188	0.453884	19.613253	0.091797	0.060934	0.017904	0.000000	262144.000000	12.476649	512.000000	512.000000	786432.000000	1.000000	0.000000	0.000000	0.000000	3.000000	3.633462	4.330269	4.777908	5.010761	5.334184	0.224125	0.519778	1.000000	1.000000	0.030679	0.140165	0.277850	0.418884	2.000000	5.000000	11.000000	62.000000	255.000000	0.000000	0.015873	0.047619	0.079365	0.000000	0.000000	0.015873	0.031746	0.000000	0.000000	0.000000	0.676694	1.373085	1.984245	0.010349	0.034218	0.073176	0.000000	0.000000	76.629578	0.943510
/home/lilith/work/codec-eval/codec-corpus/gb82/dog-lossless.png	large	576	576	3458.084717	0.042752	0.083697	0.009047	0.007071	0.384066	0.000193	38.014896	0.095738	1.725162	2756.000000	0.084106	0.002440	0.003790	0.000000	0.010180	0.015670	2.000000	0.081536	4.528950	9.146577	3.681774	0.000000	0.000000	0.000000	0.000000	0.000000	0.000000	80.000000	80.000000	0.000000	0.000000	1.000000	0.000000	8.000000	0.000000	0.021852	3.293386	0.639641	0.124913	0.056865	1.000000	1.000000	0.559306	0.446392	12.889377	0.001929	0.045155	0.007240	0.000000	331776.000000	12.712215	576.000000	576.000000	995328.000000	1.000000	0.000000	0.000000	0.000000	3.000000	3.250203	3.724940	4.154787	4.434834	4.841600	0.200886	0.317617	0.564229	0.915296	0.074185	0.101101	0.137600	0.185953	4.000000	8.000000	17.000000	52.000000	217.000000	0.000000	0.015873	0.031746	0.063492	0.000000	0.000000	0.000000	0.015873	0.000000	0.000000	0.000000	2.002639	2.303062	2.463496	0.064709	0.100697	0.124913	0.000000	0.000000	26.932816	0.879517
/home/lilith/work/codec-eval/codec-corpus/gb82/girl-lossless.png	large	576	576	8070.111328	0.081083	0.107035	0.005458	0.005197	0.503472	0.375964	43.451508	0.231962	1.475601	5921.000000	0.180695	0.002970	0.005340	1.000000	0.017130	0.030110	8.000000	0.067205	3.639218	14.427194	8.049180	0.347155	0.000000	0.000000	0.000000	0.000000	0.000000	80.000000	80.000000	0.000000	0.000000	1.000000	0.000000	8.000000	0.000000	0.419229	2.356393	1.902712	0.000000	0.000000	1.000000	1.000000	0.307618	0.255501	27.161457	0.357763	0.051048	0.011648	0.000000	331776.000000	12.712215	576.000000	576.000000	995328.000000	1.000000	0.000000	0.000000	0.000000	3.000000	3.058592	3.863374	4.673657	5.081948	5.496950	0.000000	0.239442	0.657521	1.000000	0.000000	0.043618	0.127453	0.500598	1.000000	9.000000	23.000000	92.000000	255.000000	0.000000	0.000000	0.015873	0.079365	0.000000	0.000000	0.000000	0.015873	0.000000	0.000000	0.000000	0.000000	0.000000	0.000000	0.000000	0.000000	0.000000	0.000000	0.000000	28.938208	0.549681
/home/lilith/work/codec-eval/codec-corpus/CID22/CID22-512/training/pexels-photo-635405.png	large	512	512	2161.793457	0.153588	0.127529	0.019915	0.010930	0.101074	0.000000	46.294537	0.433062	1.248025	5621.000000	0.171539	0.016700	0.004900	2.000000	0.037680	0.006970	7.000000	0.039403	4.258719	28.681641	16.842773	0.000000	0.000000	0.000000	0.000000	0.000000	0.000000	80.000000	80.000000	0.000000	0.000000	1.000000	0.000000	8.000000	0.000000	0.029312	4.024562	0.727529	0.290169	0.069174	1.000000	1.000000	0.912109	0.130386	30.958929	0.000000	0.091952	0.031917	0.000000	262144.000000	12.476649	512.000000	512.000000	786432.000000	1.000000	0.000000	0.000000	0.000000	3.000000	3.943345	4.502850	5.155072	5.374272	5.560353	0.459759	0.728174	1.000000	1.000000	0.133844	0.261693	0.493435	0.773296	5.000000	13.000000	38.000000	126.000000	255.000000	0.031746	0.047619	0.079365	0.126984	0.000000	0.015873	0.031746	0.047619	0.000000	0.000000	0.000000	2.568128	2.876470	3.132375	0.145486	0.210622	0.290169	0.000000	0.015873	17.407974	0.956895
/home/lilith/work/codec-eval/codec-corpus/gb82/flowers-lossless.png	large	576	576	2432.727051	0.276906	0.124240	0.015453	0.007237	0.115162	0.000000	39.156883	0.715368	0.968229	5118.000000	0.156189	0.007870	0.007870	1.000000	0.009260	0.008470	1.000000	0.182029	4.163832	21.918997	13.069431	0.000000	0.000000	0.000000	0.000000	0.000000	0.000000	80.000000	80.000000	0.000000	0.000000	1.000000	0.000000	8.000000	0.000000	0.018356	4.005124	0.677180	0.215874	0.044036	1.000000	1.000000	0.256509	0.047933	17.388569	0.000000	0.129969	0.026970	0.000000	331776.000000	12.712215	576.000000	576.000000	995328.000000	1.000000	0.000000	0.000000	0.000000	3.000000	4.091961	4.497676	4.806732	4.923859	5.118000	0.454074	0.804423	1.000000	1.000000	0.085126	0.166559	0.392862	0.715950	13.000000	32.000000	57.000000	122.000000	255.000000	0.015873	0.063492	0.126984	0.190476	0.000000	0.000000	0.015873	0.047619	0.000000	0.000000	1.000000	2.260332	2.627366	2.972485	0.074390	0.136117	0.215874	0.000000	0.000000	6.441371	0.790442
/home/lilith/work/codec-eval/codec-corpus/CID22/CID22-512/training/pexels-photo-1075776.png	large	512	512	5208.581543	0.213549	0.260209	0.014985	0.014737	0.225342	0.014648	92.692101	0.719544	1.045735	8317.000000	0.253815	0.009740	0.014530	3.000000	0.070120	0.089550	20.000000	0.092322	4.720424	33.366211	23.045898	0.001953	0.000000	0.000000	0.000000	0.000000	0.000000	80.000000	80.000000	0.000000	0.000000	1.000000	0.000000	8.000000	0.000000	0.007839	3.905939	1.076029	0.107402	0.038021	1.000000	1.000000	0.481445	0.047626	28.762480	0.006836	0.109499	0.033622	0.000000	262144.000000	12.476649	512.000000	512.000000	786432.000000	1.000000	0.000000	0.000000	0.000000	3.000000	4.099540	4.731177	5.210659	5.337697	5.498238	0.304904	0.811827	1.000000	1.000000	0.082908	0.222461	0.506691	0.873488	7.000000	22.000000	56.000000	149.000000	255.000000	0.000000	0.031746	0.095238	0.174603	0.000000	0.000000	0.031746	0.047619	0.000000	0.000000	0.000000	1.228851	1.768892	2.322188	0.025332	0.053899	0.107402	0.000000	0.000000	11.711164	0.850980
/home/lilith/work/codec-eval/codec-corpus/CID22/CID22-512/training/pexels-photo-7078476.png	large	512	512	2633.181885	0.365068	0.106389	0.010519	0.009637	0.075928	0.001465	40.666176	0.901664	0.866708	1587.000000	0.048431	0.003810	0.005860	0.000000	0.022570	0.029500	4.000000	0.152232	4.360682	33.624023	12.443359	0.012695	0.000000	0.000000	0.000000	0.000000	0.000000	80.000000	80.000000	0.000000	0.000000	1.000000	0.000000	8.000000	0.000000	0.014809	4.334863	0.613113	0.452061	0.054627	1.000000	1.000000	0.278320	0.470959	18.396654	0.001953	0.160141	0.021872	0.000000	262144.000000	12.476649	512.000000	512.000000	786432.000000	1.000000	0.000000	0.000000	0.000000	3.000000	4.457957	4.733762	4.928728	5.071898	5.177013	0.753967	1.000000	1.000000	1.000000	0.099412	0.234561	0.428314	0.648721	17.000000	40.000000	68.000000	136.000000	255.000000	0.047619	0.095238	0.158730	0.222222	0.000000	0.000000	0.015873	0.031746	0.000000	0.000000	1.000000	1.991226	3.106611	3.609032	0.063065	0.239000	0.452061	0.000000	0.015873	6.408351	0.807694
/home/lilith/work/codec-eval/codec-corpus/CID22/CID22-512/validation/1025469.png	large	512	512	2467.529785	0.053626	0.135212	0.004888	0.003475	0.703369	0.016602	45.446194	0.221183	1.637566	1942.000000	0.059265	0.003140	0.005010	1.000000	0.006350	0.020820	8.000000	0.303195	4.032093	5.395508	2.666016	0.005859	0.000000	0.000000	0.000000	0.000000	0.000000	80.000000	80.000000	0.000000	0.000000	1.000000	0.000000	8.000000	0.000000	0.007092	2.718049	0.932492	0.039752	0.021382	1.000000	1.000000	0.197266	0.176479	29.064308	0.000000	0.033792	0.005084	0.000000	262144.000000	12.476649	512.000000	512.000000	786432.000000	1.000000	0.000000	0.000000	0.000000	3.000000	2.507097	3.273696	4.289298	4.619166	4.947037	0.073331	0.122663	0.288654	0.899716	0.026505	0.036771	0.078156	0.156102	2.000000	5.000000	17.000000	102.000000	255.000000	0.000000	0.000000	0.000000	0.031746	0.000000	0.000000	0.000000	0.000000	0.000000	0.000000	0.000000	1.245744	1.429096	1.623250	0.021947	0.030320	0.039752	0.000000	0.000000	47.989956	0.710928
/home/lilith/work/codec-eval/codec-corpus/gb82/pixel-lossless.png	large	576	576	2794.590820	0.018060	0.066490	0.003032	0.002482	0.799190	0.326775	23.225622	0.015862	1.601809	2093.000000	0.063873	0.000640	0.000770	0.000000	0.002580	0.002700	2.000000	0.025324	3.683104	5.266152	1.987464	0.026037	0.000000	0.000000	0.000000	0.000000	0.000000	80.000000	80.000000	0.000000	0.000000	1.000000	0.000000	8.000000	0.000000	0.130920	2.225763	1.073417	0.018938	0.011976	1.000000	1.000000	0.547734	0.019851	12.113787	0.172613	0.016975	0.003444	0.000000	331776.000000	12.712215	576.000000	576.000000	995328.000000	1.000000	0.000000	0.000000	0.000000	3.000000	2.044344	2.888741	3.765826	4.441284	4.896354	0.034282	0.081341	0.221038	0.614304	0.016298	0.022614	0.044474	0.098936	0.000000	1.000000	2.000000	27.000000	128.000000	0.000000	0.000000	0.000000	0.015873	0.000000	0.000000	0.000000	0.000000	0.000000	0.000000	0.000000	0.297623	0.859402	1.105516	0.003403	0.013223	0.018938	0.000000	0.000000	77.451668	0.807356
/home/lilith/work/codec-eval/codec-corpus/CID22/CID22-512/training/pexels-photo-4354221.png	large	512	512	3653.041016	0.139196	0.148049	0.009671	0.009665	0.371094	0.036621	51.243675	0.552207	1.269227	4411.000000	0.134613	0.004810	0.003770	2.000000	0.031860	0.026880	8.000000	0.130278	4.359279	21.837891	9.087891	0.001953	0.000000	0.000000	0.000000	0.000000	0.000000	80.000000	80.000000	0.000000	0.000000	1.000000	0.000000	8.000000	0.000000	0.014805	3.417352	1.182752	0.044961	0.038198	1.000000	1.000000	0.383789	0.289494	33.651081	0.010742	0.084744	0.017392	0.000000	262144.000000	12.476649	512.000000	512.000000	786432.000000	1.000000	0.000000	0.000000	0.000000	3.000000	3.648407	4.284647	4.930052	5.224978	5.477731	0.108015	0.493506	1.000000	1.000000	0.058645	0.123059	0.272353	0.521638	4.000000	14.000000	36.000000	150.000000	255.000000	0.000000	0.000000	0.063492	0.126984	0.000000	0.000000	0.000000	0.031746	0.000000	0.000000	0.000000	1.168332	1.499818	1.657862	0.024789	0.035805	0.044961	0.000000	0.000000	24.901361	0.823749
/home/lilith/work/codec-eval/codec-corpus/CID22/CID22-512/validation/2887497.png	large	512	512	2652.487549	0.119427	0.038141	0.002077	0.001979	0.625488	0.411865	21.429474	0.205977	1.265989	445.000000	0.013580	0.000250	0.002340	0.000000	0.001510	0.009480	1.000000	0.209377	4.040280	7.685547	0.867188	0.020508	0.000000	0.000000	0.000000	0.000000	0.000000	80.000000	80.000000	0.000000	0.000000	1.000000	0.000000	8.000000	0.000000	0.000069	2.468830	1.380029	0.016458	0.000000	1.000000	1.000000	0.139648	0.000000	12.594882	0.050781	0.043899	0.000868	0.000000	262144.000000	12.476649	512.000000	512.000000	786432.000000	1.000000	0.000000	0.000000	0.000000	3.000000	2.148448	3.848735	4.428017	4.568639	4.797429	0.029699	0.088417	0.583834	1.000000	0.009255	0.025521	0.069200	0.108860	2.000000	10.000000	32.000000	80.000000	255.000000	0.000000	0.000000	0.000000	0.079365	0.000000	0.000000	0.000000	0.000000	0.000000	0.000000	0.000000	0.000000	0.586516	0.942010	0.000000	0.008380	0.016458	0.000000	0.000000	10.247868	0.691706
/home/lilith/work/codec-eval/codec-corpus/CID22/CID22-512/training/pexels-photo-4352249.png	large	512	512	1901.112549	0.166911	0.046058	0.008789	0.003967	0.203613	0.004639	23.355440	0.271265	1.263764	834.000000	0.025452	0.002080	0.001760	0.000000	0.002660	0.002600	0.000000	0.128843	4.219128	16.609375	4.356445	0.000000	0.000000	0.000000	0.000000	0.000000	0.000000	80.000000	80.000000	0.000000	0.000000	1.000000	0.000000	8.000000	0.000000	0.021065	3.788422	0.711357	0.140541	0.018997	1.000000	1.000000	0.467773	0.702137	15.166740	0.000000	0.101082	0.010944	0.000000	262144.000000	12.476649	512.000000	512.000000	786432.000000	1.000000	0.000000	0.000000	0.000000	3.000000	3.989247	4.255586	4.517803	4.696631	4.975262	0.407998	0.735692	1.000000	1.000000	0.045431	0.143070	0.218020	0.269126	8.000000	18.000000	32.000000	88.000000	255.000000	0.015873	0.031746	0.111111	0.142857	0.000000	0.000000	0.000000	0.015873	0.000000	0.000000	1.000000	1.874699	2.395764	2.630872	0.052850	0.096529	0.140541	0.000000	0.000000	26.718382	0.850177
/home/lilith/work/codec-eval/codec-corpus/CID22/CID22-512/training/pexels-photo-951408.png	large	512	512	3781.582520	0.120278	0.105345	0.009715	0.003840	0.393311	0.107422	34.251587	0.528795	1.072887	2105.000000	0.064240	0.009110	0.005720	2.000000	0.007930	0.006690	4.000000	0.107064	4.371863	23.387695	7.359375	0.007812	0.000000	0.000000	0.000000	0.000000	0.000000	80.000000	80.000000	0.000000	0.000000	1.000000	0.000000	8.000000	0.000000	0.023872	3.426004	1.229809	0.044635	0.012242	1.000000	1.000000	0.691406	0.033955	32.235889	0.106445	0.074777	0.013098	0.000000	262144.000000	12.476649	512.000000	512.000000	786432.000000	1.000000	0.000000	0.000000	0.000000	3.000000	3.493543	4.449050	5.050483	5.225466	5.329142	0.147324	0.446854	1.000000	1.000000	0.039151	0.092465	0.251599	0.467813	2.000000	7.000000	35.000000	144.000000	255.000000	0.000000	0.015873	0.031746	0.111111	0.000000	0.000000	0.000000	0.015873	0.000000	0.000000	0.000000	0.941231	1.242650	1.560617	0.019170	0.030217	0.044635	0.000000	0.000000	22.151855	0.903463
/home/lilith/work/codec-eval/codec-corpus/CID22/CID22-512/validation/297394.png	large	512	512	2961.567383	0.195377	0.286835	0.022399	0.023254	0.310547	0.095703	103.697830	0.682099	0.966667	13160.000000	0.401611	0.051200	0.032860	10.000000	0.336770	0.259560	57.000000	0.149257	4.331674	22.217773	39.526367	0.004883	0.000000	0.000000	0.000000	0.000000	0.000000	80.000000	80.000000	0.000000	0.000000	1.000000	0.000000	8.000000	0.000000	0.019497	3.516508	1.253257	0.033950	0.015977	1.000000	1.000000	0.289062	0.066193	25.004759	0.008789	0.096230	0.047015	0.000000	262144.000000	12.476649	512.000000	512.000000	786432.000000	1.000000	0.000000	0.000000	0.000000	3.000000	3.737112	4.566446	4.974857	5.113914	5.206286	0.161587	0.540267	1.000000	1.000000	0.036887	0.183601	0.927852	1.000000	6.000000	22.000000	55.000000	149.000000	255.000000	0.000000	0.015873	0.063492	0.158730	0.000000	0.000000	0.015873	0.079365	0.000000	0.000000	0.000000	0.586518	1.157133	1.453892	0.006937	0.019973	0.033950	0.000000	0.000000	12.017078	0.764431
/home/lilith/work/codec-eval/codec-corpus/CID22/CID22-512/training/pexels-photo-3586798.png	large	512	512	4925.102051	0.161373	0.092505	0.007038	0.007334	0.289062	0.005859	38.603069	0.520949	1.397905	3818.000000	0.116516	0.002410	0.001400	1.000000	0.017120	0.009540	3.000000	0.154348	4.472313	17.938477	5.010742	0.000000	0.000000	0.000000	0.000000	0.000000	0.000000	80.000000	80.000000	0.000000	0.000000	1.000000	0.000000	8.000000	0.000000	0.025936	3.598547	0.867769	0.104747	0.023863	1.000000	1.000000	0.330078	0.275780	23.491217	0.000000	0.083256	0.010975	0.000000	262144.000000	12.476649	512.000000	512.000000	786432.000000	1.000000	0.000000	0.000000	0.000000	3.000000	3.668046	4.252379	4.690025	4.959380	5.359192	0.207244	0.483236	0.978083	1.000000	0.047090	0.100112	0.193098	0.287485	7.000000	18.000000	42.000000	136.000000	255.000000	0.000000	0.015873	0.063492	0.126984	0.000000	0.000000	0.000000	0.015873	0.000000	0.000000	0.000000	1.695565	2.135481	2.396961	0.045912	0.073419	0.104747	0.000000	0.000000	19.080885	0.788893
/home/lilith/work/codec-eval/codec-corpus/gb82/path-lossless.png	large	576	576	4650.728516	0.203814	0.051275	0.005664	0.003225	0.322724	0.000772	22.276939	0.651378	1.353091	735.000000	0.022430	0.001560	0.000900	0.000000	0.002640	0.002470	0.000000	0.275009	4.344119	13.266152	1.663452	0.001929	0.000000	0.000000	0.000000	0.000000	0.000000	80.000000	80.000000	0.000000	0.000000	1.000000	0.000000	8.000000	0.000000	0.003888	3.527209	0.805480	0.101657	0.019912	1.000000	1.000000	0.166827	0.223337	19.662638	0.000000	0.084064	0.002617	0.000000	331776.000000	12.712215	576.000000	576.000000	995328.000000	1.000000	0.000000	0.000000	0.000000	3.000000	3.636231	4.079267	4.582004	4.861143	5.223575	0.171175	0.419589	0.726487	1.000000	0.033933	0.063308	0.095850	0.139430	9.000000	27.000000	53.000000	126.000000	255.000000	0.000000	0.015873	0.063492	0.126984	0.000000	0.000000	0.000000	0.000000	0.000000	0.000000	1.000000	2.089022	2.297179	2.402879	0.058059	0.079110	0.101657	0.000000	0.000000	9.974626	0.698804
/home/lilith/work/codec-eval/codec-corpus/gb82/haze-lossless.png	large	576	576	610.181396	0.003847	0.073430	0.002422	0.002091	0.924769	0.044946	25.285425	0.010269	1.882338	987.000000	0.030121	0.000430	0.000650	0.000000	0.001430	0.001720	0.000000	0.081709	3.049917	1.113790	1.292189	0.000000	0.000000	0.000000	0.000000	0.000000	0.000000	80.000000	80.000000	0.000000	0.000000	1.000000	0.000000	8.000000	0.000000	0.101342	2.039266	0.610829	0.033847	0.017288	1.000000	1.000000	0.156220	0.072434	8.602421	0.000000	0.006490	0.002373	0.000000	331776.000000	12.712215	576.000000	576.000000	995328.000000	1.000000	0.000000	0.000000	0.000000	3.000000	1.838849	2.293604	2.841829	3.362338	4.178718	0.042370	0.057679	0.101124	0.204661	0.029960	0.047691	0.064871	0.088062	1.000000	2.000000	4.000000	15.000000	134.000000	0.000000	0.000000	0.000000	0.000000	0.000000	0.000000	0.000000	0.000000	0.000000	0.000000	0.000000	1.215836	1.406274	1.482293	0.020973	0.028246	0.033847	0.000000	0.000000	154.579056	0.740366
/home/lilith/work/codec-eval/codec-corpus/gb82/mc3-lossless.png	large	576	576	1087.903564	0.003130	0.048168	0.001389	0.000840	0.919367	0.571566	17.367815	0.005593	1.934951	383.000000	0.011688	0.000160	0.000410	0.000000	0.000420	0.000820	0.000000	0.058713	3.182550	1.131148	0.487946	0.108968	0.000000	0.000000	0.000000	0.000000	0.000000	80.000000	80.000000	0.000000	0.000000	1.000000	0.000000	8.000000	0.000000	0.021261	1.609091	0.958153	0.000000	0.000000	1.000000	1.000000	0.353905	0.098913	5.973775	0.354870	0.006016	0.000949	0.000000	331776.000000	12.712215	576.000000	576.000000	995328.000000	1.000000	0.000000	0.000000	0.000000	3.000000	1.476213	2.197108	2.953639	3.384507	3.908484	0.023888	0.039367	0.096259	0.226360	0.004346	0.020102	0.028882	0.057984	0.000000	1.000000	2.000000	14.000000	88.000000	0.000000	0.000000	0.000000	0.000000	0.000000	0.000000	0.000000	0.000000	0.000000	0.000000	0.000000	0.000000	0.000000	0.000000	0.000000	0.000000	0.000000	0.000000	0.000000	77.397705	0.682231
/home/lilith/work/codec-eval/codec-corpus/clic2025/training/aed95e005df28e790519eefb6eb1e565.png	large	2048	1367	1587.602539	0.021881	0.184440	0.005287	0.002416	0.837086	0.023093	102.674988	0.385594	2.207709	3056.000000	0.093262	0.002770	0.003520	1.000000	0.005390	0.004710	4.000000	0.183252	3.715514	3.247830	3.398264	0.000000	0.000000	0.000000	0.000000	0.000000	0.000000	80.000000	80.000000	0.000000	0.000000	1.000000	0.000000	8.000000	0.000000	0.000980	2.426684	0.753962	0.029108	0.013052	1.000000	1.000000	0.084860	0.225455	26.164064	0.000000	0.014511	0.005235	0.000000	2799616.000000	14.844993	1367.000000	2048.000000	8398848.000000	0.667480	0.404245	0.000732	0.006584	3.000000	2.190289	2.564370	3.685333	4.146461	4.731366	0.037240	0.052513	0.084656	0.482784	0.019508	0.027595	0.046204	0.268590	4.000000	9.000000	15.000000	56.000000	255.000000	0.000000	0.000000	0.000000	0.000000	0.000000	0.000000	0.000000	0.000000	0.000000	0.000000	0.000000	1.496367	1.668473	1.766111	0.019148	0.025216	0.029108	0.000000	0.000000	108.196777	0.391068
/home/lilith/work/codec-eval/codec-corpus/gb82/house-lossless.png	large	576	576	5941.264648	0.016433	0.165159	0.003095	0.002448	0.853974	0.403549	62.402267	0.015222	1.727670	1688.000000	0.051514	0.000760	0.001340	0.000000	0.003270	0.005670	3.000000	0.013493	4.001184	4.482160	3.407907	0.015429	0.000000	0.000000	0.000000	0.000000	0.000000	80.000000	80.000000	0.000000	0.000000	1.000000	0.000000	8.000000	0.000000	0.231162	2.088335	1.011691	0.019848	0.011583	1.000000	1.000000	0.473481	0.133479	15.913981	0.039537	0.013638	0.005434	0.000000	331776.000000	12.712215	576.000000	576.000000	995328.000000	1.000000	0.000000	0.000000	0.000000	3.000000	1.841594	2.619599	3.556182	4.267133	5.134009	0.028186	0.063002	0.161346	0.472643	0.017418	0.026994	0.057265	0.179829	1.000000	1.000000	3.000000	26.000000	126.000000	0.000000	0.000000	0.000000	0.015873	0.000000	0.000000	0.000000	0.000000	0.000000	0.000000	0.000000	0.000000	1.055354	1.157135	0.000000	0.016615	0.019848	0.000000	0.000000	86.548637	0.777343
/home/lilith/work/codec-eval/codec-corpus/CID22/CID22-512/training/pexels-photo-7114620.png	large	512	512	3643.021484	0.035631	0.130244	0.004313	0.004345	0.388184	0.028564	63.814602	0.057401	1.578573	2488.000000	0.075928	0.000550	0.000600	0.000000	0.003880	0.003720	2.000000	0.039824	4.343522	11.523438	4.094727	0.003906	0.000000	0.000000	0.000000	0.000000	0.000000	80.000000	80.000000	0.000000	0.000000	1.000000	0.000000	8.000000	0.000000	0.001148	3.262165	0.862760	0.074380	0.023184	1.000000	1.000000	0.611328	0.803547	13.321383	0.048828	0.044457	0.007921	0.000000	262144.000000	12.476649	512.000000	512.000000	786432.000000	1.000000	0.000000	0.000000	0.000000	3.000000	3.324077	3.885784	4.383003	4.615771	4.934322	0.155537	0.347398	0.685471	1.000000	0.038636	0.069901	0.129872	0.220312	3.000000	7.000000	14.000000	42.000000	211.000000	0.000000	0.015873	0.031746	0.063492	0.000000	0.000000	0.000000	0.015873	0.000000	0.000000	0.000000	1.356983	1.767967	2.025050	0.031958	0.053206	0.074380	0.000000	0.000000	35.607456	0.888111
/home/lilith/work/codec-eval/codec-corpus/CID22/CID22-512/validation/2936831.png	large	512	512	4504.229980	0.071090	0.117932	0.010607	0.006323	0.500732	0.025879	41.411812	0.281357	1.507312	1351.000000	0.041229	0.008040	0.004660	1.000000	0.014310	0.007280	1.000000	0.125690	4.479869	10.420898	3.907227	0.000000	0.000000	0.000000	0.000000	0.000000	0.000000	80.000000	80.000000	0.000000	0.000000	1.000000	0.000000	8.000000	0.000000	0.287163	3.010699	0.975424	0.057829	0.012692	1.000000	1.000000	0.384766	0.263649	34.995346	0.002930	0.052269	0.009611	0.000000	262144.000000	12.476649	512.000000	512.000000	786432.000000	1.000000	0.000000	0.000000	0.000000	3.000000	3.055038	3.686631	4.156761	4.635370	5.429821	0.089014	0.243177	0.504577	0.850787	0.018111	0.029237	0.206497	0.293695	2.000000	9.000000	24.000000	113.000000	255.000000	0.000000	0.000000	0.015873	0.079365	0.000000	0.000000	0.000000	0.015873	0.000000	0.000000	0.000000	1.422220	1.662758	1.803521	0.032514	0.046632	0.057829	0.000000	0.000000	38.940464	0.839730
/home/lilith/work/codec-eval/codec-corpus/gb82-sc/terminal.png	large	1646	1062	1734.832520	0.055241	0.037555	0.000459	0.000878	0.810754	0.804213	13.992338	1.694020	1.269324	342.000000	0.010437	0.000620	0.000460	4.000000	0.005410	0.005080	7.000000	0.135441	1.510048	14.917387	1.079731	0.856868	0.000000	0.000000	0.000000	0.000000	0.000000	80.000000	80.000000	0.000000	0.000000	1.000000	0.000000	8.000000	0.000000	0.335389	0.830553	1.861734	0.000000	0.000000	1.000000	1.000000	0.070125	0.003045	48.133469	0.888569	0.042542	0.003141	0.000000	1748052.000000	14.374013	1062.000000	1646.000000	5244156.000000	0.645200	0.438194	0.003101	0.035685	3.000000	0.000000	0.000000	5.006220	5.246383	5.579881	0.000000	0.000000	0.000000	1.000000	0.000000	0.000000	0.000000	0.046002	0.000000	0.000000	0.000000	185.000000	255.000000	0.000000	0.000000	0.000000	0.000000	0.000000	0.000000	0.000000	0.000000	0.000000	0.000000	0.000000	0.000000	0.000000	0.000000	0.000000	0.000000	0.000000	0.000000	0.000000	21.585506	0.144463
/home/lilith/work/codec-eval/codec-corpus/CID22/CID22-512/training/pexels-photo-6635187.png	large	512	512	1583.874756	0.139338	0.191688	0.008841	0.017482	0.336182	0.000244	72.449127	0.289067	1.593535	2020.000000	0.061646	0.004270	0.002530	1.000000	0.115010	0.067380	10.000000	0.246572	3.711589	10.828125	9.465820	0.000000	0.000000	0.000000	0.000000	0.000000	0.000000	80.000000	80.000000	0.000000	0.000000	1.000000	0.000000	8.000000	0.000000	0.003304	3.448119	0.751962	0.108173	0.060149	1.000000	1.000000	0.388672	0.087326	14.678419	0.005859	0.072653	0.015005	0.000000	262144.000000	12.476649	512.000000	512.000000	786432.000000	1.000000	0.000000	0.000000	0.000000	3.000000	3.425687	4.018981	4.495766	4.621343	4.936629	0.196660	0.364273	0.705087	1.000000	0.104514	0.166094	0.270364	0.469572	5.000000	16.000000	36.000000	94.000000	255.000000	0.000000	0.015873	0.047619	0.111111	0.000000	0.000000	0.000000	0.015873	0.000000	0.000000	0.000000	1.811136	2.194123	2.417368	0.056143	0.086021	0.108173	0.000000	0.000000	14.549337	0.776181
/home/lilith/work/codec-eval/codec-corpus/CID22/CID22-512/validation/6078297.png	large	512	512	2209.824219	0.062772	0.057238	0.004697	0.002650	0.399658	0.005127	27.566826	0.073073	1.268403	1086.000000	0.033142	0.000560	0.000410	0.000000	0.003400	0.003420	2.000000	0.059660	3.658607	10.009766	3.242188	0.000000	0.000000	0.000000	0.000000	0.000000	0.000000	80.000000	80.000000	0.000000	0.000000	1.000000	0.000000	8.000000	0.000000	0.001633	3.286349	0.699617	0.136663	0.024326	1.000000	1.000000	0.856445	0.032867	11.785213	0.006836	0.051432	0.007053	0.000000	262144.000000	12.476649	512.000000	512.000000	786432.000000	1.000000	0.000000	0.000000	0.000000	3.000000	3.232169	3.625415	4.383313	4.675457	4.957573	0.191776	0.324639	0.518394	1.000000	0.043407	0.075052	0.124780	0.185815	2.000000	5.000000	12.000000	54.000000	255.000000	0.000000	0.015873	0.031746	0.063492	0.000000	0.000000	0.000000	0.015873	0.000000	0.000000	0.000000	1.865920	2.249466	2.489607	0.061681	0.100872	0.136663	0.000000	0.000000	51.545670	0.942432
/home/lilith/work/codec-eval/codec-corpus/CID22/CID22-512/validation/5458393.png	large	512	512	3825.823730	0.272544	0.158921	0.015552	0.028493	0.496826	0.040039	69.313393	1.292619	0.837108	5592.000000	0.170654	0.018620	0.015350	2.000000	0.352540	0.294190	34.000000	0.140611	3.898779	40.432617	34.619141	0.006836	0.000000	0.000000	0.000000	0.000000	0.000000	80.000000	80.000000	0.000000	0.000000	1.000000	0.000000	8.000000	0.000000	0.005470	3.232419	1.795771	0.020427	0.025711	1.000000	1.000000	0.201172	0.407753	28.175306	0.000000	0.139261	0.047278	0.000000	262144.000000	12.476649	512.000000	512.000000	786432.000000	1.000000	0.000000	0.000000	0.000000	3.000000	3.001274	5.134942	5.280492	5.345865	5.493416	0.030311	0.205492	1.000000	1.000000	0.033806	0.060455	1.000000	1.000000	2.000000	31.000000	84.000000	193.000000	255.000000	0.000000	0.000000	0.015873	0.285714	0.000000	0.000000	0.000000	0.111111	0.000000	0.000000	0.000000	0.859400	1.144187	1.230447	0.011278	0.016732	0.020427	0.000000	0.000000	5.916527	0.684744
/home/lilith/work/codec-eval/codec-corpus/CID22/CID22-512/validation/3156482.png	large	512	512	4954.813477	0.124640	0.096136	0.006914	0.005508	0.456787	0.083008	39.994728	0.738475	1.159017	4126.000000	0.125916	0.007640	0.011360	5.000000	0.034600	0.056110	13.000000	0.197442	4.099581	17.049805	5.690430	0.005859	0.000000	0.000000	0.000000	0.000000	0.000000	80.000000	80.000000	0.000000	0.000000	1.000000	0.000000	8.000000	0.000000	0.005722	3.191187	1.238966	0.035401	0.019090	1.000000	1.000000	0.203125	0.034794	35.939289	0.001953	0.068995	0.011207	0.000000	262144.000000	12.476649	512.000000	512.000000	786432.000000	1.000000	0.000000	0.000000	0.000000	3.000000	3.240034	4.195928	4.958212	5.239414	5.390633	0.071756	0.294009	0.847080	1.000000	0.029450	0.074082	0.172173	0.346301	3.000000	12.000000	45.000000	170.000000	255.000000	0.000000	0.000000	0.031746	0.095238	0.000000	0.000000	0.000000	0.015873	0.000000	0.000000	0.000000	1.202420	1.350976	1.515211	0.019388	0.027668	0.035401	0.000000	0.000000	16.780144	0.741643
/home/lilith/work/codec-eval/codec-corpus/gb82/grass-lossless.png	large	576	576	1905.621582	0.298731	0.060267	0.018158	0.005617	0.076003	0.000000	35.131641	0.683680	1.052434	1844.000000	0.056274	0.011990	0.002610	0.000000	0.007100	0.003680	0.000000	0.165015	4.198201	24.339441	9.347156	0.000000	0.000000	0.000000	0.000000	0.000000	0.000000	80.000000	80.000000	0.000000	0.000000	1.000000	0.000000	8.000000	0.000000	0.001456	4.119856	0.590049	0.336503	0.054111	1.000000	1.000000	0.551591	0.000383	16.716253	0.000000	0.134500	0.019501	0.000000	331776.000000	12.712215	576.000000	576.000000	995328.000000	1.000000	0.000000	0.000000	0.000000	3.000000	4.241615	4.548624	4.743039	4.861725	5.012128	0.616267	0.993532	1.000000	1.000000	0.111268	0.207045	0.330815	0.467371	12.000000	30.000000	56.000000	121.000000	255.000000	0.031746	0.079365	0.126984	0.190476	0.000000	0.000000	0.015873	0.031746	0.000000	0.000000	1.000000	2.438913	2.895837	3.265080	0.130225	0.215510	0.336503	0.000000	0.015873	7.347388	0.876726
/home/lilith/work/codec-eval/codec-corpus/CID22/CID22-512/training/pexels-photo-4405455.png	large	512	512	747.007935	0.090468	0.157151	0.008258	0.022383	0.270508	0.008789	85.150230	0.184665	1.257348	578.000000	0.017639	0.002230	0.001490	0.000000	0.110970	0.072480	10.000000	0.139007	3.336065	10.942383	24.160156	0.001953	0.000000	0.000000	0.000000	0.000000	0.000000	80.000000	80.000000	0.000000	0.000000	1.000000	0.000000	8.000000	0.000000	0.008801	3.434238	0.770270	0.102168	0.101230	1.000000	1.000000	0.388672	0.189541	9.458943	0.004883	0.056811	0.039574	0.000000	262144.000000	12.476649	512.000000	512.000000	786432.000000	1.000000	0.000000	0.000000	0.000000	3.000000	3.562047	4.013361	4.335776	4.483166	4.726516	0.224616	0.420561	0.755812	1.000000	0.222396	0.397820	0.687755	1.000000	6.000000	16.000000	30.000000	68.000000	173.000000	0.000000	0.015873	0.047619	0.079365	0.000000	0.015873	0.031746	0.063492	0.000000	0.000000	0.000000	1.397940	1.902750	2.327869	0.032694	0.064003	0.102168	0.000000	0.000000	7.856568	0.813626
/home/lilith/work/codec-eval/codec-corpus/CID22/CID22-512/training/pexels-photo-7263002.png	large	512	512	4231.455078	0.201677	0.228306	0.011414	0.009561	0.174316	0.001221	86.125290	0.375464	1.204708	3010.000000	0.091858	0.007050	0.007710	2.000000	0.032380	0.027170	14.000000	0.076789	4.664632	26.633789	12.400391	0.001953	0.000000	0.000000	0.000000	0.000000	0.000000	80.000000	80.000000	0.000000	0.000000	1.000000	0.000000	8.000000	0.000000	0.245747	3.950870	0.821412	0.178549	0.020778	1.000000	1.000000	0.521484	0.165371	21.297930	0.002930	0.110057	0.022941	0.000000	262144.000000	12.476649	512.000000	512.000000	786432.000000	1.000000	0.000000	0.000000	0.000000	3.000000	4.020889	4.634033	5.003605	5.141906	5.280378	0.311081	0.772029	1.000000	1.000000	0.048827	0.116198	0.270547	0.802858	8.000000	19.000000	37.000000	105.000000	255.000000	0.015873	0.031746	0.095238	0.158730	0.000000	0.000000	0.000000	0.031746	0.000000	0.000000	1.000000	2.206827	2.555076	2.775508	0.088025	0.135234	0.178549	0.000000	0.000000	25.091745	0.865519
/home/lilith/work/codec-eval/codec-corpus/CID22/CID22-512/validation/3637739.png	large	512	512	3812.080322	0.124770	0.025972	0.001873	0.002159	0.544678	0.091553	12.207587	0.479038	1.221484	885.000000	0.027008	0.000390	0.000520	0.000000	0.004710	0.005380	5.000000	0.084389	4.466426	18.559570	1.250000	0.003906	0.000000	0.000000	0.000000	0.000000	0.000000	80.000000	80.000000	0.000000	0.000000	1.000000	0.000000	8.000000	0.000000	0.110561	3.135240	1.219427	0.044705	0.003102	1.000000	1.000000	0.451172	0.009544	31.201349	0.002930	0.054362	0.002062	0.000000	262144.000000	12.476649	512.000000	512.000000	786432.000000	1.000000	0.000000	0.000000	0.000000	3.000000	2.796563	4.183583	5.031285	5.217068	5.410537	0.085766	0.180306	0.966936	1.000000	0.009858	0.023176	0.054779	0.123760	3.000000	10.000000	39.000000	137.000000	255.000000	0.000000	0.000000	0.015873	0.095238	0.000000	0.000000	0.000000	0.000000	0.000000	0.000000	0.000000	0.999321	1.422989	1.716001	0.015167	0.031425	0.044705	0.000000	0.000000	17.390575	0.801614
/home/lilith/work/codec-eval/codec-corpus/gb82/baby-lossless.png	large	576	576	2694.321289	0.032185	0.102760	0.002699	0.003044	0.674576	0.234954	46.747234	0.056603	1.889865	1397.000000	0.042633	0.000510	0.000570	0.000000	0.003510	0.003650	2.000000	0.050566	3.930707	6.723240	2.335583	0.205400	0.000000	0.000000	0.000000	0.000000	0.000000	80.000000	80.000000	0.000000	0.000000	1.000000	0.000000	8.000000	0.000000	0.338105	2.378999	1.433565	0.000000	0.000000	1.000000	1.000000	0.416586	0.508014	15.109875	0.206365	0.028180	0.004470	0.000000	331776.000000	12.712215	576.000000	576.000000	995328.000000	1.000000	0.000000	0.000000	0.000000	3.000000	2.658965	3.284991	4.103008	4.557564	4.914051	0.051551	0.159149	0.338047	0.883035	0.003260	0.041781	0.084059	0.209274	1.000000	4.000000	10.000000	45.000000	169.000000	0.000000	0.000000	0.015873	0.031746	0.000000	0.000000	0.000000	0.000000	0.000000	0.000000	0.000000	0.000000	0.000000	0.000000	0.000000	0.000000	0.000000	0.000000	0.000000	42.710884	0.687652
/home/lilith/work/codec-eval/codec-corpus/clic2025/training/0c49a5cce349020bbba2f97ae41e90ba.png	large	2048	1358	4101.692383	0.072524	0.215337	0.005001	0.005454	0.569853	0.083295	88.419617	0.771149	1.370685	3170.000000	0.096741	0.003560	0.004920	1.000000	0.027020	0.047360	12.000000	0.101843	4.119539	12.422891	10.645975	0.001940	0.000000	0.000000	0.000000	0.000000	0.000000	80.000000	80.000000	0.000000	0.000000	1.000000	0.000000	8.000000	0.000000	0.172368	3.005812	1.116615	0.036078	0.000000	1.000000	1.000000	0.361785	0.012338	26.753546	0.000000	0.042800	0.012825	0.000000	2781184.000000	14.838387	1358.000000	2048.000000	8343552.000000	0.663086	0.410851	0.001473	0.013255	3.000000	2.827036	3.924531	4.605257	4.931844	5.167137	0.070569	0.188488	0.715378	1.000000	0.020746	0.046359	0.252308	0.721822	3.000000	8.000000	19.000000	99.000000	255.000000	0.000000	0.000000	0.015873	0.063492	0.000000	0.000000	0.000000	0.015873	0.000000	0.000000	0.000000	0.859397	1.317016	1.681243	0.013229	0.024953	0.036078	0.000000	0.000000	48.883736	0.759582
/home/lilith/work/codec-eval/codec-corpus/CID22/CID22-512/validation/3316926.png	large	512	512	2592.899658	0.139234	0.129776	0.017393	0.006149	0.444092	0.124023	57.927879	0.266875	1.218831	2007.000000	0.061249	0.030390	0.009960	3.000000	0.022870	0.006650	3.000000	0.061121	4.376257	19.857422	15.240234	0.007812	0.000000	0.000000	0.000000	0.000000	0.000000	80.000000	80.000000	0.000000	0.000000	1.000000	0.000000	8.000000	0.000000	0.037285	3.275963	1.320634	0.033368	0.011668	1.000000	1.000000	0.578125	0.716736	18.537859	0.042969	0.061647	0.019965	0.000000	262144.000000	12.476649	512.000000	512.000000	786432.000000	1.000000	0.000000	0.000000	0.000000	3.000000	3.632570	4.406423	4.840070	4.975730	5.181946	0.075374	0.503137	1.000000	1.000000	0.024741	0.118741	0.499312	0.799055	2.000000	12.000000	36.000000	89.000000	255.000000	0.000000	0.000000	0.047619	0.095238	0.000000	0.000000	0.000000	0.031746	0.000000	0.000000	0.000000	0.698970	1.204120	1.396852	0.011377	0.022399	0.033368	0.000000	0.000000	18.391489	0.856871
/home/lilith/work/codec-eval/codec-corpus/CID22/CID22-512/validation/3653963.png	large	512	512	3685.465332	0.125490	0.055881	0.005161	0.005868	0.242432	0.002930	23.004055	0.208294	1.221081	1316.000000	0.040161	0.001260	0.001390	0.000000	0.010610	0.014810	2.000000	0.111867	4.591880	14.351562	1.996094	0.004883	0.000000	0.000000	0.000000	0.000000	0.000000	80.000000	80.000000	0.000000	0.000000	1.000000	0.000000	8.000000	0.000000	0.084454	3.562705	0.780477	0.151002	0.025912	1.000000	1.000000	0.523438	0.136547	11.452970	0.005859	0.069506	0.003658	0.000000	262144.000000	12.476649	512.000000	512.000000	786432.000000	1.000000	0.000000	0.000000	0.000000	3.000000	3.617222	4.127518	4.473031	4.650642	4.981312	0.267679	0.485086	0.870775	1.000000	0.040833	0.071542	0.121747	0.169857	6.000000	15.000000	31.000000	76.000000	247.000000	0.015873	0.031746	0.047619	0.095238	0.000000	0.000000	0.000000	0.000000	0.000000	0.000000	0.000000	1.113944	2.353598	2.613297	0.022034	0.113860	0.151002	0.000000	0.000000	13.616478	0.863201
/home/lilith/work/codec-eval/codec-corpus/CID22/CID22-512/validation/6292444.png	large	512	512	3937.435059	0.087940	0.170311	0.006904	0.009738	0.440186	0.212402	64.707092	0.132303	1.349717	3035.000000	0.092621	0.005620	0.002870	3.000000	0.083180	0.043520	40.000000	0.041819	4.211020	16.691406	9.951172	0.027344	0.000000	0.000000	0.000000	0.000000	0.000000	80.000000	80.000000	0.000000	0.000000	1.000000	0.000000	8.000000	0.000000	0.051407	3.019486	1.429399	0.017686	0.009163	1.000000	1.000000	0.649414	0.335361	19.122562	0.043945	0.055401	0.015625	0.000000	262144.000000	12.476649	512.000000	512.000000	786432.000000	1.000000	0.000000	0.000000	0.000000	3.000000	3.308748	4.147923	4.790028	4.956748	5.264900	0.049795	0.353967	0.946055	1.000000	0.027339	0.072609	0.230091	0.557231	2.000000	6.000000	16.000000	71.000000	255.000000	0.000000	0.000000	0.031746	0.095238	0.000000	0.000000	0.000000	0.015873	0.000000	0.000000	0.000000	0.000000	0.676692	1.030777	0.000000	0.010165	0.017686	0.000000	0.000000	51.834702	0.822589
/home/lilith/work/codec-eval/codec-corpus/CID22/CID22-512/training/pexels-photo-7266811.png	large	512	512	5617.636230	0.341290	0.059410	0.006602	0.005358	0.186768	0.015137	25.767120	1.847702	0.986733	2302.000000	0.070251	0.001470	0.001630	0.000000	0.007740	0.006760	4.000000	0.221239	4.571478	40.381836	4.625000	0.005859	0.000000	0.000000	0.000000	0.000000	0.000000	80.000000	80.000000	0.000000	0.000000	1.000000	0.000000	8.000000	0.000000	0.095909	4.075739	1.070434	0.125345	0.028664	1.000000	1.000000	0.446289	0.439079	33.911324	0.013672	0.156095	0.010060	0.000000	262144.000000	12.476649	512.000000	512.000000	786432.000000	1.000000	0.000000	0.000000	0.000000	3.000000	4.370446	4.866547	5.233914	5.364862	5.537944	0.373799	1.000000	1.000000	1.000000	0.051156	0.093319	0.164792	0.288584	10.000000	36.000000	85.000000	249.000000	255.000000	0.000000	0.047619	0.142857	0.238095	0.000000	0.000000	0.000000	0.015873	0.000000	0.000000	0.000000	1.350976	1.808611	2.433144	0.031117	0.059144	0.125345	0.000000	0.000000	7.735695	0.823124
/home/lilith/work/codec-eval/codec-corpus/gb82/bulb-lossless.png	large	576	576	2811.323975	0.024357	0.021274	0.001152	0.000586	0.654321	0.014853	8.483839	0.051658	1.699957	639.000000	0.019501	0.000130	0.000090	0.000000	0.000370	0.000230	0.000000	0.049535	4.430396	7.229508	0.323047	0.000000	0.000000	0.000000	0.000000	0.000000	0.000000	80.000000	80.000000	0.000000	0.000000	1.000000	0.000000	8.000000	0.000000	0.247724	2.935328	0.693197	0.083602	0.000000	1.000000	1.000000	0.538091	0.004090	18.629562	0.009643	0.028195	0.000306	0.000000	331776.000000	12.712215	576.000000	576.000000	995328.000000	1.000000	0.000000	0.000000	0.000000	3.000000	2.855481	3.231979	3.702323	4.524960	5.168174	0.123259	0.204377	0.326432	0.558749	0.000000	0.023394	0.035855	0.057182	3.000000	5.000000	8.000000	47.000000	194.000000	0.000000	0.015873	0.015873	0.031746	0.000000	0.000000	0.000000	0.000000	0.000000	0.000000	0.000000	1.690197	2.040837	2.200671	0.044385	0.062884	0.083602	0.000000	0.000000	59.351727	0.865368
/home/lilith/work/codec-eval/codec-corpus/CID22/CID22-512/validation/373965.png	large	512	512	5689.574219	0.251225	0.026735	0.006822	0.003864	0.467285	0.333252	12.124179	1.324005	1.107545	1295.000000	0.039520	0.004530	0.005180	0.000000	0.007730	0.010030	2.000000	0.363459	4.314058	22.264648	1.876953	0.030273	0.000000	0.000000	0.000000	0.000000	0.000000	80.000000	80.000000	0.000000	0.000000	1.000000	0.000000	8.000000	0.000000	0.075935	3.054307	1.648628	0.017300	0.000000	1.000000	1.000000	0.173828	0.003315	27.415581	0.118164	0.110135	0.003271	0.000000	262144.000000	12.476649	512.000000	512.000000	786432.000000	1.000000	0.000000	0.000000	0.000000	3.000000	3.398978	4.660858	5.014079	5.122287	5.330618	0.032451	0.298993	1.000000	1.000000	0.005280	0.033286	0.116292	0.160598	2.000000	31.000000	84.000000	200.000000	255.000000	0.000000	0.000000	0.031746	0.222222	0.000000	0.000000	0.000000	0.000000	0.000000	0.000000	0.000000	0.000000	0.676693	0.941233	0.000000	0.009626	0.017300	0.000000	0.000000	6.346617	0.653893
/home/lilith/work/codec-eval/codec-corpus/CID22/CID22-512/validation/70497.png	large	512	512	5003.758789	0.085156	0.210537	0.009913	0.006962	0.387451	0.064453	71.645409	0.155992	1.448594	6191.000000	0.188934	0.006380	0.008130	3.000000	0.018220	0.025890	7.000000	0.074897	4.442522	15.226562	11.622070	0.003906	0.000000	0.000000	0.000000	0.000000	0.000000	80.000000	80.000000	0.000000	0.000000	1.000000	0.000000	8.000000	0.000000	0.034775	3.311824	1.053672	0.051534	0.021781	1.000000	1.000000	0.613281	0.238323	17.843357	0.009766	0.056718	0.020384	0.000000	262144.000000	12.476649	512.000000	512.000000	786432.000000	1.000000	0.000000	0.000000	0.000000	3.000000	3.480115	4.149496	4.576810	4.815624	5.128334	0.138314	0.424176	0.918963	1.000000	0.047165	0.122395	0.323246	0.581291	2.000000	7.000000	20.000000	76.000000	255.000000	0.000000	0.015873	0.031746	0.079365	0.000000	0.000000	0.015873	0.031746	0.000000	0.000000	0.000000	1.188577	1.443019	1.739866	0.018441	0.033060	0.051534	0.000000	0.000000	40.958893	0.877246
/home/lilith/work/codec-eval/codec-corpus/clic2025/training/b51d5fb537246482ef7a7ab63f093cab.png	large	2048	1117	1314.148926	0.003381	0.165073	0.001419	0.001968	0.902455	0.364732	78.637695	0.028427	2.400135	2385.000000	0.072784	0.000140	0.000140	0.000000	0.001200	0.001240	0.000000	0.062247	3.698462	1.332378	1.627507	0.108883	0.000000	0.000000	0.000000	0.000000	0.000000	80.000000	80.000000	0.000000	0.000000	1.000000	0.000000	8.000000	0.000000	0.002141	1.644184	0.988173	0.000000	0.000000	1.000000	1.000000	0.172875	0.051653	12.759739	0.179561	0.006959	0.002759	0.000000	2287616.000000	14.643021	1117.000000	2048.000000	6862848.000000	0.545410	0.606217	0.002686	0.002686	3.000000	1.490486	2.210143	3.028158	3.440277	4.068944	0.023512	0.039034	0.092243	0.244847	0.019060	0.041094	0.070032	0.121156	0.000000	2.000000	4.000000	17.000000	223.000000	0.000000	0.000000	0.000000	0.000000	0.000000	0.000000	0.000000	0.000000	0.000000	0.000000	0.000000	0.000000	0.000000	0.000000	0.000000	0.000000	0.000000	0.000000	0.000000	208.700684	0.635375
/home/lilith/work/codec-eval/codec-corpus/clic2025/training/c80999cd5533e448167cd9b3ccfa2a37.png	large	2048	878	3189.036621	0.233361	0.330221	0.023147	0.013002	0.112956	0.000217	147.367432	1.482221	1.233903	8010.000000	0.244446	0.019530	0.017130	3.000000	0.032500	0.044870	9.000000	0.142410	4.472538	21.487427	23.382978	0.000000	0.000000	0.000000	0.000000	0.000000	0.000000	80.000000	80.000000	0.000000	0.000000	1.000000	0.000000	8.000000	0.000000	0.000183	3.946237	0.664564	0.239229	0.108334	1.000000	1.000000	0.543520	0.007950	17.574017	0.005803	0.107903	0.038163	0.000000	1798144.000000	14.402266	878.000000	2048.000000	5394432.000000	0.428711	0.846972	0.002278	0.020501	3.000000	4.018523	4.375913	4.768882	4.914560	5.224632	0.448677	0.705688	1.000000	1.000000	0.180160	0.278519	0.471887	0.711357	8.000000	26.000000	54.000000	122.000000	255.000000	0.031746	0.047619	0.095238	0.158730	0.000000	0.015873	0.031746	0.063492	0.000000	0.000000	0.000000	2.219945	2.673697	2.985399	0.100647	0.167806	0.239229	0.000000	0.015873	8.293508	0.839482
/home/lilith/work/codec-eval/codec-corpus/clic2025/final-test/581048154e3c4b579c79155742dcf643c18b9bb47782aca7f0768eff185bc32e.png	large	1456	2048	4605.972656	0.264656	0.049534	0.005709	0.004061	0.097724	0.000392	18.832512	2.153444	1.281729	3957.000000	0.120758	0.000970	0.000720	0.000000	0.002860	0.002570	0.000000	0.178070	4.701848	20.968147	3.198842	0.000000	0.000000	0.000000	0.000000	0.000000	0.000000	80.000000	80.000000	0.000000	0.000000	1.000000	0.000000	8.000000	0.000000	0.096138	3.974747	0.629298	0.224232	0.043675	1.000000	1.000000	0.209459	0.198603	18.356388	0.000000	0.114528	0.006435	0.000000	2981888.000000	14.908067	1456.000000	2048.000000	8945664.000000	0.710938	0.341171	0.000000	0.010989	3.000000	4.042895	4.459851	4.711246	4.847097	5.181828	0.395346	0.748358	1.000000	1.000000	0.061088	0.083409	0.121150	0.170100	14.000000	30.000000	55.000000	127.000000	255.000000	0.015873	0.047619	0.111111	0.174603	0.000000	0.000000	0.000000	0.015873	0.000000	1.000000	2.000000	2.450152	2.889302	3.122825	0.103857	0.167945	0.224232	0.000000	0.000000	9.758582	0.768799
/home/lilith/work/codec-eval/codec-corpus/CID22/CID22-512/validation/7062219.png	large	512	512	4901.117188	0.256395	0.129122	0.011620	0.013598	0.133057	0.010986	51.140549	0.603169	1.004476	5455.000000	0.166473	0.011110	0.009670	2.000000	0.106870	0.095470	19.000000	0.061786	4.659225	32.051758	16.259766	0.002930	0.000000	0.000000	0.000000	0.000000	0.000000	80.000000	80.000000	0.000000	0.000000	1.000000	0.000000	8.000000	0.000000	0.135799	4.045148	0.920870	0.178708	0.029577	1.000000	1.000000	0.634766	0.273258	24.278572	0.016602	0.102477	0.025933	0.000000	262144.000000	12.476649	512.000000	512.000000	786432.000000	1.000000	0.000000	0.000000	0.000000	3.000000	4.179975	4.814480	5.064094	5.185232	5.384177	0.419528	0.952126	1.000000	1.000000	0.074464	0.208065	0.488668	0.848421	9.000000	26.000000	54.000000	124.000000	255.000000	0.015873	0.047619	0.095238	0.142857	0.000000	0.000000	0.015873	0.047619	0.000000	0.000000	0.000000	1.253764	2.216827	2.752770	0.028576	0.097082	0.178708	0.000000	0.000000	10.305236	0.880322
/home/lilith/work/codec-eval/codec-corpus/CID22/CID22-512/validation/7552578.png	large	512	512	4068.466553	0.032629	0.107074	0.002180	0.001663	0.811035	0.454346	41.705555	0.101101	1.717901	1118.000000	0.034119	0.000910	0.002780	1.000000	0.002920	0.009060	3.000000	0.068079	3.553881	6.168945	1.948242	0.139648	0.000000	0.000000	0.000000	0.000000	0.000000	80.000000	80.000000	0.000000	0.000000	1.000000	0.000000	8.000000	0.000000	0.504684	1.939032	1.386381	0.000000	0.000000	1.000000	1.000000	0.258789	0.329868	31.907074	0.233398	0.019454	0.003193	0.000000	262144.000000	12.476649	512.000000	512.000000	786432.000000	1.000000	0.000000	0.000000	0.000000	3.000000	1.891747	2.672776	4.030857	4.566837	5.269005	0.015037	0.064100	0.157031	0.812798	0.000000	0.014009	0.026848	0.160477	1.000000	3.000000	8.000000	67.000000	255.000000	0.000000	0.000000	0.000000	0.015873	0.000000	0.000000	0.000000	0.000000	0.000000	0.000000	0.000000	0.000000	0.000000	0.000000	0.000000	0.000000	0.000000	0.000000	0.000000	101.658272	0.569856
/home/lilith/work/codec-eval/codec-corpus/clic2025/training/afe3676bbfcf7183d697ff7b5d5bd45b.png	large	2048	1365	2366.011963	0.086915	0.109513	0.005289	0.005419	0.371209	0.110869	42.297924	0.446547	1.354903	4565.000000	0.139313	0.000750	0.000760	0.000000	0.004810	0.004700	1.000000	0.052291	3.984405	16.974928	7.840887	0.044359	0.000000	0.000000	0.000000	0.000000	0.000000	80.000000	80.000000	0.000000	0.000000	1.000000	0.000000	8.000000	0.000000	0.048674	3.237659	1.300881	0.030046	0.000000	1.000000	1.000000	0.734812	0.263363	18.192757	0.110897	0.061104	0.014878	0.000000	2795520.000000	14.843529	1365.000000	2048.000000	8386560.000000	0.666504	0.405709	0.002198	0.008059	3.000000	3.539873	4.244426	4.700640	4.896237	5.182717	0.126850	0.467295	1.000000	1.000000	0.033464	0.098267	0.254111	0.450622	2.000000	6.000000	17.000000	73.000000	255.000000	0.000000	0.000000	0.047619	0.095238	0.000000	0.000000	0.000000	0.031746	0.000000	0.000000	0.000000	0.000000	0.676697	1.273001	0.000000	0.013557	0.030046	0.000000	0.000000	47.069489	0.871519
/home/lilith/work/codec-eval/codec-corpus/clic2025/final-test/2a760bf1ccea6998be3890dcc2371b23f35fe3006562884b45bc534a621d5c12.png	large	2048	928	713.906616	0.014950	0.063117	0.001163	0.000636	0.948808	0.864823	31.711714	0.385464	1.910210	1520.000000	0.046387	0.000580	0.000610	1.000000	0.000660	0.000860	2.000000	0.091281	2.728596	3.623047	0.684570	0.274414	0.000000	0.000000	0.000000	0.000000	0.000000	80.000000	80.000000	0.000000	0.000000	1.000000	0.000000	8.000000	0.000000	0.064254	1.100708	1.061573	0.000000	0.000000	1.000000	1.000000	0.092773	0.003045	54.175056	0.529297	0.006960	0.001070	0.000000	1900544.000000	14.457651	928.000000	2048.000000	5701632.000000	0.453125	0.791587	0.000000	0.000000	3.000000	1.113951	1.306093	1.812809	3.345570	5.540018	0.005629	0.025336	0.032445	0.058107	0.000000	0.014726	0.027594	0.033366	0.000000	0.000000	1.000000	66.000000	255.000000	0.000000	0.000000	0.000000	0.000000	0.000000	0.000000	0.000000	0.000000	0.000000	0.000000	0.000000	0.000000	0.000000	0.000000	0.000000	0.000000	0.000000	0.000000	0.000000	135.290436	0.480607
/home/lilith/work/codec-eval/codec-corpus/clic2025/training/d79d465ac77c36518e0f0d626bf97ec4.png	large	1638	2048	6877.104492	0.112532	0.049851	0.000240	0.000170	0.535714	0.224440	17.559248	2.923830	1.631473	517.000000	0.015778	0.000020	0.000020	0.000000	0.000070	0.000080	0.000000	0.559303	4.184413	8.415039	0.050781	0.064453	0.000000	0.000000	0.000000	0.000000	0.000000	80.000000	80.000000	0.000000	0.000000	1.000000	0.000000	8.000000	0.000000	0.687805	2.853127	1.232965	0.021813	0.000000	1.000000	1.000000	0.075195	0.000011	35.220444	0.080078	0.046425	0.000078	0.000000	3354624.000000	15.025850	1638.000000	2048.000000	10063872.000000	0.799805	0.223388	0.001221	0.015873	3.000000	3.173000	3.511463	4.190296	4.666948	5.291961	0.072039	0.126491	0.346500	0.837925	0.000000	0.000000	0.016711	0.028176	5.000000	21.000000	46.000000	174.000000	255.000000	0.000000	0.000000	0.000000	0.047619	0.000000	0.000000	0.000000	0.000000	0.000000	0.000000	0.000000	0.000000	0.000000	1.031410	0.000000	0.000000	0.021813	0.000000	0.000000	22.456661	0.459332
/home/lilith/work/codec-eval/codec-corpus/CID22/CID22-512/validation/792079.png	large	512	512	1097.521729	0.042019	0.156800	0.008537	0.007334	0.784668	0.308350	71.517174	0.077132	1.759873	5699.000000	0.173920	0.009080	0.004110	4.000000	0.031950	0.011710	11.000000	0.064903	3.474947	6.994141	9.214844	0.013672	0.000000	0.000000	0.000000	0.000000	0.000000	80.000000	80.000000	0.000000	0.000000	1.000000	0.000000	8.000000	0.000000	0.020882	2.207998	1.210680	0.023530	0.017616	1.000000	1.000000	0.446289	0.015881	20.171680	0.060547	0.025825	0.011393	0.000000	262144.000000	12.476649	512.000000	512.000000	786432.000000	1.000000	0.000000	0.000000	0.000000	3.000000	1.783547	2.844778	4.332948	4.769413	5.096819	0.031838	0.058610	0.202131	1.000000	0.027270	0.044186	0.108872	0.658683	0.000000	1.000000	7.000000	58.000000	255.000000	0.000000	0.000000	0.000000	0.015873	0.000000	0.000000	0.000000	0.000000	0.000000	0.000000	0.000000	0.000000	0.982692	1.168791	0.000000	0.017986	0.023530	0.000000	0.000000	82.332481	0.809628
/home/lilith/work/codec-eval/codec-corpus/gb82-sc/gmessages.png	large	1440	3088	1009.787964	0.020857	0.020730	0.000293	0.000159	0.914583	0.906713	10.670524	0.797808	1.499466	455.000000	0.013885	0.000030	0.000040	0.000000	0.000070	0.000080	0.000000	0.082079	1.696440	8.752408	0.190751	0.917148	0.000000	0.000000	0.000000	0.000000	0.000000	80.000000	80.000000	0.000000	0.000000	1.000000	0.000000	8.000000	0.000000	0.004793	0.486804	1.454326	0.000000	0.000000	1.000000	1.000000	0.066474	0.000000	47.020321	0.923892	0.018473	0.000367	0.000000	4446720.000000	15.307677	1440.000000	3088.000000	13340160.000000	0.466321	0.762881	0.000000	0.005181	3.000000	0.000000	0.000000	2.536559	5.260521	5.535852	0.000000	0.000000	0.000000	0.138507	0.000000	0.000000	0.000000	0.000000	0.000000	0.000000	0.000000	122.000000	255.000000	0.000000	0.000000	0.000000	0.000000	0.000000	0.000000	0.000000	0.000000	0.000000	0.000000	0.000000	0.000000	0.000000	0.000000	0.000000	0.000000	0.000000	0.000000	0.000000	67.728363	0.093229
/home/lilith/work/codec-eval/codec-corpus/clic2025/training/b939ac34faa94b5d0e753d570edc7048.png	large	2048	972	3616.330811	0.126718	0.201963	0.006135	0.007513	0.547001	0.234249	78.627251	1.775907	1.221117	12836.000000	0.391724	0.002560	0.005100	1.000000	0.026060	0.050440	13.000000	0.155227	4.242727	18.572121	14.275895	0.073572	0.000000	0.000000	0.000000	0.000000	0.000000	80.000000	80.000000	0.000000	0.000000	1.000000	0.000000	8.000000	0.000000	0.027245	2.858202	1.593905	0.012180	0.000000	1.000000	1.000000	0.348500	0.234403	32.021610	0.119071	0.071728	0.020467	0.000000	1990656.000000	14.503975	972.000000	2048.000000	5971968.000000	0.474609	0.745263	0.004115	0.020576	3.000000	2.836918	4.396805	4.953779	5.152009	5.336816	0.040468	0.193168	1.000000	1.000000	0.018342	0.067833	0.337892	0.888025	1.000000	8.000000	46.000000	158.000000	255.000000	0.000000	0.000000	0.015873	0.111111	0.000000	0.000000	0.000000	0.031746	0.000000	0.000000	0.000000	0.000000	0.000000	0.676696	0.000000	0.000000	0.012180	0.000000	0.000000	14.672811	0.727395
/home/lilith/work/codec-eval/codec-corpus/clic2025/training/1e2f9d41529197f10d32bfa68a1e0bcc.png	large	2048	1365	3155.755127	0.624846	0.147579	0.066257	0.026894	0.000000	0.000000	78.758400	5.422972	0.646778	2214.000000	0.067566	0.121270	0.146960	4.000000	0.131870	0.160150	7.000000	0.104054	4.361234	66.164902	44.793636	0.000000	0.000000	0.000000	0.000000	0.000000	0.000000	80.000000	80.000000	0.000000	0.000000	1.000000	0.000000	8.000000	0.000000	0.007802	4.915116	0.343606	1.000000	0.547434	1.000000	1.000000	0.512054	0.508592	24.491673	0.000000	0.255147	0.097259	0.000000	2795520.000000	14.843529	1365.000000	2048.000000	8386560.000000	0.666504	0.405709	0.002198	0.008059	3.000000	4.986754	5.173666	5.304627	5.361748	5.418374	1.000000	1.000000	1.000000	1.000000	0.679472	0.855023	1.000000	1.000000	32.000000	60.000000	94.000000	166.000000	255.000000	0.174603	0.222222	0.253968	0.301587	0.063492	0.079365	0.095238	0.111111	0.000000	2.000000	5.000000	3.933104	4.271490	4.418477	0.674629	0.930902	1.000000	0.111111	0.158730	2.570538	0.872256
/home/lilith/work/codec-eval/codec-corpus/clic2025/training/2c1f84548ef99faec2b4f9bf12227c83.png	large	1365	2048	7130.641602	0.020382	0.085085	0.001970	0.001665	0.713610	0.271511	31.259918	0.147456	1.669377	2924.000000	0.089233	0.000220	0.000250	0.000000	0.001430	0.001420	1.000000	0.054261	4.373035	5.193829	1.283510	0.088717	0.000000	0.000000	0.000000	0.000000	0.000000	80.000000	80.000000	0.000000	0.000000	1.000000	0.000000	8.000000	0.000000	0.064243	2.331147	1.214956	0.007178	0.000000	1.000000	1.000000	0.369335	0.181728	13.037766	0.175506	0.019562	0.002572	0.000000	2795520.000000	14.843529	1365.000000	2048.000000	8386560.000000	0.666504	0.405709	0.002198	0.008059	3.000000	2.398700	3.178145	3.887631	4.316306	4.791518	0.043127	0.114619	0.286009	0.686846	0.000000	0.023313	0.045389	0.109754	1.000000	4.000000	9.000000	39.000000	255.000000	0.000000	0.000000	0.000000	0.031746	0.000000	0.000000	0.000000	0.000000	0.000000	0.000000	0.000000	0.000000	0.000000	0.467979	0.000000	0.000000	0.007178	0.000000	0.000000	96.566460	0.705683
/home/lilith/work/codec-eval/codec-corpus/clic2025/training/4a18abf66d65ad1a95ce455c8b6cd8de.png	large	1463	2048	2506.715576	0.178916	0.171936	0.010448	0.014147	0.308331	0.011117	78.587006	1.994738	1.247874	2173.000000	0.066315	0.005340	0.006600	0.000000	0.067570	0.079940	7.000000	0.124293	3.575551	16.322393	10.949807	0.004826	0.000000	0.000000	0.000000	0.000000	0.000000	80.000000	80.000000	0.000000	0.000000	1.000000	0.000000	8.000000	0.000000	0.001398	3.511861	0.947206	0.072090	0.000000	1.000000	1.000000	0.172780	0.000036	22.191940	0.004826	0.065101	0.020439	0.000000	2996224.000000	14.912864	1463.000000	2048.000000	8988672.000000	0.714355	0.336375	0.000684	0.006152	3.000000	3.359287	4.189416	4.873819	5.178672	5.392371	0.128305	0.209783	0.858275	1.000000	0.034419	0.111441	0.359004	0.778978	13.000000	29.000000	52.000000	124.000000	255.000000	0.000000	0.000000	0.015873	0.126984	0.000000	0.000000	0.000000	0.031746	0.000000	0.000000	1.000000	1.031407	2.045079	2.524721	0.009617	0.042909	0.072090	0.000000	0.000000	9.735950	0.477705
/home/lilith/work/codec-eval/codec-corpus/clic2025/training/100a02c269c5948392f283b2aa3bb4da.png	large	2048	1365	4253.747070	0.020979	0.118666	0.004120	0.003582	0.577091	0.192210	48.662914	0.150738	1.737484	4729.000000	0.144318	0.000570	0.000500	0.000000	0.003000	0.002940	3.000000	0.028713	4.072932	9.160077	4.432015	0.020251	0.000000	0.000000	0.000000	0.000000	0.000000	80.000000	80.000000	0.000000	0.000000	1.000000	0.000000	8.000000	0.000000	0.045036	2.718874	1.180582	0.019163	0.000000	1.000000	1.000000	0.480231	0.546494	20.966835	0.048216	0.025516	0.008556	0.000000	2795520.000000	14.843529	1365.000000	2048.000000	8386560.000000	0.666504	0.405709	0.002198	0.008059	3.000000	2.806477	3.618060	4.214996	4.490767	5.085337	0.053957	0.183346	0.508111	1.000000	0.022546	0.050558	0.143135	0.301621	2.000000	6.000000	11.000000	32.000000	250.000000	0.000000	0.000000	0.015873	0.031746	0.000000	0.000000	0.000000	0.015873	0.000000	0.000000	0.000000	0.000000	0.748914	1.076917	0.000000	0.010610	0.019163	0.000000	0.000000	97.147453	0.764643
/home/lilith/work/codec-eval/codec-corpus/clic2025/final-test/b0b3744cc6b5ad6426b1ac02909b4389ea7fc4140d72a888ccdfb21f573a6db4.png	large	2048	1360	3867.600830	0.258193	0.186248	0.020479	0.010906	0.402344	0.000460	66.631935	4.102793	1.095424	15929.000000	0.486115	0.022150	0.025080	4.000000	0.039550	0.047450	10.000000	0.322079	4.624026	23.693346	17.542912	0.000000	0.000000	0.000000	0.000000	0.000000	0.000000	80.000000	80.000000	0.000000	0.000000	1.000000	0.000000	8.000000	0.000000	0.013634	3.524242	1.123854	0.059038	0.010807	1.000000	1.000000	0.121504	0.106137	29.401716	0.000000	0.117877	0.032006	0.000000	2785280.000000	14.839859	1360.000000	2048.000000	8355840.000000	0.664062	0.409379	0.000000	0.011765	3.000000	3.567196	4.586192	4.955537	5.135487	5.378116	0.080112	0.435313	1.000000	1.000000	0.035088	0.161065	0.553763	0.951025	9.000000	29.000000	73.000000	207.000000	255.000000	0.000000	0.000000	0.047619	0.222222	0.000000	0.000000	0.015873	0.063492	0.000000	0.000000	1.000000	1.871792	2.054457	2.143015	0.039288	0.050430	0.059038	0.000000	0.000000	9.560800	0.651854
/home/lilith/work/codec-eval/codec-corpus/clic2025/final-test/0369d229ba4c9965d5caeb38c359a027a810968eee930b81520b604e76b4df14.png	large	1360	2048	4701.915039	0.043880	0.286845	0.005137	0.004683	0.703460	0.098501	111.424835	0.470456	1.884329	7015.000000	0.214081	0.001670	0.001580	0.000000	0.008140	0.008530	7.000000	0.114767	4.490367	5.442623	5.198650	0.000000	0.000000	0.000000	0.000000	0.000000	0.000000	80.000000	80.000000	0.000000	0.000000	1.000000	0.000000	8.000000	0.000000	0.002265	2.567743	0.953987	0.029164	0.009719	1.000000	1.000000	0.161041	0.246756	18.920092	0.003857	0.024338	0.007577	0.000000	2785280.000000	14.839859	1360.000000	2048.000000	8355840.000000	0.664062	0.409379	0.000000	0.011765	3.000000	2.429727	3.266217	3.898012	4.248952	5.205685	0.041102	0.108100	0.289641	0.623055	0.028028	0.048164	0.109018	0.264656	3.000000	8.000000	18.000000	75.000000	255.000000	0.000000	0.000000	0.000000	0.031746	0.000000	0.000000	0.000000	0.015873	0.000000	0.000000	0.000000	0.999999	1.396853	1.518308	0.014802	0.024501	0.029164	0.000000	0.000000	42.209648	0.641132
/home/lilith/work/codec-eval/codec-corpus/clic2025/final-test/1b4ad095795ac552b38a21d51be7bfaee8e7d0a70619d84767814321df4ed062.png	large	2048	1216	2410.076172	0.117265	0.107344	0.007535	0.003835	0.497786	0.094661	35.330746	0.809224	1.339327	2875.000000	0.087738	0.005940	0.006370	1.000000	0.010320	0.009430	3.000000	0.332920	4.369012	7.490234	3.379883	0.001953	0.000000	0.000000	0.000000	0.000000	0.000000	80.000000	80.000000	0.000000	0.000000	1.000000	0.000000	8.000000	0.000000	0.053724	2.989627	1.038169	0.038938	0.009419	1.000000	1.000000	0.282227	0.129913	11.965716	0.009766	0.058206	0.007192	0.000000	2490368.000000	14.727942	1216.000000	2048.000000	7471104.000000	0.593750	0.521297	0.000000	0.000000	3.000000	3.126735	3.882481	4.287779	4.444341	4.666335	0.087640	0.255728	0.598557	0.938186	0.031755	0.078427	0.164925	0.252458	3.000000	14.000000	34.000000	91.000000	255.000000	0.000000	0.000000	0.031746	0.095238	0.000000	0.000000	0.000000	0.015873	0.000000	0.000000	0.000000	0.881349	1.356980	1.510000	0.014665	0.030503	0.038938	0.000000	0.000000	13.837453	0.781110
/home/lilith/work/codec-eval/codec-corpus/clic2025/training/d1a9be98d1936065967adac50a6fb750.png	large	2048	1270	2291.981445	0.056871	0.076093	0.002164	0.001622	0.736013	0.515373	29.362061	0.226396	1.593376	1553.000000	0.047394	0.000340	0.000310	0.000000	0.001380	0.001400	0.000000	0.070279	3.919648	7.059730	1.318882	0.010597	0.000000	0.000000	0.000000	0.000000	0.000000	80.000000	80.000000	0.000000	0.000000	1.000000	0.000000	8.000000	0.000000	0.740680	2.162393	1.304685	0.014650	0.000000	1.000000	1.000000	0.271676	0.215728	11.059365	0.019268	0.030859	0.003058	0.000000	2600960.000000	14.771391	1270.000000	2048.000000	7802880.000000	0.620117	0.477847	0.001575	0.007874	3.000000	1.528072	3.305214	4.346228	4.622120	4.879675	0.020459	0.030403	0.351141	1.000000	0.000000	0.000000	0.034770	0.155468	2.000000	4.000000	12.000000	56.000000	255.000000	0.000000	0.000000	0.000000	0.031746	0.000000	0.000000	0.000000	0.000000	0.000000	0.000000	0.000000	0.000000	0.748911	1.000000	0.000000	0.009331	0.014650	0.000000	0.000000	34.327122	0.598011
/home/lilith/work/codec-eval/codec-corpus/gb82-sc/windows.png	large	2560	1392	3159.786865	0.066230	0.048655	0.007409	0.005270	0.786500	0.774625	15.422240	5.820934	1.180002	1593.000000	0.048615	0.129740	0.042120	26.000000	0.417150	0.130150	84.000000	0.386694	1.931880	21.409883	6.476744	0.830426	0.000000	0.000000	0.000000	0.000000	0.000000	80.000000	80.000000	0.000000	0.000000	1.000000	0.000000	8.000000	0.000000	0.916591	1.042402	2.029092	0.000000	0.000000	1.000000	1.000000	0.031008	0.005686	65.406860	0.843992	0.063846	0.011551	0.000000	3563520.000000	15.086260	1392.000000	2560.000000	10690560.000000	0.543750	0.609266	0.000000	0.011494	3.000000	0.000000	0.000000	5.154968	5.443427	5.637906	0.000000	0.000000	0.000000	1.000000	0.000000	0.000000	0.000000	0.270324	0.000000	0.000000	7.000000	255.000000	255.000000	0.000000	0.000000	0.000000	0.000000	0.000000	0.000000	0.000000	0.000000	0.000000	0.000000	0.000000	0.000000	0.000000	0.000000	0.000000	0.000000	0.000000	0.000000	0.000000	15.371271	0.149904
/home/lilith/work/codec-eval/codec-corpus/clic2025/training/100f17892cf7bb12beb12479641fcc4c.png	large	1365	2048	373.890045	0.059264	0.019491	0.001586	0.001099	0.739706	0.282353	11.012901	0.488188	1.740273	690.000000	0.021057	0.000200	0.000190	0.000000	0.000640	0.000610	0.000000	0.567651	2.359462	2.499518	0.182257	0.031823	0.000000	0.000000	0.000000	0.000000	0.000000	80.000000	80.000000	0.000000	0.000000	1.000000	0.000000	8.000000	0.000000	0.007124	2.345697	1.072723	0.019673	0.000000	1.000000	1.000000	0.019286	0.076551	10.563240	0.064609	0.026481	0.000321	0.000000	2795520.000000	14.843529	1365.000000	2048.000000	8386560.000000	0.666504	0.405709	0.002198	0.008059	3.000000	2.276318	3.161214	3.896436	4.134372	4.394907	0.038554	0.073821	0.236024	0.541204	0.003600	0.022730	0.038432	0.064255	2.000000	9.000000	23.000000	72.000000	236.000000	0.000000	0.000000	0.000000	0.015873	0.000000	0.000000	0.000000	0.000000	0.000000	0.000000	0.000000	0.000000	0.586518	1.096370	0.000000	0.010738	0.019673	0.000000	0.000000	20.642139	0.532826
/home/lilith/work/codec-eval/codec-corpus/clic2025/training/3140d643a1f57e80ff265507984d95a0.png	large	2048	1152	1591.282715	0.020350	0.096442	0.003827	0.003381	0.701280	0.155599	40.775356	0.123842	1.866945	5395.000000	0.164642	0.001670	0.003580	2.000000	0.008850	0.014780	9.000000	0.076883	4.086509	4.982422	2.785156	0.000000	0.000000	0.000000	0.000000	0.000000	0.000000	80.000000	80.000000	0.000000	0.000000	1.000000	0.000000	8.000000	0.000000	0.041727	2.571013	0.963015	0.029351	0.013334	1.000000	1.000000	0.416992	0.050242	15.070815	0.009766	0.026832	0.005286	0.000000	2359296.000000	14.673874	1152.000000	2048.000000	7077888.000000	0.562500	0.575364	0.000000	0.000000	3.000000	2.497966	3.270034	3.915650	4.229445	4.934301	0.054833	0.132289	0.325665	0.714915	0.021229	0.038507	0.094645	0.196037	1.000000	4.000000	9.000000	39.000000	226.000000	0.000000	0.000000	0.015873	0.031746	0.000000	0.000000	0.000000	0.000000	0.000000	0.000000	0.000000	0.777018	1.179247	1.368461	0.010727	0.020992	0.029351	0.000000	0.000000	59.021168	0.798885
/home/lilith/work/codec-eval/codec-corpus/clic2025/training/11f2b039b293758398b1a7a8afa64bb2.png	large	1638	2048	1572.899414	0.108963	0.199234	0.005190	0.004163	0.662115	0.515990	74.384201	1.462053	1.540278	5531.000000	0.168793	0.002410	0.002080	1.000000	0.011700	0.009780	4.000000	0.220651	3.652327	7.617188	2.805664	0.156250	0.000000	0.000000	0.000000	0.000000	0.000000	80.000000	80.000000	0.000000	0.000000	1.000000	0.000000	8.000000	0.000000	0.001996	2.212163	1.507470	0.000000	0.000000	1.000000	1.000000	0.229492	0.281497	20.969744	0.205078	0.038613	0.005921	0.000000	3354624.000000	15.025850	1638.000000	2048.000000	10063872.000000	0.799805	0.223388	0.001221	0.015873	3.000000	2.206109	3.437014	4.348489	4.738519	5.117107	0.021002	0.089385	0.314640	1.000000	0.000000	0.024668	0.098013	0.234973	1.000000	9.000000	34.000000	129.000000	255.000000	0.000000	0.000000	0.000000	0.031746	0.000000	0.000000	0.000000	0.000000	0.000000	0.000000	0.000000	0.000000	0.000000	0.000000	0.000000	0.000000	0.000000	0.000000	0.000000	22.267347	0.566212
/home/lilith/work/codec-eval/codec-corpus/gb82-sc/windows95.png	large	640	480	4478.113770	0.268383	0.082272	0.003851	0.005135	0.360000	0.360000	27.185276	14.937757	0.831067	14.000000	0.000427	0.049400	0.054600	38.000000	0.677060	0.658980	207.000000	0.865223	1.665641	68.498337	10.990833	0.645000	0.000000	0.000000	0.000000	4.000000	1.000000	80.000000	80.000000	0.000000	0.000000	1.000000	0.000000	8.000000	0.000000	0.974661	3.117141	2.501490	0.000000	0.000000	1.000000	1.000000	0.015833	0.000000	71.990051	0.687500	0.202209	0.018307	0.000000	307200.000000	12.635254	480.000000	640.000000	921600.000000	0.750000	0.287682	0.000000	0.000000	3.000000	4.325844	5.376163	5.546820	5.619324	5.719807	0.000000	0.942141	1.000000	1.000000	0.000000	0.000000	0.000000	0.000000	0.000000	126.000000	255.000000	255.000000	255.000000	0.000000	0.000000	0.095238	0.412698	0.000000	0.000000	0.000000	0.000000	0.000000	0.000000	0.000000	0.000000	0.000000	0.000000	0.000000	0.000000	0.000000	0.000000	0.000000	-0.407090	0.331019
/home/lilith/work/codec-eval/codec-corpus/gb82-sc/codec_wiki.png	large	2560	1664	1485.818481	0.039132	0.308348	0.000580	0.001356	0.844471	0.843269	146.044037	1.794329	1.548996	785.000000	0.023956	0.000390	0.001060	2.000000	0.028790	0.233940	27.000000	0.105405	2.321043	6.331055	3.601562	0.906250	0.000000	0.000000	0.000000	0.000000	0.000000	80.000000	80.000000	0.000000	0.000000	1.000000	0.000000	8.000000	0.000000	0.304789	0.467114	1.363005	0.000000	0.000000	1.000000	1.000000	0.061523	0.000120	59.760498	0.919922	0.013517	0.002635	0.000000	4259840.000000	15.264742	1664.000000	2560.000000	12779520.000000	0.650000	0.430783	0.000000	0.000000	3.000000	0.000000	0.000000	1.220355	4.424097	5.513576	0.000000	0.000000	0.000000	0.013314	0.000000	0.000000	0.000000	0.010756	0.000000	0.000000	0.000000	172.000000	255.000000	0.000000	0.000000	0.000000	0.000000	0.000000	0.000000	0.000000	0.000000	0.000000	0.000000	0.000000	0.000000	0.000000	0.000000	0.000000	0.000000	0.000000	0.000000	0.000000	42.372334	0.088997
/home/lilith/work/codec-eval/codec-corpus/clic2025/training/14ab4af28901fbeb1356b06d2d08ae06.png	large	1391	2048	1510.874023	0.111967	0.104071	0.003452	0.004112	0.522498	0.000113	38.193104	1.554417	1.273005	5490.000000	0.167542	0.000970	0.001220	0.000000	0.007990	0.008780	8.000000	0.261378	3.516126	11.839806	3.342718	0.000000	0.000000	0.000000	0.000000	0.000000	0.000000	80.000000	80.000000	0.000000	0.000000	1.000000	0.000000	8.000000	0.000000	0.048441	3.235391	0.940601	0.079122	0.011793	1.000000	1.000000	0.172816	0.184431	26.590685	0.000000	0.072631	0.007074	0.000000	2848768.000000	14.862397	1391.000000	2048.000000	8546304.000000	0.679199	0.386841	0.000719	0.012221	3.000000	3.010618	4.077511	4.610827	4.819847	5.183609	0.107629	0.233543	0.769954	1.000000	0.025582	0.042498	0.096182	0.272245	4.000000	10.000000	29.000000	143.000000	255.000000	0.000000	0.000000	0.015873	0.126984	0.000000	0.000000	0.000000	0.000000	0.000000	0.000000	0.000000	1.862951	2.053979	2.172046	0.053279	0.067497	0.079122	0.000000	0.000000	29.938168	0.759694
/home/lilith/work/codec-eval/codec-corpus/clic2025/training/ef576c4ed599d75d72145a8f34b58ccb.png	large	2048	1152	1833.435547	0.062554	0.135856	0.007173	0.006760	0.495226	0.025391	55.820347	0.479231	1.466615	12542.000000	0.382751	0.008270	0.010300	11.000000	0.026430	0.035890	17.000000	0.114044	3.800730	9.280273	8.561523	0.000000	0.000000	0.000000	0.000000	0.000000	0.000000	80.000000	80.000000	0.000000	0.000000	1.000000	0.000000	8.000000	0.000000	0.015218	3.174390	0.857336	0.048779	0.020072	1.000000	1.000000	0.231445	0.038293	15.263525	0.000000	0.045092	0.016617	0.000000	2359296.000000	14.673874	1152.000000	2048.000000	7077888.000000	0.562500	0.575364	0.000000	0.000000	3.000000	3.123030	3.748808	4.371490	4.690241	4.984574	0.096310	0.242090	0.553575	1.000000	0.048966	0.104900	0.236977	0.451087	6.000000	14.000000	25.000000	68.000000	255.000000	0.000000	0.000000	0.015873	0.063492	0.000000	0.000000	0.000000	0.031746	0.000000	0.000000	0.000000	1.370781	1.753965	2.024216	0.023416	0.036428	0.048779	0.000000	0.000000	22.006472	0.658610
/home/lilith/work/codec-eval/codec-corpus/clic2025/training/ddcd24d99f48eaa369207882a6f37831.png	large	2048	1365	2950.963135	0.037426	0.091455	0.003164	0.002363	0.675437	0.124196	40.532013	0.248226	1.635390	6681.000000	0.203888	0.000610	0.002030	0.000000	0.002260	0.003450	1.000000	0.109265	4.458634	4.895854	2.881389	0.000000	0.000000	0.000000	0.000000	0.000000	0.000000	80.000000	80.000000	0.000000	0.000000	1.000000	0.000000	8.000000	0.000000	0.017264	2.675466	0.911132	0.030710	0.007636	1.000000	1.000000	0.196721	0.040163	12.394859	0.002893	0.026236	0.005082	0.000000	2795520.000000	14.843529	1365.000000	2048.000000	8386560.000000	0.666504	0.405709	0.002198	0.008059	3.000000	2.641336	3.299494	3.900387	4.340650	4.767855	0.055847	0.149837	0.324658	0.649367	0.025941	0.037685	0.093232	0.224992	3.000000	8.000000	16.000000	51.000000	251.000000	0.000000	0.000000	0.015873	0.031746	0.000000	0.000000	0.000000	0.000000	0.000000	0.000000	0.000000	1.096368	1.289688	1.475081	0.016029	0.024384	0.030710	0.000000	0.000000	24.093731	0.712559
/home/lilith/work/codec-eval/codec-corpus/clic2025/training/4cd6910a0b7b39365fda5df87618d091.png	large	2048	1022	2269.390381	0.079154	0.131725	0.000544	0.000303	0.770020	0.741211	43.318020	4.112965	1.164305	192.000000	0.005859	0.002940	0.002620	5.000000	0.004350	0.003870	8.000000	0.284930	1.821501	27.688274	0.638704	0.786463	0.000000	0.000000	0.000000	8.000000	1.000000	80.000000	80.000000	0.000000	0.000000	1.000000	0.000000	8.000000	0.000000	0.909316	1.244409	2.141309	0.000000	0.000000	1.000000	1.000000	0.040991	0.000000	59.813412	0.821735	0.077837	0.001332	0.000000	2093056.000000	14.554135	1022.000000	2048.000000	6279168.000000	0.499023	0.695102	0.001957	0.001957	3.000000	0.000000	2.161368	5.421921	5.543057	5.607846	0.000000	0.000000	0.095209	1.000000	0.000000	0.000000	0.000000	0.042725	0.000000	0.000000	17.000000	255.000000	255.000000	0.000000	0.000000	0.000000	0.000000	0.000000	0.000000	0.000000	0.000000	0.000000	0.000000	0.000000	0.000000	0.000000	0.000000	0.000000	0.000000	0.000000	0.000000	0.000000	14.447779	0.209157
/home/lilith/work/codec-eval/codec-corpus/clic2025/final-test/02809272b4ca9b08af45771501b741296187c7e26907efb44abbbfcb6cd804f7.png	large	1360	2048	4499.141113	0.225006	0.095643	0.007902	0.006152	0.196606	0.050452	34.764683	3.049078	0.874021	7061.000000	0.215485	0.002370	0.002410	0.000000	0.011340	0.011020	6.000000	0.159915	4.471482	30.403086	6.927676	0.002893	0.000000	0.000000	0.000000	0.000000	0.000000	80.000000	80.000000	0.000000	0.000000	1.000000	0.000000	8.000000	0.000000	0.124877	3.808741	1.214436	0.044260	0.016027	1.000000	1.000000	0.367406	0.316336	29.834335	0.010608	0.131025	0.015230	0.000000	2785280.000000	14.839859	1360.000000	2048.000000	8355840.000000	0.664062	0.409379	0.000000	0.011765	3.000000	4.110278	4.741900	5.091580	5.214542	5.290693	0.297507	0.813066	1.000000	1.000000	0.042783	0.103084	0.226592	0.377841	7.000000	23.000000	63.000000	177.000000	255.000000	0.000000	0.031746	0.111111	0.206349	0.000000	0.000000	0.000000	0.031746	0.000000	0.000000	0.000000	0.586517	1.179249	1.672099	0.008529	0.023433	0.044260	0.000000	0.000000	10.253132	0.793948
/home/lilith/work/codec-eval/codec-corpus/clic2025/training/5dbdb989cf026f7ab3dd7167d7fc0fe2.png	large	1365	2048	2329.865723	0.275489	0.156888	0.009569	0.007110	0.053287	0.000000	60.133293	2.655638	1.090733	10042.000000	0.306458	0.007180	0.006850	2.000000	0.021140	0.021730	6.000000	0.161992	4.207862	22.883318	10.999036	0.000000	0.000000	0.000000	0.000000	0.000000	0.000000	80.000000	80.000000	0.000000	0.000000	1.000000	0.000000	8.000000	0.000000	0.043624	4.035232	0.589882	0.230733	0.026421	1.000000	1.000000	0.205400	0.563108	17.841619	0.000000	0.101177	0.017756	0.000000	2795520.000000	14.843529	1365.000000	2048.000000	8386560.000000	0.666504	0.405709	0.002198	0.008059	3.000000	3.975391	4.481385	4.842161	5.016724	5.186921	0.382962	0.674855	1.000000	1.000000	0.043901	0.087698	0.230268	0.632157	20.000000	39.000000	64.000000	128.000000	255.000000	0.015873	0.047619	0.079365	0.142857	0.000000	0.000000	0.000000	0.031746	0.000000	1.000000	3.000000	2.639922	3.146981	3.331171	0.096822	0.172160	0.230733	0.000000	0.000000	6.216274	0.697743
/home/lilith/work/codec-eval/codec-corpus/clic2025/training/8bb119b8ca17492392e1e3ea4b811b32.png	large	1365	2048	2988.978760	0.049693	0.064994	0.002203	0.002264	0.516263	0.127105	33.521523	0.405487	1.575228	1371.000000	0.041840	0.000240	0.000330	0.000000	0.001300	0.002060	0.000000	0.154445	4.380111	6.118611	1.221794	0.014465	0.000000	0.000000	0.000000	0.000000	0.000000	80.000000	80.000000	0.000000	0.000000	1.000000	0.000000	8.000000	0.000000	0.122793	2.967268	0.951289	0.029235	0.007933	1.000000	1.000000	0.156220	0.743489	16.012396	0.021215	0.039216	0.001776	0.000000	2795520.000000	14.843529	1365.000000	2048.000000	8386560.000000	0.666504	0.405709	0.002198	0.008059	3.000000	3.052399	3.508184	4.055922	4.351680	4.828764	0.136284	0.230180	0.406746	0.773495	0.033154	0.056931	0.084189	0.123329	5.000000	11.000000	20.000000	61.000000	255.000000	0.000000	0.000000	0.015873	0.047619	0.000000	0.000000	0.000000	0.000000	0.000000	0.000000	0.000000	0.000000	1.125782	1.320926	0.000000	0.022131	0.029235	0.000000	0.000000	43.876453	0.718368
/home/lilith/work/codec-eval/codec-corpus/gb82-sc/imessage.png	large	1206	2622	2577.605469	0.026193	0.189581	0.002459	0.001625	0.889383	0.873210	68.188980	0.899222	1.528804	506.000000	0.015442	0.009580	0.014380	3.000000	0.027550	0.041020	11.000000	0.077490	2.283487	9.695402	3.995211	0.729885	0.000000	0.000000	0.000000	0.000000	0.000000	80.000000	80.000000	0.000000	0.000000	1.000000	0.000000	8.000000	0.000000	0.764009	0.777118	1.552792	0.000000	0.000000	1.000000	1.000000	0.071839	0.000000	47.943714	0.804598	0.020161	0.004683	0.000000	3162132.000000	14.966757	1206.000000	2622.000000	9486396.000000	0.459954	0.776628	0.002422	0.009061	3.000000	0.000000	1.055348	4.100922	5.150691	5.650965	0.000000	0.000000	0.019037	0.866380	0.000000	0.000000	0.006356	0.026508	0.000000	0.000000	1.000000	132.000000	255.000000	0.000000	0.000000	0.000000	0.000000	0.000000	0.000000	0.000000	0.000000	0.000000	0.000000	0.000000	0.000000	0.000000	0.000000	0.000000	0.000000	0.000000	0.000000	0.000000	51.226997	0.198370
/home/lilith/work/codec-eval/codec-corpus/clic2025/final-test/0d154749c7771f58e89ad343653ec4e20d6f037da829f47f5598e5d0a4ab61f0.png	large	1360	2048	1930.476562	0.131892	0.054249	0.007422	0.006052	0.072059	0.003281	29.214993	1.162388	1.278656	1531.000000	0.046722	0.001340	0.001470	0.000000	0.005750	0.005500	0.000000	0.238066	4.163812	10.986500	3.167792	0.000000	0.000000	0.000000	0.000000	0.000000	0.000000	80.000000	80.000000	0.000000	0.000000	1.000000	0.000000	8.000000	0.000000	0.020911	3.693063	0.461561	0.233484	0.064694	1.000000	1.000000	0.092575	0.769443	8.807899	0.000000	0.069064	0.005587	0.000000	2785280.000000	14.839859	1360.000000	2048.000000	8355840.000000	0.664062	0.409379	0.000000	0.011765	3.000000	3.710550	3.988088	4.201177	4.367328	4.698777	0.332765	0.502354	0.715708	0.944107	0.083775	0.105949	0.134171	0.171944	15.000000	27.000000	42.000000	77.000000	255.000000	0.015873	0.031746	0.063492	0.095238	0.000000	0.000000	0.000000	0.015873	0.000000	1.000000	2.000000	2.053976	2.956138	3.206755	0.055113	0.176018	0.233484	0.000000	0.000000	7.045880	0.727942
/home/lilith/work/codec-eval/codec-corpus/clic2025/final-test/2397c73f8feeb8f630fe055da5551c671794afae80528e8612dc62fc0cf61294.png	large	1360	2048	5836.685059	0.125386	0.096947	0.004626	0.006825	0.618224	0.337024	39.289967	1.164144	1.383808	2833.000000	0.086456	0.001760	0.001430	0.000000	0.026620	0.020340	5.000000	0.149626	4.058210	11.307618	6.058824	0.146577	0.000000	0.000000	0.000000	0.000000	0.000000	80.000000	80.000000	0.000000	0.000000	1.000000	0.000000	8.000000	0.000000	0.007144	2.392814	1.669853	0.000000	0.000000	1.000000	1.000000	0.160077	0.510471	21.354334	0.189007	0.058104	0.012414	0.000000	2785280.000000	14.839859	1360.000000	2048.000000	8355840.000000	0.664062	0.409379	0.000000	0.011765	3.000000	2.220066	4.068046	4.690497	4.902009	5.108927	0.016282	0.088270	0.758941	1.000000	0.000000	0.034475	0.178058	0.524500	2.000000	8.000000	35.000000	117.000000	255.000000	0.000000	0.000000	0.000000	0.111111	0.000000	0.000000	0.000000	0.015873	0.000000	0.000000	0.000000	0.000000	0.000000	0.000000	0.000000	0.000000	0.000000	0.000000	0.000000	17.539225	0.559756
/home/lilith/work/codec-eval/codec-corpus/clic2025/final-test/2684452db505ddbbb53f42a3f3bcfe86fdd0d6d8d98c029db4b4c6fc1f55b750.png	large	1360	2048	3619.911865	0.088579	0.079974	0.006890	0.006979	0.470701	0.042873	31.850330	1.098162	1.361854	4541.000000	0.138580	0.002380	0.001130	0.000000	0.018380	0.009300	5.000000	0.166483	4.451265	13.261331	4.420444	0.000000	0.000000	0.000000	0.000000	0.000000	0.000000	80.000000	80.000000	0.000000	0.000000	1.000000	0.000000	8.000000	0.000000	0.037834	3.130416	1.072640	0.045258	0.031671	1.000000	1.000000	0.313404	0.453077	31.891933	0.002893	0.062329	0.008679	0.000000	2785280.000000	14.839859	1360.000000	2048.000000	8355840.000000	0.664062	0.409379	0.000000	0.011765	3.000000	3.172603	3.877910	4.601930	5.040553	5.371237	0.098961	0.264798	0.631877	1.000000	0.053845	0.088471	0.155010	0.312597	3.000000	10.000000	25.000000	124.000000	255.000000	0.000000	0.000000	0.031746	0.079365	0.000000	0.000000	0.000000	0.015873	0.000000	0.000000	0.000000	0.845098	1.476895	1.755875	0.012391	0.033165	0.045258	0.000000	0.000000	36.362438	0.781558
/home/lilith/work/codec-eval/codec-corpus/clic2025/training/28d24b9c83de066597ff96a68769884f.png	large	2048	1332	3993.040771	0.021295	0.168428	0.001837	0.001203	0.838897	0.275805	73.904091	0.142415	1.786527	1904.000000	0.058105	0.000260	0.000210	0.000000	0.000960	0.000890	0.000000	0.068426	4.020081	3.473481	0.559306	0.000000	0.000000	0.000000	0.000000	0.000000	0.000000	80.000000	80.000000	0.000000	0.000000	1.000000	0.000000	8.000000	0.000000	0.219602	2.053661	0.926193	0.019737	0.000000	1.000000	1.000000	0.193828	0.387851	19.914780	0.002893	0.013883	0.000949	0.000000	2727936.000000	14.819056	1332.000000	2048.000000	8183808.000000	0.650391	0.430182	0.003003	0.009009	3.000000	1.711675	2.471085	3.377443	4.155901	5.004858	0.026661	0.045165	0.129503	0.372857	0.013883	0.025298	0.032904	0.053211	1.000000	3.000000	6.000000	41.000000	255.000000	0.000000	0.000000	0.000000	0.000000	0.000000	0.000000	0.000000	0.000000	0.000000	0.000000	0.000000	0.902240	1.133838	1.217073	0.011376	0.016808	0.019737	0.000000	0.000000	115.594948	0.637904
/home/lilith/work/codec-eval/codec-corpus/clic2025/final-test/79b1bb29124f590c2e99e6c71c18affe25115d594a821cadc58bf24bf94dae8d.png	large	2048	1280	5219.381836	0.235030	0.233098	0.014004	0.011894	0.461548	0.004395	77.575363	5.339050	1.125150	15537.000000	0.474152	0.009960	0.015860	3.000000	0.050760	0.059480	11.000000	0.276476	4.445478	26.912109	13.935547	0.000000	0.000000	0.000000	0.000000	0.000000	0.000000	80.000000	80.000000	0.000000	0.000000	1.000000	0.000000	8.000000	0.000000	0.033014	3.469885	1.248269	0.053199	0.031830	1.000000	1.000000	0.101562	0.215218	37.477665	0.000000	0.102617	0.022321	0.000000	2621440.000000	14.779234	1280.000000	2048.000000	7864320.000000	0.625000	0.470004	0.000000	0.000000	3.000000	3.292253	4.735918	5.184222	5.320015	5.481538	0.084096	0.278027	1.000000	1.000000	0.064219	0.140495	0.348900	0.691563	7.000000	29.000000	89.000000	236.000000	255.000000	0.000000	0.000000	0.031746	0.190476	0.000000	0.000000	0.015873	0.031746	0.000000	0.000000	0.000000	1.570940	1.835591	1.957846	0.031882	0.044048	0.053199	0.000000	0.000000	6.941148	0.637990
/home/lilith/work/codec-eval/codec-corpus/clic2025/training/7e499613c3e376ea93afb3649719abeb.png	large	1535	2048	4670.517090	0.077341	0.111450	0.002853	0.001842	0.683550	0.366370	53.525990	0.680163	1.470464	2257.000000	0.068878	0.000390	0.000330	0.000000	0.001330	0.001020	0.000000	0.149276	4.286739	9.342939	2.463977	0.182517	0.000000	0.000000	0.000000	0.000000	0.000000	80.000000	80.000000	0.000000	0.000000	1.000000	0.000000	8.000000	0.000000	0.002190	2.318990	1.534053	0.000000	0.000000	1.000000	1.000000	0.372719	0.682854	21.337475	0.294909	0.043212	0.005093	0.000000	3143680.000000	14.960905	1535.000000	2048.000000	9431040.000000	0.749512	0.288333	0.000651	0.000651	3.000000	2.355756	3.535642	4.463219	4.795824	5.213160	0.029154	0.113737	0.439583	1.000000	0.000000	0.034652	0.089497	0.184994	1.000000	5.000000	19.000000	92.000000	255.000000	0.000000	0.000000	0.000000	0.047619	0.000000	0.000000	0.000000	0.000000	0.000000	0.000000	0.000000	0.000000	0.000000	0.000000	0.000000	0.000000	0.000000	0.000000	0.000000	38.571453	0.707300
/home/lilith/work/codec-eval/codec-corpus/clic2025/final-test/1cba10ad9bb4ced57e42f7656c5f2a58d32dc6bad084957d2f8d1c78e0fcd224.png	large	1648	2048	3713.794922	0.013297	0.097663	0.004353	0.004413	0.838338	0.177128	36.657471	0.139146	1.964413	4081.000000	0.124542	0.000930	0.000770	0.000000	0.007940	0.006500	2.000000	0.141556	3.685897	2.215459	1.317874	0.025121	0.000000	0.000000	0.000000	0.000000	0.000000	80.000000	80.000000	0.000000	0.000000	1.000000	0.000000	8.000000	0.000000	0.191158	2.144438	0.903670	0.023617	0.011714	1.000000	1.000000	0.111111	0.176292	14.008330	0.038647	0.012637	0.002561	0.000000	3375104.000000	15.031937	1648.000000	2048.000000	10125312.000000	0.804688	0.217301	0.000000	0.009709	3.000000	2.043301	2.680733	3.433007	3.890294	4.375525	0.033408	0.061515	0.154319	0.393960	0.026948	0.047450	0.083690	0.163820	2.000000	5.000000	10.000000	36.000000	189.000000	0.000000	0.000000	0.000000	0.015873	0.000000	0.000000	0.000000	0.000000	0.000000	0.000000	0.000000	0.000000	0.999321	1.207079	0.000000	0.017907	0.023617	0.000000	0.000000	53.124187	0.633480
/home/lilith/work/codec-eval/codec-corpus/clic2025/final-test/bb7344a2ba499b2d48b891abee1b903dc17d265437ac57028b5999b6cd5bcdc4.png	large	2048	1024	772.078247	0.052661	0.047784	0.002082	0.001340	0.773682	0.679199	18.890654	0.890690	1.568135	852.000000	0.026001	0.001310	0.001540	1.000000	0.003140	0.006510	2.000000	0.182451	1.627267	7.677734	1.879883	0.667969	0.000000	0.000000	0.000000	0.000000	0.000000	80.000000	80.000000	0.000000	0.000000	1.000000	0.000000	8.000000	0.000000	0.039050	1.569786	1.811053	0.000000	0.000000	1.000000	1.000000	0.250977	0.000385	39.720440	0.696289	0.036381	0.003162	0.000000	2097152.000000	14.556090	1024.000000	2048.000000	6291456.000000	0.500000	0.693147	0.000000	0.000000	3.000000	0.000000	2.988162	4.099244	4.831758	5.422448	0.000000	0.000000	0.230216	0.798700	0.000000	0.000000	0.030542	0.143631	0.000000	0.000000	9.000000	126.000000	255.000000	0.000000	0.000000	0.000000	0.031746	0.000000	0.000000	0.000000	0.000000	0.000000	0.000000	0.000000	0.000000	0.000000	0.000000	0.000000	0.000000	0.000000	0.000000	0.000000	50.102165	0.392185
/home/lilith/work/codec-eval/codec-corpus/clic2025/final-test/4ebc0e6c463bcf8ada38673c268aae56d44864347fd74b81a9fb5659bf96a010.png	large	1360	2048	2827.844482	0.084864	0.094903	0.002580	0.003000	0.447398	0.014932	36.616768	1.019169	1.850721	3429.000000	0.104645	0.000370	0.000460	0.000000	0.003080	0.003720	1.000000	0.263381	4.246315	7.431051	1.484089	0.011572	0.000000	0.000000	0.000000	0.000000	0.000000	80.000000	80.000000	0.000000	0.000000	1.000000	0.000000	8.000000	0.000000	0.056267	3.259777	0.761950	0.061146	0.003337	1.000000	1.000000	0.106075	0.176928	12.805532	0.012536	0.041450	0.002541	0.000000	2785280.000000	14.839859	1360.000000	2048.000000	8355840.000000	0.664062	0.409379	0.000000	0.011765	3.000000	3.182414	3.807796	4.143693	4.357753	4.842513	0.079501	0.234108	0.570592	0.874015	0.021254	0.047270	0.094745	0.150858	13.000000	24.000000	37.000000	80.000000	255.000000	0.000000	0.000000	0.015873	0.063492	0.000000	0.000000	0.000000	0.000000	0.000000	0.000000	1.000000	0.000000	2.274158	2.654282	0.000000	0.048843	0.061146	0.000000	0.000000	16.088409	0.517165
/home/lilith/work/codec-eval/codec-corpus/clic2025/training/22ea12c903e41583b7c469cb86040157.png	large	1638	2048	1618.951782	0.034598	0.245975	0.002230	0.003220	0.816233	0.212608	106.043793	0.298881	1.845259	3079.000000	0.093964	0.000620	0.000900	0.000000	0.009280	0.013720	9.000000	0.133096	3.737404	5.463867	4.642578	0.000000	0.000000	0.000000	0.000000	0.000000	0.000000	80.000000	80.000000	0.000000	0.000000	1.000000	0.000000	8.000000	0.000000	0.015184	2.445971	1.003594	0.025083	0.000000	1.000000	1.000000	0.139648	0.051325	17.981676	0.000000	0.022817	0.005255	0.000000	3354624.000000	15.025850	1638.000000	2048.000000	10063872.000000	0.799805	0.223388	0.001221	0.015873	3.000000	2.116442	2.892364	4.193854	4.552933	5.041968	0.035307	0.070498	0.183066	0.923042	0.022504	0.037951	0.070712	0.273412	2.000000	5.000000	12.000000	59.000000	255.000000	0.000000	0.000000	0.000000	0.015873	0.000000	0.000000	0.000000	0.000000	0.000000	0.000000	0.000000	1.064809	1.322219	1.454607	0.013896	0.021754	0.025083	0.000000	0.000000	52.941109	0.589006
/home/lilith/work/codec-eval/codec-corpus/clic2025/training/870516c65d81fb9267de6865964083a9.png	large	2048	1360	5387.393555	0.171939	0.107632	0.005686	0.006983	0.375115	0.125804	43.804958	1.476707	1.211936	10930.000000	0.333557	0.001290	0.001510	0.000000	0.015420	0.013960	8.000000	0.117137	4.675080	18.415623	6.343298	0.005786	0.000000	0.000000	0.000000	0.000000	0.000000	80.000000	80.000000	0.000000	0.000000	1.000000	0.000000	8.000000	0.000000	0.013902	3.312755	1.281731	0.031580	0.010170	1.000000	1.000000	0.320154	0.337237	22.652033	0.021215	0.082947	0.012628	0.000000	2785280.000000	14.839859	1360.000000	2048.000000	8355840.000000	0.664062	0.409379	0.000000	0.011765	3.000000	3.509034	4.326201	4.948498	5.104128	5.289719	0.101223	0.374399	1.000000	1.000000	0.031042	0.090345	0.197238	0.412833	6.000000	20.000000	46.000000	117.000000	255.000000	0.000000	0.000000	0.047619	0.158730	0.000000	0.000000	0.000000	0.015873	0.000000	0.000000	0.000000	0.467981	1.157134	1.320924	0.009139	0.023538	0.031580	0.000000	0.000000	11.406974	0.750649
/home/lilith/work/codec-eval/codec-corpus/gb82-sc/imac_dark.png	large	2940	1912	2419.252686	0.057426	0.064912	0.000966	0.000420	0.745945	0.729726	21.709627	3.896874	1.186440	3127.000000	0.095428	0.002570	0.002010	1.000000	0.002270	0.001640	1.000000	0.137802	1.895388	28.735466	1.306202	0.752907	0.000000	0.000000	0.000000	0.000000	0.000000	80.000000	80.000000	0.000000	0.000000	1.000000	0.000000	8.000000	0.000000	0.169315	1.289460	2.175347	0.000000	0.000000	1.000000	1.000000	0.096899	0.017780	60.428310	0.801357	0.065861	0.002384	0.000000	5621280.000000	15.542070	1912.000000	2940.000000	16863840.000000	0.650340	0.430260	0.001361	0.005550	3.000000	0.000000	2.928396	5.379387	5.613362	5.669904	0.000000	0.000000	0.228553	1.000000	0.000000	0.000000	0.000000	0.028686	0.000000	0.000000	15.000000	211.000000	255.000000	0.000000	0.000000	0.000000	0.031746	0.000000	0.000000	0.000000	0.000000	0.000000	0.000000	0.000000	0.000000	0.000000	0.000000	0.000000	0.000000	0.000000	0.000000	0.000000	20.850616	0.226487
/home/lilith/work/codec-eval/codec-corpus/clic2025/training/9466a908d088d32ee73f04116c40e48c.png	large	1371	2048	3425.587402	0.006137	0.132686	0.001080	0.001270	0.844017	0.196469	51.169884	0.047818	1.880948	2670.000000	0.081482	0.000100	0.000090	0.000000	0.000650	0.000540	0.000000	0.111118	4.047066	1.930010	0.742090	0.001918	0.000000	0.000000	0.000000	0.000000	0.000000	80.000000	80.000000	0.000000	0.000000	1.000000	0.000000	8.000000	0.000000	0.078873	2.244067	0.753322	0.032855	0.000000	1.000000	1.000000	0.398849	0.230664	6.612809	0.035475	0.012144	0.001096	0.000000	2807808.000000	14.847915	1371.000000	2048.000000	8423424.000000	0.669434	0.401323	0.003647	0.003647	3.000000	2.103590	2.729772	3.374333	3.688797	4.120062	0.049259	0.085514	0.169736	0.368779	0.015716	0.029125	0.047102	0.073199	1.000000	2.000000	5.000000	23.000000	126.000000	0.000000	0.000000	0.000000	0.015873	0.000000	0.000000	0.000000	0.000000	0.000000	0.000000	0.000000	0.942006	1.223610	1.396851	0.017358	0.026097	0.032855	0.000000	0.000000	58.854801	0.826555
/home/lilith/work/codec-eval/codec-corpus/clic2025/final-test/c9510efb03d1852c29ecad84cc0558768728681a3b9b04eae0dbbd9be142dd95.png	large	2048	1360	4533.443359	0.051196	0.142885	0.004848	0.004882	0.569393	0.058249	55.189667	0.241203	1.637931	9378.000000	0.286194	0.001040	0.001080	0.000000	0.009930	0.008870	13.000000	0.030451	4.511878	11.372228	6.724205	0.017358	0.000000	0.000000	0.000000	0.000000	0.000000	80.000000	80.000000	0.000000	0.000000	1.000000	0.000000	8.000000	0.000000	0.109351	2.927076	1.108067	0.032963	0.011898	1.000000	1.000000	0.523626	0.298995	20.812483	0.018322	0.035940	0.010761	0.000000	2785280.000000	14.839859	1360.000000	2048.000000	8355840.000000	0.664062	0.409379	0.000000	0.011765	3.000000	2.827764	3.781540	4.467752	4.730253	5.167137	0.066759	0.198803	0.618118	1.000000	0.028213	0.058062	0.151697	0.362095	3.000000	6.000000	11.000000	52.000000	255.000000	0.000000	0.000000	0.015873	0.047619	0.000000	0.000000	0.000000	0.015873	0.000000	0.000000	0.000000	0.000000	1.321900	1.643300	0.000000	0.023290	0.032963	0.000000	0.000000	65.231979	0.791525
/home/lilith/work/codec-eval/codec-corpus/clic2025/final-test/e0d8e29cadfc99663c7d1a4a5afe20c454ec54d0d873776ec397c59405c74790.png	large	1360	2048	5117.247070	0.070678	0.052807	0.001645	0.001356	0.755940	0.289619	21.416199	0.803548	1.712771	1310.000000	0.039978	0.000180	0.000150	0.000000	0.000850	0.000700	0.000000	0.433669	3.953528	3.957570	0.270010	0.028930	0.000000	0.000000	0.000000	0.000000	0.000000	80.000000	80.000000	0.000000	0.000000	1.000000	0.000000	8.000000	0.000000	0.350992	2.221457	1.135602	0.020867	0.000000	1.000000	1.000000	0.117647	0.159225	18.398167	0.052073	0.030521	0.000459	0.000000	2785280.000000	14.839859	1360.000000	2048.000000	8355840.000000	0.664062	0.409379	0.000000	0.011765	3.000000	1.943789	2.965017	4.023715	4.423065	4.799291	0.030860	0.062954	0.201395	0.690587	0.000000	0.025460	0.040250	0.060401	2.000000	4.000000	19.000000	106.000000	255.000000	0.000000	0.000000	0.000000	0.015873	0.000000	0.000000	0.000000	0.000000	0.000000	0.000000	0.000000	0.000000	0.676695	1.129832	0.000000	0.009584	0.020867	0.000000	0.000000	36.202259	0.615393
/home/lilith/work/codec-eval/codec-corpus/clic2025/final-test/07b9f93f170a0381836bdf301280a5b80b2c4be6e66f793a3c335dc200fb4e5b.png	large	2048	1360	4918.061523	0.190032	0.212503	0.013782	0.005154	0.518612	0.008387	89.243057	2.140318	1.415279	8651.000000	0.264008	0.017770	0.014930	4.000000	0.010360	0.011190	4.000000	0.225644	4.727238	14.983606	7.554484	0.000000	0.000000	0.000000	0.000000	0.000000	0.000000	80.000000	80.000000	0.000000	0.000000	1.000000	0.000000	8.000000	0.000000	0.022162	3.231900	1.052733	0.048185	0.006897	1.000000	1.000000	0.075217	0.257382	23.540983	0.000000	0.079059	0.016041	0.000000	2785280.000000	14.839859	1360.000000	2048.000000	8355840.000000	0.664062	0.409379	0.000000	0.011765	3.000000	2.602992	4.209220	4.689727	5.004476	5.379215	0.060143	0.123904	0.802282	1.000000	0.025775	0.054985	0.271818	0.472671	8.000000	21.000000	53.000000	142.000000	255.000000	0.000000	0.000000	0.000000	0.142857	0.000000	0.000000	0.000000	0.031746	0.000000	0.000000	1.000000	1.678831	2.081382	2.173505	0.031045	0.041937	0.048185	0.000000	0.000000	13.888368	0.514838
/home/lilith/work/codec-eval/codec-corpus/clic2025/training/2a2420f929cd47122eae364a2bc27710.png	large	2048	1365	2247.802246	0.050474	0.083117	0.003756	0.003830	0.636144	0.060317	32.224461	0.584359	1.792181	1917.000000	0.058502	0.000800	0.001010	0.000000	0.007000	0.009240	3.000000	0.351965	4.105229	4.800386	1.414658	0.001929	0.000000	0.000000	0.000000	0.000000	0.000000	80.000000	80.000000	0.000000	0.000000	1.000000	0.000000	8.000000	0.000000	0.146534	2.735151	0.867225	0.041886	0.013666	1.000000	1.000000	0.430087	0.509004	17.867987	0.013500	0.033154	0.002862	0.000000	2795520.000000	14.843529	1365.000000	2048.000000	8386560.000000	0.666504	0.405709	0.002198	0.008059	3.000000	2.713858	3.375984	3.914657	4.165463	4.706811	0.076317	0.177190	0.366824	0.602121	0.025726	0.042883	0.076643	0.170466	2.000000	5.000000	15.000000	88.000000	255.000000	0.000000	0.000000	0.015873	0.031746	0.000000	0.000000	0.000000	0.000000	0.000000	0.000000	0.000000	1.064809	1.382186	1.595911	0.018486	0.030314	0.041886	0.000000	0.000000	51.794117	0.813234
/home/lilith/work/codec-eval/codec-corpus/clic2025/final-test/86127fbdb368eb28c3039cf61aff1c4cfdc4ade24070c8f2389968d5ead681e1.png	large	2048	976	2632.831543	0.263901	0.039723	0.009297	0.004689	0.165323	0.011971	13.009135	2.538329	1.126673	972.000000	0.029663	0.005470	0.004970	2.000000	0.010830	0.008180	13.000000	0.161166	4.115408	28.069098	2.959693	0.006718	0.000000	0.000000	0.000000	0.000000	0.000000	80.000000	80.000000	0.000000	0.000000	1.000000	0.000000	8.000000	0.000000	0.368996	3.984085	0.925571	0.116576	0.014282	1.000000	1.000000	0.205374	0.081200	27.430542	0.008637	0.133382	0.006154	0.000000	1998848.000000	14.508081	976.000000	2048.000000	5996544.000000	0.476562	0.741156	0.000000	0.016393	3.000000	4.161772	4.671997	4.982558	5.127426	5.525988	0.353479	0.856756	1.000000	1.000000	0.044421	0.109797	0.166208	0.221132	13.000000	31.000000	62.000000	160.000000	255.000000	0.000000	0.047619	0.126984	0.206349	0.000000	0.000000	0.000000	0.015873	0.000000	0.000000	1.000000	1.723766	2.184649	2.648467	0.031558	0.071287	0.116576	0.000000	0.000000	10.365153	0.730442
/home/lilith/work/codec-eval/codec-corpus/clic2025/training/097cb426910ba8ce2525dd8bb7fb1777.png	large	1507	2048	734.327209	0.024559	0.037971	0.000866	0.000812	0.814696	0.581024	13.965720	0.291254	2.161860	1164.000000	0.035522	0.000080	0.000080	0.000000	0.000470	0.000470	0.000000	0.330611	2.923602	1.615234	0.206055	0.035156	0.000000	0.000000	0.000000	0.000000	0.000000	80.000000	80.000000	0.000000	0.000000	1.000000	0.000000	8.000000	0.000000	0.068661	1.821659	1.032687	0.011148	0.000000	1.000000	1.000000	0.075195	0.046469	8.072692	0.057617	0.008867	0.000403	0.000000	3086336.000000	14.942495	1507.000000	2048.000000	9259008.000000	0.735840	0.306743	0.003318	0.019244	3.000000	1.444972	2.662699	3.489798	3.661172	4.211637	0.018239	0.026124	0.132484	0.299383	0.000000	0.017364	0.029357	0.042574	1.000000	4.000000	16.000000	57.000000	212.000000	0.000000	0.000000	0.000000	0.000000	0.000000	0.000000	0.000000	0.000000	0.000000	0.000000	0.000000	0.000000	0.467980	0.808719	0.000000	0.006109	0.011148	0.000000	0.000000	20.352331	0.431542
/home/lilith/work/codec-eval/codec-corpus/clic2025/training/a36713f1943dac6bc74dea50cadaee6f.png	large	1365	2048	2569.725586	0.136915	0.282537	0.014346	0.014350	0.517647	0.000226	114.457893	2.125237	1.251699	18120.000000	0.552979	0.014030	0.009570	3.000000	0.089660	0.065050	21.000000	0.147396	3.983660	16.756027	16.641273	0.000000	0.000000	0.000000	0.000000	0.000000	0.000000	80.000000	80.000000	0.000000	0.000000	1.000000	0.000000	8.000000	0.000000	0.068296	3.340565	0.993834	0.052050	0.026329	1.000000	1.000000	0.144648	0.064786	30.765345	0.000000	0.065421	0.025394	0.000000	2795520.000000	14.843529	1365.000000	2048.000000	8386560.000000	0.666504	0.405709	0.002198	0.008059	3.000000	3.011121	4.163798	4.891984	5.153656	5.343719	0.068684	0.165147	0.884655	1.000000	0.039919	0.119572	0.436780	0.830207	10.000000	22.000000	46.000000	149.000000	255.000000	0.000000	0.000000	0.015873	0.111111	0.000000	0.000000	0.000000	0.047619	0.000000	0.000000	1.000000	2.036866	2.185932	2.247820	0.035535	0.047055	0.052050	0.000000	0.000000	16.402578	0.520837
/home/lilith/work/codec-eval/codec-corpus/clic2025/final-test/a365e6541bab5c0f4e01bf43a0c3a655d88292a8ac45403a889c308d11854555.png	large	2048	1360	6413.577148	0.312444	0.106511	0.010732	0.008477	0.199908	0.045037	38.218464	5.618712	1.088792	6782.000000	0.206970	0.006010	0.007130	1.000000	0.020260	0.025390	8.000000	0.265339	4.668490	31.874638	6.458052	0.033751	0.000000	0.000000	0.000000	0.000000	0.000000	80.000000	80.000000	0.000000	0.000000	1.000000	0.000000	8.000000	0.000000	0.033018	3.829549	1.221144	0.078199	0.041467	1.000000	1.000000	0.164899	0.166974	33.908058	0.034716	0.144066	0.013378	0.000000	2785280.000000	14.839859	1360.000000	2048.000000	8355840.000000	0.664062	0.409379	0.000000	0.011765	3.000000	4.030397	4.694365	5.179560	5.344853	5.487920	0.269654	0.663442	1.000000	1.000000	0.068502	0.108738	0.214417	0.399374	14.000000	39.000000	84.000000	237.000000	255.000000	0.000000	0.031746	0.126984	0.222222	0.000000	0.000000	0.000000	0.015873	0.000000	0.000000	0.000000	0.000000	1.431365	2.232004	0.000000	0.029383	0.078199	0.000000	0.000000	7.643006	0.662533
/home/lilith/work/codec-eval/codec-corpus/clic2025/training/5e5ce43575fa67fdc0dd37146d7f479e.png	large	2048	1641	2720.729980	0.244387	0.150145	0.004366	0.003273	0.042050	0.000000	54.250614	3.212990	1.490789	7403.000000	0.225922	0.003420	0.005330	3.000000	0.007320	0.014500	6.000000	0.316255	4.500170	11.063107	3.288350	0.000000	0.000000	0.000000	0.000000	0.000000	0.000000	80.000000	80.000000	0.000000	0.000000	1.000000	0.000000	8.000000	0.000000	0.094484	3.616358	0.544628	0.132353	0.000000	1.000000	1.000000	0.053398	0.110824	20.089724	0.001942	0.043027	0.005502	0.000000	3360768.000000	15.027680	1641.000000	2048.000000	10082304.000000	0.801270	0.221558	0.004266	0.014016	3.000000	3.462265	3.648968	4.485636	4.968972	5.327494	0.163439	0.202821	0.300374	1.000000	0.018366	0.029235	0.056691	0.207083	23.000000	42.000000	64.000000	134.000000	255.000000	0.000000	0.000000	0.015873	0.031746	0.000000	0.000000	0.000000	0.000000	0.000000	2.000000	4.000000	2.922693	3.100521	3.209783	0.090697	0.117675	0.132353	0.000000	0.000000	8.904701	0.339743
/home/lilith/work/codec-eval/codec-corpus/clic2025/final-test/da52c4f66dc00c2f381e8475fbf8a7aa2c5433a9c59cc175646c62e02892faf7.png	large	2048	1360	3727.108643	0.287763	0.128088	0.013791	0.012761	0.045841	0.000230	50.924026	1.940140	0.976050	12259.000000	0.374115	0.005530	0.004250	1.000000	0.032740	0.026200	10.000000	0.073504	4.535103	38.029896	15.765670	0.000000	0.000000	0.000000	0.000000	0.000000	0.000000	80.000000	80.000000	0.000000	0.000000	1.000000	0.000000	8.000000	0.000000	0.036299	4.342796	0.667635	0.378259	0.065519	1.000000	1.000000	0.676953	0.511383	21.731358	0.000000	0.140883	0.031884	0.000000	2785280.000000	14.839859	1360.000000	2048.000000	8355840.000000	0.664062	0.409379	0.000000	0.011765	3.000000	4.469892	4.847930	5.092397	5.197253	5.344047	0.727803	1.000000	1.000000	1.000000	0.132949	0.248444	0.434829	0.658775	11.000000	26.000000	51.000000	130.000000	255.000000	0.031746	0.079365	0.142857	0.190476	0.000000	0.015873	0.031746	0.047619	0.000000	0.000000	1.000000	2.367326	3.018434	3.433440	0.102712	0.235618	0.378259	0.000000	0.015873	12.240504	0.902773
/home/lilith/work/codec-eval/codec-corpus/clic2025/final-test/a2a946cc516f9eec0f141da3c31a96df94fe342c651af46f0d38f6c04400323a.png	large	1360	2048	1800.624146	0.090652	0.115156	0.006725	0.006912	0.542907	0.163206	47.325672	0.803840	1.399292	10447.000000	0.318817	0.003420	0.002530	2.000000	0.029910	0.021450	16.000000	0.108846	3.474645	12.113790	8.085825	0.006750	0.000000	0.000000	0.000000	0.000000	0.000000	80.000000	80.000000	0.000000	0.000000	1.000000	0.000000	8.000000	0.000000	0.054017	2.866115	1.240489	0.023206	0.000000	1.000000	1.000000	0.351977	0.005470	23.401026	0.005786	0.051553	0.013608	0.000000	2785280.000000	14.839859	1360.000000	2048.000000	8355840.000000	0.664062	0.409379	0.000000	0.011765	3.000000	2.774471	3.942417	4.630748	4.916096	5.215203	0.040490	0.184136	0.708844	1.000000	0.021568	0.055216	0.170840	0.437253	3.000000	8.000000	23.000000	100.000000	255.000000	0.000000	0.000000	0.015873	0.079365	0.000000	0.000000	0.000000	0.015873	0.000000	0.000000	0.000000	0.586511	1.230451	1.386667	0.006162	0.018814	0.023206	0.000000	0.000000	35.905750	0.720376
/home/lilith/work/codec-eval/codec-corpus/clic2025/final-test/937476dd72f98638f34299dda5e9c252621b5e809c364692fc2934e000583286.png	large	2048	1536	2992.653076	0.890993	0.000000	0.000000	0.000000	0.000000	0.000000	0.000000	17.804478	0.569250	32.000000	0.000977	0.000000	0.000000	0.000000	0.000000	0.000000	0.000000	0.204774	4.561956	69.129883	0.000000	0.000000	0.000000	0.000000	0.000000	8.000000	1.000000	80.000000	80.000000	0.000000	0.000000	1.000000	0.000000	8.000000	0.000000	1.000000	4.970624	0.187533	1.000000	0.000000	1.000000	1.000000	0.058594	0.000000	29.698256	0.000000	0.311012	0.000000	1.000000	3145728.000000	14.961555	1536.000000	2048.000000	9437184.000000	0.750000	0.287682	0.000000	0.000000	3.000000	4.992954	5.096720	5.181416	5.213912	5.294828	1.000000	1.000000	1.000000	1.000000	0.000000	0.000000	0.000000	0.000000	66.000000	112.000000	164.000000	255.000000	255.000000	0.238095	0.269841	0.317460	0.349206	0.000000	0.000000	0.000000	0.000000	1.000000	6.000000	12.000000	4.386265	4.620859	4.744473	1.000000	1.000000	1.000000	0.174603	0.222222	0.406430	0.826921
/home/lilith/work/codec-eval/codec-corpus/gb82-sc/imac_g3.png	large	2940	1912	3923.463867	0.078938	0.048232	0.002332	0.001120	0.724925	0.708706	15.316603	8.254455	0.926690	1105.000000	0.033722	0.006500	0.005100	4.000000	0.008110	0.006660	5.000000	0.102940	1.510746	36.665699	2.093023	0.786822	0.000000	0.000000	0.000000	0.000000	0.000000	80.000000	80.000000	0.000000	0.000000	1.000000	0.000000	8.000000	0.000000	0.963463	1.172507	2.188098	0.000000	0.000000	1.000000	1.000000	0.119186	0.001624	70.128593	0.831395	0.063892	0.003045	0.000000	5621280.000000	15.542070	1912.000000	2940.000000	16863840.000000	0.650340	0.430260	0.001361	0.005550	3.000000	0.000000	0.000000	5.626924	5.717159	5.760070	0.000000	0.000000	0.000000	1.000000	0.000000	0.000000	0.000000	0.028482	0.000000	0.000000	49.000000	255.000000	255.000000	0.000000	0.000000	0.000000	0.000000	0.000000	0.000000	0.000000	0.000000	0.000000	0.000000	0.000000	0.000000	0.000000	0.000000	0.000000	0.000000	0.000000	0.000000	0.000000	10.674411	0.202400
/home/lilith/work/codec-eval/codec-corpus/clic2025/final-test/608cb09e6ffc66d4bc838d4088bf4c0ab889d7e83d4f5d78805cbc4497e432a1.png	large	1632	2048	2319.201660	0.166605	0.167165	0.010767	0.011682	0.207250	0.000000	62.523815	1.547218	1.129784	17525.000000	0.534821	0.004250	0.005390	1.000000	0.041830	0.048540	17.000000	0.113986	4.176902	17.169922	16.464844	0.001953	0.000000	0.000000	0.000000	0.000000	0.000000	80.000000	80.000000	0.000000	0.000000	1.000000	0.000000	8.000000	0.000000	0.012770	3.595800	0.843107	0.086687	0.023382	1.000000	1.000000	0.283203	0.150637	18.183153	0.000000	0.071057	0.024461	0.000000	3342336.000000	15.022181	1632.000000	2048.000000	10027008.000000	0.796875	0.227057	0.000000	0.000000	3.000000	3.503669	4.359274	4.745506	4.922515	5.119104	0.152849	0.402606	1.000000	1.000000	0.039803	0.133464	0.487492	0.913202	12.000000	25.000000	43.000000	105.000000	255.000000	0.000000	0.015873	0.047619	0.111111	0.000000	0.000000	0.015873	0.047619	0.000000	1.000000	2.000000	2.161695	2.363494	2.495198	0.049395	0.070686	0.086687	0.000000	0.000000	12.561204	0.710936
/home/lilith/work/codec-eval/codec-corpus/clic2025/training/a10ae819a2d24873079c93346200cab3.png	large	1366	2048	2130.000977	0.083443	0.253965	0.006946	0.007526	0.407036	0.007958	112.606659	0.321838	1.402792	12935.000000	0.394745	0.001110	0.001000	0.000000	0.007910	0.007270	1.000000	0.055186	4.225456	12.042430	10.013500	0.000000	0.000000	0.000000	0.000000	0.000000	0.000000	80.000000	80.000000	0.000000	0.000000	1.000000	0.000000	8.000000	0.000000	0.018551	3.305190	0.896980	0.075062	0.028158	1.000000	1.000000	0.553520	0.282471	11.420948	0.000000	0.055747	0.017557	0.000000	2797568.000000	14.844261	1366.000000	2048.000000	8392704.000000	0.666992	0.404977	0.001464	0.007321	3.000000	3.344831	4.020573	4.436424	4.709706	5.065646	0.142655	0.356507	0.782555	1.000000	0.051052	0.116502	0.267415	0.523291	3.000000	9.000000	22.000000	52.000000	212.000000	0.000000	0.015873	0.031746	0.095238	0.000000	0.000000	0.015873	0.031746	0.000000	0.000000	0.000000	1.513343	1.822414	2.084521	0.033466	0.055615	0.075062	0.000000	0.000000	10.154166	0.868092
/home/lilith/work/codec-eval/codec-corpus/clic2025/final-test/ff32adfa29d4b5de26293352f53cc983d12d3ededd71fe65ca0ef0d887be65c4.png	large	2048	1360	4242.909180	0.071667	0.229411	0.010725	0.006364	0.372128	0.023438	87.663704	0.372810	1.391521	14434.000000	0.440491	0.007880	0.002670	1.000000	0.010300	0.007570	9.000000	0.036038	4.693726	15.305690	12.983606	0.010608	0.000000	0.000000	0.000000	0.000000	0.000000	80.000000	80.000000	0.000000	0.000000	1.000000	0.000000	8.000000	0.000000	0.045965	3.381546	0.958631	0.082335	0.030912	1.000000	1.000000	0.713597	0.314699	14.528650	0.048216	0.048308	0.018674	0.000000	2785280.000000	14.839859	1360.000000	2048.000000	8355840.000000	0.664062	0.409379	0.000000	0.011765	3.000000	3.455521	4.071486	4.632790	4.771521	5.128187	0.189746	0.415336	0.859721	1.000000	0.055632	0.116617	0.237121	0.584252	3.000000	7.000000	18.000000	65.000000	255.000000	0.000000	0.015873	0.031746	0.063492	0.000000	0.000000	0.015873	0.031746	0.000000	0.000000	0.000000	0.000000	1.783548	2.115402	0.000000	0.050605	0.082335	0.000000	0.000000	22.880226	0.898055
/home/lilith/work/codec-eval/codec-corpus/clic2025/training/60430844748882ff66b9a5598ef06dd6.png	large	1446	2048	3837.497803	0.005769	0.289147	0.002439	0.002412	0.889651	0.551525	122.293182	0.033808	2.048014	4356.000000	0.132935	0.000430	0.000410	0.000000	0.002500	0.002160	3.000000	0.065610	3.813856	1.625977	2.371094	0.006836	0.000000	0.000000	0.000000	0.000000	0.000000	80.000000	80.000000	0.000000	0.000000	1.000000	0.000000	8.000000	0.000000	0.002276	1.792372	0.863228	0.016033	0.000000	1.000000	1.000000	0.124023	0.074492	9.135839	0.045898	0.006665	0.003937	0.000000	2961408.000000	14.901175	1446.000000	2048.000000	8884224.000000	0.706055	0.348063	0.001383	0.017981	3.000000	1.565258	2.148448	3.133614	3.606272	4.289140	0.025041	0.036071	0.084432	0.277196	0.000000	0.019930	0.044150	0.144044	1.000000	2.000000	4.000000	18.000000	117.000000	0.000000	0.000000	0.000000	0.000000	0.000000	0.000000	0.000000	0.000000	0.000000	0.000000	0.000000	0.000000	0.777016	0.974854	0.000000	0.011793	0.016033	0.000000	0.000000	75.150085	0.606756
/home/lilith/work/codec-eval/codec-corpus/clic2025/final-test/f67f11de4ca9ebda3db52c41fd3d26c3105687b2d37571e54631a1e4486d0b30.png	large	1632	2048	3455.178223	0.010480	0.116346	0.003281	0.002820	0.835901	0.192110	51.561611	0.204614	1.953334	3974.000000	0.121277	0.000710	0.000360	0.000000	0.003070	0.002040	1.000000	0.240152	3.592364	1.428711	1.400391	0.000000	0.000000	0.000000	0.000000	0.000000	0.000000	80.000000	80.000000	0.000000	0.000000	1.000000	0.000000	8.000000	0.000000	0.005651	2.178941	0.739997	0.024301	0.000000	1.000000	1.000000	0.037109	0.041805	9.856632	0.000000	0.005875	0.002806	0.000000	3342336.000000	15.022181	1632.000000	2048.000000	10027008.000000	0.796875	0.227057	0.000000	0.000000	3.000000	1.841887	2.714945	3.254004	3.444745	4.318045	0.030055	0.043274	0.117351	0.239346	0.000000	0.030088	0.082639	0.137313	3.000000	7.000000	16.000000	39.000000	255.000000	0.000000	0.000000	0.000000	0.000000	0.000000	0.000000	0.000000	0.000000	0.000000	0.000000	0.000000	1.182825	1.380211	1.480501	0.015543	0.020912	0.024301	0.000000	0.000000	40.361137	0.429756
/home/lilith/work/codec-eval/codec-corpus/clic2025/final-test/ebfd571f1c6824316047a29cb5f376eec15f56dd51821119c1842be068a8b950.png	large	2048	2048	1282.247925	0.095009	0.042176	0.003580	0.001586	0.794434	0.779053	13.285745	5.951031	1.217218	2819.000000	0.086029	0.022710	0.012350	16.000000	0.023470	0.011550	7.000000	0.444866	1.748468	16.048828	1.818359	0.826172	0.000000	0.000000	0.000000	0.000000	0.000000	80.000000	80.000000	0.000000	0.000000	1.000000	0.000000	8.000000	0.000000	0.968265	0.854747	1.858829	0.000000	0.000000	1.000000	1.000000	0.007812	0.000551	47.674126	0.837891	0.059229	0.003410	0.000000	4194304.000000	15.249238	2048.000000	2048.000000	12582912.000000	1.000000	0.000000	0.000000	0.000000	3.000000	0.000000	0.000000	5.034303	5.279810	5.396219	0.000000	0.000000	0.000000	1.000000	0.000000	0.000000	0.000000	0.013241	0.000000	0.000000	30.000000	255.000000	255.000000	0.000000	0.000000	0.000000	0.000000	0.000000	0.000000	0.000000	0.000000	0.000000	0.000000	0.000000	0.000000	0.000000	0.000000	0.000000	0.000000	0.000000	0.000000	0.000000	14.233336	0.126719
/home/lilith/work/codec-eval/codec-corpus/clic2025/final-test/8426ed2245c791232862b0a0b2a62a1f17031e8e6e38921fe939df0b3a05ac41.png	large	2048	2048	2411.678223	0.004309	0.074697	0.001903	0.001369	0.871704	0.004639	29.302956	0.074142	2.541562	1669.000000	0.050934	0.000210	0.000270	0.000000	0.000790	0.001010	0.000000	0.168706	4.203139	1.554688	0.254883	0.000000	0.000000	0.000000	0.000000	0.000000	0.000000	80.000000	80.000000	0.000000	0.000000	1.000000	0.000000	8.000000	0.000000	0.486968	2.294342	0.609721	0.039704	0.003337	1.000000	1.000000	0.117188	0.228497	10.721706	0.000000	0.010866	0.000481	0.000000	4194304.000000	15.249238	2048.000000	2048.000000	12582912.000000	1.000000	0.000000	0.000000	0.000000	3.000000	2.041393	2.570543	3.278378	3.583964	4.114089	0.047705	0.061839	0.140623	0.332672	0.021002	0.032434	0.045438	0.063214	2.000000	5.000000	7.000000	20.000000	194.000000	0.000000	0.000000	0.000000	0.015873	0.000000	0.000000	0.000000	0.000000	0.000000	0.000000	0.000000	1.569485	1.698970	1.770392	0.028371	0.035588	0.039704	0.000000	0.000000	95.475227	0.626904
/home/lilith/work/codec-eval/codec-corpus/clic2025/final-test/d0208a1e9b4fde642b9752da2907d82d5b530a6e2e6e18ef71d5524a92d1cf9a.png	large	1360	2048	2787.704346	0.420510	0.116058	0.019555	0.006546	0.076240	0.006344	44.067047	4.394871	0.958702	5628.000000	0.171753	0.015070	0.023310	3.000000	0.008420	0.013170	1.000000	0.323140	4.405874	28.166828	12.994214	0.000000	0.000000	0.000000	0.000000	0.000000	0.000000	80.000000	80.000000	0.000000	0.000000	1.000000	0.000000	8.000000	0.000000	0.033322	4.212492	0.663569	0.362783	0.041995	1.000000	1.000000	0.138862	0.032832	19.844271	0.002893	0.178261	0.031027	0.000000	2785280.000000	14.839859	1360.000000	2048.000000	8355840.000000	0.664062	0.409379	0.000000	0.011765	3.000000	4.366143	4.655685	4.848731	4.980898	5.165946	0.644339	1.000000	1.000000	1.000000	0.124998	0.272016	0.433565	0.648314	20.000000	48.000000	84.000000	173.000000	255.000000	0.031746	0.111111	0.190476	0.253968	0.000000	0.000000	0.031746	0.047619	0.000000	1.000000	2.000000	1.762961	2.844749	3.385268	0.053651	0.206671	0.362783	0.000000	0.015873	4.883633	0.746225
/home/lilith/work/codec-eval/codec-corpus/clic2025/final-test/eda6d42794b0d0140628fa90fc0c14a7ba88159b8474d0077027c32ee2ddf6f0.png	large	1632	2048	4522.109863	0.234017	0.104518	0.006216	0.005567	0.225490	0.000000	43.634106	4.176395	1.160823	9001.000000	0.274689	0.002110	0.001750	1.000000	0.012910	0.009440	7.000000	0.216496	4.518660	27.238281	5.809570	0.000000	0.000000	0.000000	0.000000	0.000000	0.000000	80.000000	80.000000	0.000000	0.000000	1.000000	0.000000	8.000000	0.000000	0.018204	4.001875	0.747702	0.146612	0.018318	1.000000	1.000000	0.169922	0.424716	28.782354	0.000000	0.114134	0.010215	0.000000	3342336.000000	15.022181	1632.000000	2048.000000	10027008.000000	0.796875	0.227057	0.000000	0.000000	3.000000	3.965207	4.697094	4.993475	5.141959	5.444720	0.254959	0.624390	1.000000	1.000000	0.034613	0.070797	0.166918	0.375565	17.000000	34.000000	69.000000	188.000000	255.000000	0.000000	0.031746	0.095238	0.190476	0.000000	0.000000	0.000000	0.015873	0.000000	1.000000	3.000000	2.778863	2.886129	2.953004	0.098000	0.119069	0.146612	0.000000	0.000000	10.041053	0.649933
